zcta,median_household_income,housing_age
601,19454,47
602,21420,48
603,20933,44
606,20992,46
610,24496,48
611,20360,41
612,24488,49
616,21846,47
617,25013,40
622,26585,35
623,26388,40
624,22979,43
627,27411,40
631,19278,49
637,21987,43
638,22610,41
641,21102,42
646,36265,42
647,20023,44
650,21447,38
652,35383,37
653,16736,46
656,24065,50
659,27513,37
660,26851,48
662,23299,44
664,21767,42
667,19534,44
669,18778,42
670,16367,44
674,22537,51
676,23272,39
677,24266,47
678,23874,41
680,17896,58
682,18793,57
683,18543,48
685,20310,43
687,25003,39
688,18023,41
690,25755,29
692,25568,40
693,24596,47
694,16094,49
698,24310,45
703,23292,45
704,20899,40
705,21712,45
707,17750,41
714,21186,49
715,22670,46
716,20652,51
717,13602,56
718,23487,40
719,22129,45
720,20151,44
723,24574,39
725,29575,48
727,34094,43
728,23031,48
729,31239,42
730,18089,52
731,18736,42
735,25243,39
736,29971,44
738,25531,46
739,29463,35
740,26027,47
741,26585,50
745,29268,42
751,21952,45
754,22964,41
757,25938,37
765,19803,39
766,26234,40
767,23054,42
769,21829,41
771,24891,35
772,18945,38
773,24225,47
775,29630,30
777,29928,36
778,42178,34
780,27967,32
782,16896,46
783,23914,47
784,20558,47
791,27034,42
794,23899,42
795,24602,40
901,27557,69
907,41615,55
909,23101,44
911,42382,55
912,31636,64
913,7049,74
915,16590,69
917,19357,60
918,39287,55
920,30259,72
921,23598,65
923,20349,61
924,25724,58
925,17404,76
926,40606,48
927,38728,59
949,34563,49
951,22669,70
952,22288,53
953,36099,35
956,29280,54
957,29913,53
959,31572,56
961,39393,51
962,21288,52
965,19136,56
966,60203,50
968,58869,49
969,61101,44
971,29526,40
976,39901,46
979,40049,53
982,28906,61
983,35638,60
985,33863,59
987,43159,39
1001,75342,57
1002,70818,51
1005,111148,55
1007,108125,42
1008,97554,55
1009,72841,88
1010,111250,38
1011,89299,73
1012,83333,55
1013,59759,73
1020,66009,64
1022,51373,67
1026,92250,79
1027,74146,60
1028,106424,60
1029,107679,60
1030,93815,55
1031,60517,88
1032,97500,75
1033,119297,60
1034,91016,51
1035,119259,55
1036,104536,60
1037,74722,45
1038,106635,64
1039,116429,56
1040,53605,76
1050,95882,63
1053,92582,53
1054,104688,53
1056,84838,62
1057,98508,55
1060,76848,84
1062,87588,64
1063,91344,88
1068,102000,47
1069,80190,57
1070,60536,59
1071,111042,58
1072,111667,46
1073,123125,43
1074,79583,54
1075,93910,65
1077,120462,48
1079,70588,82
1080,89063,71
1081,86979,43
1082,69018,64
1083,64032,49
1084,93125,53
1085,88728,61
1088,85368,53
1089,69371,68
1092,68614,88
1093,110909,68
1095,122330,60
1096,104375,54
1098,96250,67
1103,21355,88
1104,50154,77
1105,24036,88
1106,147935,69
1107,35632,83
1108,50661,88
1109,48415,83
1118,80250,70
1119,57857,67
1128,100313,55
1129,97162,55
1151,55324,72
1201,71093,75
1220,58929,88
1222,71042,52
1223,86818,49
1224,76222,51
1225,69803,62
1226,79438,69
1230,86694,56
1235,79327,55
1236,111250,88
1237,90898,43
1238,84591,66
1240,107826,58
1243,91250,88
1244,75833,66
1245,136875,53
1247,52330,88
1253,116806,44
1254,125893,52
1255,91111,48
1256,61328,44
1257,102788,49
1258,142500,59
1259,158125,42
1262,145750,67
1264,93750,65
1266,100417,55
1267,106375,65
1270,116375,53
1301,56176,79
1330,83493,62
1331,72181,69
1337,85045,53
1338,50521,88
1339,68365,59
1340,78804,59
1341,97417,50
1342,109205,53
1343,69375,42
1344,77656,69
1346,113650,38
1347,72467,64
1349,75033,88
1351,98229,53
1354,90208,58
1355,82713,57
1360,103375,64
1364,55532,59
1366,110750,64
1367,72813,67
1368,102500,47
1370,81008,76
1373,106413,54
1375,68083,47
1376,55652,79
1378,93333,52
1379,59583,44
1380,73472,74
1420,72780,76
1430,118683,45
1431,115598,56
1432,101966,49
1434,162143,85
1436,77721,85
1440,67440,72
1450,193292,38
1451,214792,51
1452,123500,40
1453,84296,59
1460,149722,49
1462,112992,54
1463,123911,45
1464,122365,42
1468,113427,35
1469,103801,49
1473,106331,49
1474,136371,59
1475,76552,45
1501,116762,63
1503,121336,34
1504,94191,59
1505,140962,49
1506,81250,44
1507,117587,41
1510,89781,70
1515,81042,58
1516,153172,40
1518,136111,37
1519,178263,41
1520,148125,58
1521,91979,54
1522,100625,44
1523,134833,53
1524,102099,56
1527,118790,61
1529,127188,52
1531,99500,39
1532,153199,46
1534,141250,41
1535,79285,73
1536,115938,57
1537,102956,43
1540,110579,58
1541,158750,51
1542,96111,57
1543,145707,36
1545,139302,47
1550,66287,70
1560,107031,47
1562,80533,58
1564,129063,46
1566,137730,47
1568,160417,44
1569,124222,49
1570,72895,64
1571,84604,59
1581,141944,50
1583,106094,60
1585,87857,53
1588,92486,63
1590,147015,44
1602,91764,75
1603,66049,84
1604,73505,69
1605,54642,69
1606,92105,72
1607,78727,81
1608,45687,53
1609,68381,77
1610,51472,88
1611,109868,75
1612,134083,59
1701,137094,63
1702,82496,56
1718,104167,51
1719,144611,37
1720,159010,52
1721,127539,42
1730,172400,50
1731,104688,52
1740,205449,38
1741,250001,50
1742,195125,57
1745,185994,72
1746,159817,60
1747,115722,67
1748,222801,36
1749,103400,56
1752,91968,52
1754,124067,63
1756,132256,41
1757,96621,55
1760,138563,58
1770,250001,58
1772,201568,44
1773,209327,55
1775,185809,52
1776,236509,50
1778,219375,63
1801,111185,58
1803,146436,54
1810,172606,53
1821,149042,54
1824,140050,59
1826,114196,51
1827,208512,39
1830,78571,73
1832,83041,55
1833,153750,52
1834,141487,43
1835,113578,51
1840,42211,71
1841,56971,83
1843,67585,72
1844,113212,58
1845,140670,47
1850,69780,88
1851,92401,85
1852,80906,70
1854,72709,59
1860,123054,44
1862,138571,49
1863,144875,55
1864,147768,51
1867,165912,66
1876,130204,45
1879,129348,39
1880,134306,70
1886,187198,43
1887,168152,47
1890,230198,72
1901,36119,78
1902,67046,88
1904,99614,75
1905,84333,77
1906,101539,64
1907,134386,71
1908,112762,88
1913,103554,57
1915,104918,70
1921,200672,47
1922,142207,42
1923,125395,63
1929,156442,57
1930,83883,80
1938,138750,62
1940,173214,61
1944,206389,71
1945,179583,81
1949,167402,40
1950,139625,72
1951,182684,77
1952,93361,46
1960,96501,60
1965,250001,44
1966,96250,75
1969,132734,51
1970,85041,88
1982,132571,68
1983,195718,57
1984,194781,65
1985,179500,43
2019,125307,53
2021,143381,46
2025,199306,58
2026,128955,70
2030,250001,56
2032,180682,67
2035,115833,50
2038,145773,41
2043,178390,50
2045,115485,80
2047,106333,80
2048,125273,46
2050,126241,59
2052,235800,56
2053,173750,50
2054,155996,52
2056,200720,42
2061,188699,58
2062,107030,66
2066,136689,65
2067,192314,56
2071,213885,47
2072,104794,57
2081,156250,47
2090,223125,58
2093,151676,42
2108,212928,88
2109,158843,72
2110,138438,49
2111,87404,46
2113,113314,88
2114,132210,60
2115,54991,88
2116,126496,88
2118,98224,79
2119,48488,59
2120,64289,50
2121,43136,82
2122,86150,88
2124,81923,88
2125,82953,85
2126,65709,74
2127,164387,78
2128,90106,88
2129,157247,88
2130,131551,88
2131,111006,88
2132,138724,78
2134,78679,84
2135,90829,70
2136,96737,72
2138,119967,88
2139,134586,88
2140,135286,71
2141,126522,46
2142,147723,21
2143,130753,88
2144,150313,88
2145,123755,88
2148,100606,76
2149,85218,88
2150,72179,85
2151,86969,61
2152,116167,88
2155,129700,84
2163,84583,39
2169,96290,61
2170,103627,88
2171,106885,66
2176,133953,88
2180,113964,62
2184,122214,69
2186,188033,81
2188,107335,61
2189,94541,65
2190,99657,57
2191,120324,74
2199,122285,52
2210,172124,14
2215,72095,71
2301,74214,70
2302,92274,62
2322,130625,72
2324,112726,42
2330,91250,46
2332,176583,50
2333,133741,49
2338,118556,47
2339,189803,48
2341,132250,54
2343,115032,69
2346,97056,47
2347,133984,42
2351,125400,56
2356,127224,48
2359,146285,52
2360,116941,44
2364,119876,44
2367,126736,45
2368,109665,60
2370,112405,64
2375,120903,46
2379,123406,63
2382,108933,69
2420,245031,63
2421,227813,59
2445,139747,88
2446,131963,88
2451,122335,61
2452,118431,55
2453,115366,73
2458,153520,88
2459,227594,80
2460,177837,88
2461,224000,82
2462,216339,74
2464,105729,74
2465,194265,88
2466,170089,74
2467,169104,67
2468,250001,86
2472,126336,79
2474,150560,79
2476,151131,88
2478,183137,88
2481,250001,75
2482,226250,64
2492,226645,64
2493,250001,62
2494,179720,57
2532,87773,54
2534,137066,52
2535,153966,42
2536,100497,50
2537,136506,43
2538,123750,55
2539,125236,42
2540,77295,59
2542,62083,70
2543,72349,69
2554,140938,41
2556,121810,53
2558,79598,88
2559,90855,55
2562,120000,48
2563,121455,43
2568,115417,43
2571,94265,69
2575,173417,40
2576,63021,43
2601,61143,50
2630,116895,56
2631,102132,44
2632,121317,50
2633,85483,51
2635,110197,43
2638,108726,50
2639,72567,65
2642,72992,51
2644,108158,46
2645,104401,44
2646,81172,63
2648,129681,43
2649,95299,38
2650,66548,46
2653,102813,47
2655,118750,47
2657,136904,65
2659,109453,67
2660,93386,49
2663,83587,64
2664,82125,55
2666,121750,45
2667,121110,50
2668,111731,38
2670,87019,66
2671,104583,63
2673,73854,53
2675,110450,45
2702,153038,47
2703,99152,54
2713,79167,58
2715,140066,39
2717,130625,53
2718,109500,49
2719,95965,74
2720,62196,78
2721,52841,84
2723,47633,88
2724,55590,79
2725,129253,64
2726,111046,65
2738,143092,64
2739,130241,55
2740,55237,88
2743,89593,58
2744,58675,88
2745,74034,68
2746,41917,88
2747,102079,49
2748,97361,62
2760,112027,52
2762,104106,48
2763,114337,41
2764,135640,61
2766,124535,44
2767,124105,40
2769,138214,49
2770,120320,42
2771,120613,59
2777,116364,60
2779,144205,40
2780,74471,63
2790,97250,53
2791,130833,88
2802,116159,85
2804,102118,70
2806,153198,70
2807,83190,54
2808,106681,53
2809,97764,62
2812,104934,35
2813,109404,46
2814,110764,50
2815,126071,88
2816,101431,54
2817,135625,35
2818,139217,53
2822,112813,38
2823,31607,88
2824,203508,68
2825,112593,46
2826,78843,71
2827,152305,42
2828,97196,54
2830,121111,54
2831,137181,61
2832,105976,41
2835,140625,51
2837,134750,57
2838,97273,52
2839,97292,44
2840,86250,88
2841,181458,88
2842,101948,57
2852,118643,55
2857,108679,61
2858,128568,66
2859,124592,56
2860,61539,81
2861,83411,78
2863,49285,82
2864,117522,54
2865,105958,56
2871,116831,53
2872,131875,88
2873,46406,49
2874,159861,40
2878,106036,54
2879,112231,49
2881,56472,50
2882,95721,51
2885,90729,76
2886,92047,60
2888,91867,71
2889,83946,66
2891,97110,53
2892,135809,39
2893,77608,58
2895,61059,74
2896,108983,55
2898,119038,41
2903,64476,71
2904,67003,56
2905,62908,88
2906,103050,88
2907,52485,88
2908,73081,84
2909,64649,88
2910,90698,80
2911,89456,68
2914,61191,68
2915,84414,65
2916,95263,73
2917,110938,47
2919,91775,58
2920,80717,64
2921,147204,38
3031,153125,48
3032,153253,42
3033,171046,33
3034,131350,47
3036,142212,35
3037,130371,41
3038,108322,43
3042,104220,37
3043,104063,45
3044,120781,38
3045,119205,43
3046,124348,36
3047,103603,45
3048,90451,49
3049,168883,47
3051,124213,43
3052,162036,39
3053,134038,41
3054,127303,41
3055,97768,44
3057,156250,48
3060,79855,67
3062,107540,43
3063,107630,45
3064,96393,73
3070,154000,37
3071,110507,40
3076,135956,39
3077,104597,43
3079,110490,49
3082,120313,44
3084,94107,44
3086,113750,53
3087,189583,30
3101,84434,54
3102,74327,57
3103,73540,65
3104,88897,66
3106,118442,38
3109,108144,39
3110,167418,36
3215,105625,42
3216,88311,47
3217,54607,48
3218,112500,40
3220,68242,43
3221,109803,55
3222,81587,45
3223,118534,42
3224,138125,43
3225,111660,41
3226,107500,44
3227,146917,67
3229,137386,58
3230,71685,49
3233,120156,54
3234,97941,40
3235,71775,67
3237,111359,48
3238,47067,78
3240,81563,43
3241,91375,47
3242,95206,52
3243,83333,48
3244,86375,51
3245,107863,45
3246,73241,52
3249,116635,43
3251,70625,40
3253,84719,51
3254,106440,40
3255,117045,38
3256,87917,36
3257,107000,47
3258,108906,38
3259,84872,51
3260,117000,51
3261,129375,55
3262,85667,43
3263,74318,46
3264,76892,46
3266,76071,48
3268,111818,44
3269,107083,40
3273,187979,88
3275,82910,51
3276,82425,51
3278,94783,51
3279,70313,47
3280,90096,43
3281,118271,40
3282,98333,42
3284,113158,40
3285,90022,42
3287,117759,38
3290,122201,34
3293,86250,66
3301,86840,63
3303,80456,45
3304,172857,41
3307,107226,38
3431,79541,65
3440,88889,52
3441,53816,88
3442,83875,48
3444,104773,58
3445,106667,47
3446,85484,44
3447,100735,59
3448,80417,54
3449,92708,56
3450,103036,61
3451,69191,54
3452,92330,53
3455,69395,51
3456,110455,45
3457,100625,49
3458,98684,55
3461,102679,42
3462,115313,42
3464,93625,49
3465,88871,55
3466,83281,51
3467,104444,51
3470,79028,45
3561,56746,54
3570,45180,86
3574,81250,53
3576,52682,46
3579,61000,47
3580,91250,44
3581,64127,54
3582,46250,66
3583,67188,38
3584,66768,71
3585,68594,50
3586,154091,60
3588,71538,49
3590,52803,52
3592,61094,41
3593,101750,63
3595,64762,48
3597,56010,44
3598,67179,53
3601,81250,51
3602,70455,51
3603,56731,48
3605,86250,49
3607,84306,75
3608,88224,53
3609,72391,82
3740,67813,47
3741,82181,50
3743,59625,69
3745,91821,46
3748,95089,43
3750,250001,49
3752,70417,55
3753,106285,39
3755,165884,51
3765,79625,43
3766,100881,47
3768,133906,49
3770,153750,58
3771,88150,49
3773,81232,57
3774,58452,50
3777,92571,55
3779,80000,51
3780,189550,29
3781,109659,47
3782,110175,52
3784,91000,46
3785,57902,55
3801,106756,66
3809,106397,46
3810,148261,54
3811,146380,46
3813,56951,41
3814,77138,49
3816,88971,42
3818,77134,42
3819,112335,33
3820,94897,50
3823,148365,42
3824,124056,45
3825,110323,39
3826,121184,28
3827,142794,35
3830,99960,47
3832,79063,48
3833,119393,43
3835,66982,49
3836,66136,43
3837,119712,39
3838,68385,42
3839,88346,39
3840,162837,39
3841,104044,42
3842,95422,48
3844,165509,46
3845,57320,46
3846,117986,46
3848,105330,44
3849,96439,44
3850,101298,53
3851,93412,46
3852,154583,67
3853,103900,57
3854,176953,51
3855,100194,43
3856,197885,35
3857,100845,43
3858,138487,43
3860,71759,45
3861,131579,39
3862,144583,41
3864,104485,40
3865,108317,48
3867,78674,53
3868,81530,40
3869,87215,58
3870,140938,53
3871,142115,62
3872,109583,45
3873,135040,40
3874,82995,40
3875,115583,42
3878,75136,60
3882,76607,44
3883,67679,50
3884,122105,41
3885,151998,40
3886,74450,51
3887,91875,47
3894,94349,44
3901,94771,37
3902,133676,47
3903,101522,47
3904,85084,59
3905,140730,70
3906,105156,43
3907,114259,48
3908,98289,44
3909,115608,49
3911,156299,74
4001,78750,52
4002,84537,46
4003,96250,60
4005,74647,70
4008,108479,41
4009,78021,41
4010,60889,39
4011,74952,44
4015,69313,38
4017,67639,88
4019,89712,88
4020,69038,50
4021,172468,44
4022,64167,46
4024,52917,51
4027,97750,37
4029,77813,52
4030,72548,53
4032,107326,42
4037,54414,47
4038,112312,38
4039,95125,42
4040,57218,45
4041,62813,50
4042,95950,49
4043,107804,43
4046,102529,40
4047,72045,49
4048,101172,32
4049,84675,40
4050,91250,88
4051,80625,41
4055,78188,38
4056,57083,88
4061,94023,32
4062,107934,41
4063,61667,55
4064,59887,43
4066,115547,73
4068,60417,48
4069,104333,55
4071,88722,47
4072,92241,44
4073,72917,50
4074,135018,38
4076,88140,47
4079,91969,46
4083,72207,56
4084,109345,46
4085,92246,46
4086,91028,46
4087,98105,43
4088,63750,43
4090,88024,37
4091,78750,34
4092,85038,51
4093,100144,45
4095,57206,48
4096,110216,53
4097,129267,43
4101,63880,88
4102,82751,88
4103,89796,66
4105,150919,40
4106,86188,57
4107,146054,59
4108,94318,88
4110,194205,32
4210,66647,72
4216,52361,48
4217,61125,41
4219,62361,41
4220,79750,40
4221,52458,51
4222,99181,40
4224,71513,51
4226,47955,54
4231,63750,44
4236,98093,47
4237,55417,44
4238,92550,39
4239,70238,46
4240,55393,69
4250,84028,45
4252,73476,58
4253,70441,55
4254,45843,54
4255,75938,45
4256,69914,46
4257,55727,68
4258,95655,32
4259,83919,40
4260,108797,35
4261,45833,40
4263,85208,37
4265,43506,41
4268,54342,52
4270,74241,47
4274,85557,38
4275,70417,56
4276,38403,79
4280,62455,36
4281,75137,45
4282,100036,46
4284,93194,45
4285,62083,75
4287,91239,34
4289,56324,54
4290,66827,52
4292,57750,49
4294,63104,56
4330,54775,54
4342,74844,41
4344,71635,53
4345,77410,56
4346,66574,67
4347,68398,88
4348,78929,39
4349,59500,40
4350,84904,37
4351,92031,49
4352,74395,48
4353,73875,43
4354,89095,38
4355,86504,47
4357,65854,51
4358,96309,45
4360,75481,39
4363,63178,40
4364,86470,49
4401,66932,55
4406,53438,46
4410,82955,41
4411,76667,42
4412,66613,67
4413,55000,52
4414,69500,51
4415,50714,88
4416,64587,52
4417,46094,47
4418,60500,38
4419,82188,30
4421,113750,52
4422,75250,44
4424,48778,38
4426,63491,51
4427,64229,40
4428,72857,47
4429,97244,47
4430,42011,65
4434,72379,33
4435,84408,35
4438,80000,35
4441,64789,47
4442,73750,62
4443,53990,45
4444,106554,43
4448,54750,54
4449,67692,39
4450,79792,34
4451,31957,52
4453,59250,39
4455,49886,47
4456,86071,31
4457,56645,45
4459,48750,51
4460,49583,52
4461,85111,39
4462,51527,64
4463,58810,48
4464,56017,49
4468,56358,59
4471,47500,39
4472,69022,49
4473,61528,49
4474,94556,37
4475,55417,60
4476,63194,47
4478,53229,51
4479,50313,50
4481,74545,35
4485,61875,43
4487,48000,41
4488,76023,33
4490,45893,53
4492,63438,44
4493,61563,41
4495,36333,73
4496,98333,49
4497,48958,49
4530,79649,82
4535,93125,48
4537,76667,46
4538,56500,69
4539,96111,44
4543,59423,45
4544,59375,55
4547,75625,53
4548,84250,46
4551,100000,45
4553,89868,42
4554,85288,61
4555,100417,47
4556,108750,45
4558,91477,79
4562,107833,42
4563,83500,36
4564,132604,88
4568,54478,48
4571,58830,49
4572,69107,47
4573,86250,56
4574,59861,39
4575,116250,81
4576,89375,72
4578,81063,43
4579,102175,44
4605,77377,42
4606,50524,49
4607,60152,38
4609,77180,41
4611,64063,52
4612,89839,37
4614,80377,34
4616,68750,46
4617,52078,50
4619,64096,57
4622,43854,46
4623,50163,45
4624,61691,42
4625,38500,88
4626,72946,59
4627,61703,53
4628,52159,43
4630,57857,47
4631,45573,85
4634,67589,42
4635,42250,56
4640,71699,40
4642,71563,34
4643,64861,43
4645,49500,73
4646,88750,54
4648,63750,45
4649,67500,49
4650,110063,31
4652,52083,61
4653,90250,40
4654,48838,51
4655,60000,54
4657,49191,48
4658,60536,52
4660,78646,49
4662,108214,88
4664,59643,45
4666,60761,54
4667,74712,35
4668,48720,49
4669,66071,38
4671,68333,48
4673,53750,88
4674,76667,50
4675,250001,51
4676,73333,41
4677,83438,45
4679,59205,44
4680,76466,47
4681,60223,55
4684,74508,39
4685,86250,50
4686,52353,35
4691,55164,45
4693,86250,53
4694,65417,51
4730,61980,60
4732,49479,52
4733,59050,34
4734,79219,55
4735,64750,53
4736,54368,63
4739,59028,51
4740,53309,51
4742,70852,55
4743,56422,47
4745,55461,50
4746,35417,64
4747,56795,57
4750,48750,66
4756,56136,60
4757,84042,47
4758,65156,59
4760,51875,49
4761,53810,44
4762,58333,55
4763,46378,53
4765,50286,52
4766,62500,50
4768,60000,47
4769,55768,55
4772,75417,54
4773,68571,47
4774,32250,52
4776,47115,51
4777,53472,53
4779,74438,53
4780,62727,38
4781,49583,46
4783,75625,65
4785,41528,65
4786,55326,58
4787,53542,44
4841,56533,78
4843,82344,56
4847,86766,35
4848,88438,52
4849,80377,41
4851,65417,44
4853,87500,88
4854,87325,56
4855,250001,88
4856,86979,48
4858,87059,45
4859,75341,37
4860,86833,52
4861,56435,75
4862,73536,44
4863,72963,60
4864,74616,45
4901,57403,60
4910,62361,40
4911,62697,44
4912,51250,41
4915,66362,52
4917,88338,41
4920,39860,45
4921,63646,37
4922,59261,43
4923,63194,43
4924,57781,35
4925,73235,53
4927,71458,49
4928,56547,41
4929,51111,45
4930,54137,50
4932,75952,34
4936,47404,49
4937,63933,51
4938,55704,51
4939,51094,38
4941,65662,42
4942,53636,50
4943,46141,42
4945,52045,51
4947,70104,42
4949,71146,45
4950,61747,62
4951,81300,34
4952,67763,36
4953,60365,50
4955,63889,49
4956,61806,39
4957,65931,41
4958,55089,51
4961,53750,52
4963,77708,43
4965,60543,32
4966,47969,49
4967,57381,56
4969,61964,39
4970,60882,42
4971,65600,40
4973,87000,38
4974,64303,51
4976,53534,52
4978,107917,43
4979,69205,48
4981,77560,36
4982,30469,47
4983,53894,48
4984,56087,60
4985,66827,53
4986,71833,42
4987,44583,35
4988,62929,43
4989,72300,38
5001,78092,47
5032,86688,54
5033,105250,49
5034,47273,50
5035,70670,50
5036,109612,52
5037,109091,46
5038,62000,56
5039,73611,44
5040,95481,64
5041,85479,67
5042,96250,68
5043,72434,38
5045,79203,50
5046,84375,45
5048,99583,57
5050,107880,88
5051,65966,51
5052,52321,68
5053,99722,59
5055,142684,44
5056,74896,45
5058,76758,61
5060,77317,55
5061,75761,41
5062,79152,52
5065,86042,44
5067,121607,50
5068,80911,64
5069,66442,46
5070,125938,45
5071,115921,88
5072,113438,52
5075,101776,46
5076,103250,53
5077,92656,48
5079,72022,42
5081,55804,56
5083,57917,43
5084,115521,42
5086,71000,45
5088,71848,42
5089,55633,72
5091,112396,65
5101,70299,88
5142,83833,54
5143,70610,52
5146,77500,50
5148,105795,46
5149,64191,44
5150,68108,34
5151,96836,49
5152,129500,46
5153,87292,59
5155,64630,39
5156,66679,67
5158,71875,56
5161,120000,57
5201,59798,63
5250,96250,58
5251,151163,55
5252,58750,67
5253,92159,51
5254,122868,43
5255,91058,46
5257,94375,50
5260,83083,55
5261,62917,58
5262,71417,50
5301,65910,62
5340,96083,44
5341,54511,48
5342,64018,53
5343,84375,50
5345,67472,53
5346,79118,50
5350,55313,53
5352,88542,48
5353,94917,43
5354,85682,47
5355,64044,49
5356,51222,41
5359,80417,46
5360,79659,42
5361,75714,48
5363,68843,51
5401,65657,84
5403,105616,37
5404,79522,52
5408,95018,58
5440,76429,42
5441,67917,45
5442,81563,37
5443,88594,47
5444,106088,32
5445,144375,44
5446,97475,45
5448,82500,43
5450,72875,47
5452,101349,40
5454,128212,37
5455,110147,41
5456,106691,46
5457,96875,43
5458,101728,42
5459,88646,88
5461,109712,43
5462,94334,49
5463,82500,37
5464,85694,42
5465,114677,42
5468,114709,41
5471,53816,47
5472,92537,45
5473,99919,56
5474,102143,46
5476,57361,61
5477,108971,43
5478,71203,51
5482,115963,40
5483,78505,34
5486,126513,42
5487,76750,40
5488,77154,51
5489,92352,47
5491,87917,54
5492,67857,52
5494,117143,44
5495,107054,34
5602,81320,60
5640,114375,61
5641,76855,58
5647,76406,49
5648,71719,53
5649,103281,56
5650,84583,58
5651,103393,48
5652,79063,34
5653,90556,35
5654,89896,59
5655,84375,47
5656,55133,46
5658,72292,48
5660,96125,45
5661,67052,47
5663,77524,68
5667,66667,61
5669,75750,60
5672,93618,44
5673,98068,48
5674,86905,49
5675,65682,45
5676,92773,42
5677,157139,41
5678,148205,83
5679,94082,40
5680,72917,44
5681,103472,64
5682,85417,48
5701,61610,70
5730,102813,37
5732,43462,53
5733,68831,56
5734,81250,49
5735,80313,51
5736,38854,64
5737,101528,52
5738,95000,51
5739,75000,52
5742,66250,45
5743,68409,69
5744,75504,53
5747,57917,51
5748,76250,54
5751,81250,43
5753,91659,50
5757,75417,46
5758,67000,47
5759,58150,56
5760,67784,44
5761,68125,52
5762,65739,49
5763,71833,50
5764,72686,57
5765,73833,88
5766,112917,53
5767,72715,58
5769,99792,61
5770,92188,44
5772,76719,49
5773,80726,52
5774,76667,50
5775,61563,88
5776,64375,88
5777,64044,69
5778,82857,55
5819,62411,76
5820,68229,51
5821,65682,43
5822,76100,50
5824,72500,49
5826,83438,48
5827,90729,38
5828,72121,52
5829,73456,50
5830,70446,52
5832,86850,42
5833,65250,69
5836,99929,45
5837,60781,48
5839,74018,60
5840,56250,44
5841,103875,57
5842,85536,47
5843,71818,88
5845,82262,38
5846,46278,56
5847,57404,42
5851,68488,44
5853,91250,52
5855,61240,52
5857,71683,42
5858,66500,48
5859,84813,36
5860,64850,53
5862,122917,53
5866,64609,39
5867,67969,48
5868,51136,33
5871,74572,48
5872,48839,46
5873,70288,46
5874,74583,49
5875,78750,52
5902,45625,78
5903,56397,51
5904,54722,88
5905,91950,55
5906,51106,49
5907,65625,53
6001,153664,47
6002,98162,56
6010,79314,59
6013,165120,45
6016,120399,48
6018,68917,65
6019,117418,50
6021,111250,66
6022,250001,53
6023,100317,51
6024,87943,67
6026,119375,50
6027,115938,55
6029,129331,45
6031,106875,77
6032,140912,45
6033,149962,50
6035,107957,51
6037,116042,55
6039,104859,69
6040,83422,73
6042,91892,50
6043,126364,57
6051,51022,72
6052,80506,82
6053,62645,67
6057,117906,49
6058,91548,88
6060,122394,42
6061,75704,88
6062,84310,55
6063,121705,46
6065,124207,75
6066,85356,58
6067,100027,47
6068,123552,50
6069,101067,73
6070,162424,54
6071,126500,48
6073,201477,43
6074,144961,46
6076,92016,55
6078,116054,44
6081,106944,65
6082,90404,63
6084,133611,44
6085,141023,46
6088,79375,52
6089,121094,36
6090,151118,38
6091,68500,86
6092,204458,56
6093,122041,52
6095,105322,56
6096,81205,65
6098,66269,70
6103,71677,58
6105,41937,79
6106,46304,79
6107,174844,74
6108,56663,62
6109,126806,66
6110,87539,70
6111,102884,59
6112,44460,74
6114,52110,83
6117,171707,66
6118,79740,67
6119,99688,88
6120,34830,57
6226,47162,73
6231,168313,41
6232,134632,49
6234,96207,48
6235,98059,46
6237,127000,42
6238,108213,60
6239,74267,62
6241,88389,48
6242,89250,54
6243,122083,88
6247,108854,43
6248,134435,40
6249,109135,49
6250,99000,54
6254,105000,53
6255,88750,63
6256,80333,35
6259,108476,46
6260,70502,65
6263,88011,88
6264,100227,88
6268,55219,49
6277,110000,56
6278,121875,44
6279,91114,50
6280,76577,60
6281,125778,41
6282,91780,41
6320,59170,81
6330,98698,66
6331,103198,51
6332,61840,88
6333,129083,45
6334,107969,57
6335,118116,55
6336,133750,88
6338,137500,34
6339,106403,54
6340,81792,50
6350,40950,55
6351,82976,49
6354,87711,49
6355,137425,60
6357,93026,57
6359,123938,49
6360,65539,68
6365,117045,56
6370,105700,50
6371,132045,60
6374,71882,58
6375,111833,68
6376,156000,79
6377,97308,39
6378,135714,57
6379,95066,57
6380,63452,88
6382,89635,58
6384,106518,43
6385,100484,55
6387,108787,88
6390,98125,56
6401,86178,72
6403,101516,41
6405,105225,54
6409,107909,75
6410,145179,53
6412,109191,57
6413,124824,58
6414,131090,48
6415,123256,42
6416,110596,50
6417,90253,52
6418,78542,60
6419,140655,39
6420,123425,38
6422,158857,50
6423,107549,47
6424,123680,49
6426,103705,59
6437,137615,52
6438,121429,53
6439,187083,46
6441,111250,56
6442,104358,49
6443,168462,50
6444,139830,77
6447,142105,49
6450,71250,63
6451,71255,69
6455,104180,63
6456,128542,67
6457,79463,54
6460,104360,65
6461,133221,51
6468,157250,48
6469,104888,53
6470,153238,51
6471,109388,50
6472,105729,49
6473,132829,61
6475,114333,59
6477,142325,62
6478,128953,40
6479,114346,50
6480,118929,65
6481,84674,70
6482,159828,48
6483,107708,53
6484,108185,49
6488,112887,49
6489,126465,52
6492,105061,54
6498,91202,56
6510,58913,50
6511,59969,85
6512,96146,65
6513,48500,59
6514,88900,62
6515,73709,73
6516,74382,67
6517,104550,73
6518,106692,46
6519,49619,77
6524,166236,56
6525,188750,59
6604,50026,75
6605,56179,71
6606,73372,68
6607,50000,86
6608,45754,75
6610,51634,73
6611,163073,61
6612,222604,52
6614,110943,67
6615,81534,70
6702,14474,65
6704,48718,71
6705,53954,59
6706,52242,74
6708,67364,63
6710,37191,88
6712,126394,52
6716,111225,50
6750,85000,72
6751,108929,50
6752,159365,51
6753,250001,74
6754,121591,48
6755,185119,58
6756,160815,41
6757,95186,53
6759,105957,66
6762,133487,50
6763,109853,59
6770,96208,55
6776,104112,51
6777,94643,54
6778,81375,52
6779,95798,62
6782,124708,68
6783,123864,45
6784,116750,51
6785,118688,61
6786,87306,60
6787,103102,65
6790,70912,66
6791,129762,65
6793,121250,59
6794,96979,51
6795,104850,54
6796,106618,69
6798,131480,47
6801,116541,52
6804,148945,48
6807,192115,62
6810,76933,50
6811,104640,51
6812,137647,57
6820,250001,70
6824,193300,65
6825,135504,69
6830,146654,69
6831,227159,56
6840,250001,59
6850,123633,57
6851,111341,59
6853,250001,67
6854,86679,58
6855,106439,73
6870,250001,58
6877,179219,54
6878,250001,64
6880,250001,59
6883,250001,59
6890,218841,57
6896,186060,54
6897,242199,56
6901,102641,26
6902,94843,49
6903,204028,60
6905,136757,63
6906,93675,66
6907,106379,62
7001,101670,49
7002,83887,72
7003,103663,76
7004,115980,52
7005,132629,66
7006,149102,65
7008,97021,66
7009,151625,67
7010,93452,56
7011,74194,88
7012,101737,73
7013,116273,69
7014,119545,68
7016,155972,75
7017,58853,70
7018,62564,70
7020,124050,34
7021,250001,72
7022,63606,66
7023,195529,72
7024,107396,55
7026,79700,72
7027,110670,73
7028,247361,88
7029,88333,42
7030,180579,49
7031,94201,72
7032,79154,75
7033,118611,71
7034,104663,61
7035,123234,51
7036,91882,70
7039,229806,64
7040,173500,88
7041,202750,83
7042,122847,88
7043,250001,88
7044,161843,72
7045,185078,42
7046,250001,77
7047,78911,65
7050,52563,68
7052,129475,70
7054,104214,57
7055,55371,88
7057,85862,65
7058,127805,53
7059,212479,41
7060,78602,73
7062,98344,74
7063,93304,73
7064,133854,64
7065,91461,64
7066,133504,65
7067,122713,67
7068,164458,51
7069,171705,52
7070,143153,81
7071,111711,70
7072,115444,69
7073,97993,59
7074,90260,60
7075,136108,64
7076,183655,66
7077,108948,66
7078,250001,68
7079,195417,80
7080,130205,63
7081,155906,64
7082,205023,53
7083,121887,70
7086,127763,61
7087,64310,65
7088,93240,60
7090,232629,73
7092,211538,69
7093,73174,57
7094,139821,45
7095,104926,58
7102,38864,61
7103,51534,37
7104,53978,62
7105,59847,55
7106,53440,74
7107,51242,67
7108,36200,53
7109,90438,75
7110,119646,73
7111,61609,66
7112,58200,68
7114,36019,55
7201,60080,65
7202,71250,70
7203,92762,71
7204,109679,74
7205,99528,76
7206,68420,67
7208,65511,70
7302,175077,26
7304,70986,67
7305,76527,63
7306,74953,64
7307,83297,74
7310,183464,21
7311,202679,13
7401,160162,61
7403,128010,68
7405,135169,58
7407,101740,68
7410,144574,73
7416,93983,67
7417,236023,43
7418,156439,48
7419,100713,37
7420,109278,70
7421,129800,59
7422,108722,54
7423,250001,69
7424,105050,64
7430,131327,42
7432,146841,73
7435,145342,65
7436,161971,66
7438,123271,45
7439,105551,61
7440,147188,65
7442,124454,63
7444,117959,51
7446,160996,58
7450,208211,76
7452,215096,74
7456,152414,62
7457,102950,30
7458,244022,47
7460,145081,62
7461,106981,50
7462,95945,45
7463,177962,70
7465,115159,52
7470,153056,59
7480,132676,58
7481,203988,61
7501,44300,56
7502,76790,72
7503,60443,65
7504,76659,88
7505,36326,72
7506,110237,73
7508,95806,68
7512,113563,68
7513,68630,76
7514,70205,73
7522,48058,88
7524,49103,88
7601,84277,57
7603,103299,88
7604,123734,71
7605,129219,80
7606,84527,58
7607,117912,75
7608,24904,68
7620,246944,44
7621,130045,72
7624,190469,67
7626,170376,62
7627,208036,59
7628,126071,74
7630,155536,66
7631,102571,67
7632,230611,57
7640,180500,64
7641,236765,72
7642,186688,67
7643,85750,62
7644,89305,68
7645,178269,58
7646,114889,72
7647,128542,58
7648,178311,40
7649,221322,70
7650,94743,50
7652,144349,63
7656,171029,60
7657,118059,69
7660,100718,78
7661,159028,72
7662,110380,70
7663,129073,68
7666,144075,76
7670,208200,68
7675,183154,58
7676,180133,64
7677,213981,59
7701,112143,63
7702,178958,57
7704,250001,71
7711,112404,88
7712,96725,53
7716,126591,53
7717,122635,74
7718,131531,64
7719,119828,58
7720,97005,64
7721,123060,39
7722,198994,44
7723,160000,79
7724,102756,53
7726,149197,41
7727,129931,36
7728,114072,45
7730,125338,60
7731,134056,42
7732,91875,51
7733,166849,38
7734,82029,67
7735,97536,66
7737,139318,59
7738,189000,56
7739,240853,68
7740,79870,56
7746,207689,40
7747,124383,50
7748,152981,57
7750,150188,50
7751,181205,37
7753,95712,48
7755,134338,64
7756,89286,88
7757,126094,55
7758,115298,53
7760,226635,54
7762,116295,55
7764,114271,60
7801,84517,68
7803,119583,60
7821,141860,54
7822,114545,43
7823,85522,55
7825,123785,49
7826,116598,58
7827,101444,46
7828,103320,51
7830,180852,53
7832,106424,51
7834,156902,63
7836,151915,48
7838,121599,42
7840,105866,44
7843,108651,62
7844,80221,72
7846,99792,88
7847,85327,84
7848,128317,43
7849,117298,62
7850,106806,59
7851,108419,67
7852,119539,30
7853,175792,49
7856,92466,33
7857,85898,71
7860,110045,57
7863,94167,68
7865,108056,55
7866,131403,57
7869,169497,49
7871,167654,52
7874,132500,58
7876,161304,57
7878,116445,88
7882,107567,55
7885,100716,60
7901,179701,72
7920,192857,40
7921,123104,40
7922,202944,59
7924,236042,66
7926,250001,55
7927,170400,46
7928,220982,63
7930,240954,45
7931,201078,42
7932,156458,42
7934,245429,62
7935,106979,72
7936,149583,50
7940,172708,65
7945,250001,52
7946,208587,55
7950,153762,55
7960,160334,57
7970,250001,36
7974,172894,64
7976,247697,79
7977,150875,49
7980,162955,51
7981,149893,52
8001,134583,63
8002,100951,60
8003,155059,50
8004,111738,49
8005,93584,30
8006,125417,46
8007,99565,64
8008,120054,50
8009,101184,48
8010,88037,60
8012,95451,51
8015,80889,53
8016,98463,50
8019,172500,42
8020,134490,48
8021,68044,52
8022,117679,27
8023,65944,73
8026,100313,61
8027,92128,64
8028,89130,38
8029,98184,67
8030,63384,84
8031,76654,67
8032,198274,88
8033,151181,74
8034,114012,63
8035,131528,79
8036,142899,26
8037,81312,53
8038,90179,88
8041,99688,49
8042,170912,23
8043,105473,43
8045,71607,61
8046,98178,62
8048,113440,36
8049,103191,65
8050,115676,34
8051,92071,43
8052,79087,57
8053,118670,40
8054,118802,39
8055,155710,48
8056,171389,26
8057,158770,57
8059,89375,69
8060,109292,43
8061,150658,22
8062,157009,31
8063,83074,73
8065,89574,69
8066,65070,67
8067,111912,59
8068,83194,59
8069,71942,67
8070,75697,64
8071,100085,78
8072,68203,88
8075,94407,58
8077,128271,60
8078,86741,68
8079,54641,75
8080,122262,39
8081,105800,37
8083,96653,58
8084,98427,65
8085,134762,25
8086,97413,33
8087,91677,39
8088,110000,49
8089,115117,50
8090,115701,64
8091,75238,56
8092,110509,40
8093,64104,62
8094,96699,44
8096,89013,61
8097,119042,63
8098,110913,57
8102,33852,77
8103,36793,82
8104,38170,75
8105,45974,73
8106,111002,85
8107,80833,79
8108,108151,81
8109,90242,67
8110,83729,71
8201,71321,43
8202,146071,38
8203,97250,47
8204,82466,50
8205,93370,38
8210,90013,41
8212,86125,59
8215,80893,52
8221,156354,57
8223,107131,48
8224,96250,71
8225,111599,61
8226,101782,42
8230,115152,39
8232,53899,60
8234,98217,33
8241,123438,41
8242,93250,32
8243,108359,34
8244,70255,57
8247,167917,46
8248,108953,67
8251,83637,60
8260,79699,51
8270,99592,50
8302,65516,61
8310,42442,44
8311,86324,68
8312,89294,52
8314,88077,60
8316,79306,88
8317,106696,49
8318,92558,53
8319,100278,39
8321,105074,59
8322,121686,43
8323,83125,72
8324,89950,66
8326,79583,67
8327,61528,71
8328,101583,52
8329,65694,88
8330,77167,37
8332,67496,54
8340,62750,49
8341,68830,54
8343,141842,47
8344,85938,52
8345,67250,65
8346,80381,49
8349,64861,79
8350,158271,82
8352,64688,56
8353,70625,75
8360,65359,59
8361,99050,47
8401,41126,63
8402,121800,56
8403,110625,51
8406,69099,64
8501,146182,34
8502,227242,33
8505,112845,52
8510,225966,34
8511,80952,47
8512,118587,44
8514,134038,37
8515,208836,22
8518,97045,54
8520,118010,51
8525,165324,68
8527,115487,37
8530,120467,61
8533,113583,38
8534,175573,46
8535,209732,35
8536,137607,40
8540,176983,40
8542,105524,88
8550,224213,39
8551,162617,45
8553,148056,66
8554,89242,88
8555,110000,88
8558,236016,31
8559,179600,52
8560,128516,62
8562,103493,43
8608,61201,49
8609,68238,67
8610,83906,69
8611,56788,80
8618,50390,70
8619,105946,60
8620,105368,60
8628,108158,49
8629,82646,78
8638,66875,65
8640,92303,23
8641,74071,22
8648,125514,47
8690,127339,52
8691,132520,31
8701,64959,32
8720,224671,66
8721,105273,44
8722,106858,50
8723,108643,50
8724,103127,49
8730,172250,62
8731,98582,45
8732,110000,72
8733,85750,59
8734,116000,41
8735,76974,55
8736,174097,59
8738,250001,50
8740,69397,70
8741,143094,61
8742,123152,58
8750,134167,62
8751,77448,57
8752,78750,67
8753,105224,51
8755,87575,36
8757,58319,47
8758,96900,33
8759,52178,47
8801,149839,39
8802,135689,45
8804,107333,54
8805,93341,67
8807,168696,44
8809,131250,46
8810,151902,38
8812,118316,66
8816,143586,50
8817,110808,56
8820,171363,43
8821,155833,88
8822,137788,43
8823,115597,34
8824,174776,48
8825,101774,60
8826,123750,48
8827,135625,56
8828,98952,42
8829,112467,55
8830,109500,67
8831,109042,32
8833,172454,48
8835,93333,70
8836,229726,57
8837,102605,59
8840,146635,67
8844,153556,41
8846,105000,61
8848,138614,53
8850,141601,63
8852,133209,36
8853,220725,38
8854,127806,51
8857,109312,52
8859,99882,55
8861,64491,66
8863,115861,69
8865,79949,70
8867,204583,44
8869,107672,57
8872,97489,51
8873,124972,42
8876,122884,57
8879,92786,66
8880,112961,60
8882,96147,64
8884,104702,59
8886,161168,31
8887,109333,42
8889,157781,45
8901,65810,58
8902,121071,44
8904,104694,64
10001,129852,56
10002,48386,73
10003,154262,88
10004,250001,88
10005,190233,88
10006,190170,88
10007,250001,34
10009,92876,80
10010,144969,72
10011,145987,88
10012,137106,88
10013,161154,88
10014,176395,88
10016,140381,58
10017,136705,66
10018,145958,21
10019,128559,57
10021,158677,64
10022,172026,67
10023,159874,70
10024,181560,88
10025,108940,88
10026,81244,74
10027,59587,81
10028,175121,69
10029,38695,66
10030,39802,88
10031,65283,88
10032,56829,88
10033,75040,88
10034,67754,88
10035,45121,59
10036,95638,41
10037,49153,68
10038,105419,60
10039,45371,65
10040,65516,88
10044,103347,46
10065,155331,67
10069,233636,21
10075,155902,67
10128,147772,67
10162,114139,60
10279,250001,666668692
10280,206299,41
10282,250001,25
10301,85609,73
10302,78263,76
10303,83947,46
10304,71561,60
10305,83413,54
10306,96866,58
10307,147184,36
10308,125850,52
10309,116098,38
10310,106250,75
10312,110719,44
10314,104613,50
10451,38770,58
10452,41288,70
10453,33186,67
10454,24086,60
10455,36115,63
10456,34954,61
10457,42683,63
10458,40800,88
10459,38006,40
10460,36309,58
10461,67028,75
10462,60966,83
10463,74974,71
10464,103125,88
10465,87985,68
10466,65969,75
10467,49330,78
10468,46233,88
10469,76020,73
10470,90046,82
10471,103046,67
10472,41039,79
10473,52462,61
10474,41586,73
10475,62712,60
10501,220449,53
10502,250001,68
10503,243036,88
10504,250001,49
10505,153426,21
10506,250001,58
10507,107270,58
10509,116831,54
10510,220771,56
10511,128218,67
10512,117701,54
10514,250001,62
10516,140225,61
10517,117009,83
10518,250001,43
10520,142791,66
10522,165417,71
10523,118438,60
10524,146250,65
10526,250001,58
10527,250001,52
10528,154416,64
10530,121722,65
10532,141157,71
10533,174038,69
10535,66189,67
10536,250001,62
10537,132117,82
10538,207969,88
10541,138617,59
10543,126417,72
10546,206750,50
10547,162605,55
10548,142273,68
10549,133988,58
10550,60701,70
10552,96717,76
10553,84478,75
10560,193906,62
10562,115697,63
10566,85954,63
10567,144194,59
10570,183833,67
10573,105686,69
10576,250001,56
10577,250001,42
10578,250001,88
10579,132500,59
10580,250001,70
10583,250001,73
10588,178977,58
10589,129214,42
10590,211734,54
10591,104984,72
10594,163542,66
10595,123438,65
10596,98091,80
10597,244853,49
10598,173573,58
10601,85859,60
10603,121026,63
10604,117014,62
10605,148982,70
10606,112270,64
10607,168603,69
10701,64776,59
10703,89773,69
10704,106786,73
10705,67918,71
10706,190833,82
10707,130957,66
10708,126343,81
10709,170417,70
10710,108845,66
10801,85573,69
10803,215208,88
10804,250001,74
10805,102109,70
10901,108041,54
10913,175357,66
10914,160132,54
10916,135556,43
10917,121944,71
10918,140550,44
10919,108859,71
10920,145567,53
10921,115221,49
10922,123406,52
10923,100469,54
10924,110938,50
10925,80321,76
10926,94279,41
10927,75167,64
10928,102347,73
10930,120098,43
10931,83365,88
10940,87080,54
10941,99238,48
10950,78931,34
10952,64332,45
10954,116332,52
10956,177952,57
10958,147898,48
10960,125789,65
10962,148500,57
10963,82989,54
10964,187396,68
10965,132660,66
10968,145000,53
10969,126875,76
10970,120186,47
10973,117167,41
10974,117596,67
10975,81250,51
10976,85893,61
10977,74451,52
10980,126284,54
10983,160170,62
10984,121250,50
10987,152031,65
10988,117321,52
10989,134267,55
10990,125870,46
10992,112353,41
10993,66189,60
10994,170307,65
10996,135333,54
10998,129348,33
11001,150000,85
11003,124115,74
11004,115360,72
11005,89931,52
11010,142321,72
11020,167148,71
11021,120230,71
11023,141003,74
11024,175300,70
11030,234966,76
11040,154696,73
11050,154225,67
11096,93421,79
11101,121062,15
11102,96617,72
11103,93324,84
11104,80709,85
11105,102012,82
11106,84867,77
11109,204885,16
11201,173136,70
11203,67897,88
11204,69479,88
11205,93887,77
11206,61430,62
11207,56523,69
11208,62077,80
11209,93854,88
11210,83692,85
11211,107506,69
11212,41355,69
11213,65127,88
11214,65895,82
11215,185865,88
11216,101277,88
11217,162863,88
11218,97366,85
11219,58347,88
11220,69883,88
11221,85736,88
11222,125734,88
11223,63368,84
11224,43648,59
11225,88568,88
11226,81014,88
11228,83665,88
11229,70603,78
11230,70027,85
11231,139930,88
11232,90891,88
11233,62411,88
11234,97479,74
11235,59661,71
11236,81464,69
11237,85196,88
11238,134523,88
11239,38015,49
11249,123047,25
11354,66010,64
11355,55326,65
11356,86730,64
11357,96988,69
11358,88165,75
11360,98875,60
11361,105932,71
11362,122090,68
11363,125015,75
11364,98359,70
11365,81258,71
11366,135373,74
11367,75061,70
11368,72270,67
11369,80297,76
11370,76009,72
11372,78606,81
11373,71480,71
11374,90631,71
11375,105904,74
11377,73073,74
11378,85830,83
11379,93558,75
11385,88838,88
11411,116458,79
11412,97979,86
11413,118440,74
11414,95051,64
11415,86394,78
11416,81188,88
11417,87006,79
11418,90156,88
11419,93399,88
11420,100006,83
11421,90685,88
11422,114697,70
11423,80054,76
11426,103533,76
11427,88980,74
11428,91296,88
11429,102880,84
11432,74096,68
11433,77519,69
11434,77598,65
11435,79710,73
11436,88047,77
11501,137665,72
11507,164028,69
11509,168537,63
11510,147319,78
11514,151964,72
11516,104331,71
11518,117052,76
11520,121748,72
11530,228143,75
11542,93242,66
11545,182528,65
11547,95972,88
11548,122250,59
11550,92677,69
11552,155154,73
11553,121127,73
11554,133971,69
11557,176274,73
11558,111032,63
11559,142830,64
11560,163750,73
11561,141629,66
11563,136887,83
11565,148049,86
11566,177079,71
11568,250001,58
11569,81635,88
11570,157163,80
11572,148790,69
11575,126146,74
11576,216250,64
11577,182674,72
11579,193590,88
11580,137402,73
11581,142233,72
11590,152960,70
11596,163833,83
11598,190074,72
11691,56135,61
11692,49720,53
11693,68449,63
11694,111011,66
11697,122667,52
11701,117033,56
11702,137652,70
11703,137158,65
11704,129195,64
11705,164300,62
11706,119603,61
11709,149191,60
11710,173054,68
11713,108173,51
11714,120172,69
11715,163125,65
11716,128889,56
11718,218000,81
11719,126250,57
11720,134898,57
11721,197179,69
11722,114049,57
11724,250001,65
11725,168281,62
11726,128425,60
11727,103287,47
11729,136939,63
11730,145652,69
11731,161132,65
11732,148965,67
11733,173281,57
11735,139443,68
11738,140121,53
11739,164286,64
11740,152386,62
11741,144346,51
11742,125162,49
11743,183187,67
11746,164589,61
11747,159540,45
11749,116313,57
11751,116559,61
11752,151917,62
11753,175781,64
11754,123393,59
11755,119364,56
11756,146019,75
11757,127889,67
11758,154110,69
11762,169624,70
11763,120783,50
11764,146813,48
11765,196902,69
11766,153235,41
11767,152985,51
11768,172570,65
11769,123558,58
11770,123571,72
11771,157923,66
11772,105245,57
11776,120573,53
11777,150505,54
11778,126349,62
11779,112180,55
11780,144577,52
11782,147672,60
11783,176993,69
11784,104369,57
11786,163466,51
11787,143101,59
11788,149726,57
11789,131528,69
11790,171133,61
11791,202962,67
11792,146174,44
11793,167068,70
11795,177269,65
11796,173472,70
11797,192609,46
11801,145788,72
11803,187514,68
11804,190469,68
11901,85061,47
11930,123257,49
11932,173672,32
11933,74195,41
11934,170801,49
11935,143750,55
11937,129883,45
11939,102500,65
11940,138639,48
11941,123750,38
11942,93710,44
11944,85298,69
11946,133918,49
11948,148398,52
11949,138864,35
11950,97661,47
11951,110862,56
11952,120139,59
11953,86206,45
11954,142961,48
11955,79844,31
11956,130875,79
11957,94261,54
11959,88542,37
11960,240313,35
11961,76216,47
11963,127746,48
11964,134620,44
11967,111617,51
11968,156219,38
11971,129507,55
11975,131042,36
11976,180250,31
11977,151375,41
11978,125179,41
11980,102600,34
12007,200078,29
12008,125859,88
12009,120101,53
12010,63696,79
12015,91845,44
12018,126620,51
12019,112420,47
12020,107112,37
12022,96875,71
12023,112885,54
12025,74352,56
12027,120000,60
12028,96891,45
12029,103542,73
12031,87143,75
12032,65789,78
12033,98569,60
12035,98375,67
12036,41823,75
12037,89844,76
12040,57955,43
12041,122143,88
12043,64583,53
12046,80707,63
12047,66071,66
12051,91786,72
12052,118424,52
12053,91991,53
12054,129583,65
12056,132150,32
12057,68306,56
12058,85469,50
12059,106506,58
12060,101548,63
12061,110962,45
12062,87679,46
12063,90855,70
12064,63500,69
12065,113873,40
12066,78571,66
12067,125521,49
12068,72788,73
12069,90179,88
12070,86989,75
12071,99375,45
12072,81063,44
12074,94583,43
12075,98047,54
12076,84583,47
12077,118257,37
12078,58367,78
12083,83537,52
12084,91063,50
12086,78155,70
12087,91458,55
12090,68056,72
12092,58615,88
12093,65321,49
12094,92266,42
12095,69469,80
12106,75714,63
12108,55625,56
12110,105024,52
12115,91875,38
12116,78986,48
12117,66000,64
12118,92710,42
12120,78917,54
12121,100461,53
12122,55875,56
12123,108878,58
12124,85461,34
12125,55625,64
12130,104286,72
12131,71563,48
12134,77928,59
12136,148750,64
12137,83879,47
12138,75833,45
12139,71563,64
12140,138393,43
12143,95101,53
12144,90738,55
12147,85875,52
12148,141984,35
12149,50608,45
12150,79776,60
12151,98309,83
12153,89861,51
12154,106136,48
12155,62361,69
12156,108274,72
12157,75997,52
12158,97419,42
12159,128306,37
12160,69750,74
12161,123750,69
12164,62083,53
12165,65368,55
12166,94821,64
12167,53047,59
12168,88830,45
12169,43936,48
12170,102857,46
12172,86587,88
12173,76607,49
12174,51131,88
12175,90250,45
12176,63565,61
12177,92444,88
12180,75851,78
12182,56984,78
12183,59406,88
12184,98622,50
12185,110625,50
12186,112446,51
12187,78149,41
12188,92279,62
12189,65276,71
12190,74286,54
12192,106213,44
12193,108438,56
12194,91250,48
12195,148815,23
12196,110889,49
12197,77778,82
12198,113083,61
12202,52868,88
12203,83147,65
12204,74841,57
12205,91020,60
12206,41548,77
12207,58998,57
12208,70413,72
12209,89390,88
12210,55843,88
12211,156605,60
12302,98163,66
12303,84375,69
12304,69235,70
12305,53326,86
12306,83202,69
12307,24758,68
12308,63434,88
12309,125274,61
12401,69305,74
12404,77214,53
12405,97500,45
12406,71208,51
12407,63438,88
12409,116280,55
12411,97880,88
12412,82195,47
12413,60363,59
12414,73036,73
12417,120417,42
12418,98472,50
12419,121776,56
12420,120559,84
12421,100819,48
12422,91667,88
12423,75511,48
12424,54141,49
12428,63145,72
12430,68250,51
12431,80694,44
12432,48193,82
12433,96250,58
12434,48656,64
12435,112813,63
12436,108056,88
12438,78512,88
12439,102989,43
12440,106553,73
12441,55893,51
12442,36912,49
12443,104412,67
12444,77708,43
12446,85979,52
12449,93750,54
12451,56477,65
12454,88750,44
12455,85926,49
12456,63833,67
12457,90667,43
12458,64851,75
12460,109750,72
12461,112273,48
12466,78182,66
12468,51875,49
12469,99722,55
12470,86349,48
12472,70559,88
12473,103542,46
12474,57428,51
12475,103412,47
12477,80861,64
12480,66491,85
12481,124286,61
12483,2499,45
12484,119779,46
12485,67165,66
12486,96964,68
12487,95230,64
12491,100257,58
12492,150833,49
12493,105617,50
12494,145303,41
12496,59286,41
12498,94210,64
12501,75104,79
12502,85192,50
12503,117935,41
12507,116198,88
12508,92461,63
12512,99025,88
12513,60951,67
12514,120439,52
12515,103500,44
12516,128750,51
12517,153958,44
12518,101208,65
12520,136797,74
12521,75652,54
12522,76157,52
12523,54235,55
12524,99034,47
12525,110268,47
12526,97679,60
12528,92462,50
12529,70750,66
12531,129028,48
12533,141585,43
12534,72741,62
12538,86230,58
12540,111320,43
12542,121378,43
12543,75583,50
12545,101354,68
12546,84455,51
12547,88778,40
12548,132083,40
12549,122734,50
12550,85697,66
12553,92757,49
12561,92288,50
12563,98415,61
12564,111324,54
12565,56563,88
12566,112831,48
12567,103750,67
12569,100846,45
12570,128906,39
12571,118967,50
12572,94859,55
12575,142530,43
12577,124028,56
12578,108194,61
12580,134583,47
12581,80640,67
12582,133328,48
12583,79583,56
12585,99648,64
12586,87194,62
12589,120815,44
12590,102285,55
12592,71696,47
12594,144202,40
12601,63652,65
12603,103538,60
12701,57222,53
12719,79921,58
12720,66597,27
12721,103214,42
12723,77313,55
12725,90893,53
12726,77149,58
12729,66982,52
12732,50125,60
12733,56056,22
12734,56740,71
12736,44330,47
12737,87939,43
12738,95481,41
12740,103462,53
12741,68897,50
12742,148160,88
12743,86053,51
12746,69906,53
12747,71563,64
12748,86927,74
12749,175083,61
12751,53549,50
12754,67624,58
12758,68958,53
12759,41506,43
12760,90938,53
12762,87381,56
12763,55741,61
12764,67778,58
12768,34708,51
12769,141779,74
12770,108452,55
12771,68136,70
12775,112600,49
12776,84211,53
12777,137500,46
12778,50959,80
12779,47688,53
12780,74468,55
12783,67778,40
12785,140397,51
12787,43102,88
12788,62768,50
12789,71729,41
12790,79193,69
12791,74744,85
12801,67577,88
12803,82057,54
12804,89127,43
12808,110192,51
12809,83938,67
12810,56250,39
12811,65865,35
12812,155536,72
12814,104489,59
12815,76302,56
12816,75966,69
12817,93393,45
12819,64688,58
12822,83349,60
12823,118783,45
12824,108533,52
12827,81424,44
12828,76019,45
12831,100024,32
12832,68929,56
12833,102832,40
12834,81205,68
12835,66992,53
12836,80221,54
12837,81583,40
12838,62348,88
12839,71423,66
12841,63348,69
12842,58702,50
12843,61304,46
12844,133750,74
12845,100774,52
12846,46344,59
12847,70962,58
12850,92083,41
12851,73750,66
12852,108750,62
12853,57950,43
12855,77292,56
12856,59200,53
12857,68500,55
12858,124167,82
12859,71250,32
12860,95625,53
12861,92031,57
12863,96679,61
12865,71983,69
12866,101901,44
12870,72628,48
12871,96024,58
12873,103239,88
12874,158500,69
12878,63657,57
12883,65865,68
12884,37045,88
12885,59429,57
12886,127649,43
12887,56709,69
12901,60942,53
12903,77733,59
12910,53021,49
12912,70046,54
12913,81250,47
12914,32778,62
12915,78750,88
12916,69833,50
12917,62750,47
12918,91951,44
12919,80931,60
12920,79773,49
12921,101302,45
12922,88333,81
12923,50833,51
12926,56424,48
12927,68125,63
12928,82813,51
12929,62411,88
12930,68603,42
12932,56771,70
12934,77734,45
12935,57542,52
12936,77321,88
12937,55417,57
12939,51635,46
12941,68625,48
12942,115000,43
12944,72207,55
12945,80227,88
12946,77548,47
12950,82794,49
12952,52841,67
12953,68799,71
12955,78487,63
12956,69692,42
12957,54572,47
12958,63977,38
12959,54981,33
12960,64702,63
12962,77847,50
12964,99688,78
12965,66477,88
12966,65893,47
12967,75781,52
12969,65469,85
12970,84250,88
12972,125373,43
12973,104091,88
12974,47278,88
12976,61406,55
12978,98958,88
12979,45850,77
12980,60938,59
12981,76450,63
12983,65985,79
12985,76090,51
12986,67883,70
12987,127083,43
12989,84464,54
12992,82685,43
12993,80139,78
12996,69766,69
12997,82344,48
13020,92813,88
13021,60712,73
13026,96324,75
13027,91797,43
13028,61645,54
13029,103878,40
13030,68306,58
13031,88224,60
13032,81171,65
13033,93092,57
13034,104154,52
13035,109394,57
13036,83648,44
13037,83963,48
13039,107500,41
13040,70167,55
13041,120188,41
13042,86587,55
13044,64313,50
13045,69961,68
13052,76750,62
13053,83021,45
13054,94100,67
13057,80900,64
13060,64448,46
13061,75250,70
13063,84063,53
13066,122088,59
13068,80043,48
13069,63113,66
13071,85972,88
13072,48611,73
13073,71452,55
13074,81563,43
13076,95889,41
13077,72266,66
13078,119191,46
13080,83882,59
13081,93558,61
13082,82964,51
13083,71667,46
13084,91389,42
13087,97125,65
13088,75378,55
13090,88492,45
13092,78056,45
13101,63587,73
13103,80000,42
13104,127933,48
13108,94327,63
13110,93438,61
13111,59063,55
13112,96615,69
13113,35313,86
13114,65561,49
13115,72857,88
13116,95506,55
13117,63250,48
13118,67651,62
13120,55682,80
13122,81500,38
13124,90000,67
13126,65346,66
13131,70286,49
13132,72473,47
13134,72188,88
13135,87041,59
13136,51667,56
13138,95083,88
13140,61977,56
13141,80208,70
13142,73854,53
13143,61674,72
13144,64073,52
13145,60625,44
13146,61842,62
13147,74934,80
13148,65313,71
13152,104211,66
13153,158688,72
13155,66563,56
13156,64063,73
13157,45481,75
13158,85208,51
13159,101250,51
13160,86029,69
13163,78125,66
13164,84808,40
13165,59981,65
13166,78108,50
13167,85294,39
13202,27000,68
13203,46997,75
13204,45351,88
13205,38497,73
13206,63136,80
13207,60720,84
13208,44712,85
13209,68138,69
13210,41738,66
13211,66724,73
13212,81085,66
13214,98000,70
13215,113864,48
13219,85149,68
13224,76500,69
13301,126397,50
13302,55341,48
13303,89940,58
13304,108587,72
13308,87651,52
13309,74767,50
13310,101250,70
13312,72266,64
13313,36597,63
13314,37000,88
13315,65921,51
13316,66760,62
13317,72500,88
13318,84211,54
13319,73571,64
13320,86204,77
13321,68438,32
13322,91369,62
13323,78224,59
13324,86176,51
13325,58750,55
13326,80040,73
13327,66875,59
13328,105000,58
13329,60104,72
13331,61250,70
13332,79737,73
13333,42813,88
13334,58125,82
13335,65000,81
13337,99375,88
13338,58333,59
13339,56047,73
13340,69821,66
13342,83333,48
13343,70478,48
13345,48750,39
13346,60600,59
13348,80245,72
13350,56157,82
13353,82000,68
13354,101733,53
13355,53988,43
13357,63678,88
13360,107750,62
13361,92000,69
13363,94432,52
13364,80160,73
13365,66307,83
13367,67873,55
13368,62159,64
13402,74375,75
13403,86300,53
13406,102692,88
13407,69846,75
13408,68750,54
13409,72333,57
13411,55357,66
13413,95261,61
13415,83750,60
13416,85128,56
13417,59453,68
13418,91250,58
13420,109351,60
13421,65752,76
13424,84844,68
13425,65243,53
13428,76295,44
13431,76000,61
13433,50806,56
13435,46971,88
13436,73409,55
13437,48438,44
13438,69797,52
13439,65761,75
13440,68207,68
13450,119167,23
13452,60327,71
13454,122669,88
13456,93510,63
13457,45833,88
13459,65893,73
13460,61587,51
13461,88750,72
13464,56953,51
13468,62727,88
13469,94185,54
13470,75313,55
13471,70455,43
13473,103598,86
13475,53750,88
13476,62798,71
13477,71111,44
13478,83986,57
13480,85435,85
13482,58864,71
13483,115341,66
13485,62337,47
13486,60217,61
13488,52159,88
13489,89271,52
13490,135302,39
13491,72917,64
13492,82173,67
13493,63125,38
13494,104688,55
13495,66995,74
13501,52548,88
13502,57835,72
13601,58791,71
13603,62500,22
13605,70045,56
13606,88977,50
13607,66500,58
13608,73643,76
13611,70139,88
13612,85658,50
13613,58846,52
13614,39000,76
13615,101563,88
13616,45962,56
13617,71663,53
13618,61494,48
13619,63120,55
13620,70087,53
13621,77703,45
13622,81065,71
13624,87988,51
13625,80417,53
13626,64495,44
13628,58125,85
13630,63333,88
13632,132857,42
13633,65625,51
13634,92109,48
13635,71316,61
13636,58882,88
13637,57103,34
13638,62955,81
13639,21346,30
13640,118026,44
13641,61458,34
13642,49728,71
13643,100625,13
13646,72212,67
13648,60735,53
13649,156250,40
13650,94318,57
13651,116705,88
13652,67946,54
13654,74125,79
13655,52309,29
13656,72500,39
13658,69055,43
13659,63125,56
13660,68482,48
13661,82297,56
13662,59106,70
13664,78750,73
13665,51250,42
13666,38438,73
13667,59849,52
13668,63393,60
13669,70304,75
13670,36250,69
13672,76216,64
13673,81167,43
13675,208182,15
13676,56170,56
13679,101932,52
13680,80625,50
13681,46250,68
13682,79821,55
13684,57465,44
13685,79469,44
13687,44833,61
13690,62000,70
13691,79943,43
13692,190250,88
13693,72396,42
13694,75179,46
13695,123036,47
13697,75953,49
13730,53348,63
13731,73750,47
13732,88750,56
13733,60759,61
13734,63523,46
13736,65880,54
13739,64219,44
13740,80625,46
13743,51364,55
13744,61086,42
13746,62993,51
13748,62125,68
13750,62344,41
13752,66302,48
13753,70000,56
13754,61000,66
13755,64375,51
13756,71765,58
13757,73523,54
13760,66095,67
13774,70638,45
13775,78750,55
13776,80750,88
13777,65625,44
13778,73850,59
13780,77262,55
13782,62961,46
13783,51510,66
13784,76446,48
13786,54688,59
13787,66222,45
13788,100313,61
13790,59045,74
13795,56743,54
13796,88750,49
13797,67316,43
13801,69375,53
13803,63713,56
13804,45000,55
13807,77083,46
13808,67071,68
13809,52167,46
13810,93819,60
13811,78418,53
13812,82679,65
13813,107813,88
13815,61469,63
13820,65953,79
13825,76875,55
13827,72769,68
13830,62400,60
13832,78125,36
13833,60409,46
13834,37153,78
13835,66620,43
13838,53306,71
13839,54271,54
13841,58229,61
13842,88500,62
13843,79018,62
13844,61071,59
13846,32857,88
13849,57917,64
13850,83403,58
13856,48958,63
13859,53846,88
13860,143315,63
13861,57847,64
13862,63487,51
13863,73333,50
13864,60389,43
13865,73623,53
13901,55523,66
13903,66278,72
13904,53984,70
13905,53362,84
14001,75107,50
14004,90839,61
14005,105082,70
14006,65972,71
14008,77702,88
14009,62761,48
14011,74946,85
14012,72083,62
14013,72768,88
14020,62655,70
14024,86833,45
14025,115188,59
14026,88750,68
14028,89188,63
14029,145000,88
14030,78182,75
14031,103750,42
14032,168711,30
14033,87431,61
14034,62412,73
14035,91250,88
14036,88466,67
14037,93594,67
14039,62917,88
14040,88779,58
14041,75938,81
14042,47431,50
14043,74112,60
14047,78816,56
14048,56431,81
14051,135663,39
14052,99970,66
14054,79286,70
14055,51089,54
14056,58176,23
14057,92410,66
14058,102750,69
14059,113555,54
14060,62000,44
14061,111250,88
14062,83125,54
14063,57937,69
14065,61058,50
14066,64750,88
14067,95671,62
14068,98750,42
14069,85469,57
14070,53310,77
14072,115991,51
14075,83383,54
14080,76786,59
14081,65778,62
14082,93571,88
14083,91806,60
14085,129563,38
14086,99499,45
14091,82833,48
14092,72218,54
14094,75427,57
14098,91042,70
14101,73116,50
14102,119327,55
14103,69926,88
14105,92405,85
14108,76345,61
14111,90700,74
14113,102798,76
14120,74871,66
14125,70294,81
14126,167723,39
14127,109386,50
14129,68542,64
14130,70114,88
14131,85909,61
14132,97210,67
14135,80833,77
14136,69567,78
14138,56868,88
14139,86402,59
14141,80906,62
14143,95893,74
14145,85114,65
14150,71406,70
14166,101629,81
14167,67132,56
14169,61782,50
14170,116746,58
14171,75625,60
14172,81330,83
14174,79695,61
14201,40512,88
14202,56528,72
14203,56141,88
14204,28182,53
14206,50450,88
14207,39753,88
14208,48476,88
14209,50046,88
14210,54197,88
14211,36300,88
14212,44020,88
14213,53870,88
14214,58228,88
14215,44955,88
14216,69629,88
14217,73800,79
14218,54748,73
14219,78569,64
14220,70963,88
14221,101615,56
14222,81652,88
14223,84161,73
14224,80052,59
14225,67237,70
14226,84325,73
14227,68928,55
14228,74871,47
14301,34549,83
14303,45646,88
14304,66660,67
14305,51004,75
14411,55641,70
14414,72006,58
14415,114028,88
14416,80430,58
14418,65577,49
14420,75577,50
14422,91786,88
14423,80807,57
14424,79778,46
14425,94609,37
14427,56490,64
14428,91558,47
14432,78017,67
14433,66587,75
14435,71865,50
14437,66332,65
14441,70833,88
14445,73625,80
14450,109466,49
14454,77857,51
14456,81310,76
14462,78194,65
14463,46250,88
14464,78600,50
14466,108085,66
14467,88653,54
14468,98693,48
14469,74521,50
14470,65938,59
14471,78405,52
14472,129655,50
14475,123917,50
14476,90536,63
14477,96607,69
14478,86853,44
14479,34572,88
14480,57152,33
14481,79135,51
14482,74216,68
14485,80341,51
14486,131875,88
14487,89688,51
14489,68250,75
14502,83330,40
14504,65750,62
14505,80382,51
14506,126786,48
14507,77273,51
14510,61713,77
14511,75375,69
14512,77130,54
14513,65309,67
14514,86493,35
14516,76000,72
14517,56088,77
14519,85532,46
14521,67198,69
14522,75116,70
14525,77102,60
14526,118777,48
14527,70758,63
14529,74479,88
14530,64576,88
14532,81923,88
14533,68170,45
14534,143694,49
14536,63125,52
14541,77375,65
14543,122654,60
14544,61118,63
14545,100000,88
14546,95046,61
14548,83571,63
14550,52321,75
14551,59167,64
14555,81042,74
14559,94794,50
14560,75257,55
14561,77857,71
14564,115625,31
14568,102604,45
14569,61059,58
14571,80833,80
14572,72557,59
14580,98310,38
14586,124457,26
14589,86885,62
14590,55682,71
14591,85804,71
14592,85000,88
14604,52105,79
14605,21201,71
14606,55807,62
14607,59787,88
14608,40646,88
14609,64603,81
14610,85961,82
14611,31376,88
14612,82800,51
14613,37778,88
14614,62500,74
14615,51262,64
14616,66499,67
14617,90192,74
14618,125098,69
14619,68333,88
14620,61783,81
14621,35383,75
14622,75439,71
14623,65342,56
14624,87989,54
14625,110865,60
14626,78204,46
14701,49685,84
14706,73236,53
14707,46250,88
14708,69286,81
14709,53889,50
14710,66120,68
14711,65938,59
14712,86083,61
14714,115230,81
14715,55640,76
14716,60278,75
14717,83542,58
14718,56250,64
14719,62188,78
14720,51875,88
14721,40250,45
14723,68261,53
14724,83063,53
14726,55156,55
14727,63257,55
14728,67875,54
14729,64276,47
14731,67583,42
14732,31250,88
14733,63068,73
14735,69891,49
14736,92917,54
14737,60270,53
14738,80103,56
14739,57794,52
14740,64853,55
14741,70962,37
14742,78750,67
14743,57244,48
14744,77750,52
14747,56667,55
14748,47917,52
14750,66622,64
14753,55000,61
14754,62750,50
14755,66103,63
14757,67115,68
14760,54929,85
14767,67607,44
14769,49267,75
14770,56910,63
14772,79583,69
14774,39250,88
14775,49961,82
14777,57500,51
14779,42593,88
14781,61625,56
14782,71250,53
14784,77750,44
14787,53587,79
14788,66000,88
14801,63125,58
14802,40489,73
14803,51694,56
14804,83173,55
14805,65000,66
14806,74688,67
14807,64408,54
14808,33203,88
14809,63875,58
14810,51950,58
14812,62073,57
14813,63750,70
14814,98783,63
14815,56875,51
14816,63487,71
14817,77228,55
14818,69107,57
14819,50000,51
14820,64306,52
14821,77609,55
14822,66771,56
14823,63140,61
14824,61061,57
14825,61250,65
14826,69464,64
14830,73263,73
14836,74130,68
14837,65845,57
14838,73884,50
14839,79861,85
14840,84792,62
14841,89821,48
14842,74821,50
14843,57874,83
14845,76832,58
14846,73587,51
14847,73594,72
14850,71445,53
14855,76500,78
14858,81750,50
14859,98750,45
14860,78170,51
14861,64904,52
14864,63667,66
14865,53846,59
14867,75507,42
14869,80481,61
14870,84476,52
14871,72484,63
14872,62708,40
14873,68239,41
14874,90500,82
14877,57750,62
14879,53750,50
14880,58750,62
14881,89063,62
14882,91960,47
14883,68750,48
14884,48750,45
14885,75500,41
14886,82000,53
14889,61944,63
14891,61875,64
14892,54043,59
14894,51250,49
14895,63910,70
14897,66458,60
14898,58824,43
14901,40989,88
14903,67012,72
14904,53174,82
14905,90825,82
15001,70985,67
15003,59550,84
15005,73354,68
15006,79417,88
15009,88294,70
15010,71200,70
15012,60172,61
15014,53551,88
15015,155208,67
15017,86937,50
15018,37000,88
15019,32926,59
15020,76250,88
15021,75000,67
15022,58387,78
15024,79647,62
15025,76531,68
15026,115556,40
15027,65466,67
15028,48750,88
15030,56094,81
15031,35404,63
15033,39921,85
15034,51715,78
15035,65907,71
15037,77579,63
15038,31824,81
15042,75742,49
15043,87672,47
15044,136723,37
15045,47803,79
15046,81992,63
15047,45792,73
15049,60595,67
15050,91406,58
15051,62563,88
15052,73352,61
15053,89931,88
15054,74167,88
15055,71719,32
15056,67292,88
15057,120821,40
15059,66231,78
15060,56118,61
15061,73010,63
15062,52889,73
15063,65179,73
15065,67803,71
15066,63836,73
15067,52352,67
15068,63426,67
15071,102328,35
15074,54063,73
15076,50573,88
15077,64583,64
15078,82303,53
15081,54107,83
15082,113750,81
15083,64750,67
15084,63090,75
15085,82456,68
15086,130688,30
15088,55000,70
15089,60533,68
15090,160576,36
15101,114634,54
15102,108966,61
15104,40104,84
15106,77247,71
15108,100859,53
15110,44180,80
15112,47730,77
15116,94352,64
15120,55714,75
15122,72485,69
15126,99693,39
15129,99519,50
15131,61744,70
15132,35397,79
15133,65938,74
15135,82632,69
15136,69099,63
15137,53632,66
15139,92782,63
15140,36419,69
15142,119667,24
15143,132674,54
15144,67520,73
15145,49628,80
15146,79300,58
15147,66757,68
15148,37179,82
15201,93231,88
15202,68287,84
15203,67345,88
15204,59420,80
15205,70991,69
15206,72920,84
15207,57427,88
15208,63086,88
15209,85542,70
15210,52169,88
15211,79758,88
15212,64077,88
15213,31069,67
15214,61645,75
15215,99071,73
15216,80313,88
15217,95668,88
15218,67960,88
15219,34897,64
15220,75611,62
15221,55028,75
15222,114167,57
15223,61083,75
15224,66993,88
15225,61094,77
15226,73321,80
15227,75448,72
15228,123681,76
15229,90703,67
15232,66582,74
15233,78750,88
15234,78366,71
15235,67240,68
15236,90767,68
15237,109895,55
15238,116575,54
15239,101045,56
15241,153936,55
15243,116200,70
15301,70473,60
15310,44063,41
15311,75050,53
15312,73542,64
15313,64792,88
15314,59356,68
15315,48362,88
15316,66875,78
15317,108044,47
15320,64213,59
15321,117656,47
15322,87635,79
15323,78947,59
15325,71615,88
15327,70296,57
15329,92917,50
15330,111680,47
15331,58750,88
15332,66578,59
15333,89333,75
15334,96842,51
15337,64375,57
15338,67981,70
15340,82431,60
15341,98125,54
15342,92402,59
15344,73886,52
15345,59375,88
15346,46012,88
15347,48839,80
15349,68125,60
15350,58117,88
15351,27557,88
15352,63750,63
15353,145341,88
15357,89453,72
15358,103789,88
15359,79135,88
15360,85341,62
15362,105685,46
15363,63281,74
15364,62125,66
15365,71944,88
15366,41550,88
15367,135542,31
15370,65511,63
15376,86607,72
15377,80625,55
15379,75625,88
15380,85313,60
15401,53925,70
15410,76667,83
15411,68125,52
15412,40625,88
15416,119583,57
15417,55395,80
15419,43813,62
15420,81875,88
15421,250001,70
15422,92727,88
15423,77857,67
15424,56190,57
15425,53160,69
15427,54250,88
15428,70368,60
15429,49583,88
15430,71184,88
15431,62202,59
15432,74500,66
15433,49051,78
15434,83224,86
15436,62917,54
15437,64813,48
15438,53917,71
15440,66250,88
15442,57246,84
15444,59077,63
15445,47955,60
15447,60750,88
15448,47011,88
15449,53510,32
15450,53500,84
15451,34861,44
15455,54554,44
15456,58828,54
15458,61979,58
15459,71250,44
15460,25000,88
15461,57596,73
15464,46250,39
15465,45000,52
15466,46429,88
15467,60313,88
15468,69375,88
15469,56301,54
15470,80750,47
15472,82852,74
15473,69438,63
15474,62500,88
15475,54706,88
15477,72716,76
15478,67449,60
15479,63852,61
15480,47375,79
15482,41042,79
15483,52422,84
15484,98579,48
15486,66250,51
15490,49408,38
15501,59245,56
15502,80694,40
15521,53947,51
15522,57029,62
15530,59205,56
15531,60855,59
15533,49570,43
15534,49191,45
15535,57212,50
15536,61458,48
15537,62538,56
15538,75833,53
15539,45893,71
15540,70875,43
15541,62992,48
15542,58393,71
15544,89536,88
15545,56757,62
15547,64716,67
15550,53750,55
15551,67727,62
15552,65551,74
15554,50500,46
15555,76250,71
15557,61042,55
15558,64038,79
15559,61902,53
15560,65000,88
15561,92813,80
15562,84844,64
15563,62411,69
15564,56250,55
15565,98750,88
15601,78555,55
15610,72938,51
15611,64125,64
15612,59018,55
15613,71988,56
15615,88750,82
15616,115648,40
15617,73125,85
15618,61579,67
15620,59967,66
15622,46583,43
15623,57335,69
15626,61103,48
15627,59398,65
15628,64219,30
15629,55278,88
15631,52727,88
15632,93664,49
15633,113623,71
15634,62000,77
15636,145492,33
15637,70461,71
15639,79843,44
15640,83000,88
15641,65536,71
15642,97706,58
15644,64684,69
15650,63305,66
15655,31635,82
15656,68311,67
15658,82771,65
15661,80564,84
15662,83715,88
15663,76250,71
15665,82375,62
15666,68102,64
15668,124494,49
15670,79345,55
15671,65556,60
15672,66840,53
15673,66629,75
15674,86827,70
15675,76406,81
15677,51579,73
15678,66389,64
15679,77099,44
15680,46332,88
15681,73130,63
15682,88438,50
15683,51913,64
15684,63500,77
15686,49977,57
15687,54798,46
15688,80938,65
15690,55457,80
15691,168289,43
15692,71574,88
15693,49118,88
15695,44167,88
15696,65250,88
15697,64961,65
15698,49375,88
15701,56311,53
15711,47083,75
15713,58365,65
15714,52500,72
15715,60625,86
15716,30547,58
15717,61304,61
15720,69722,66
15721,41875,88
15722,68068,70
15724,67500,55
15725,78375,54
15727,64063,84
15728,60143,59
15729,54625,81
15730,66696,88
15731,58281,74
15732,62000,58
15736,66429,53
15738,59250,88
15739,68125,88
15741,57500,88
15742,52375,72
15744,111875,79
15745,66458,88
15746,42321,68
15747,54938,48
15748,70474,59
15752,67813,88
15753,58125,49
15754,56434,88
15756,47500,76
15757,56176,60
15759,57132,55
15760,80938,13
15762,67188,54
15763,50625,58
15764,66250,56
15765,73646,52
15767,50589,65
15770,43250,69
15771,63750,59
15772,62727,65
15773,54821,79
15774,80375,50
15775,72321,80
15776,25625,88
15778,72500,88
15779,92250,80
15780,89583,88
15781,53000,85
15783,62000,78
15784,82500,88
15801,67583,55
15821,55313,55
15823,51125,53
15824,64623,65
15825,64130,66
15827,83125,88
15828,36250,55
15829,64167,53
15832,38125,59
15834,50609,69
15840,57344,62
15841,31071,88
15845,68347,75
15846,70662,47
15847,125139,88
15848,66250,41
15849,60096,59
15851,63158,62
15853,59344,72
15856,61985,55
15857,67662,64
15860,65774,56
15861,68750,61
15864,65859,75
15865,45313,74
15866,82708,74
15868,70395,57
15870,63750,61
15901,27121,78
15902,44215,82
15904,67394,57
15905,69212,73
15906,43284,82
15909,61016,71
15920,76012,53
15921,44545,85
15923,57167,60
15924,52240,83
15925,56944,86
15926,62019,64
15927,98633,88
15928,87237,69
15930,146114,38
15931,64780,54
15935,61941,88
15936,58396,80
15937,83917,88
15938,71250,63
15940,88274,49
15942,84875,65
15943,56200,72
15944,69076,57
15945,68203,79
15946,55582,72
15948,55972,88
15949,72375,83
15951,58104,88
15953,37014,88
15954,43958,57
15955,59327,62
15956,52448,88
15957,71250,49
15958,66250,52
15960,59583,88
15961,61538,73
15962,55469,80
15963,61566,68
16001,63635,65
16002,90305,54
16020,74135,38
16022,76250,85
16023,86042,40
16024,72500,88
16025,71722,57
16027,84531,82
16028,62750,68
16029,61607,70
16030,61719,72
16033,108071,50
16034,88300,41
16035,53750,88
16036,69375,88
16037,93077,37
16038,72850,53
16040,84792,53
16041,67167,59
16045,72600,88
16046,151560,24
16048,71250,85
16049,62650,63
16050,56708,64
16051,88958,42
16052,81739,47
16053,76054,33
16054,71500,77
16055,90950,45
16056,75893,45
16057,58288,48
16059,110828,42
16061,74464,44
16063,95893,50
16066,124189,30
16101,51128,71
16102,56053,74
16105,65855,67
16110,81250,58
16111,70074,46
16112,74821,71
16113,60000,53
16114,69500,50
16115,68571,67
16116,69559,53
16117,73045,76
16120,65750,61
16121,42595,70
16123,102500,49
16124,55455,62
16125,54787,65
16127,72429,60
16130,58750,57
16131,59659,44
16132,57650,82
16133,76713,49
16134,63519,54
16136,73750,79
16137,71250,51
16141,73910,50
16142,84205,55
16143,85375,54
16145,67321,59
16146,45670,79
16148,70490,56
16150,56334,69
16151,73958,88
16153,63750,63
16154,57870,52
16156,69054,54
16157,60345,68
16159,69391,58
16160,44510,62
16161,40536,71
16201,72556,63
16210,49107,48
16212,73750,88
16213,71667,88
16214,57521,55
16217,56250,52
16218,71000,44
16222,64688,54
16223,60521,65
16224,74643,60
16226,63750,70
16228,70833,76
16229,81731,63
16230,46932,79
16232,65525,63
16233,91159,54
16235,77798,63
16236,49057,88
16238,77885,88
16239,52121,54
16240,58281,67
16242,55677,75
16244,47614,75
16245,48438,88
16246,47188,88
16248,65272,74
16249,68214,61
16250,57841,88
16253,45833,84
16254,56563,54
16255,56058,67
16256,60398,45
16258,55188,50
16259,59861,63
16260,52870,46
16262,69375,51
16301,57596,79
16311,70938,48
16313,53947,63
16314,70389,53
16316,62750,56
16317,57768,52
16319,65900,54
16322,23854,73
16323,62562,70
16326,78750,35
16327,76146,55
16328,60000,77
16329,64250,70
16333,44405,65
16334,71875,64
16335,57591,66
16340,57446,56
16341,61818,61
16342,63750,55
16343,83264,88
16344,58382,83
16345,95192,52
16346,59718,53
16347,58125,66
16350,69792,50
16351,51515,59
16352,40357,64
16353,56034,54
16354,48963,68
16360,71528,55
16361,108750,88
16362,65833,46
16364,74886,59
16365,59206,78
16370,35833,56
16371,57514,62
16372,46458,54
16373,63047,62
16374,57829,53
16401,70052,57
16402,54213,51
16403,69851,61
16404,65972,49
16405,73125,68
16406,65911,60
16407,58606,63
16410,83977,60
16411,66779,47
16412,71590,47
16415,108214,50
16416,75093,51
16417,88041,49
16420,53750,55
16421,64091,63
16422,45750,62
16423,74635,53
16424,56186,57
16426,80135,42
16427,61250,70
16428,78675,61
16433,68542,53
16434,59420,49
16435,59938,65
16436,47500,52
16438,65000,67
16440,77500,65
16441,81117,45
16442,73571,46
16443,70344,65
16501,16394,60
16502,38566,88
16503,32340,88
16504,56622,68
16505,72938,68
16506,81060,47
16507,33361,88
16508,56391,77
16509,68846,51
16510,66450,57
16511,74102,70
16601,58070,76
16602,55046,75
16611,70887,55
16613,73785,45
16616,28542,77
16617,52609,73
16619,85357,60
16620,57857,45
16621,70577,49
16622,34000,63
16623,61667,52
16624,58438,52
16625,55274,53
16627,64013,54
16630,58315,58
16633,90556,88
16634,58750,76
16635,69760,46
16636,89821,51
16637,56083,56
16638,86500,88
16639,75165,53
16640,54286,37
16641,65417,71
16645,68750,88
16646,66359,73
16647,88333,45
16648,81540,61
16650,62426,53
16651,66357,72
16652,68339,58
16655,66823,50
16656,48071,75
16657,63353,45
16659,72656,61
16661,58021,74
16662,73828,50
16664,76364,53
16665,66250,72
16666,63262,70
16667,74167,52
16668,58750,77
16669,78977,52
16670,45625,88
16671,78750,88
16672,91458,60
16673,70464,67
16674,64145,55
16675,40104,88
16678,55234,56
16679,50893,67
16680,81827,79
16682,75121,88
16683,90625,75
16684,34107,73
16685,140313,70
16686,69008,70
16689,60000,58
16691,67250,52
16692,74028,49
16693,62898,66
16694,75469,74
16695,71667,60
16701,65102,78
16720,49479,58
16725,83750,74
16726,71750,68
16729,57574,77
16731,61991,65
16732,73393,65
16733,48750,54
16734,65789,88
16735,57489,77
16738,66971,53
16740,48500,74
16743,54083,71
16745,48929,68
16746,51125,56
16748,61250,56
16749,72250,63
16750,122689,31
16801,61836,47
16803,73532,37
16820,83900,40
16822,71635,51
16823,76245,48
16825,54844,85
16826,60938,52
16827,103558,43
16828,76468,49
16829,61750,53
16830,58304,64
16832,38456,50
16833,65809,53
16834,118204,38
16835,60114,88
16836,62841,44
16837,58063,61
16838,57917,54
16839,63000,88
16840,46540,43
16841,69233,49
16843,43365,54
16844,85147,41
16845,72770,68
16847,53438,81
16848,62321,64
16851,100768,37
16852,57917,51
16854,78625,74
16855,71667,82
16858,56655,44
16859,55938,46
16860,75393,88
16861,21949,81
16863,66071,55
16865,77717,55
16866,49968,62
16868,180412,64
16870,121528,33
16871,51250,51
16872,72708,61
16874,79375,53
16875,71250,43
16876,70000,55
16877,68500,41
16878,62169,49
16879,80417,81
16881,66458,52
16882,55455,65
16901,67146,55
16910,47500,88
16911,101528,68
16912,69982,88
16914,68558,56
16915,61781,55
16917,62321,47
16920,60000,79
16921,52969,51
16922,67063,62
16923,73864,56
16925,64792,51
16926,83424,46
16927,60625,50
16928,69155,81
16929,62813,49
16930,71111,52
16932,81458,48
16933,65096,56
16935,63125,49
16936,62895,56
16937,57917,66
16938,75000,50
16942,53250,64
16943,58500,51
16946,54792,52
16947,59872,55
16948,46116,54
16950,52009,53
17002,69750,60
17003,92209,52
17004,65068,54
17005,61429,88
17006,64722,60
17007,117130,43
17009,73088,74
17011,92556,63
17013,71042,59
17015,86981,38
17016,56933,62
17017,82396,54
17018,72188,57
17019,94423,38
17020,73396,51
17021,61000,53
17022,86767,44
17023,79435,53
17024,79292,41
17025,91285,41
17026,102663,38
17027,86513,43
17028,59554,36
17029,76080,53
17032,81250,48
17033,72945,54
17034,52700,66
17035,47500,45
17036,115533,40
17037,75000,56
17038,75417,48
17040,78824,52
17041,86397,40
17042,74831,60
17043,61173,74
17044,59935,74
17045,76800,48
17046,62221,63
17047,87578,50
17048,73993,88
17049,70109,53
17050,113720,31
17051,64079,55
17052,67115,59
17053,82269,50
17054,78523,88
17055,99077,43
17057,73407,52
17058,49125,50
17059,64970,53
17060,67159,64
17061,55611,62
17062,90893,51
17063,75444,57
17064,130417,88
17065,86406,58
17066,50765,68
17067,76183,47
17068,82888,46
17069,80000,50
17070,88000,60
17071,46667,65
17073,91452,41
17074,81964,55
17075,70625,88
17077,52656,66
17078,93135,47
17080,73438,88
17081,73977,45
17082,75000,56
17084,80197,55
17086,61875,63
17087,93150,61
17088,113933,88
17090,78281,39
17093,75926,88
17094,66375,51
17097,69063,88
17098,63041,88
17099,62250,74
17101,50878,83
17102,54573,88
17103,39825,81
17104,46510,74
17109,71833,62
17110,80699,52
17111,86385,44
17112,103876,40
17113,68244,70
17201,61234,53
17202,96318,40
17210,62344,42
17211,53750,41
17212,84205,48
17213,76506,48
17214,62188,63
17215,69773,66
17217,75208,52
17220,66359,44
17221,62109,52
17222,80000,47
17223,38355,64
17224,114779,46
17225,88457,43
17228,67438,48
17229,70313,52
17233,61296,52
17236,79271,55
17237,80903,54
17238,65189,52
17239,69107,52
17240,91429,47
17241,75500,49
17243,42381,49
17244,70729,52
17246,74713,88
17247,52159,40
17249,74107,78
17251,92955,88
17252,73629,52
17253,71143,67
17254,140100,56
17255,66667,55
17257,71181,45
17260,45324,45
17262,87708,54
17263,88835,52
17264,53382,47
17265,44844,77
17266,66667,73
17267,77788,47
17268,73161,51
17271,93075,66
17301,84712,37
17302,82200,53
17303,81905,73
17304,84885,43
17306,75000,74
17307,88571,55
17309,84917,55
17311,77500,88
17313,70176,56
17314,96047,49
17315,82884,39
17316,90664,42
17317,88906,86
17319,99778,43
17320,90076,38
17321,114205,39
17322,103152,41
17324,77824,52
17325,80948,49
17327,101106,51
17329,121309,44
17331,79488,49
17339,96583,43
17340,90030,47
17342,92019,88
17344,65833,50
17345,92821,45
17347,98261,47
17349,120618,40
17350,79401,39
17352,125750,70
17353,100150,50
17356,86561,44
17360,97896,46
17361,104958,39
17362,98702,49
17363,107386,35
17364,75677,43
17365,91742,49
17366,83448,57
17368,92694,53
17370,89895,41
17371,106856,83
17372,82313,49
17401,42826,88
17402,81166,48
17403,75384,68
17404,78506,62
17406,83521,54
17407,122625,51
17408,94565,43
17501,78182,55
17502,72776,35
17504,88542,88
17505,96583,62
17508,104597,44
17509,77238,51
17512,66684,67
17516,103942,51
17517,99202,43
17518,64875,44
17519,96250,47
17520,93235,59
17522,74828,44
17527,94788,44
17529,80050,47
17532,84562,39
17535,108774,29
17536,76042,44
17538,86719,45
17540,91895,50
17543,97435,38
17545,84704,50
17547,92199,36
17551,68661,42
17552,97683,36
17554,98431,38
17555,116429,40
17557,82491,48
17560,62169,42
17562,108462,44
17563,94167,48
17565,125313,48
17566,78108,47
17569,96313,48
17570,90833,65
17572,80804,63
17578,81990,43
17579,91621,45
17582,100263,52
17584,108723,38
17601,102435,46
17602,75862,62
17603,77084,67
17701,53237,72
17702,70210,68
17720,70300,43
17721,59073,47
17723,77500,66
17724,55817,65
17727,49464,83
17728,77165,49
17729,48333,59
17731,98750,57
17737,70131,55
17739,55417,88
17740,70236,62
17742,71250,51
17744,72500,47
17745,58555,63
17747,71731,53
17748,70417,45
17749,74500,73
17750,147723,46
17751,75072,53
17752,71118,55
17754,72633,58
17756,77043,53
17758,59167,54
17760,66528,55
17762,95625,69
17763,57083,80
17764,41173,76
17765,88553,41
17768,54583,48
17769,130000,70
17771,71016,49
17772,81146,55
17774,70556,59
17776,67500,60
17777,67188,54
17778,56250,56
17779,54311,88
17801,60664,73
17810,77232,50
17812,59338,60
17813,64792,52
17814,65089,51
17815,67510,54
17820,67685,61
17821,76971,51
17823,78864,56
17824,118176,51
17827,61806,69
17829,80417,88
17830,73942,60
17832,52569,88
17834,56167,74
17835,48611,88
17836,91250,88
17837,88975,55
17841,63269,49
17842,62940,48
17844,68314,48
17845,66510,59
17846,66591,54
17847,58775,56
17850,51429,54
17851,53637,88
17853,63787,45
17855,88929,60
17856,91661,45
17857,67298,57
17858,81250,30
17859,75515,48
17860,92000,39
17861,66607,88
17862,52868,64
17864,79881,57
17865,37083,62
17866,51010,88
17867,75833,88
17868,76250,72
17870,70339,55
17872,48750,88
17876,70972,61
17878,68125,55
17880,61667,73
17881,54122,88
17884,55909,88
17885,92917,57
17886,47574,74
17889,89063,45
17901,62484,79
17921,71141,88
17922,99260,46
17923,32857,88
17925,79821,88
17929,73424,88
17930,49500,88
17931,56507,76
17934,69659,88
17935,50202,88
17936,92837,88
17938,93722,62
17941,63750,56
17944,64844,88
17945,24813,88
17946,125100,65
17948,47813,88
17949,54250,88
17951,153559,88
17952,68281,88
17953,75000,88
17954,53806,88
17957,106250,75
17959,52361,88
17960,73281,46
17961,94941,55
17963,79118,57
17964,77656,56
17965,61284,88
17967,77321,62
17968,111500,88
17970,67703,88
17972,68558,67
17974,111488,52
17976,57587,88
17978,65577,59
17979,178661,88
17980,71210,88
17981,73261,88
17982,71071,88
17983,72411,73
17985,71979,53
18011,104449,43
18013,78847,68
18014,82027,49
18015,60800,69
18017,91173,53
18018,75417,74
18020,126166,40
18030,68173,88
18031,113625,23
18032,81098,85
18034,153200,35
18036,129123,52
18037,83542,52
18038,117121,58
18040,107016,26
18041,98615,53
18042,77556,88
18045,114528,40
18049,93694,65
18051,139506,35
18052,75665,59
18053,83370,50
18054,101920,49
18055,90234,61
18056,104844,42
18058,73041,46
18059,167961,35
18062,110675,31
18063,64963,82
18064,103393,51
18066,109115,41
18067,93652,55
18069,117895,38
18070,74638,71
18071,70217,60
18072,80716,73
18073,115766,37
18074,130462,48
18076,79615,44
18077,97917,82
18078,120857,43
18079,96071,88
18080,74522,60
18083,99688,88
18085,112813,68
18086,69179,72
18087,72917,52
18088,82083,48
18091,80464,53
18092,112721,53
18101,44773,56
18102,43085,88
18103,72895,62
18104,94601,54
18106,92813,38
18109,58031,63
18201,47802,73
18202,55153,59
18210,70683,35
18211,78806,56
18214,82375,68
18216,49350,88
18218,59250,88
18219,52566,64
18220,48750,88
18221,71250,88
18222,108581,34
18224,69620,81
18229,66875,48
18231,49539,88
18232,44713,88
18234,30949,88
18235,72571,55
18237,47174,79
18240,63608,82
18241,83750,88
18242,165720,88
18244,68750,88
18245,69219,88
18246,112250,54
18248,58625,79
18249,97593,48
18250,65268,88
18252,65257,85
18254,87813,70
18255,69034,64
18256,57750,78
18301,90522,41
18302,79736,38
18321,100481,43
18322,121421,48
18324,67344,38
18325,103500,43
18326,85352,48
18327,96094,79
18328,86561,43
18330,93733,37
18332,91912,40
18334,90729,36
18335,116947,22
18336,71295,58
18337,93149,40
18342,68843,38
18343,80491,45
18344,83707,42
18346,56750,49
18347,84389,44
18350,115913,47
18351,52679,88
18353,79071,43
18354,85588,48
18355,96364,35
18360,71481,49
18370,143250,42
18371,102679,24
18372,123344,40
18403,77521,53
18405,72472,48
18407,59652,67
18411,98824,51
18414,93065,52
18415,90852,36
18417,63333,46
18419,61402,54
18420,73333,53
18421,68256,56
18424,61315,43
18425,71083,46
18426,63219,45
18428,76538,42
18430,92083,88
18431,56779,54
18433,75000,60
18434,62922,71
18435,100162,38
18436,69498,43
18437,55833,52
18438,60972,50
18439,71964,53
18440,250001,83
18441,85938,54
18443,98490,49
18444,84246,46
18445,53429,40
18446,71157,54
18447,66677,65
18451,155238,42
18452,56438,81
18453,85110,41
18454,61250,63
18455,57115,79
18456,69750,56
18458,96635,50
18460,51500,70
18461,42321,51
18462,69667,68
18463,100972,37
18464,77277,42
18465,67578,49
18466,80169,39
18469,92386,55
18470,73654,43
18471,140536,74
18472,61094,45
18473,27004,88
18503,36107,88
18504,55036,88
18505,52398,79
18507,75395,60
18508,49895,88
18509,51062,88
18510,53235,88
18512,64708,80
18517,77120,62
18518,71812,66
18519,58500,81
18602,160962,60
18603,60352,62
18610,67656,34
18612,93750,50
18614,68864,52
18615,76184,51
18616,62857,54
18617,52527,88
18618,83500,53
18619,66250,56
18621,71964,49
18622,63750,80
18623,74798,45
18625,62500,85
18626,75250,55
18628,81667,82
18629,59464,51
18630,89464,45
18631,46125,59
18632,92644,70
18634,61439,79
18635,73480,58
18636,57132,51
18640,60862,65
18641,75708,75
18642,61250,74
18643,63125,65
18644,70026,70
18651,41990,83
18655,72571,54
18656,76804,43
18657,75317,51
18660,80568,52
18661,75057,45
18701,33329,58
18702,56378,75
18704,64444,72
18705,59344,84
18706,58558,68
18707,109567,41
18708,98545,52
18709,42135,76
18801,70510,51
18810,58750,64
18812,89688,48
18814,60000,60
18816,103333,88
18817,67875,45
18818,62917,45
18821,52857,57
18822,60132,56
18824,72250,55
18825,72679,46
18826,88958,53
18828,56667,58
18829,84667,86
18830,67969,47
18831,82132,52
18832,52961,61
18833,71691,52
18834,70323,49
18837,71131,49
18840,59214,68
18842,82969,44
18844,92750,45
18845,58036,44
18846,86042,44
18847,57386,56
18848,59861,65
18850,71739,51
18851,78333,53
18853,67250,51
18854,77917,42
18901,118256,51
18902,161267,32
18912,250001,88
18914,148824,41
18915,141696,24
18917,84250,50
18920,152813,53
18923,79722,49
18925,207609,24
18929,179380,34
18930,127072,50
18933,226083,88
18935,113214,53
18936,250001,48
18938,184833,42
18940,157414,39
18942,100417,61
18944,130997,45
18946,189333,61
18947,140783,41
18950,225795,88
18951,98268,44
18954,159857,48
18955,78750,57
18960,109028,42
18962,94536,61
18964,96143,53
18966,128838,52
18969,108995,50
18970,114688,77
18972,80208,65
18974,103779,52
18976,123285,37
18977,211719,44
18980,145278,61
19001,108042,71
19002,143600,53
19003,119861,85
19004,149232,66
19006,128295,59
19007,65511,70
19008,119698,67
19009,137188,56
19010,144471,66
19012,125625,74
19013,41261,76
19014,96781,55
19015,82450,61
19017,166917,41
19018,73522,70
19020,83223,51
19021,70199,67
19022,48969,72
19023,46463,76
19025,188490,41
19026,89234,76
19027,106066,72
19029,53451,70
19030,96603,62
19031,134592,68
19032,61306,66
19033,114400,69
19034,165354,58
19035,250001,58
19036,79144,70
19038,117683,75
19040,114293,68
19041,151989,67
19043,95377,69
19044,88173,47
19046,109818,72
19047,109530,45
19050,60859,80
19052,88831,88
19053,107780,53
19054,104713,68
19055,92476,69
19056,111594,69
19057,93738,69
19060,185043,29
19061,82005,66
19063,127368,56
19064,136893,71
19066,250001,88
19067,133630,50
19070,95795,70
19072,172550,81
19073,134839,50
19074,96134,75
19075,120813,73
19076,64231,77
19078,94681,71
19079,67454,70
19081,134135,72
19082,57108,82
19083,124523,77
19085,250001,63
19086,148920,65
19087,171179,58
19090,99928,65
19094,64150,69
19095,97727,65
19096,186277,73
19102,102093,55
19103,99644,69
19104,38814,78
19106,121047,62
19107,69105,86
19108,193654,88
19111,61138,69
19114,77708,57
19115,70054,59
19116,67535,56
19118,109649,79
19119,92651,88
19120,54000,81
19121,38516,65
19122,63676,34
19123,102106,35
19124,45314,83
19125,109554,88
19126,53176,84
19127,102106,78
19128,93173,65
19129,80606,73
19130,112037,69
19131,48393,77
19132,32823,88
19133,31034,88
19134,44066,88
19135,53138,75
19136,56687,71
19137,76739,88
19138,57744,83
19139,40947,88
19140,36226,88
19141,43998,85
19142,38376,88
19143,43244,88
19144,53161,88
19145,71965,86
19146,103059,81
19147,105755,88
19148,82605,88
19149,58496,72
19150,66936,71
19151,54634,84
19152,59408,66
19153,55213,61
19154,95027,60
19301,167348,54
19310,82371,43
19311,155771,26
19312,204384,57
19317,174408,39
19320,90601,46
19330,109779,43
19333,173107,56
19335,143249,39
19341,121680,35
19342,132688,31
19343,160256,39
19344,86890,36
19348,123526,44
19350,144375,35
19352,165365,29
19355,169417,42
19358,71875,83
19362,89302,34
19363,107067,36
19365,104728,43
19369,132730,666668692
19372,115438,36
19373,192708,36
19375,250001,88
19380,122899,45
19382,132091,47
19383,23514,33
19390,128858,32
19401,69908,66
19403,104071,48
19405,83859,64
19406,116847,49
19422,158288,42
19425,211739,25
19426,151748,33
19428,122835,58
19435,111667,59
19436,77159,57
19437,215817,44
19438,138134,38
19440,99408,48
19444,147418,51
19446,106310,48
19453,80583,68
19454,118177,41
19456,205500,69
19460,124050,43
19462,137535,60
19464,79787,65
19465,107825,50
19468,108534,34
19472,113056,60
19473,138819,37
19475,97146,55
19492,58233,45
19501,110179,73
19503,77411,65
19504,98859,48
19505,95500,56
19506,106422,42
19507,93177,50
19508,84826,51
19510,117719,29
19511,50357,88
19512,79885,58
19516,83000,88
19518,114181,38
19520,100088,48
19522,97507,46
19525,140403,30
19526,69483,52
19529,94286,60
19530,71554,52
19533,105179,51
19534,80357,50
19536,55347,88
19538,48884,88
19539,107656,51
19540,100000,47
19541,107625,40
19543,112750,25
19544,106563,69
19545,90188,88
19547,89948,45
19549,61563,88
19550,58958,63
19551,90504,54
19554,81850,70
19555,89583,64
19559,100227,88
19560,80769,63
19562,80407,67
19564,101571,88
19565,96325,45
19567,91458,49
19601,40973,88
19602,34582,88
19604,52905,88
19605,92648,57
19606,85557,51
19607,81346,56
19608,110173,35
19609,82576,68
19610,87374,50
19611,63331,83
19701,111198,31
19702,92446,33
19703,76939,63
19706,83681,63
19707,172696,42
19709,132956,21
19711,95403,48
19713,76493,54
19720,75403,54
19730,112083,81
19731,71282,88
19732,236000,47
19733,82604,88
19734,127803,22
19801,52810,66
19802,53812,75
19803,135218,66
19804,79701,69
19805,60221,78
19806,88855,72
19807,153341,59
19808,94234,55
19809,81288,69
19810,112775,58
19901,66388,40
19904,66908,36
19930,125491,38
19931,99375,76
19933,60703,28
19934,87125,29
19936,34135,46
19938,99596,27
19939,89806,28
19940,65024,34
19941,75139,30
19943,73925,33
19944,121250,41
19945,87638,21
19946,80459,31
19947,71229,32
19950,75305,36
19951,95546,21
19952,76791,33
19953,81792,35
19954,60345,51
19955,44634,24
19956,65603,36
19958,97197,23
19960,67200,33
19962,104260,22
19963,71108,37
19964,99402,24
19966,78305,23
19967,98301,11
19968,87163,21
19970,94103,22
19971,102146,32
19973,64387,39
19975,88568,23
19977,76826,24
19979,72361,45
19980,85272,52
20001,138059,40
20002,120337,75
20003,159846,23
20004,184792,32
20005,116724,56
20006,35011,58
20007,140996,77
20008,125212,73
20009,146664,88
20010,114126,88
20011,110309,81
20012,121418,76
20015,250001,85
20016,178920,74
20017,106300,70
20018,90639,69
20019,58296,68
20020,54032,63
20024,107411,54
20032,49139,60
20036,99832,61
20037,111153,50
20105,219123,14
20106,108469,36
20109,89962,37
20110,118486,40
20111,113879,33
20112,195467,31
20115,142981,43
20117,146120,45
20119,115757,41
20120,152563,34
20121,129947,35
20124,221060,38
20129,250001,30
20130,92560,72
20132,181875,27
20135,114219,45
20136,183750,22
20137,191974,47
20141,210563,24
20143,176250,42
20144,192614,39
20147,163904,23
20148,233494,15
20151,158271,38
20152,197156,20
20155,164279,21
20158,211522,34
20164,135660,44
20165,183076,32
20166,133401,19
20169,203051,20
20170,159466,42
20171,171372,30
20175,174854,30
20176,168299,24
20180,151483,26
20181,164167,39
20184,50278,88
20186,97801,39
20187,176435,35
20190,134746,35
20191,151185,48
20194,170988,36
20197,190703,33
20198,106518,44
20601,117480,37
20602,107360,42
20603,137946,29
20606,88262,53
20607,151427,28
20608,82083,63
20609,118102,40
20611,151607,39
20612,41118,72
20613,151422,22
20616,128177,29
20617,104036,43
20618,105508,49
20619,119432,24
20620,165972,36
20622,124063,41
20623,146058,30
20624,104545,37
20629,87389,24
20630,233411,41
20634,139375,31
20636,163690,33
20637,160121,30
20639,161422,35
20640,100593,50
20645,191429,30
20646,131974,38
20650,143116,29
20653,103048,32
20657,115748,36
20658,104375,58
20659,121654,38
20662,86699,44
20664,88438,51
20670,70371,32
20674,171985,53
20675,127269,44
20676,156657,40
20677,165764,39
20678,125732,33
20684,180060,28
20685,119135,40
20688,102950,29
20689,161833,41
20690,122750,36
20692,201250,31
20693,126033,50
20695,141959,18
20701,85594,11
20705,110351,50
20706,104523,54
20707,107706,42
20708,83367,50
20710,63810,53
20711,113576,38
20712,68846,69
20714,91099,40
20715,143732,60
20716,125034,39
20720,158997,29
20721,163105,31
20722,91875,75
20723,138113,34
20724,118115,34
20732,140304,37
20733,126797,44
20735,126196,38
20736,159851,35
20737,86951,65
20740,77317,51
20743,76466,58
20744,124190,49
20745,75236,52
20746,79330,51
20747,76298,56
20748,83162,60
20751,123951,62
20754,167371,40
20755,103261,28
20758,240847,46
20759,250001,15
20762,87407,40
20763,76842,66
20764,118857,49
20765,149545,76
20769,139773,32
20770,84096,52
20772,139403,33
20774,128259,32
20776,149300,41
20777,226146,42
20778,205974,36
20779,178452,53
20781,86018,64
20782,90205,62
20783,86737,63
20784,86509,64
20785,85994,51
20794,116406,35
20812,213750,88
20814,150996,49
20815,194971,63
20816,232656,67
20817,249332,57
20818,245982,44
20832,168524,40
20833,204375,46
20837,174063,37
20838,250001,58
20839,160329,57
20841,184688,23
20842,204013,47
20850,125950,30
20851,126411,67
20852,122472,42
20853,159080,60
20854,250001,48
20855,149110,43
20861,163438,32
20862,189667,51
20866,140308,41
20868,143333,68
20871,177523,16
20872,141050,43
20874,115022,37
20876,119731,35
20877,92800,42
20878,144313,39
20879,112104,41
20880,134583,74
20882,184136,42
20886,98542,46
20895,173625,68
20896,250001,74
20899,24417,40
20901,131386,69
20902,114486,63
20903,80768,61
20904,96025,43
20905,159740,45
20906,97521,49
20910,112134,59
20912,83870,71
21001,83238,44
21005,125208,43
21009,121660,33
21010,99410,88
21012,139432,46
21013,171354,47
21014,116970,41
21015,137281,35
21017,106831,35
21023,84474,14
21028,137586,53
21029,243542,28
21030,89015,48
21032,168653,39
21034,78047,49
21035,188347,43
21036,218036,42
21037,145787,41
21040,81704,45
21042,190061,39
21043,148125,31
21044,135057,41
21045,118563,48
21046,127813,41
21047,157500,47
21048,131921,45
21050,125208,33
21051,232721,59
21052,77300,33
21053,89497,53
21054,163825,25
21056,250001,66
21057,145924,56
21060,104715,44
21061,87751,54
21071,213500,88
21074,108536,41
21075,135303,26
21076,146869,17
21078,106667,38
21082,145571,65
21084,121509,48
21085,113714,52
21087,129188,54
21090,138119,67
21093,125528,50
21102,135069,44
21104,191804,31
21108,151324,45
21111,136304,47
21113,125639,26
21114,141344,43
21117,101831,33
21120,162052,39
21122,127587,46
21128,128069,26
21130,17336,12
21131,197619,51
21132,132288,49
21133,80480,49
21136,118500,45
21140,170156,45
21144,136684,34
21146,172122,49
21152,121350,41
21153,220179,50
21154,97658,39
21155,123158,59
21157,104966,48
21158,109827,41
21160,106181,44
21161,108094,48
21162,157813,42
21163,134672,25
21201,45640,59
21202,59377,63
21204,99606,51
21205,43176,88
21206,64531,70
21207,67060,65
21208,90131,55
21209,91437,52
21210,112428,73
21211,82828,88
21212,96685,77
21213,51344,88
21214,86366,88
21215,51587,76
21216,42031,88
21217,38409,88
21218,62488,88
21219,110438,57
21220,81817,44
21221,67340,60
21222,64141,71
21223,45840,88
21224,89017,86
21225,54020,73
21226,82635,43
21227,85986,68
21228,112656,57
21229,60047,74
21230,91842,81
21231,85254,88
21234,83517,63
21236,95149,46
21237,91693,46
21239,62650,70
21244,85114,49
21286,93808,62
21401,123381,41
21402,80893,79
21403,123329,47
21405,160703,79
21409,147151,45
21502,60725,69
21520,59852,46
21521,64194,62
21523,59063,76
21524,76417,52
21529,37240,64
21530,63542,55
21531,63750,43
21532,63690,63
21536,64205,42
21538,61250,66
21539,57708,73
21540,81250,88
21541,82955,40
21545,60264,79
21550,64921,46
21555,53266,51
21557,34936,62
21561,73858,43
21562,47500,70
21601,83680,41
21607,91250,38
21610,86250,76
21612,117794,53
21613,53890,57
21617,116898,28
21619,107639,37
21620,80530,46
21622,68750,57
21623,78345,28
21624,89375,88
21625,83250,42
21627,96250,57
21628,115417,25
21629,73956,41
21631,73864,43
21632,61316,50
21634,83250,71
21635,101618,44
21636,73426,34
21638,140086,31
21639,62772,49
21640,53558,40
21641,66875,88
21643,67219,42
21645,86118,63
21647,113472,48
21649,68542,48
21651,74063,39
21652,127930,72
21654,82772,51
21655,90385,47
21657,104940,53
21658,128274,40
21659,73750,42
21660,80469,36
21661,90492,50
21662,137404,45
21663,89775,46
21664,82721,53
21666,123645,38
21667,64122,72
21668,78672,41
21669,116500,41
21671,45125,62
21672,83269,78
21673,68194,44
21678,71023,38
21679,119821,30
21701,106577,40
21702,106983,36
21703,106334,31
21704,161063,19
21710,163864,30
21711,91250,52
21713,96199,49
21714,161806,43
21716,109382,48
21717,158413,88
21718,93500,88
21719,65809,72
21722,88232,47
21723,241250,24
21727,95236,49
21733,109896,53
21734,61392,72
21737,250001,24
21738,250001,34
21740,62873,55
21742,86288,46
21750,60625,53
21754,182188,35
21755,137417,35
21756,101786,35
21757,100500,64
21758,111528,47
21766,62054,31
21767,57940,50
21769,151563,43
21770,183571,38
21771,157302,38
21773,161908,43
21774,171103,28
21776,133409,43
21777,159708,27
21778,76458,47
21780,83785,73
21782,94130,47
21783,100750,50
21784,139395,40
21787,91682,39
21788,98856,48
21790,77656,35
21791,93015,62
21793,121971,44
21794,231466,32
21795,87864,54
21797,189241,41
21798,116607,36
21801,71313,42
21804,73156,44
21811,90082,33
21813,121472,33
21817,55720,55
21821,60341,57
21822,84479,32
21824,90288,88
21826,64946,41
21829,71359,88
21830,112991,28
21835,47083,37
21837,62880,33
21838,88438,48
21842,79876,43
21849,71211,47
21850,79665,31
21851,53162,51
21853,69697,32
21856,88045,43
21861,86027,88
21863,61975,53
21864,82917,47
21865,83155,88
21866,95250,49
21869,62045,70
21871,50524,49
21872,117888,26
21874,78393,41
21875,83665,31
21901,113719,30
21903,78962,45
21904,88136,39
21911,104673,38
21912,69868,37
21913,87813,50
21914,66806,85
21915,95875,51
21917,96750,39
21918,84587,39
21919,106500,45
21920,124146,43
21921,85775,40
22003,138794,58
22015,172563,46
22025,150306,37
22026,124318,25
22027,250001,35
22030,139831,34
22031,134577,46
22032,178394,49
22033,143454,36
22039,250001,38
22041,92636,53
22042,138255,62
22043,145881,51
22044,101034,59
22046,168882,57
22060,105605,28
22066,250001,41
22079,148134,30
22101,250001,51
22102,153949,36
22124,218380,42
22125,161364,33
22134,70268,29
22150,123114,48
22151,156015,64
22152,165906,51
22153,174228,45
22172,109956,30
22180,177111,50
22181,211911,47
22182,205108,39
22191,109316,27
22192,127177,39
22193,117337,41
22201,145000,35
22202,133762,40
22203,140135,34
22204,107941,60
22205,201094,75
22206,140877,62
22207,245745,67
22209,120515,40
22211,238750,88
22213,199306,56
22301,194819,73
22302,123539,62
22303,103656,49
22304,101600,49
22305,113537,67
22306,97132,49
22307,141667,68
22308,212545,62
22309,107376,53
22310,166061,44
22311,87626,52
22312,109272,52
22314,148451,40
22315,159805,35
22401,86230,40
22405,128259,35
22406,129167,23
22407,111129,32
22408,110112,27
22427,81488,44
22432,56250,39
22433,79563,46
22435,50809,40
22437,130139,62
22438,87188,81
22443,64810,42
22448,96000,34
22454,49480,44
22460,65685,51
22469,58500,48
22473,68021,33
22476,53100,49
22480,88438,43
22482,47308,40
22485,117560,25
22488,45313,45
22503,74051,49
22504,93421,71
22508,111357,26
22509,19449,47
22511,48988,51
22514,78792,55
22520,71487,32
22534,105469,26
22535,160259,29
22539,89200,38
22542,108031,25
22546,89247,27
22551,110370,28
22553,135856,27
22554,151480,28
22556,137287,33
22560,61082,44
22567,112813,25
22572,67542,48
22576,104948,42
22578,80783,42
22580,93603,35
22601,64258,56
22602,101398,31
22603,75104,32
22610,81500,35
22611,120381,45
22620,99896,48
22623,67813,34
22624,104375,42
22625,95515,37
22627,97054,45
22630,84631,39
22637,81132,33
22639,87344,48
22640,115673,40
22641,136167,35
22642,114282,33
22644,75606,43
22645,90875,41
22650,72226,48
22652,81722,35
22654,74721,25
22655,109169,30
22656,107135,16
22657,63975,41
22660,67917,49
22663,135046,46
22664,73530,43
22701,97892,30
22709,81912,40
22711,69625,67
22712,103618,31
22713,90795,37
22714,122105,31
22715,87353,53
22716,141458,46
22718,83438,54
22719,81603,58
22720,139500,36
22722,205250,50
22724,143182,31
22726,80703,38
22727,84857,46
22728,120789,43
22731,80208,51
22733,74180,50
22734,80389,44
22735,67536,41
22736,100156,33
22737,99177,34
22738,85139,39
22740,65938,55
22741,142823,35
22742,103447,38
22743,46500,80
22747,90625,48
22801,72067,31
22802,66423,44
22810,72679,43
22811,51477,49
22812,85941,43
22815,74899,40
22821,84603,49
22824,63594,50
22827,70519,49
22830,61038,49
22831,44559,74
22832,64766,57
22834,99926,42
22835,52939,52
22840,95667,29
22841,92862,42
22842,60134,47
22843,89141,40
22844,65974,46
22846,115491,33
22847,88906,25
22849,67261,51
22850,91583,43
22851,53329,52
22853,67083,46
22901,92145,42
22902,93463,44
22903,69340,47
22904,250001,28
22911,128235,29
22920,88028,35
22922,60125,46
22923,118125,29
22931,108438,88
22932,115545,22
22935,118073,45
22936,142338,37
22937,86979,50
22938,108571,40
22939,84209,27
22940,204706,41
22942,87826,32
22943,80875,88
22946,115655,24
22947,136250,28
22948,53007,19
22949,52679,44
22952,75333,39
22958,98284,38
22959,95461,37
22960,85391,42
22963,104259,29
22967,87337,49
22968,88929,30
22969,94659,38
22971,79135,39
22973,76964,40
22974,112344,32
22976,42622,56
22980,63943,49
23002,71813,33
23004,66131,36
23005,89335,38
23009,98581,28
23011,128606,25
23015,113771,35
23024,100962,30
23025,71563,50
23027,95407,36
23030,81250,38
23032,108646,51
23035,68438,52
23038,87083,40
23039,156250,38
23040,52819,35
23043,70625,53
23047,81136,39
23050,39439,30
23055,54082,37
23056,79205,85
23059,157897,22
23060,104468,32
23061,91626,36
23062,58750,56
23063,81553,31
23065,92577,35
23066,84375,54
23068,115733,22
23069,83453,41
23070,122813,31
23071,86500,32
23072,74559,42
23075,55567,56
23076,106367,43
23079,63750,48
23083,82096,33
23084,40833,47
23085,98802,25
23086,89583,22
23089,108802,34
23091,80481,34
23092,98625,31
23093,72798,34
23102,126635,25
23103,145234,27
23106,59028,37
23109,79196,54
23110,69911,57
23111,98969,38
23112,116465,32
23113,142344,34
23114,112738,25
23116,141711,32
23117,89241,33
23119,67083,49
23120,158667,14
23123,50203,52
23124,132060,17
23126,61875,25
23129,142708,33
23138,78475,52
23139,110349,30
23140,97500,28
23141,119535,36
23146,119583,35
23148,67266,40
23149,70743,40
23150,79050,46
23153,122096,22
23156,36179,35
23163,51818,88
23168,137481,25
23169,71964,49
23175,66858,55
23176,76467,36
23177,95255,35
23180,73542,34
23181,95699,53
23185,105431,36
23188,103160,24
23192,110642,38
23219,57507,79
23220,61381,79
23221,99816,83
23222,61345,73
23223,55731,53
23224,50475,58
23225,62949,55
23226,126655,73
23227,69187,58
23228,70260,55
23229,107854,61
23230,74763,47
23231,76505,37
23233,125665,33
23234,66619,49
23235,96083,48
23236,110499,43
23237,79606,42
23238,101523,42
23284,28500,62
23294,64164,46
23301,46680,48
23303,107143,40
23304,118393,72
23306,108438,47
23308,73750,53
23310,62500,46
23314,104029,24
23315,71523,50
23316,74167,44
23320,84305,33
23321,101568,37
23322,134880,35
23323,108730,34
23324,57045,56
23325,69909,51
23336,63464,43
23337,64762,44
23347,146648,25
23350,48712,46
23354,206375,36
23356,101855,21
23358,66250,41
23359,71329,88
23401,36705,88
23405,59663,47
23407,70975,31
23409,66500,35
23410,54050,48
23413,56250,34
23415,46836,42
23416,16688,74
23417,66450,61
23418,54375,55
23420,52831,55
23421,52759,43
23423,55662,58
23430,104065,35
23432,94306,40
23433,140114,45
23434,79877,38
23435,111700,22
23436,202708,36
23437,80833,39
23438,93750,37
23440,35991,48
23442,29583,51
23451,100697,42
23452,79085,51
23453,93838,40
23454,102796,41
23455,94069,46
23456,130533,31
23457,116250,36
23462,69040,43
23464,92468,44
23480,57868,79
23486,92543,78
23487,74243,34
23488,76731,59
23502,63208,59
23503,67649,62
23504,44659,55
23505,58579,65
23507,104295,88
23508,74885,70
23509,72816,71
23510,73524,45
23511,62946,67
23513,68380,61
23517,67375,74
23518,77594,58
23523,35533,58
23601,71279,59
23602,79475,40
23603,88246,41
23604,80047,23
23605,53815,60
23606,72874,44
23607,42334,63
23608,71126,42
23651,97500,88
23661,65446,72
23662,120972,49
23663,54336,58
23664,87412,46
23665,80000,20
23666,72568,42
23669,71222,56
23690,80644,28
23692,109066,39
23693,124433,32
23696,142788,52
23701,62349,60
23702,48835,70
23703,78707,48
23704,49583,63
23707,48926,72
23801,82563,21
23803,57813,52
23805,60807,48
23821,46336,46
23824,55599,48
23827,62727,51
23828,63684,61
23829,88800,35
23830,118030,27
23831,95750,32
23832,111684,32
23833,99495,35
23834,84338,50
23836,100921,32
23837,66645,41
23838,134651,26
23839,59405,42
23840,82153,43
23841,70670,42
23842,103364,39
23843,70481,54
23845,73393,40
23846,94441,33
23847,51168,53
23850,87986,35
23851,70122,51
23856,46932,42
23857,79583,35
23860,62141,52
23866,62000,33
23867,61155,42
23868,45458,57
23872,75913,34
23874,58628,57
23875,74543,36
23876,55469,35
23878,87077,53
23879,51250,45
23881,109531,36
23882,63030,45
23883,76719,48
23885,103849,41
23887,77614,36
23888,66558,50
23889,49730,32
23890,64063,42
23893,56444,36
23894,41071,49
23897,83942,50
23898,80282,43
23899,59792,52
23901,55886,51
23915,50815,45
23917,73965,35
23919,66750,30
23920,64135,46
23921,67955,34
23922,62425,52
23923,65536,39
23924,44291,54
23927,70938,42
23930,68255,58
23934,99922,50
23936,57880,38
23937,42818,43
23938,48167,63
23942,51505,37
23944,59321,58
23947,51800,47
23950,41010,48
23954,77756,39
23958,53650,42
23959,78750,55
23960,63533,43
23962,76806,38
23963,68250,34
23964,45833,48
23966,57177,41
23967,73264,35
23968,43571,54
23970,65170,42
23974,51409,64
24011,54986,88
24012,52973,58
24013,51290,88
24014,70381,58
24015,69831,75
24016,46512,85
24017,47360,66
24018,90885,46
24019,77870,46
24053,63646,50
24054,53910,42
24055,45227,52
24058,60625,70
24059,73237,47
24060,67675,40
24064,73583,48
24065,63240,39
24066,63333,48
24067,49353,47
24069,51575,47
24070,66188,50
24072,109500,33
24073,76800,40
24076,43776,39
24077,88194,35
24078,53665,54
24079,72292,41
24082,56319,31
24083,109207,24
24084,63146,48
24085,53633,50
24086,126354,34
24087,41204,37
24088,41769,39
24089,51458,68
24090,90521,44
24091,51319,37
24092,64388,34
24095,80246,36
24101,87112,34
24102,76250,39
24104,65738,38
24105,90114,46
24112,48770,58
24120,46901,60
24121,81006,32
24122,66563,41
24124,62854,73
24127,67620,45
24128,78512,44
24133,61964,43
24134,65401,54
24136,70854,47
24137,65361,37
24138,62400,30
24139,35077,60
24141,62969,47
24147,61667,70
24148,59428,50
24149,69753,32
24150,62031,33
24151,65223,45
24153,74260,53
24161,46579,61
24162,73348,47
24165,49250,46
24168,78229,88
24171,57778,46
24174,54052,37
24175,82314,44
24176,98250,32
24179,67565,51
24184,68909,31
24185,50156,48
24201,48764,60
24202,60905,46
24210,62734,44
24211,85747,36
24216,37795,74
24217,44663,46
24219,55252,49
24220,50560,51
24221,47788,37
24224,49894,44
24225,27826,59
24226,54191,41
24228,49116,44
24230,48573,46
24236,28983,48
24237,33095,54
24243,52308,37
24244,40423,46
24245,36008,53
24248,78281,44
24250,43465,38
24251,44505,54
24256,48788,41
24258,44659,45
24260,46250,51
24263,39364,50
24265,42727,79
24266,59875,41
24270,45417,42
24271,58625,51
24272,31313,78
24273,41978,50
24277,31737,50
24279,43602,46
24280,72647,47
24281,46806,53
24282,31369,74
24283,40402,49
24290,60923,60
24292,36134,52
24293,63413,39
24301,57718,56
24311,48516,49
24312,48235,43
24313,43672,42
24314,85417,53
24315,62708,39
24317,38412,48
24318,60815,54
24319,52721,48
24322,48482,59
24323,52167,41
24324,80066,45
24325,70938,40
24326,42400,53
24328,56659,45
24330,47478,70
24333,47730,50
24340,70950,43
24343,58252,46
24347,55156,43
24348,44829,51
24350,54219,47
24352,50321,37
24354,44502,55
24360,54792,34
24361,70556,47
24363,47708,51
24366,33148,41
24368,73614,41
24370,48787,57
24375,53571,46
24377,57115,42
24378,49157,44
24380,57778,42
24381,65109,43
24382,57509,50
24401,66300,59
24412,250001,71
24413,65893,48
24416,54882,53
24421,98125,41
24422,48750,75
24426,55138,59
24430,45000,67
24431,78856,34
24432,89259,81
24433,79444,45
24435,70114,55
24437,87200,46
24439,47219,45
24440,46178,42
24441,82083,37
24442,69750,71
24445,51500,54
24448,70833,65
24450,76587,50
24457,47634,56
24458,54145,46
24459,94500,49
24460,46711,50
24464,33879,25
24465,61379,55
24467,93851,38
24471,97396,55
24472,51429,38
24473,67813,47
24477,84260,33
24479,80583,43
24482,75866,49
24483,77500,70
24484,55000,39
24485,60250,52
24486,80990,30
24487,54803,40
24501,42222,55
24502,68872,46
24503,89137,54
24504,52571,78
24517,53201,58
24520,42841,40
24521,73571,44
24522,60503,48
24523,73957,46
24526,85729,50
24527,73715,44
24528,58343,54
24529,27243,41
24530,36165,37
24531,43333,54
24534,41038,55
24538,71224,41
24539,57686,45
24540,47924,54
24541,51427,63
24549,55186,44
24550,69025,37
24551,91067,30
24553,50385,43
24554,56667,49
24555,56080,61
24556,87250,41
24557,44755,48
24558,61019,51
24562,58884,36
24563,47247,52
24565,41683,47
24566,65508,38
24569,50179,52
24571,32218,51
24572,62030,50
24574,69133,38
24577,50362,46
24578,68355,79
24579,45944,52
24580,54853,54
24586,53962,34
24588,73231,44
24589,77593,44
24590,105911,39
24592,51547,54
24593,79018,36
24594,43819,40
24595,92850,88
24597,62917,52
24598,61985,60
24599,62648,24
24602,45150,34
24603,56204,45
24604,26733,84
24605,52653,62
24607,92361,43
24609,53958,47
24612,19083,52
24614,41328,48
24620,30129,41
24622,32049,55
24630,57254,47
24631,43980,47
24634,31453,52
24635,49231,72
24637,57112,44
24639,55591,47
24641,35531,53
24646,47330,42
24649,39345,47
24651,44072,50
24656,43646,46
24701,50455,62
24712,80625,43
24715,76875,88
24716,25461,71
24729,2499,88
24737,31330,70
24739,61436,42
24740,44793,53
24747,48203,49
24801,29330,76
24817,25363,60
24818,47718,44
24823,130020,29
24827,55059,43
24828,17424,77
24830,42037,88
24831,57652,76
24834,59397,50
24836,36250,88
24839,39355,46
24844,25756,54
24846,2499,41
24847,61875,88
24848,27065,49
24851,44234,40
24853,13092,37
24854,28385,88
24857,41011,57
24862,30389,48
24866,38852,88
24868,30259,75
24869,42188,33
24870,45011,54
24871,64167,52
24872,40293,52
24874,54596,54
24878,33113,43
24880,67921,50
24882,86733,40
24888,36813,70
24892,36707,79
24894,24423,67
24901,53403,44
24910,38502,50
24915,44000,45
24916,76404,41
24918,63594,44
24924,53056,37
24925,67550,36
24931,43333,37
24934,40301,44
24935,37135,48
24938,77946,43
24941,62600,48
24943,91250,666668692
24944,61989,59
24945,51848,48
24946,60625,46
24951,70559,44
24954,37899,52
24963,55179,52
24966,52396,44
24970,44118,54
24974,21446,42
24976,46383,35
24977,73750,36
24983,51667,51
24984,38889,44
24985,75104,56
24986,50610,52
24991,55088,48
25003,64631,56
25005,43750,26
25007,38177,53
25009,66042,49
25011,94375,59
25015,56681,66
25019,32102,45
25028,52944,55
25030,72614,47
25031,40048,73
25033,81761,39
25035,33995,69
25036,59167,88
25039,45417,55
25044,57750,50
25045,52025,51
25047,39250,45
25048,41179,56
25049,62450,50
25051,48672,44
25053,58667,41
25054,95952,88
25059,105920,34
25061,55962,69
25063,61731,40
25064,57263,69
25067,72875,61
25070,78578,51
25071,59710,43
25075,68083,88
25081,108125,36
25082,53582,46
25083,32792,47
25085,30945,69
25086,54032,54
25088,41042,53
25090,37569,81
25102,105150,60
25103,23264,67
25108,85388,47
25109,28876,53
25110,56037,35
25111,56591,34
25121,58422,39
25123,55000,43
25124,50597,30
25125,59875,32
25130,53294,58
25132,47250,44
25133,35114,44
25134,150366,62
25136,28173,57
25141,57321,39
25142,86146,88
25143,53205,64
25148,69115,47
25154,67243,49
25159,56517,44
25160,44066,43
25161,51397,70
25162,63558,61
25164,58375,44
25165,48102,55
25168,101660,35
25169,40417,47
25177,55046,62
25181,46705,49
25186,47563,77
25187,41944,52
25193,74286,69
25202,96328,47
25204,13684,80
25205,78516,52
25206,54250,47
25208,41406,70
25209,48674,71
25211,19659,47
25213,100711,33
25214,70956,52
25234,42813,46
25235,52070,62
25239,80446,49
25241,57336,40
25243,48977,52
25244,65667,45
25245,82232,28
25247,52969,47
25248,67652,35
25251,54741,41
25252,44763,39
25253,62756,41
25259,35417,50
25260,49167,56
25262,73914,47
25264,66150,46
25265,51827,67
25266,71250,48
25268,50993,45
25270,44129,36
25271,52150,48
25275,64632,46
25276,44805,54
25285,53125,40
25286,45250,37
25287,99458,29
25301,25417,68
25302,55210,74
25303,75872,69
25304,80931,73
25306,71654,52
25309,57937,55
25311,62800,64
25312,57246,47
25313,64385,51
25314,94556,59
25315,55083,66
25320,58629,47
25387,43063,70
25401,51909,62
25403,87512,23
25404,70633,30
25405,92536,24
25411,71349,40
25413,100556,25
25414,105500,29
25419,89284,28
25420,98785,38
25422,52047,38
25425,94048,40
25427,87184,33
25428,82885,24
25430,86806,39
25431,68917,73
25432,46397,75
25434,64487,36
25438,81875,33
25442,111419,35
25443,111593,40
25444,132614,26
25446,119853,31
25501,42188,43
25502,78079,31
25504,62530,48
25506,44013,39
25507,49245,61
25508,48144,39
25510,72894,41
25511,43846,33
25512,36964,54
25514,53929,38
25515,46904,33
25517,44696,47
25520,51875,49
25521,61375,36
25523,66563,53
25524,40194,37
25526,85176,35
25529,55769,38
25530,70508,56
25535,72446,43
25537,68385,38
25540,2499,22
25541,62782,34
25545,92813,39
25550,49497,58
25555,66853,45
25557,30804,36
25559,34727,47
25560,103160,37
25565,34966,37
25567,51797,49
25570,48947,48
25571,49201,46
25601,47333,58
25606,63056,43
25607,26857,47
25608,82961,35
25621,51563,40
25624,14339,71
25625,90417,46
25634,102303,31
25635,52583,62
25637,51926,55
25638,90333,42
25639,24902,77
25644,88493,45
25646,37500,82
25649,53262,48
25652,48026,44
25661,25014,55
25666,14519,34
25669,43333,37
25670,32961,36
25671,42679,47
25674,38495,40
25676,47639,35
25678,36486,42
25685,63947,33
25690,63533,40
25692,23234,52
25696,48077,49
25701,56292,68
25702,40708,72
25703,24139,56
25704,53189,64
25705,61329,56
25801,56836,54
25812,43646,59
25813,54364,44
25818,85938,34
25820,135568,17
25825,57795,46
25827,41198,58
25831,46800,32
25832,74184,35
25837,79286,88
25840,67628,52
25843,86767,42
25844,30526,41
25854,52143,49
25855,30335,85
25862,107763,25
25864,76250,73
25865,38173,37
25866,69050,32
25871,31250,59
25873,26788,59
25875,83849,60
25876,73894,47
25878,25878,52
25879,60800,47
25880,36264,47
25882,57500,72
25901,51735,51
25904,39455,44
25907,70714,58
25909,86484,71
25911,41706,88
25915,39292,53
25917,60407,69
25918,79323,30
25921,35451,52
25922,2499,49
25938,59833,44
25951,35918,62
25958,26667,68
25962,44004,54
25966,60550,51
25969,60250,52
25971,74439,39
25976,41169,45
25978,73913,47
25979,50132,48
25981,37639,46
25984,27183,47
25985,55491,55
25986,100128,51
26003,57703,70
26030,33125,84
26031,46797,78
26032,58750,74
26033,55972,66
26034,56556,70
26035,60000,52
26037,59508,55
26038,76875,62
26039,57800,49
26040,39444,88
26041,54419,65
26047,58641,51
26050,50139,69
26055,49821,61
26056,54286,65
26059,67094,51
26060,69716,53
26062,60702,67
26070,52359,67
26074,50000,70
26075,53750,88
26101,48710,68
26104,54331,55
26105,61674,57
26133,74917,41
26134,48406,53
26136,42788,53
26137,26098,47
26138,115729,29
26141,43500,62
26142,62941,44
26143,55402,41
26146,37147,45
26147,43082,52
26148,44177,59
26149,71786,52
26150,61786,40
26151,40781,66
26155,64485,60
26159,66190,71
26160,48992,39
26164,45104,54
26167,57470,61
26169,57813,48
26170,68125,51
26175,56875,60
26178,35139,81
26180,70625,44
26181,73977,51
26184,62550,33
26187,83226,51
26201,53832,49
26202,75801,52
26203,26343,35
26205,37378,49
26206,44042,50
26208,49922,45
26209,36250,38
26215,83750,37
26218,58646,40
26222,48438,70
26224,23000,56
26234,61250,51
26237,81313,39
26238,47951,53
26241,50538,53
26250,47682,48
26253,65843,46
26254,74444,43
26257,79375,27
26259,65658,30
26260,95690,39
26261,33750,73
26264,57868,44
26267,96406,35
26269,66042,54
26270,60304,47
26271,41111,39
26273,39688,36
26276,63257,53
26278,54604,35
26280,46335,48
26283,75556,37
26287,51855,46
26288,34801,53
26292,53250,74
26294,48542,41
26301,49816,72
26320,70476,70
26321,103967,45
26330,88962,44
26335,51513,53
26337,49306,51
26338,87301,41
26339,80208,36
26342,31192,42
26343,45560,41
26346,73641,46
26347,61250,49
26349,53942,78
26351,55742,53
26354,52742,57
26361,82697,88
26362,53125,50
26372,194286,22
26374,57321,43
26376,34811,41
26377,51198,78
26378,71546,38
26385,82625,49
26386,75720,50
26404,16472,79
26405,68798,43
26408,72819,49
26410,50607,52
26411,50000,43
26415,56848,51
26416,54741,51
26419,47443,67
26421,41250,37
26425,47667,70
26426,56163,47
26430,47903,49
26431,61023,58
26438,78669,88
26440,92824,40
26443,61953,88
26444,44004,36
26447,64688,38
26448,32955,65
26451,73846,53
26452,51695,54
26456,58000,63
26463,75000,47
26501,63529,56
26505,45536,42
26508,90041,28
26519,54328,42
26521,80625,58
26524,110855,32
26525,82114,35
26534,31413,55
26537,59844,49
26541,73444,33
26542,54375,44
26546,49656,15
26547,76084,33
26554,69712,61
26559,73229,63
26560,6875,88
26562,55603,55
26568,61914,54
26570,71048,53
26571,84167,69
26572,86136,63
26574,64688,88
26575,39676,63
26576,98953,88
26582,52083,74
26585,62333,52
26588,60990,52
26590,101513,39
26591,61071,53
26601,50469,50
26610,37165,40
26615,16181,67
26617,56250,18
26619,36366,55
26621,43092,48
26623,60761,32
26624,47083,62
26627,63750,32
26636,40938,41
26638,106875,22
26651,62955,42
26656,78068,69
26671,51050,42
26676,21100,52
26678,64375,32
26679,53459,43
26681,50786,42
26691,85420,40
26704,74314,38
26705,40500,54
26707,33462,70
26710,78516,48
26711,71212,36
26714,72159,30
26716,80375,48
26717,74712,42
26719,54167,51
26720,51771,71
26722,75625,45
26726,70944,51
26739,42000,55
26743,61331,42
26750,42500,82
26753,73694,41
26757,57212,45
26761,25139,49
26763,68384,35
26764,61010,48
26767,92073,53
26801,56429,40
26802,43750,47
26804,31000,52
26807,66750,51
26808,70313,34
26812,64375,40
26814,77050,49
26815,60104,44
26817,68750,37
26818,42173,36
26833,72012,30
26836,47770,45
26845,64583,23
26847,52139,49
26851,49776,47
26852,63221,45
26855,67500,41
26865,50833,41
26866,92378,47
26884,71615,51
26886,56563,52
27006,96580,33
27007,77163,41
27009,76469,30
27011,65698,48
27012,96250,31
27013,66301,35
27014,44625,88
27016,57273,42
27017,59329,40
27018,73438,38
27019,59176,46
27020,50489,44
27021,63552,43
27022,43281,47
27023,107924,35
27024,62813,35
27025,56682,35
27027,45469,57
27028,69137,36
27030,46377,50
27040,92601,38
27041,78700,41
27042,46510,54
27043,74783,42
27045,71086,44
27046,64464,50
27047,71146,41
27048,60015,46
27050,88750,40
27051,74804,39
27052,59024,44
27053,67974,48
27054,92560,34
27055,65970,40
27101,44198,54
27103,67012,47
27104,81529,45
27105,44080,53
27106,68568,41
27107,60729,41
27127,61926,34
27201,55250,88
27203,46336,50
27205,65167,37
27207,70211,42
27208,58947,55
27209,45861,47
27212,57108,49
27214,82655,29
27215,68825,42
27217,51950,51
27229,51436,45
27231,64471,42
27233,83819,36
27235,101173,26
27239,63630,43
27243,84348,31
27244,75323,34
27248,72219,42
27249,80880,40
27252,50435,50
27253,62774,37
27258,78079,34
27260,42308,53
27262,65006,60
27263,55801,44
27265,73981,29
27278,105887,30
27281,74547,33
27282,91512,32
27283,90402,47
27284,82461,34
27288,52594,55
27291,89610,33
27292,57264,47
27295,63961,41
27298,69421,40
27299,65621,37
27301,83824,27
27302,79819,28
27305,59541,36
27306,57934,42
27310,165898,27
27311,39044,43
27312,103104,28
27313,80875,41
27315,65272,47
27316,56727,44
27317,65988,35
27320,56647,47
27325,54898,48
27326,79375,45
27330,61300,39
27332,78447,31
27341,58159,35
27342,116731,59
27343,79931,42
27344,57320,38
27349,68807,28
27350,69306,42
27355,65911,40
27356,55347,41
27357,75287,29
27358,138717,28
27360,61983,43
27370,69039,42
27371,63516,49
27376,74598,34
27377,90181,21
27379,38472,49
27401,47972,53
27403,57917,70
27405,47431,45
27406,59563,44
27407,59427,40
27408,83862,65
27409,60281,34
27410,85291,37
27455,94349,31
27501,73336,29
27502,143922,21
27503,114425,40
27504,66724,32
27505,79462,30
27507,120849,38
27508,50368,54
27509,73136,44
27510,61837,42
27511,107860,44
27513,121989,31
27514,92875,40
27516,106353,30
27517,128683,28
27518,123488,28
27519,165586,18
27520,86322,24
27521,61590,43
27522,77094,31
27523,135625,18
27524,75827,35
27525,73036,24
27526,110017,21
27527,115035,16
27529,85716,25
27530,54504,49
27534,62574,39
27536,39985,59
27537,57834,35
27539,145947,22
27540,128989,19
27541,75305,40
27542,66038,37
27544,66304,36
27545,91527,21
27546,66746,29
27549,67879,33
27551,59375,36
27553,43952,32
27555,44531,43
27557,71541,34
27559,74490,35
27560,118417,18
27562,172955,13
27563,36287,39
27565,56432,44
27568,66071,59
27569,78850,34
27571,131139,14
27572,90724,31
27573,45736,58
27574,66206,42
27576,66831,36
27577,62758,41
27581,59492,23
27582,54375,55
27583,71484,27
27584,2499,80
27587,133743,20
27589,46730,40
27591,85224,27
27592,104252,25
27596,95940,22
27597,84625,27
27601,71350,21
27603,90484,26
27604,70375,35
27605,71096,37
27606,78371,35
27607,96775,30
27608,162188,56
27609,83065,44
27610,67932,27
27612,95988,33
27613,123966,32
27614,128834,23
27615,112754,37
27616,83565,21
27617,110034,20
27701,69740,51
27703,89317,21
27704,69668,39
27705,73066,39
27707,74406,41
27712,91331,37
27713,100676,27
27801,44884,53
27803,60124,44
27804,61359,41
27805,52679,40
27806,45809,43
27807,80382,39
27808,90472,43
27809,88750,39
27810,51277,48
27812,53268,57
27813,49267,42
27814,77368,40
27816,33718,37
27817,77017,34
27818,58478,49
27819,38776,44
27820,50909,53
27822,63703,39
27823,34940,45
27824,42589,38
27825,43750,43
27827,96144,81
27828,49940,43
27829,58277,53
27830,54129,48
27831,36136,45
27832,52194,40
27834,48935,30
27837,69830,30
27839,48094,41
27840,37857,60
27841,21667,24
27842,91202,28
27843,69306,45
27844,39076,36
27845,48707,53
27846,55147,43
27847,62205,45
27849,46594,46
27850,65672,37
27851,66750,42
27852,55921,35
27855,42938,47
27856,66510,34
27857,61389,48
27858,59713,34
27860,62083,50
27861,28681,51
27862,53333,51
27863,77933,28
27864,64201,37
27865,72708,53
27866,63036,28
27869,43301,50
27870,49502,48
27871,46172,57
27872,39167,50
27873,25625,54
27874,33250,55
27875,21991,32
27876,51040,50
27878,53382,38
27879,32500,46
27880,79375,24
27882,52691,45
27883,61185,44
27884,64306,35
27885,59784,56
27886,52850,48
27888,55167,46
27889,53179,47
27890,36875,68
27891,67942,39
27892,48223,51
27893,42810,48
27896,75696,31
27897,56694,55
27909,66732,38
27910,43144,49
27915,35365,38
27916,79329,38
27919,102883,55
27921,94473,28
27922,49250,41
27923,69289,51
27924,72469,47
27925,41522,45
27926,57333,32
27927,120568,29
27928,65625,38
27929,132713,24
27932,53490,46
27935,82115,31
27936,43846,37
27937,70086,33
27938,65217,39
27939,62463,31
27941,50893,36
27942,44271,46
27943,57188,29
27944,67938,34
27946,74421,43
27947,78125,25
27948,86193,40
27949,120662,38
27950,88250,31
27953,53250,39
27954,80587,32
27957,36875,41
27958,112177,21
27959,91264,39
27960,77583,48
27962,41774,53
27965,63542,47
27966,78507,32
27970,37578,48
27973,86375,29
27974,80395,25
27976,91314,28
27978,60192,52
27979,63170,49
27980,66111,41
27981,88750,39
27983,44441,47
27985,63233,41
27986,49784,47
28001,54804,54
28006,51932,46
28007,60648,51
28009,53145,88
28012,83391,29
28016,57147,47
28018,50727,35
28020,59978,51
28021,63429,46
28023,62257,43
28025,79545,36
28027,92219,25
28031,113368,24
28032,60924,46
28033,78458,35
28034,62083,39
28036,156496,21
28037,111703,22
28040,58816,47
28042,20833,88
28043,42276,51
28052,49643,59
28054,61035,47
28056,90427,38
28071,93354,38
28072,93125,36
28073,52557,42
28075,144288,22
28077,31366,43
28078,120831,22
28079,100516,22
28080,71997,30
28081,71665,40
28083,66257,52
28086,62414,43
28088,59872,34
28089,75000,88
28090,57714,44
28091,52917,55
28092,60984,40
28097,76594,25
28098,53000,55
28101,111042,15
28103,76924,46
28104,138017,25
28105,108190,30
28107,105122,24
28109,31208,71
28110,83480,30
28112,80495,40
28114,60500,43
28115,87787,26
28117,112976,22
28119,50194,48
28120,78231,36
28124,80778,43
28125,85739,29
28127,69125,39
28128,53818,55
28129,69906,46
28133,46549,59
28134,85681,25
28135,66920,38
28136,83304,61
28137,67163,41
28138,66896,38
28139,56558,36
28144,52568,58
28146,69279,39
28147,65060,36
28150,55832,51
28152,57806,46
28159,63036,74
28160,40868,67
28163,72386,36
28164,79728,35
28166,93511,27
28167,59732,37
28168,61220,40
28170,39548,53
28173,150597,20
28174,71136,41
28202,105889,19
28203,104696,18
28204,92054,16
28205,75622,54
28206,61818,26
28207,217204,55
28208,55431,52
28209,101873,37
28210,100824,42
28211,132917,43
28212,52723,45
28213,58146,27
28214,86447,27
28215,71162,32
28216,65795,26
28217,64028,29
28226,118606,40
28227,77115,38
28262,69231,22
28269,81517,26
28270,131667,34
28273,87350,22
28277,128627,25
28278,125470,17
28301,39198,54
28303,58223,50
28304,58563,45
28305,78148,69
28306,67544,32
28307,51420,49
28311,62170,39
28312,67754,34
28314,62249,34
28315,77418,26
28318,56439,39
28320,57500,49
28323,69095,26
28325,54375,71
28326,75431,23
28327,87434,31
28328,52942,41
28332,77250,41
28333,50188,41
28334,53036,43
28337,36227,42
28338,58532,45
28339,50313,51
28340,39746,44
28341,57431,48
28342,138125,45
28343,29306,36
28344,48737,32
28345,40957,54
28347,39110,33
28348,66129,28
28349,54139,41
28351,50156,36
28352,43728,47
28356,72150,31
28357,49116,34
28358,48467,43
28360,46598,36
28362,36667,61
28363,53269,32
28364,34178,40
28365,52174,48
28366,53310,37
28369,40000,38
28371,67257,30
28372,36552,36
28373,81538,38
28374,111311,30
28375,74327,57
28376,66471,24
28377,37326,46
28379,49149,50
28382,68854,43
28383,39214,39
28384,51167,37
28385,66860,35
28386,31777,36
28387,74830,39
28390,62972,28
28391,72955,32
28393,37544,46
28394,79643,31
28395,84375,35
28396,63250,42
28398,47458,43
28399,33512,31
28401,57968,68
28403,54547,37
28405,70274,33
28409,111048,35
28411,97387,26
28412,71636,26
28420,53935,37
28421,60025,34
28422,69412,22
28423,52250,39
28424,48875,33
28425,66478,36
28428,93241,38
28429,72337,33
28430,68356,46
28431,40888,44
28432,90815,41
28433,36944,35
28434,49643,49
28435,46429,36
28436,64297,35
28438,59199,38
28439,32361,49
28441,51250,34
28442,60964,46
28443,90477,23
28444,44330,32
28445,84016,24
28447,77134,39
28448,53378,34
28449,107563,30
28450,69554,47
28451,81481,17
28453,61165,36
28454,73015,28
28455,37760,37
28456,49670,46
28457,78178,25
28458,40338,37
28460,88908,23
28461,82692,22
28462,60349,33
28463,45239,47
28464,60130,34
28465,86194,30
28466,65558,43
28467,75341,23
28468,83358,27
28469,90684,25
28470,65030,27
28472,42003,45
28478,73388,34
28479,80391,20
28480,172500,47
28501,35118,60
28504,53583,47
28508,34567,34
28510,58839,39
28511,55978,71
28512,91488,42
28513,57285,36
28515,31715,48
28516,66057,38
28518,54127,35
28519,38988,43
28520,80859,16
28521,47813,32
28523,45452,43
28524,74219,82
28525,59191,37
28526,39110,37
28527,74190,41
28528,64000,37
28529,65060,42
28530,37361,42
28531,60000,46
28532,60605,36
28538,56953,38
28539,66976,27
28540,65625,40
28542,125491,12
28543,50649,20
28544,52354,37
28546,63561,27
28547,67588,46
28551,49092,34
28552,63841,53
28553,88984,44
28555,69236,35
28557,68528,39
28560,65411,42
28562,75012,31
28570,70229,30
28571,63393,34
28572,55660,39
28573,63554,42
28574,67416,23
28577,96563,30
28578,69900,38
28579,64519,44
28580,50028,44
28582,89348,27
28584,87414,27
28585,60855,34
28586,57041,37
28587,35833,30
28590,83880,26
28594,89773,37
28601,67817,45
28602,62048,44
28604,76319,38
28605,76477,38
28606,56600,47
28607,46639,38
28609,77679,44
28610,65722,37
28612,54934,42
28613,58707,37
28615,51653,53
28617,62204,43
28618,59653,39
28619,34881,41
28621,53616,53
28622,44028,48
28623,53384,38
28624,51836,53
28625,64060,34
28626,73675,38
28627,46474,48
28628,74375,88
28630,63835,39
28634,60426,43
28635,44901,41
28636,65435,41
28637,67500,59
28638,67135,45
28640,53155,40
28642,44543,53
28643,44509,51
28644,52798,49
28645,51650,49
28646,76736,43
28649,47016,38
28650,74922,35
28651,61623,44
28654,57438,42
28655,57713,45
28657,59702,42
28658,72042,46
28659,50280,50
28660,77278,31
28663,80457,30
28665,45685,39
28667,26354,65
28669,47358,46
28670,49567,53
28671,73929,56
28672,163210,32
28673,99688,28
28675,44560,48
28676,60833,49
28677,62406,44
28678,74845,31
28679,65246,42
28681,60977,42
28682,129390,24
28683,45423,38
28684,69307,32
28685,46406,44
28689,70565,37
28690,67000,54
28692,43103,37
28693,62596,39
28694,58486,47
28697,52988,46
28698,54402,36
28701,108125,28
28702,37275,31
28704,81096,25
28705,54858,50
28708,70435,37
28711,74761,40
28712,63045,44
28713,50882,37
28714,58998,37
28715,71716,32
28716,63141,51
28717,76085,29
28718,74031,34
28719,60658,38
28720,63438,55
28721,62279,36
28722,67760,39
28723,45568,29
28725,57750,55
28726,54152,46
28729,84413,40
28730,102900,34
28731,66309,33
28732,81852,27
28733,150300,48
28734,54021,39
28736,70855,37
28739,73582,42
28740,48214,43
28741,70392,41
28742,99007,37
28743,58011,36
28745,117824,64
28746,70469,35
28747,66000,40
28748,59013,29
28751,69057,36
28752,55783,44
28753,52304,41
28754,68750,39
28756,63663,33
28757,115568,64
28759,107609,29
28761,54869,33
28762,66410,43
28763,72269,41
28766,57708,34
28768,71383,42
28771,49407,38
28772,74583,34
28773,70703,36
28774,154635,30
28777,63378,46
28778,73408,39
28779,57727,41
28781,62045,24
28782,72946,51
28783,51350,42
28785,61769,34
28786,59371,49
28787,78604,32
28788,80938,63
28789,51713,33
28790,97042,34
28791,78827,43
28792,55522,35
28801,58438,63
28803,76662,32
28804,88312,43
28805,75151,41
28806,63273,38
28901,44792,41
28902,88456,46
28904,56480,35
28905,57708,30
28906,55759,30
28909,80875,38
29001,65250,39
29003,52624,51
29006,50379,42
29009,57857,47
29010,43500,44
29014,62422,36
29015,43977,45
29016,95082,20
29018,49167,41
29020,64648,43
29030,80313,39
29031,61143,44
29032,58168,35
29033,61237,57
29036,113986,22
29037,72768,42
29038,43563,36
29039,53382,37
29040,65978,34
29042,41047,47
29044,57297,38
29045,87366,21
29047,48571,39
29048,41774,42
29051,71250,46
29052,52775,38
29053,56703,32
29054,91099,31
29055,37401,60
29056,47031,39
29058,52383,44
29059,38698,42
29061,60307,40
29063,91973,29
29065,49225,31
29067,52077,53
29069,48393,37
29070,65865,34
29072,106382,24
29073,77229,28
29075,75884,38
29078,67727,31
29080,36467,41
29081,38147,42
29082,42833,53
29101,56750,38
29102,47441,36
29104,67096,39
29105,94444,20
29107,47399,40
29108,53558,49
29111,76250,42
29112,50195,43
29113,48857,47
29114,56579,54
29115,37751,50
29118,64167,39
29122,138472,48
29123,59317,32
29125,62778,37
29126,73702,39
29127,67164,34
29128,43571,37
29129,61103,33
29130,63963,35
29133,36987,50
29135,49396,43
29137,41116,42
29138,44579,40
29142,54028,35
29145,67778,45
29146,34318,45
29148,56300,35
29150,50965,44
29152,73592,14
29153,60071,38
29154,62772,37
29160,61964,35
29161,50517,40
29162,61979,39
29163,33971,41
29164,49440,34
29166,45652,55
29168,43911,33
29169,57122,49
29170,74902,35
29172,64430,46
29175,73801,32
29178,60241,66
29180,43330,43
29201,32297,30
29203,46054,52
29204,50189,62
29205,64231,70
29206,91847,58
29209,58772,41
29210,50871,49
29212,77142,40
29223,62408,37
29229,74043,22
29301,57805,42
29302,80819,51
29303,48295,47
29306,41356,52
29307,65850,49
29316,74735,22
29320,54353,48
29321,34464,48
29322,69656,33
29323,63263,35
29325,60259,50
29329,35972,68
29330,48243,47
29332,59091,36
29334,81413,20
29335,52670,42
29340,44123,48
29341,58029,35
29346,30673,88
29349,76168,28
29351,49414,68
29353,64494,51
29355,58500,58
29356,64514,40
29360,53941,46
29364,25089,88
29365,76966,26
29369,82924,28
29370,80104,49
29372,46739,52
29373,62143,88
29374,78397,39
29375,158971,61
29376,70645,33
29378,32356,40
29379,40879,55
29384,51384,36
29385,58249,30
29388,79828,34
29401,99667,88
29403,66944,62
29404,54716,22
29405,56600,62
29406,49815,35
29407,85367,55
29410,87984,40
29412,101509,36
29414,99529,25
29418,64583,38
29420,72661,27
29426,64087,28
29429,112244,19
29431,58571,32
29432,54826,37
29435,58813,31
29436,58434,34
29437,61821,32
29438,86979,35
29439,137396,36
29440,56124,42
29445,81594,35
29448,71967,39
29449,56929,31
29450,57269,25
29451,156979,40
29452,113164,41
29453,71328,48
29455,121372,25
29456,78361,22
29458,86431,39
29461,82666,25
29464,111907,34
29466,133357,19
29468,27032,42
29470,86410,29
29471,38500,38
29472,75325,27
29474,40781,48
29475,39769,36
29477,53894,46
29479,51397,38
29481,46719,36
29482,192813,45
29483,85750,24
29485,82987,25
29486,89578,14
29487,105592,35
29488,49876,41
29492,110509,15
29501,71671,40
29505,67343,32
29506,40311,43
29510,55058,38
29511,69507,30
29512,34734,51
29516,57639,47
29518,61923,40
29519,13777,71
29520,42308,45
29525,28618,53
29526,68825,28
29527,52069,25
29530,44012,36
29532,44482,46
29536,46120,43
29540,53155,39
29541,52067,34
29543,55658,58
29544,78401,26
29545,42083,37
29546,32043,35
29547,55472,29
29550,51491,41
29554,55100,42
29555,43011,39
29556,42365,42
29560,46601,47
29563,46013,49
29564,40000,35
29565,44871,41
29566,64878,25
29567,30893,31
29568,62653,21
29569,46840,31
29570,30768,43
29571,37395,48
29572,85247,38
29574,34112,43
29575,71447,36
29576,70691,25
29577,50955,31
29579,79644,19
29580,50156,48
29581,54701,44
29582,71723,30
29583,34931,43
29584,45625,37
29585,81946,28
29588,70739,23
29590,31115,35
29591,65000,40
29592,42649,34
29593,40568,48
29594,53125,62
29596,34682,44
29601,76136,26
29605,65648,52
29607,74503,26
29609,65342,51
29611,51565,51
29615,76117,42
29617,55403,43
29620,53288,45
29621,74256,38
29624,30549,54
29625,61960,40
29626,56196,35
29627,59167,46
29628,39444,52
29630,55264,35
29631,48800,38
29635,71844,33
29638,65000,51
29639,53050,51
29640,62207,41
29642,78221,32
29643,80517,28
29644,70301,30
29645,59842,34
29646,44441,52
29649,54585,46
29650,94522,27
29651,82705,30
29653,64722,40
29654,58079,50
29655,51395,39
29657,64833,33
29658,67750,32
29661,55099,35
29662,81749,38
29664,51705,35
29665,45407,88
29666,73571,50
29667,83077,52
29669,65903,41
29670,72445,35
29671,61749,40
29672,90650,33
29673,71444,35
29676,92798,32
29678,52550,37
29680,86716,22
29681,114986,24
29682,83808,27
29683,44299,54
29684,58889,33
29685,116742,24
29686,58313,39
29687,80051,39
29689,72951,34
29690,69956,34
29691,49639,45
29692,47068,55
29693,54503,37
29696,78468,31
29697,68764,36
29702,49705,42
29704,74303,36
29706,51230,51
29707,118295,15
29708,132018,19
29709,54784,44
29710,96563,23
29712,62656,32
29714,70475,37
29715,109689,18
29717,68235,34
29718,59464,36
29720,62969,40
29726,88750,30
29727,47904,33
29728,45250,39
29729,53618,32
29730,68543,35
29732,84937,32
29741,45000,40
29742,52775,32
29743,86064,33
29745,79117,31
29801,59573,43
29803,86023,31
29805,56185,31
29809,55234,57
29810,26835,51
29812,51870,44
29816,47459,42
29817,41579,44
29819,55417,45
29821,81000,32
29824,56396,42
29827,40844,46
29829,84228,23
29831,53790,46
29832,42500,50
29834,26339,88
29835,57574,39
29838,97500,41
29840,43504,50
29841,71606,49
29842,57949,43
29843,35986,45
29845,50673,46
29847,56713,35
29848,61042,49
29849,89583,67
29851,70953,36
29853,44983,38
29856,50395,32
29860,97268,26
29902,69752,42
29906,68174,28
29907,97446,25
29909,91294,21
29910,98912,19
29911,57143,49
29915,156090,21
29916,70982,35
29918,42665,43
29920,77744,31
29921,72375,46
29922,28750,47
29923,31389,43
29924,43542,41
29926,97948,33
29927,72821,21
29928,97576,41
29929,58267,36
29934,88397,37
29935,76544,35
29936,48986,25
29940,54177,27
29941,119886,22
29943,68875,49
29944,59620,44
29945,55449,39
30002,89750,52
30004,156100,24
30005,176957,29
30008,74877,39
30009,126510,27
30011,86402,26
30012,66153,38
30013,74691,31
30014,72254,33
30016,79527,25
30017,99917,23
30019,116583,23
30021,52278,48
30022,153294,32
30024,143879,24
30025,95757,32
30028,138011,19
30030,126830,48
30032,62765,61
30033,111616,46
30034,63517,42
30035,66799,40
30038,73694,29
30039,93701,31
30040,137211,21
30041,152564,23
30043,94096,30
30044,77321,32
30045,104350,22
30046,67268,36
30047,88652,40
30052,93764,24
30054,76427,33
30055,84760,30
30056,68494,32
30058,61684,31
30060,67510,50
30062,132631,41
30064,122195,36
30066,116074,39
30067,83568,44
30068,150101,45
30070,59583,88
30071,64515,37
30072,78750,74
30075,157335,37
30076,118170,39
30078,98257,36
30079,82500,24
30080,91957,37
30082,120372,37
30083,55307,46
30084,81304,43
30087,96491,39
30088,70325,43
30092,79309,37
30093,48404,39
30094,88530,36
30096,74656,34
30097,124890,27
30101,110774,26
30102,97676,33
30103,78071,31
30104,70559,43
30105,99375,41
30106,68881,39
30107,110811,26
30108,70035,49
30110,85036,38
30113,72417,39
30114,98902,22
30115,113089,23
30116,77030,36
30117,61842,40
30120,86581,34
30121,78366,29
30122,69257,33
30124,65078,49
30125,58192,44
30126,101891,33
30127,110904,30
30132,109914,21
30134,76574,31
30135,94526,29
30137,78629,44
30139,69096,35
30141,86824,26
30143,82193,29
30144,88560,31
30145,80352,30
30147,61351,54
30148,90357,35
30152,126578,26
30153,57377,35
30157,93625,25
30161,61667,53
30165,68089,47
30168,64059,36
30170,90962,43
30171,73409,31
30173,63932,44
30175,69737,25
30176,64705,39
30178,68916,36
30179,76571,28
30180,88514,26
30182,60184,33
30183,94567,30
30184,110694,27
30185,72304,36
30187,101702,32
30188,106844,24
30189,114130,31
30204,62805,47
30205,105700,36
30206,88205,29
30213,94125,20
30214,89912,38
30215,118436,30
30216,73295,37
30217,55938,41
30218,68250,35
30220,72091,29
30222,64151,38
30223,59054,42
30224,70216,40
30228,82619,22
30229,25859,88
30230,65732,40
30233,74222,31
30234,56905,37
30236,66973,40
30238,62185,36
30240,61584,40
30241,49053,40
30248,83823,22
30251,67866,39
30252,100770,23
30253,81892,23
30256,73571,40
30257,67941,33
30258,58777,36
30259,104375,26
30260,52666,47
30263,78992,32
30265,108144,25
30268,91349,31
30269,113807,33
30273,73502,31
30274,52209,41
30276,107525,22
30277,120379,29
30281,71213,31
30285,84732,28
30286,55087,50
30288,51511,26
30289,250001,5
30290,121380,29
30291,48184,25
30292,87394,30
30293,59365,53
30294,79762,27
30295,81667,36
30296,63292,39
30297,45124,59
30305,106907,35
30306,123077,70
30307,140677,58
30308,85693,25
30309,114072,24
30310,53037,69
30311,50649,58
30312,82779,24
30313,84960,23
30314,42089,60
30315,50822,50
30316,102891,50
30317,107955,66
30318,83116,25
30319,130648,30
30324,92122,28
30326,121984,19
30327,189250,42
30328,112111,37
30329,76579,41
30331,62623,34
30336,53900,23
30337,51388,53
30338,135148,43
30339,103277,25
30340,62748,46
30341,86313,42
30342,124111,34
30344,68380,59
30345,112054,52
30346,95000,23
30349,67023,30
30350,88118,40
30354,63189,51
30360,97543,48
30363,123667,20
30401,53071,43
30410,68036,46
30411,30238,38
30412,72708,61
30413,68558,43
30415,76895,28
30417,53958,41
30420,40563,48
30421,57338,33
30425,73889,55
30426,83908,44
30427,52958,40
30428,49441,34
30429,93214,48
30434,51323,47
30436,55827,40
30439,52071,38
30441,41220,51
30442,43624,48
30445,32392,41
30446,75521,45
30448,29167,31
30450,60900,35
30451,49063,12
30452,61389,35
30453,42013,40
30454,53229,67
30455,39076,54
30456,53014,48
30457,43664,37
30458,52038,33
30461,80224,28
30467,46909,43
30470,76800,40
30471,42236,43
30473,49565,32
30474,55295,42
30477,46161,43
30501,64175,45
30504,75885,31
30506,97413,32
30507,71703,31
30510,52019,32
30511,88432,39
30512,66642,31
30513,56331,28
30516,77818,45
30517,118034,19
30518,96936,25
30519,102553,21
30520,56532,37
30521,54121,36
30522,73533,29
30523,80185,33
30525,65150,36
30527,103281,31
30528,70873,32
30529,62168,38
30530,55392,38
30531,53762,37
30533,74035,29
30534,95341,26
30535,58510,37
30536,80000,31
30537,50000,38
30538,51055,38
30539,26950,65
30540,72578,26
30541,66579,39
30542,99648,24
30543,67407,31
30545,86591,33
30546,59234,33
30547,94936,25
30548,111257,18
30549,96195,22
30552,66316,35
30553,52833,37
30554,91619,30
30555,49375,43
30557,64722,36
30558,62417,33
30559,57389,29
30560,66016,26
30562,48529,49
30563,84561,32
30564,76188,38
30565,75179,31
30566,66456,30
30567,97181,18
30568,75948,44
30571,62917,33
30572,65281,41
30575,84750,34
30576,81417,35
30577,53818,43
30582,59360,29
30601,39219,40
30605,50062,38
30606,63328,40
30607,65361,37
30619,78250,35
30620,84098,21
30621,117917,26
30622,133563,26
30623,61786,42
30624,51988,38
30625,88534,30
30627,75000,42
30628,70139,29
30629,55259,38
30630,57813,40
30631,52232,48
30633,61901,34
30634,53333,32
30635,57487,51
30641,70491,29
30642,95527,26
30643,61596,40
30646,67308,35
30648,73464,40
30650,71599,33
30655,69148,32
30656,93428,27
30660,54234,44
30662,53487,44
30663,69417,31
30666,95000,23
30667,49063,46
30668,49107,48
30669,65852,52
30673,51748,50
30677,110250,32
30678,48529,34
30680,80956,25
30683,88198,36
30701,63921,39
30705,69036,33
30707,74360,39
30708,88600,26
30710,78819,35
30711,70462,34
30720,69369,42
30721,62094,38
30725,49699,39
30728,55455,49
30730,47760,49
30731,51473,36
30733,57569,44
30734,66917,28
30735,64095,43
30736,83821,32
30738,66080,34
30739,76600,26
30740,79671,34
30741,58834,53
30742,49323,43
30746,81696,40
30747,51356,49
30750,107917,42
30752,59391,39
30753,51204,49
30755,74167,39
30757,60947,52
30802,85625,33
30803,58854,46
30805,52676,31
30807,65405,34
30808,39375,41
30809,125272,24
30810,54429,44
30813,86923,18
30814,74129,35
30815,70202,35
30816,44559,38
30817,57089,41
30818,54784,33
30820,51146,40
30821,53545,49
30823,61607,43
30824,60234,41
30828,36444,48
30830,53385,48
30833,44139,50
30901,25163,64
30904,46696,71
30905,74688,45
30906,45999,51
30907,81912,40
30909,71364,34
31001,52917,40
31002,60149,44
31005,110461,23
31006,42750,46
31007,52132,54
31008,83992,28
31009,65250,46
31011,46875,44
31012,70391,42
31014,54362,42
31015,44452,42
31017,59167,39
31018,48024,38
31019,47944,34
31020,69720,43
31021,55697,39
31022,63875,31
31023,52021,44
31024,65971,34
31025,133839,27
31027,53048,36
31028,76342,26
31029,76334,31
31030,59313,48
31031,54542,41
31032,82934,31
31033,68942,34
31035,41563,40
31036,50482,40
31037,55794,44
31038,49826,52
31041,27436,43
31042,36569,42
31044,35152,46
31046,95644,27
31047,117332,20
31049,76429,42
31050,49340,30
31051,30208,26
31052,84846,33
31054,53929,40
31055,45885,53
31057,23601,50
31058,40655,33
31060,49643,44
31061,54263,40
31063,52381,51
31064,60217,34
31066,61875,40
31067,58942,49
31068,30352,43
31069,74501,33
31070,54743,65
31071,44609,55
31072,62794,49
31075,52350,33
31076,44706,36
31077,54688,41
31078,54688,43
31079,69083,48
31081,133083,42
31082,57308,48
31085,46375,41
31087,37679,35
31088,83082,33
31089,36094,47
31090,77625,47
31091,72386,41
31092,61197,41
31093,45991,48
31094,51688,49
31096,46282,40
31097,64214,39
31098,87720,48
31201,29420,88
31204,38784,64
31206,30042,62
31210,78447,35
31211,49202,50
31216,72452,35
31217,44809,52
31220,88434,31
31301,65417,31
31302,68998,38
31303,75968,37
31305,43138,30
31307,105679,20
31308,73061,27
31309,100450,31
31312,101750,21
31313,60233,33
31315,53500,32
31316,74766,22
31318,78036,40
31320,77195,26
31321,68472,30
31322,91344,19
31323,47782,33
31324,122378,19
31326,83145,26
31328,109631,42
31329,78483,25
31331,61336,27
31333,30962,38
31401,52509,88
31404,53303,66
31405,65710,48
31406,67120,47
31407,81124,16
31408,45839,50
31410,97807,40
31411,137375,36
31415,37109,67
31419,69635,32
31501,37314,54
31503,55895,42
31510,45958,48
31512,49547,36
31513,46203,40
31516,63203,36
31518,92563,32
31519,36834,39
31520,40071,60
31522,108632,37
31523,88988,28
31525,69493,35
31532,48520,36
31533,42802,43
31535,65629,32
31537,64461,40
31539,38737,40
31542,50938,33
31543,50181,33
31544,60682,58
31545,48302,35
31546,66912,48
31548,75804,29
31549,51402,35
31551,45565,39
31552,58032,38
31553,52665,32
31554,53504,36
31555,70516,34
31557,47083,36
31558,74268,33
31560,42540,34
31561,250001,43
31562,35694,37
31563,62917,42
31565,61778,25
31566,60703,27
31567,52558,32
31568,84028,30
31569,65915,36
31601,36111,42
31602,56939,38
31605,79156,26
31606,50303,34
31620,51597,39
31622,51522,39
31624,50903,39
31625,84526,24
31626,52026,35
31627,29500,35
31629,63702,36
31630,27411,32
31631,72990,50
31632,83946,23
31634,46332,46
31635,45414,32
31636,63672,31
31637,65391,44
31638,93516,43
31639,54159,40
31641,59783,28
31642,41574,36
31643,37043,40
31645,70833,30
31647,52396,42
31648,43750,50
31649,93980,30
31650,45106,36
31701,35025,59
31705,42972,51
31707,50862,51
31709,41531,49
31711,57031,34
31712,85162,42
31714,33287,46
31716,60953,39
31719,42905,41
31720,29821,38
31721,77177,37
31722,54167,47
31730,58500,48
31733,48903,47
31735,60000,47
31738,69950,39
31743,41667,53
31744,60000,53
31747,56364,42
31749,38487,31
31750,42249,45
31756,77375,29
31757,79593,30
31763,88312,26
31764,86573,31
31765,42083,46
31768,46858,46
31771,62978,34
31772,42115,31
31773,80125,31
31774,50833,43
31775,57128,43
31778,74593,44
31779,47530,49
31780,39290,56
31781,52991,36
31783,53571,49
31784,56607,49
31787,92554,38
31788,47325,34
31789,55720,34
31790,63365,51
31791,61530,43
31792,50460,46
31793,83693,31
31794,46056,47
31795,40962,38
31796,45833,51
31798,58480,35
31801,53799,30
31803,45189,35
31804,103095,27
31805,56544,37
31806,58875,34
31807,109345,24
31808,109294,27
31811,90385,28
31812,47500,51
31815,45417,45
31816,50663,53
31820,114468,22
31822,66302,33
31823,71420,51
31824,31742,42
31825,28698,35
31826,85376,46
31827,34946,38
31829,109764,32
31830,61250,46
31831,98214,24
31832,65809,42
31833,61348,46
31836,46771,48
31901,51424,77
31903,32401,61
31904,66291,51
31905,75236,26
31906,44965,63
31907,54453,48
31909,69166,36
32003,116611,25
32008,59681,34
32009,72792,30
32011,76677,28
32024,60811,31
32025,55004,39
32033,86185,23
32034,98583,29
32038,65753,29
32040,84095,27
32043,84145,26
32044,46338,35
32046,71563,35
32052,52103,38
32053,44519,33
32054,65870,31
32055,61111,42
32058,65641,34
32059,55909,31
32060,57510,35
32062,58313,29
32063,75683,33
32064,50984,48
32065,97455,23
32066,63086,38
32068,84431,28
32071,57261,28
32073,76455,46
32079,41094,73
32080,92531,39
32081,131624,11
32082,124558,36
32083,55313,41
32084,73837,28
32086,76512,31
32087,67097,29
32091,62852,43
32092,131020,17
32094,64271,32
32095,136038,12
32096,49912,34
32097,93161,16
32102,57588,47
32110,57485,29
32112,39890,44
32113,63066,40
32114,41736,46
32117,56419,47
32118,61266,50
32119,56862,45
32124,92616,11
32127,71676,42
32128,95831,23
32129,67924,39
32130,60563,37
32131,69416,41
32132,52181,45
32133,161198,34
32134,45760,46
32136,78818,37
32137,83923,25
32139,58438,38
32140,35474,39
32141,63936,35
32145,75557,25
32148,45420,41
32157,22111,45
32159,58518,31
32162,74119,20
32163,96775,11
32164,76399,22
32168,77083,34
32169,110968,41
32174,71011,37
32176,78410,53
32177,47796,45
32179,46512,41
32180,77394,41
32181,47101,39
32187,51982,33
32189,42920,40
32190,92222,43
32193,56528,39
32195,57000,33
32202,34825,60
32204,65063,70
32205,64789,74
32206,39242,79
32207,65234,62
32208,41324,66
32209,30514,62
32210,61050,54
32211,57021,59
32212,51422,40
32216,61821,42
32217,73832,55
32218,69638,25
32219,72184,27
32220,81792,34
32221,82969,29
32222,85649,14
32223,95347,39
32224,88259,29
32225,90559,34
32226,110179,22
32227,85833,61
32233,89185,40
32234,87331,23
32244,62204,35
32246,80963,29
32250,117724,42
32254,34953,68
32256,73570,24
32257,75780,40
32258,102204,21
32259,150736,17
32266,119294,53
32277,61554,48
32301,50942,44
32303,62275,42
32304,32348,37
32305,48045,37
32308,77967,37
32309,113412,38
32310,38288,46
32311,81243,22
32312,123032,33
32317,128690,30
32320,46713,47
32321,56875,35
32322,61955,34
32323,42534,80
32324,40164,54
32327,84138,27
32328,80877,32
32330,47572,53
32331,50905,36
32332,31917,59
32333,60816,39
32334,60781,35
32336,45481,39
32340,40972,40
32343,62955,22
32344,61199,39
32346,61700,43
32347,44183,43
32348,54182,40
32350,35625,27
32351,38967,50
32352,42500,46
32355,62321,23
32356,14221,31
32358,75179,37
32359,51125,34
32361,64063,55
32401,52523,62
32403,118594,17
32404,74708,33
32405,73373,39
32407,80831,24
32408,80822,37
32409,64516,27
32410,63606,22
32413,80039,27
32420,48446,38
32421,48719,34
32423,46591,45
32424,51398,43
32425,46667,45
32426,33802,46
32427,62625,38
32428,57493,36
32430,60197,34
32431,55293,40
32433,52199,32
32435,65313,39
32437,46477,43
32438,50000,28
32439,83227,20
32440,59246,45
32442,45500,42
32443,47663,37
32444,83160,32
32445,61336,52
32446,55125,45
32448,43862,34
32449,25457,53
32455,50952,38
32456,64681,25
32459,107821,20
32460,51497,48
32461,145706,17
32462,50662,37
32463,64643,34
32464,57524,35
32465,54538,35
32466,60337,31
32501,44139,65
32502,67207,49
32503,71411,58
32504,72672,47
32505,44783,55
32506,62486,42
32507,73540,38
32508,71607,59
32514,66644,41
32526,75098,32
32531,84992,26
32533,86087,34
32534,58992,38
32535,38618,43
32536,78119,25
32539,74369,27
32541,95124,31
32542,77900,13
32544,47865,10
32547,70711,41
32548,65342,46
32550,101250,29
32561,115799,47
32563,100396,28
32564,59875,31
32565,84432,39
32566,105551,24
32567,76500,35
32568,79279,36
32569,77718,41
32570,77222,35
32571,87617,27
32577,73998,34
32578,108972,37
32579,104510,44
32580,91645,52
32583,85440,27
32601,30352,51
32603,13408,49
32605,86714,48
32606,87953,34
32607,45987,38
32608,61588,33
32609,49406,47
32615,85701,29
32617,66667,39
32618,54585,35
32619,60795,25
32621,56630,26
32622,72639,39
32625,60298,41
32626,60433,37
32628,44567,45
32640,60208,41
32641,35223,52
32643,83386,26
32648,63482,32
32653,93913,38
32656,74213,41
32658,53568,60
32664,69375,51
32666,68765,41
32667,81659,41
32668,58299,31
32669,99548,20
32680,50306,36
32681,53640,45
32683,63023,44
32686,49821,34
32693,67083,31
32694,43537,49
32696,61020,32
32697,28000,43
32701,62198,47
32702,50935,43
32703,72880,35
32707,69113,41
32708,93628,38
32709,73224,31
32712,108734,29
32713,88500,33
32714,70955,43
32720,68830,44
32724,73592,37
32725,73152,39
32726,63152,42
32730,47500,51
32732,119205,35
32735,68441,28
32736,96542,28
32738,80224,36
32744,112599,41
32746,104775,30
32750,86125,45
32751,95387,47
32754,75364,37
32757,77216,34
32759,61671,36
32763,66716,35
32764,86224,37
32765,102167,30
32766,147552,24
32767,71714,42
32771,77868,25
32773,70442,35
32776,100573,26
32778,63472,33
32779,121826,43
32780,67690,41
32784,72201,42
32789,106671,49
32792,69200,44
32796,67491,46
32798,63178,41
32801,80871,23
32803,107592,61
32804,113231,62
32805,40515,60
32806,89046,59
32807,59971,47
32808,49700,48
32809,57879,52
32810,60799,40
32811,54082,40
32812,73149,43
32814,140274,19
32817,80711,36
32818,63061,39
32819,98109,36
32820,106859,21
32821,69348,25
32822,56540,38
32824,84841,22
32825,81651,32
32826,64755,32
32827,117483,14
32828,101767,24
32829,99213,22
32830,250001,5
32831,67917,38
32832,118856,13
32833,98733,25
32835,71418,32
32836,111987,25
32837,88848,31
32839,47313,37
32901,54651,42
32903,104906,44
32904,90673,25
32905,56411,42
32907,75311,34
32908,79596,23
32909,79977,24
32920,66955,41
32922,44469,60
32925,76250,36
32926,70735,40
32927,86075,37
32931,89457,50
32934,104369,33
32935,64588,46
32937,101184,51
32940,110495,23
32948,60945,31
32949,130651,29
32950,115781,31
32951,98420,39
32952,102726,51
32953,87262,44
32955,86457,31
32958,66840,34
32960,54682,48
32962,66664,40
32963,149923,41
32966,66771,32
32967,78058,22
32968,94113,23
32970,43750,56
32976,46712,39
33004,52574,48
33009,52079,51
33010,46553,60
33012,51450,55
33013,60658,66
33014,77338,50
33015,77339,38
33016,58479,38
33018,89639,29
33019,96497,52
33020,56473,62
33021,71318,54
33023,74709,60
33024,80061,52
33025,68743,31
33026,89306,41
33027,76561,28
33028,119091,30
33029,146237,30
33030,46202,45
33031,109945,39
33032,73429,18
33033,69635,25
33034,47170,32
33035,68354,23
33036,86032,43
33037,86533,43
33040,86586,52
33042,103041,36
33043,110491,40
33050,94898,43
33051,94231,41
33054,45710,65
33055,62286,52
33056,68583,54
33060,64819,54
33062,83582,53
33063,62918,46
33064,71301,54
33065,74226,45
33066,57051,44
33067,131216,33
33068,64051,48
33069,59683,45
33070,75436,45
33071,106149,39
33073,97412,28
33076,176641,23
33109,250001,39
33122,99583,12
33125,44979,57
33126,58210,49
33127,41230,66
33128,42722,47
33129,113367,48
33130,61009,22
33131,144138,21
33132,109109,18
33133,103420,49
33134,99766,64
33135,40567,66
33136,44843,40
33137,94036,18
33138,75051,56
33139,69793,56
33140,107063,58
33141,68738,54
33142,39608,60
33143,83008,51
33144,60907,64
33145,73995,70
33146,131500,45
33147,50704,63
33149,181505,49
33150,40873,66
33154,89563,51
33155,81158,67
33156,137076,53
33157,81589,51
33158,201597,56
33160,67040,46
33161,58325,61
33162,60692,64
33165,85200,61
33166,81581,54
33167,62846,66
33168,65777,70
33169,62562,54
33170,73958,35
33172,63023,43
33173,88271,50
33174,59185,48
33175,77841,44
33176,86354,49
33177,82682,34
33178,96653,20
33179,65211,49
33180,91055,36
33181,63275,53
33182,99385,31
33183,70218,45
33184,79784,42
33185,114206,25
33186,93462,40
33187,115206,30
33189,69420,43
33190,82533,22
33193,77839,36
33194,126250,22
33196,94961,31
33301,124812,20
33304,84920,50
33305,92485,52
33306,95542,59
33308,93879,54
33309,77321,50
33311,53973,57
33312,75952,58
33313,46305,52
33314,66100,38
33315,88309,53
33316,96641,50
33317,93603,55
33319,58388,49
33321,62066,42
33322,71755,47
33323,113481,31
33324,85000,39
33325,100553,36
33326,117373,36
33327,159388,27
33328,126380,39
33330,145212,38
33331,142636,33
33332,172730,27
33334,75361,58
33351,77363,41
33401,67967,34
33403,70646,46
33404,65063,49
33405,87341,70
33406,77075,47
33407,59993,48
33408,92216,50
33409,67073,38
33410,94530,36
33411,92591,31
33412,130225,25
33413,91131,28
33414,112241,32
33415,61274,42
33417,51605,46
33418,125497,31
33426,74223,40
33428,88543,39
33430,46523,45
33431,107896,45
33432,107045,46
33433,84091,41
33434,77269,43
33435,67979,50
33436,75789,38
33437,80710,30
33440,56341,39
33441,58594,53
33442,53254,47
33444,72925,43
33445,78163,43
33446,80187,34
33449,153586,23
33455,70389,40
33458,109729,32
33460,62090,58
33461,61963,49
33462,73997,45
33463,73865,38
33467,95739,35
33469,106265,47
33470,122163,26
33471,39150,37
33472,101959,29
33473,145691,12
33476,36652,54
33477,104992,40
33478,139091,33
33480,150633,54
33483,116115,46
33484,62151,42
33486,105540,49
33487,96066,42
33493,53083,52
33496,114885,35
33498,146765,35
33503,138553,60
33510,74245,40
33511,81301,35
33513,67597,39
33514,80286,34
33521,62188,58
33523,64826,42
33525,69068,35
33527,80464,32
33534,80484,22
33538,48921,41
33540,56387,32
33541,56579,34
33542,49316,44
33543,107349,20
33544,104573,22
33545,118889,16
33547,123258,19
33548,129857,32
33549,89343,36
33556,149722,21
33558,116090,26
33559,80185,31
33563,60131,45
33565,73414,38
33566,72393,33
33567,85643,29
33569,105275,24
33570,72172,21
33572,122130,19
33573,72834,30
33576,76388,19
33578,85921,20
33579,116134,14
33584,72267,41
33585,83125,29
33592,68802,37
33594,96628,31
33596,116465,33
33597,62898,37
33598,97520,12
33602,97320,19
33603,74081,70
33604,58766,63
33605,36975,60
33606,120729,35
33607,69694,40
33609,115844,42
33610,54209,44
33611,90910,40
33612,47199,52
33613,44032,41
33614,50232,46
33615,69274,44
33616,93210,24
33617,50948,47
33618,84788,43
33619,66134,31
33621,107188,24
33624,87760,40
33625,93133,33
33626,127118,24
33629,164355,53
33634,74291,47
33635,86894,30
33637,63323,38
33647,109285,23
33701,73542,51
33702,67463,52
33703,95224,57
33704,107889,71
33705,73027,60
33706,104359,55
33707,69951,56
33708,82500,51
33709,53501,55
33710,78611,66
33711,66540,55
33712,60450,56
33713,74707,68
33714,47487,58
33715,102782,41
33716,75226,35
33755,62886,59
33756,61872,54
33759,67492,43
33760,69596,42
33761,74728,44
33762,87461,41
33763,54794,48
33764,67256,51
33765,69199,50
33767,117425,45
33770,59815,53
33771,59993,47
33772,73586,53
33773,76867,45
33774,79139,50
33776,105337,48
33777,86375,49
33778,65355,48
33781,57785,50
33782,66461,48
33785,101356,45
33786,163125,49
33801,53061,50
33803,65807,53
33805,62661,39
33809,70066,37
33810,69986,29
33811,90263,28
33812,103052,26
33813,99497,37
33815,37487,49
33823,71485,37
33825,46949,41
33827,54556,48
33830,63918,42
33834,60817,41
33837,81276,17
33838,50766,31
33839,70000,34
33841,39384,48
33843,50503,39
33844,63650,32
33847,67955,69
33848,74750,46
33850,61622,39
33851,62284,52
33852,54284,39
33853,44474,50
33854,29250,51
33856,37622,61
33857,80313,43
33858,27061,30
33859,57760,27
33860,65710,36
33865,67818,34
33868,74289,29
33870,49942,45
33872,69578,32
33873,54444,41
33875,77482,35
33876,55564,37
33880,56390,45
33881,57024,41
33884,70443,31
33890,86831,35
33896,74668,17
33897,70982,22
33898,57224,39
33901,51816,47
33903,56993,42
33904,71190,44
33905,71987,36
33907,52478,41
33908,75396,29
33909,73053,22
33912,103194,27
33913,110373,18
33914,83503,27
33916,52586,29
33917,55000,40
33919,80451,40
33920,98571,19
33922,71164,37
33928,102624,22
33930,140335,30
33931,79018,42
33935,57009,33
33936,51417,47
33944,38692,39
33946,85848,28
33947,80091,25
33948,62744,39
33950,76369,30
33952,61382,49
33953,83070,23
33954,78288,29
33955,76943,28
33956,69534,40
33957,108644,43
33960,39417,29
33965,26354,13
33966,84965,21
33967,90519,32
33971,77723,21
33972,73819,23
33973,60530,22
33974,72192,21
33976,72679,21
33980,63591,34
33981,84098,25
33982,72443,26
33983,71856,30
33990,70665,33
33991,84470,21
33993,90577,20
34102,130929,47
34103,116875,45
34104,71686,31
34105,92214,30
34108,119212,36
34109,92259,28
34110,97564,27
34112,69842,37
34113,81674,24
34114,89334,20
34116,73958,38
34117,110614,26
34119,113391,21
34120,93861,19
34134,130719,31
34135,91380,24
34138,98495,35
34139,85000,28
34141,106591,51
34142,62333,25
34145,101523,39
34201,124863,24
34202,121659,19
34203,70761,34
34205,52525,54
34207,45010,53
34208,60504,38
34209,81728,42
34210,64244,43
34211,119911,10
34212,125486,17
34215,77857,41
34216,103561,52
34217,80972,51
34219,113773,16
34221,77712,31
34222,64355,37
34223,76016,43
34224,57281,39
34228,158030,46
34229,103657,29
34231,69925,49
34232,80795,45
34233,75394,38
34234,57288,49
34235,78958,41
34236,95881,37
34237,66762,51
34238,97926,28
34239,80923,62
34240,130148,23
34241,116412,33
34242,115967,50
34243,81219,32
34250,188319,31
34251,92005,24
34266,50972,38
34268,29512,39
34269,58636,27
34275,89369,34
34285,68301,49
34286,80553,22
34287,63464,37
34288,84211,20
34289,83411,20
34291,93425,22
34292,80101,24
34293,90038,29
34420,60680,39
34428,50779,38
34429,55395,38
34431,56534,39
34432,50446,28
34433,58946,27
34434,68939,32
34436,55802,42
34442,57259,30
34446,58802,32
34448,45916,38
34449,43656,37
34450,48763,42
34452,58608,41
34453,57568,33
34461,63418,32
34465,54869,37
34470,52083,46
34471,65789,45
34472,64208,31
34473,72366,23
34474,65291,30
34475,30174,44
34476,65860,27
34479,54283,43
34480,77557,35
34481,57324,26
34482,65901,28
34484,92582,24
34488,43438,40
34491,66679,26
34498,60865,52
34601,60440,44
34602,77215,33
34604,84833,23
34606,57337,39
34607,66422,38
34608,64345,37
34609,79442,26
34610,77396,30
34613,58596,36
34614,83800,21
34637,115214,17
34638,123899,18
34639,101486,24
34652,56931,50
34653,49563,43
34654,73947,36
34655,85470,26
34667,51280,41
34668,47401,46
34669,58638,32
34677,93474,38
34683,92885,41
34684,72145,41
34685,94688,34
34688,112091,35
34689,74854,42
34690,49401,50
34691,50288,48
34695,95238,42
34698,74078,50
34705,74063,34
34711,90245,22
34714,75392,23
34715,105262,19
34731,66300,42
34734,78309,35
34736,90545,18
34737,66563,24
34739,101319,40
34741,52409,34
34743,62992,35
34744,74537,25
34746,70998,22
34747,77755,22
34748,58192,34
34753,83868,22
34756,108500,28
34758,66339,23
34759,69373,20
34760,93804,26
34761,96415,27
34769,67148,40
34771,97415,16
34772,97868,19
34773,80524,17
34785,66136,22
34786,134214,20
34787,120365,15
34788,54147,40
34797,130227,34
34945,87568,34
34946,40315,48
34947,51811,45
34949,94949,35
34950,30400,52
34951,63122,35
34952,61628,37
34953,85667,22
34956,64526,41
34957,70403,40
34972,61040,37
34974,53013,38
34981,71136,27
34982,54082,44
34983,75489,33
34984,80725,28
34986,80047,22
34987,90201,10
34990,129560,33
34994,62533,44
34996,83929,47
34997,78136,39
35004,87652,23
35005,59125,54
35006,68982,49
35007,88505,34
35010,51338,42
35013,122917,34
35014,70688,37
35016,63685,42
35019,62083,37
35020,35362,68
35022,81846,28
35023,69863,52
35031,54345,41
35032,30156,80
35033,51139,34
35034,36002,43
35035,65695,33
35040,84554,21
35042,46509,40
35043,121356,18
35044,56425,45
35045,65907,44
35046,79286,41
35049,65644,41
35051,80061,35
35053,56167,33
35054,77929,31
35055,58405,50
35057,83781,34
35058,62146,38
35061,69432,67
35062,73393,42
35063,61138,37
35064,48692,63
35068,73750,32
35070,66786,55
35071,82074,40
35072,51028,46
35073,54886,67
35077,48276,35
35078,75056,34
35079,82938,30
35080,118344,26
35083,55335,39
35085,70862,41
35087,67043,35
35089,56213,36
35091,100375,23
35094,74625,42
35096,66913,32
35097,58056,31
35098,80517,35
35111,86463,26
35112,76010,32
35114,98355,22
35115,57372,34
35116,88274,32
35117,92730,40
35118,64375,50
35120,74352,23
35121,60177,42
35124,99726,29
35125,59891,38
35126,83732,38
35127,70317,43
35128,83990,33
35130,40690,48
35131,43738,39
35133,50313,42
35135,68681,35
35136,50114,39
35143,72500,38
35146,86614,25
35147,91739,23
35148,56574,49
35150,45768,49
35151,68239,37
35160,52838,48
35171,71875,35
35172,39844,35
35173,117105,28
35175,74600,40
35176,49348,31
35178,55299,34
35179,72956,35
35180,74832,35
35183,69167,53
35184,54756,34
35186,102615,28
35188,73438,30
35203,47434,88
35204,35420,75
35205,51158,65
35206,42549,68
35207,31486,66
35208,38561,72
35209,71439,52
35210,73061,50
35211,34884,60
35212,36633,66
35213,159824,62
35214,56383,54
35215,52793,51
35216,74525,49
35217,40486,65
35218,30739,75
35221,33472,70
35222,84066,68
35223,168278,59
35224,42639,69
35226,124516,42
35228,50815,66
35233,60336,14
35234,26831,70
35235,63295,45
35242,117047,28
35243,99645,35
35244,113450,30
35401,29152,47
35404,48932,41
35405,62301,33
35406,119250,29
35441,49375,45
35442,44503,51
35443,21389,45
35444,69207,29
35446,39313,28
35447,40000,43
35452,70962,34
35453,68533,31
35456,56574,34
35458,64688,25
35459,36850,43
35460,31250,38
35461,47375,48
35462,31528,46
35463,59464,36
35464,15625,47
35466,53083,38
35470,29475,46
35473,69657,35
35474,87933,27
35475,108559,24
35476,61154,53
35480,88200,25
35481,45207,49
35490,87813,22
35501,54726,52
35503,63508,40
35504,66835,34
35540,65192,35
35541,57143,33
35542,44674,40
35543,29196,46
35544,56131,33
35545,63750,58
35546,69531,36
35548,43958,51
35549,47818,43
35550,42216,46
35552,95759,53
35553,63207,36
35554,49250,51
35555,47020,49
35559,26023,35
35563,52576,51
35564,44096,32
35565,45598,48
35570,63639,48
35571,35750,56
35572,70911,31
35574,41818,53
35575,45938,41
35576,72292,51
35578,55754,46
35579,46968,43
35580,52135,47
35581,43555,39
35582,48235,53
35584,26750,52
35585,92679,42
35586,38286,45
35587,54773,38
35592,45526,48
35593,54559,41
35594,44732,46
35601,51429,58
35603,81490,34
35610,98188,40
35611,57377,41
35613,100845,24
35614,56967,35
35616,48720,55
35618,50750,43
35619,65863,31
35620,78247,33
35621,78633,29
35622,66506,41
35630,46304,55
35633,76637,41
35634,71452,40
35640,76620,41
35643,59076,33
35645,87958,37
35646,71217,41
35647,90139,36
35648,79500,38
35649,144000,88
35650,67416,39
35651,79310,33
35652,66798,37
35653,52600,45
35654,60674,39
35660,40065,64
35661,74310,36
35670,51864,38
35671,86163,37
35672,61925,40
35673,80842,33
35674,64706,41
35677,51964,39
35739,70354,30
35740,46148,50
35741,124650,31
35744,54868,35
35745,33945,53
35746,50357,33
35747,76420,31
35748,103563,33
35749,103901,22
35750,68389,34
35751,49813,33
35752,58977,37
35754,96071,39
35755,41964,31
35756,129852,13
35757,106175,19
35758,117380,27
35759,102880,17
35760,71622,37
35761,79440,29
35763,123497,20
35764,43603,35
35765,64009,35
35768,52959,48
35769,55687,39
35771,51875,39
35772,39313,44
35773,74511,28
35774,96250,25
35775,51409,43
35776,54458,39
35801,105585,61
35802,76324,46
35803,100846,39
35805,35385,57
35806,86768,20
35808,142273,33
35810,51233,57
35811,90812,35
35816,40242,49
35824,103619,20
35901,48876,58
35903,53122,54
35904,43771,65
35905,67042,47
35906,56420,37
35907,76390,39
35950,57329,43
35951,54229,39
35952,48361,40
35953,73750,33
35954,59479,52
35956,61290,44
35957,51406,42
35958,50885,33
35959,52356,37
35960,52619,44
35961,46224,45
35962,60392,40
35963,59926,43
35966,43883,39
35967,47051,46
35968,43539,47
35971,58528,45
35972,42457,49
35973,44608,37
35974,52054,48
35975,48225,43
35976,72643,39
35978,55509,44
35979,51833,38
35980,57277,35
35981,45556,36
35983,63793,36
35984,44135,41
35986,68056,34
35987,78906,36
35988,53684,41
35989,43580,39
36003,42554,47
36005,47250,42
36009,38995,51
36010,41503,47
36013,174659,24
36016,41131,45
36017,41167,47
36020,61161,39
36022,89459,26
36024,57595,33
36025,54414,36
36026,87300,32
36027,47825,43
36028,48750,42
36029,49594,28
36030,51667,42
36031,50476,45
36032,35256,33
36033,37975,49
36034,56094,31
36035,53125,41
36036,47557,37
36037,45677,47
36038,53250,48
36039,38375,34
36040,37872,39
36041,60903,40
36042,61120,37
36043,73571,37
36046,41974,33
36047,50441,32
36048,44158,38
36049,51126,45
36051,66726,41
36052,147656,26
36053,49357,42
36054,68438,31
36064,119853,18
36066,86278,27
36067,65593,35
36069,53750,31
36071,86324,39
36075,53505,42
36078,69289,44
36079,59405,31
36080,70703,36
36081,44375,41
36083,46024,45
36088,35125,54
36089,24109,41
36091,61214,32
36092,78094,32
36093,120693,25
36104,33823,71
36105,41486,68
36106,69087,49
36107,32492,74
36108,33291,55
36109,59193,55
36110,47315,59
36111,61259,58
36113,127558,88
36115,63672,47
36116,55160,44
36117,74720,32
36201,37614,64
36203,69485,41
36205,24734,47
36206,51116,50
36207,67969,49
36250,83406,37
36251,50466,42
36255,84792,40
36256,64167,46
36258,58993,41
36260,73007,41
36262,68611,31
36263,36824,47
36264,49814,41
36265,55294,36
36266,48924,36
36268,55625,35
36269,44618,35
36271,68250,36
36272,51635,48
36273,90278,34
36274,50621,45
36276,52471,52
36277,62610,49
36278,58214,30
36279,53024,33
36280,72813,41
36301,50125,45
36303,54147,48
36305,84302,28
36310,34744,45
36311,51563,35
36312,56994,40
36314,62047,34
36316,77016,37
36317,97688,32
36318,49826,55
36319,62159,44
36320,50000,43
36321,64267,31
36322,47276,43
36323,45819,47
36330,75765,36
36340,50111,53
36343,47188,40
36344,60377,50
36345,71453,41
36346,56458,44
36350,55366,35
36351,69583,42
36352,71997,34
36353,66318,47
36360,51181,47
36362,74541,38
36370,51765,36
36371,50625,48
36373,55800,46
36375,57656,38
36376,49700,42
36401,40792,44
36420,49347,51
36421,65801,39
36425,37750,43
36426,51417,43
36432,40962,44
36435,63355,54
36441,50349,42
36442,62847,47
36444,60144,27
36445,39421,40
36446,58571,59
36451,54417,48
36453,54485,49
36455,32125,63
36456,66150,45
36460,41008,44
36467,41708,51
36471,40921,49
36473,81563,30
36474,44141,46
36475,45039,43
36477,50517,47
36480,49342,40
36481,33125,56
36482,69671,40
36483,53571,45
36502,44360,42
36505,97344,37
36507,50120,41
36509,33488,50
36511,87607,30
36518,87768,39
36521,76688,35
36522,52984,40
36523,61607,41
36524,45962,51
36525,66719,44
36526,88750,29
36527,120189,22
36528,67206,33
36529,76339,42
36530,63393,31
36532,89694,27
36535,66714,24
36538,37181,46
36539,55625,52
36540,29609,45
36541,66236,35
36542,79639,26
36544,54169,37
36545,46553,44
36548,78676,49
36549,63019,32
36551,76354,26
36553,51897,36
36555,86705,44
36558,63967,41
36560,43426,46
36561,98295,26
36562,38094,30
36567,66432,29
36569,55774,46
36571,62047,45
36572,99773,43
36574,50915,30
36575,75884,30
36576,81048,30
36578,53490,31
36579,74375,40
36580,62802,27
36582,64763,37
36583,48438,40
36584,30639,40
36585,106607,33
36587,72657,34
36602,41420,52
36603,26879,63
36604,66357,79
36605,43538,61
36606,51303,63
36607,42772,70
36608,61146,47
36609,49830,45
36610,30529,67
36611,46559,63
36612,38056,59
36613,52080,44
36617,40900,62
36618,61550,48
36619,64755,47
36693,68933,48
36695,76040,29
36701,39815,50
36703,32227,49
36720,17917,32
36722,95313,32
36723,51667,37
36726,46030,45
36727,31548,33
36728,17679,32
36732,42216,49
36736,55759,37
36738,34583,38
36740,44737,42
36742,31231,34
36744,30518,46
36748,42826,48
36749,39167,45
36750,49345,44
36751,47011,31
36752,44153,33
36754,39583,37
36756,38527,38
36759,30441,36
36761,26743,48
36763,89000,58
36765,51875,37
36767,41429,35
36768,35735,44
36769,36884,36
36773,40208,28
36776,16765,38
36782,51429,43
36783,47917,47
36784,48434,45
36785,29619,44
36786,33375,46
36792,43295,44
36793,50208,33
36801,62414,38
36804,61880,29
36830,70188,28
36832,42717,24
36850,42000,46
36852,71071,34
36853,73594,32
36854,55973,38
36855,46765,37
36856,75381,15
36860,43451,40
36861,65577,35
36862,37719,46
36863,51130,51
36866,49028,44
36867,48026,47
36869,50061,40
36870,72500,29
36871,51490,49
36874,66986,28
36875,55896,36
36877,78103,30
36879,93029,28
36901,52585,51
36904,44250,50
36907,45444,44
36908,68125,40
36912,39926,43
36915,37105,38
36916,29483,39
36919,59091,36
36921,40481,34
36925,29342,53
37010,118179,26
37012,49265,40
37013,72755,30
37014,105125,28
37015,79092,34
37016,64821,55
37018,63091,30
37019,47083,46
37020,86034,26
37022,79375,30
37023,75391,30
37025,77846,33
37026,43005,31
37027,154578,30
37028,77656,51
37029,97222,31
37030,61800,48
37031,98114,25
37032,88157,34
37033,68284,44
37034,88275,27
37035,94068,31
37036,73102,41
37037,102645,22
37040,67745,25
37042,70393,28
37043,95219,28
37046,178228,15
37047,64688,41
37048,100446,33
37049,90048,29
37050,56927,38
37051,69545,29
37052,69423,35
37055,69821,40
37057,78940,51
37058,58871,38
37059,49510,44
37060,97386,29
37061,59670,42
37062,91750,31
37064,127771,28
37066,81614,24
37067,111759,22
37069,157939,33
37072,78123,38
37073,89065,31
37074,71914,35
37075,101850,37
37076,74663,35
37078,54219,53
37079,86804,33
37080,87963,39
37082,98361,34
37083,61843,36
37085,119405,25
37086,78857,25
37087,82143,29
37090,84299,20
37091,62184,41
37095,64792,46
37096,63782,40
37097,50658,37
37098,63371,36
37101,78043,41
37110,52932,48
37115,54566,49
37118,74592,48
37122,112967,23
37127,91401,25
37128,93665,18
37129,91259,27
37130,62706,35
37134,78884,50
37135,148819,14
37137,55893,32
37138,85149,43
37140,62232,35
37141,76250,49
37142,59083,33
37143,96929,36
37144,64620,34
37145,69150,36
37146,110938,25
37148,81633,30
37149,78345,34
37150,33047,46
37151,102168,29
37153,99143,25
37160,64800,38
37165,36000,32
37166,52797,38
37167,84351,28
37171,118045,36
37172,72168,36
37174,105181,16
37175,53125,44
37178,72692,48
37179,136188,20
37180,96500,26
37181,78625,43
37183,81126,38
37184,83125,31
37185,51314,49
37186,59545,37
37187,76228,38
37188,90856,25
37189,87047,42
37190,64792,39
37191,91455,35
37201,114229,24
37203,71281,13
37204,109580,33
37205,139152,55
37206,96169,57
37207,61744,48
37208,65556,23
37209,81423,29
37210,50284,50
37211,71399,46
37212,95145,57
37214,72012,43
37215,155863,46
37216,86701,66
37217,62796,48
37218,61919,49
37219,105476,20
37220,180417,64
37221,97751,35
37228,60378,12
37301,35417,33
37302,128885,26
37303,62078,48
37305,61167,45
37306,39375,33
37307,73854,35
37308,80394,27
37309,63699,36
37310,81645,33
37311,47153,47
37312,78261,36
37313,43218,36
37317,72371,47
37318,52125,56
37321,54684,38
37322,57929,34
37323,68768,38
37324,50417,43
37325,66204,35
37327,60584,35
37328,64550,45
37329,71375,43
37330,70952,36
37331,55662,53
37332,59479,35
37333,26786,35
37334,62525,46
37335,66316,34
37336,66739,31
37337,48359,46
37338,49592,29
37339,49063,46
37340,12791,36
37341,92120,39
37342,68487,37
37343,82227,43
37345,58750,49
37347,62831,41
37348,39542,35
37350,201000,74
37351,50250,88
37352,68438,37
37353,74252,40
37354,54550,36
37355,63357,37
37356,59026,32
37357,59268,35
37359,77941,31
37360,87782,43
37361,84545,36
37362,52019,42
37363,97399,23
37365,54907,46
37366,58616,49
37367,55154,35
37369,59408,49
37370,61125,29
37373,54974,34
37374,67826,32
37375,71204,43
37377,119636,43
37379,88875,33
37380,59304,46
37381,56869,35
37385,60472,35
37387,46944,40
37388,59537,46
37391,39464,30
37394,48523,55
37396,26023,50
37397,54750,42
37398,63730,39
37402,24214,50
37403,81136,50
37404,56637,79
37405,81337,45
37406,44850,56
37407,35845,71
37408,81250,15
37409,74754,85
37410,28708,51
37411,56579,69
37412,62508,62
37415,70972,54
37416,70705,51
37419,74787,44
37421,82517,37
37601,50686,45
37604,52345,46
37615,77525,31
37616,67662,37
37617,64764,43
37618,63851,44
37620,56128,53
37640,55402,35
37641,66570,39
37642,59484,38
37643,51831,54
37645,68866,48
37650,50654,52
37656,63617,47
37657,73108,39
37658,37995,50
37659,71110,37
37660,49191,48
37663,76007,49
37664,63653,52
37665,50991,70
37680,48324,51
37681,65857,41
37683,55979,44
37686,84264,29
37687,49914,44
37688,53333,54
37690,74286,30
37691,13976,67
37692,53531,43
37694,81250,35
37701,66132,53
37705,79262,37
37708,42152,36
37709,75799,32
37710,28362,43
37711,42406,39
37713,54000,40
37714,56172,38
37715,26413,49
37716,64915,42
37721,64892,33
37722,55000,33
37723,60526,43
37724,31941,36
37725,68385,31
37726,66875,30
37727,47652,36
37729,42772,44
37730,44688,32
37731,53105,32
37737,81706,31
37738,57330,37
37742,88983,33
37743,54566,45
37745,57159,46
37748,64883,50
37752,60028,43
37753,49375,33
37754,75774,35
37755,46238,36
37756,35025,40
37757,63346,37
37760,66190,41
37762,42392,46
37763,81000,39
37764,70989,31
37765,23289,56
37766,50063,45
37769,61250,49
37770,47835,34
37771,66938,43
37772,100711,29
37774,87718,31
37777,75648,40
37779,51357,33
37801,73508,30
37803,83446,38
37804,79025,46
37806,59605,44
37807,62673,36
37809,50192,40
37810,32917,46
37811,52047,34
37813,48011,51
37814,55650,46
37818,49618,38
37820,66616,36
37821,44161,43
37825,49625,34
37826,63431,31
37828,78750,58
37829,90691,37
37830,72269,61
37840,75881,47
37841,50998,40
37843,58021,34
37845,15486,79
37846,71786,35
37847,35066,35
37849,84275,33
37852,36639,33
37853,69075,44
37854,55856,53
37857,54536,42
37860,73875,29
37861,52265,33
37862,59792,31
37863,53191,32
37865,88231,33
37866,77091,23
37869,39331,43
37870,55516,38
37871,70938,38
37872,58906,46
37873,44390,41
37874,53605,36
37876,58277,28
37877,77624,39
37878,54821,34
37879,47864,39
37880,65208,33
37881,37443,37
37882,69012,31
37885,78793,25
37886,82009,30
37887,65137,47
37888,45669,42
37890,59355,42
37891,47288,33
37892,42734,32
37902,50161,64
37909,66984,43
37912,47416,47
37914,59856,60
37915,26379,45
37916,14925,29
37917,54423,76
37918,69752,40
37919,72645,49
37920,66362,50
37921,60013,48
37922,132807,28
37923,73699,41
37924,80112,36
37931,92150,29
37932,119703,22
37934,132264,35
37938,84135,32
38001,53438,51
38002,116895,24
38004,92928,24
38006,70047,37
38008,43789,46
38011,70150,35
38012,45974,50
38015,69141,47
38016,76569,28
38017,138677,28
38018,90004,29
38019,61826,45
38023,78568,32
38024,57061,49
38028,151389,30
38030,123750,48
38034,47241,41
38037,51976,46
38039,39020,48
38040,49833,50
38041,41042,38
38042,46875,49
38044,46471,33
38047,58438,43
38049,59500,34
38050,65403,55
38052,50588,45
38053,58194,46
38057,90340,37
38058,83750,33
38059,62281,46
38060,92338,21
38061,38047,34
38063,49403,45
38066,107660,25
38067,57689,37
38068,64732,37
38069,60989,44
38070,61062,22
38075,44444,37
38076,77917,39
38079,27500,48
38080,30313,54
38103,76278,27
38104,58117,77
38105,34015,56
38106,30232,72
38107,35265,72
38108,36257,70
38109,37496,62
38111,52589,70
38112,55207,76
38114,34206,71
38115,45636,45
38116,42183,60
38117,85633,68
38118,43446,53
38119,89289,47
38120,123538,50
38122,48710,70
38125,86162,30
38126,30071,47
38127,36901,60
38128,47645,51
38133,81659,33
38134,60622,47
38135,97282,33
38138,136297,47
38139,178661,37
38141,60817,41
38201,48466,49
38220,46791,51
38221,52714,45
38222,54471,32
38224,58182,56
38225,50545,56
38229,58715,42
38230,55365,57
38231,37188,42
38232,46272,38
38233,60000,58
38235,63750,64
38236,63598,43
38237,51670,45
38240,53095,51
38241,64125,43
38242,47938,47
38251,54449,47
38253,69954,33
38255,45990,55
38256,56023,33
38257,58849,52
38258,50921,55
38259,39896,60
38260,49139,44
38261,55876,53
38301,43227,55
38305,68977,34
38310,50232,39
38311,68203,23
38313,85625,32
38315,50089,38
38316,50700,53
38317,41545,54
38318,107845,35
38320,56096,49
38321,56474,33
38326,49026,33
38327,39773,39
38328,104758,30
38329,53052,45
38330,60688,57
38333,40417,38
38334,66563,36
38337,63575,53
38338,56250,81
38339,68646,39
38340,63700,39
38341,48944,37
38342,38466,53
38343,58260,47
38344,54395,48
38345,48333,47
38347,58189,68
38348,52604,34
38351,54709,38
38352,36976,32
38355,108982,24
38356,60594,38
38357,56224,40
38358,62639,49
38361,60097,34
38362,60714,31
38363,43704,47
38366,58802,37
38367,58571,40
38368,65441,33
38369,50417,54
38370,66218,29
38371,45714,50
38372,51053,44
38374,38389,41
38375,53597,47
38376,46484,41
38379,41136,46
38380,61319,31
38381,51313,40
38382,63894,54
38387,61477,29
38388,59519,30
38389,70625,88
38390,48021,41
38391,77153,37
38392,51477,49
38401,68475,39
38425,51516,51
38449,62083,32
38450,42887,49
38451,90163,38
38452,54236,40
38453,75208,27
38454,61914,35
38455,158125,50
38456,49643,40
38457,53333,68
38459,96429,33
38460,101914,36
38461,66406,33
38462,58946,40
38463,58059,37
38464,50853,45
38468,61887,40
38469,67566,47
38471,65774,40
38472,69861,37
38473,54526,42
38474,59724,42
38475,55795,40
38476,83654,27
38477,60542,45
38478,61295,46
38481,49567,52
38482,90272,29
38483,61293,28
38485,52933,45
38486,48953,41
38487,104458,54
38488,77875,31
38501,52145,35
38504,43542,31
38506,70279,34
38541,41151,44
38543,87917,34
38544,69823,32
38545,59512,40
38547,80843,29
38549,49617,34
38551,39821,41
38552,71250,43
38553,63500,40
38554,31771,31
38555,56818,36
38556,45443,40
38558,72819,29
38559,43961,38
38560,77986,43
38562,39398,40
38563,50313,38
38564,88947,30
38565,51635,32
38567,100368,34
38568,61556,43
38570,41785,50
38571,58498,31
38572,56609,29
38573,49583,42
38574,52223,35
38575,39323,45
38577,52578,44
38578,54063,41
38579,51940,34
38580,70081,35
38581,55985,48
38582,93333,30
38583,54644,42
38585,48015,47
38587,51500,49
38588,44583,38
38589,58750,18
38601,47941,32
38603,43676,50
38606,54539,36
38610,51675,44
38611,58830,30
38614,37383,61
38617,19861,38
38618,66244,35
38619,35379,42
38620,45539,36
38621,36685,51
38622,30400,47
38625,43906,31
38626,65000,23
38627,62826,24
38629,69135,39
38631,29583,41
38632,93583,25
38633,33029,37
38635,55625,39
38637,53311,35
38639,35313,45
38641,96208,31
38642,59388,43
38643,19976,56
38645,46806,48
38646,38618,61
38647,62820,27
38650,65000,42
38651,98760,24
38652,54980,43
38654,103092,25
38655,68235,26
38658,78125,31
38659,39593,31
38661,69276,30
38663,52141,41
38664,40791,27
38665,80223,30
38666,36892,42
38668,71827,35
38670,38342,33
38671,61843,34
38672,116184,18
38673,92350,16
38674,66049,44
38676,33943,40
38680,59503,29
38683,39107,40
38685,41210,40
38701,40854,54
38703,44291,56
38720,62639,42
38721,31385,47
38722,21818,51
38725,47115,49
38726,31929,40
38730,73938,56
38732,44705,50
38737,28343,50
38740,49172,27
38744,22547,26
38748,44615,48
38751,44699,54
38753,59000,49
38754,38173,47
38756,45625,52
38759,77083,46
38760,37679,49
38761,33625,46
38762,27000,49
38764,26042,32
38765,67344,52
38769,20104,45
38771,33547,50
38772,181375,54
38773,30661,45
38774,19811,54
38778,40179,42
38781,2499,48
38801,62946,42
38804,64420,45
38821,58834,47
38824,48151,39
38826,75862,31
38827,59226,54
38828,65025,37
38829,51859,46
38833,52917,51
38834,50356,46
38838,46528,44
38839,40536,50
38841,54007,27
38843,56028,45
38844,65734,34
38846,60078,40
38847,50353,41
38848,80962,45
38849,76019,31
38850,52807,43
38851,45365,46
38852,52942,44
38855,68307,40
38856,66686,40
38857,93021,34
38858,56037,39
38859,41389,39
38860,41293,50
38862,52750,36
38863,49528,39
38864,54130,44
38865,55380,41
38866,78791,28
38868,41030,40
38869,62955,49
38870,70667,52
38871,63906,37
38873,54107,40
38876,37462,33
38878,42472,40
38901,48848,46
38913,21387,41
38914,46250,36
38915,44375,49
38916,48094,45
38917,60432,41
38920,42014,55
38921,37326,45
38922,36473,47
38923,62391,31
38924,43750,47
38925,41217,35
38927,48611,44
38928,35438,57
38929,68202,40
38930,35453,53
38940,64048,32
38941,38705,51
38943,43242,44
38944,39934,51
38948,29400,38
38951,40568,50
38952,68958,53
38953,36454,35
38954,38293,44
38957,41181,57
38961,46792,35
38963,45128,52
38965,58258,45
38966,32208,42
38967,39663,45
39038,33538,52
39039,60175,34
39040,61250,43
39041,41137,42
39042,88597,31
39044,74417,34
39045,39021,38
39046,49132,33
39047,100347,26
39051,48547,44
39056,75110,44
39057,62349,35
39059,49946,40
39062,32292,56
39063,30967,54
39066,46458,34
39067,67250,51
39069,38324,39
39071,54700,41
39073,66829,34
39074,46030,38
39079,16914,42
39082,58242,48
39083,44930,42
39086,25833,41
39090,48036,48
39092,31937,35
39094,56422,40
39095,43077,43
39096,48864,34
39097,21622,40
39108,51938,38
39110,125506,24
39111,49140,42
39113,15179,44
39114,60286,42
39116,72109,41
39117,58438,39
39119,49766,36
39120,43632,54
39140,43938,46
39145,64318,34
39146,31436,41
39149,67880,31
39150,35265,45
39152,42096,35
39153,60833,43
39154,72783,35
39156,56933,48
39157,66068,35
39159,45995,49
39160,58933,33
39162,119922,53
39166,58833,37
39168,45298,41
39169,36231,39
39170,66638,32
39175,46488,43
39176,47195,43
39177,55167,50
39179,33500,43
39180,56837,49
39183,73946,44
39189,49083,42
39191,56883,42
39192,48750,43
39194,32260,46
39201,59063,59
39202,38554,70
39203,26569,66
39204,30237,58
39206,42686,58
39208,65480,41
39209,36344,59
39211,69426,50
39212,50722,54
39213,29541,59
39216,43750,56
39218,65327,32
39232,82931,25
39272,71962,25
39301,41766,50
39305,67712,48
39307,30413,54
39320,70852,31
39322,37218,34
39323,56944,24
39325,88112,32
39326,58789,50
39327,57667,36
39328,42930,45
39330,58462,37
39332,65286,49
39335,85804,37
39336,38750,33
39337,61750,39
39338,50085,40
39339,48911,48
39341,45535,47
39342,45298,29
39345,40105,48
39346,62439,50
39347,49265,34
39348,22200,47
39350,54779,41
39352,68801,47
39354,66758,42
39355,50022,44
39356,35000,33
39358,51786,47
39359,39688,50
39360,31714,38
39361,30877,37
39362,40417,41
39363,31875,57
39364,65294,34
39365,57069,45
39367,37409,43
39401,41127,44
39402,75220,31
39421,54844,35
39422,51670,40
39423,54583,33
39425,69525,22
39426,73571,30
39427,31860,33
39428,46466,37
39429,46401,46
39437,56240,38
39439,34250,34
39440,46947,56
39443,59388,40
39451,67576,41
39452,59865,37
39455,54206,33
39456,41818,41
39459,53581,37
39461,56375,32
39462,44513,26
39464,71875,34
39465,74035,37
39466,52765,42
39470,52929,36
39474,35586,41
39475,63887,27
39476,58919,40
39477,52750,51
39478,47686,43
39479,47426,36
39480,74853,38
39481,61458,33
39482,64321,27
39483,36992,44
39501,34758,51
39503,62641,28
39507,54657,43
39520,62176,28
39525,87407,29
39530,41117,58
39531,54218,41
39532,68710,26
39540,66016,23
39553,57460,44
39556,60739,32
39560,69769,39
39561,90469,25
39562,61159,43
39563,44243,58
39564,78596,36
39565,87739,25
39567,62254,58
39571,70430,24
39572,44786,22
39573,69456,25
39574,70094,30
39576,70217,22
39577,50938,35
39581,37927,51
39601,43936,44
39629,68724,39
39630,25484,51
39631,36790,47
39633,42228,49
39638,37185,44
39641,65010,37
39643,56042,47
39645,40231,43
39647,67639,48
39648,42737,43
39652,42966,43
39653,53689,46
39654,41370,46
39656,41786,48
39661,63125,41
39663,46484,39
39664,42500,40
39665,32875,46
39666,45482,37
39667,44934,45
39668,39040,41
39669,27364,44
39701,32599,56
39702,54650,44
39705,68487,39
39730,43336,47
39735,51820,49
39736,19402,47
39739,24831,43
39740,83240,37
39741,53348,36
39743,51654,35
39744,44548,43
39745,46778,47
39746,58125,38
39747,57522,43
39750,49402,46
39751,74226,39
39752,78750,43
39755,29922,38
39756,57782,25
39759,46398,32
39766,65707,40
39769,69079,39
39771,59583,49
39772,44318,42
39773,40019,45
39776,50909,33
39813,47634,47
39815,45800,48
39817,53065,36
39819,55426,45
39823,55441,41
39824,49353,29
39825,65254,34
39826,46875,52
39827,61172,34
39828,53901,35
39834,47708,40
39837,52596,45
39840,22540,42
39841,66500,47
39842,43871,48
39845,50130,46
39846,36661,52
39851,48382,42
39854,41536,36
39861,39965,40
39862,46458,43
39866,31023,48
39867,48077,54
39870,50938,48
39877,51250,49
39886,35395,46
39897,54639,43
40003,97681,33
40004,66578,34
40006,59477,35
40007,64417,72
40008,66486,40
40009,63889,38
40010,196125,19
40011,70881,49
40012,105033,29
40013,100226,28
40014,121189,32
40019,60761,50
40020,90712,54
40022,98333,30
40023,144635,20
40025,250001,54
40026,134254,40
40031,98513,32
40033,57647,48
40037,70000,39
40041,153214,12
40045,76607,47
40046,66000,31
40047,99124,27
40050,44688,53
40051,80337,39
40052,45750,37
40055,97939,29
40056,134115,44
40057,77866,52
40058,66635,55
40059,152727,27
40060,45313,33
40062,52941,25
40065,77869,35
40067,97684,31
40068,80750,31
40069,70788,48
40071,98528,27
40075,64375,41
40076,91786,36
40077,73333,47
40078,54435,40
40104,71111,35
40107,60398,38
40108,77559,36
40109,75495,34
40110,46756,48
40111,41576,45
40115,74722,26
40117,58696,39
40118,59316,56
40119,65500,29
40121,82663,50
40140,81708,27
40142,81037,40
40143,59475,41
40144,41711,30
40145,34237,30
40146,54167,43
40150,65500,46
40152,71406,47
40155,60508,58
40157,58750,40
40160,58506,44
40161,74348,88
40162,84720,29
40165,79540,33
40171,45929,16
40175,77509,30
40176,62422,25
40177,50577,63
40178,53576,35
40202,35584,57
40203,30794,71
40204,71116,88
40205,99966,81
40206,75798,69
40207,101898,66
40208,39560,86
40210,35347,79
40211,31749,77
40212,35753,88
40213,55897,70
40214,54931,62
40215,43725,71
40216,56441,63
40217,69114,84
40218,58811,55
40219,55720,54
40220,78434,51
40222,82511,47
40223,96607,45
40228,79404,34
40229,79936,37
40241,94078,31
40242,75417,50
40243,77587,45
40245,122948,23
40258,68162,55
40272,69940,56
40291,81267,33
40299,89440,32
40310,56477,68
40311,61348,55
40312,42564,42
40313,65409,34
40316,21618,38
40322,52794,40
40324,85110,26
40328,44770,42
40330,63992,48
40336,46367,44
40337,54128,34
40339,130625,59
40342,74408,37
40346,31023,40
40347,85270,50
40348,41979,67
40351,51835,35
40353,57329,42
40356,74495,33
40357,11750,60
40358,92143,33
40359,62542,43
40360,55193,42
40361,63333,46
40370,94234,32
40371,62917,43
40372,74205,32
40374,43607,48
40379,62228,45
40380,37734,40
40383,85213,41
40385,63103,37
40387,45391,33
40390,73767,37
40391,64144,47
40402,56250,31
40403,61771,33
40409,52619,35
40419,56549,33
40422,59615,49
40437,53775,40
40440,54500,46
40444,62463,39
40445,39449,53
40447,34693,38
40456,46907,36
40460,35417,40
40461,71212,51
40464,66932,39
40468,64081,48
40472,41328,57
40475,63050,33
40481,50417,39
40484,52609,41
40486,64917,33
40489,56034,42
40502,76948,61
40503,76482,59
40504,46055,57
40505,58206,61
40507,41329,58
40508,29440,60
40509,94804,24
40510,161938,41
40511,79540,23
40513,128013,31
40514,95914,31
40515,86268,34
40516,84510,34
40517,53670,46
40601,65732,49
40701,47204,39
40729,47077,35
40734,42500,38
40737,47096,38
40740,63701,31
40741,64552,35
40744,64369,35
40759,34909,34
40769,43878,36
40806,59837,47
40807,49118,88
40810,40066,40
40813,81204,51
40815,68155,39
40819,31799,43
40823,35402,51
40824,49667,35
40826,42795,48
40827,53388,33
40828,41354,50
40829,56154,24
40830,21815,50
40831,35404,48
40845,23450,51
40854,55250,55
40855,29891,88
40856,47880,45
40862,41992,52
40863,49578,54
40865,56820,48
40868,41932,42
40870,51452,42
40873,33359,44
40903,60833,45
40906,23375,46
40913,51023,35
40914,26502,31
40915,41822,39
40923,47865,35
40927,52381,62
40935,23157,38
40943,67143,41
40949,54688,52
40953,16375,41
40958,48721,41
40962,42852,37
40965,28685,50
40972,41250,43
40977,37917,46
40982,16442,41
40983,16801,41
40988,38125,40
40995,36188,30
41001,102447,33
41002,68047,54
41003,79625,40
41004,66176,36
41005,112083,29
41006,76921,38
41007,100924,41
41008,59844,47
41010,71204,35
41011,69970,70
41014,61382,88
41015,65683,70
41016,71172,88
41017,97274,46
41018,68605,52
41030,83488,30
41031,64883,45
41033,100260,32
41034,71538,41
41035,68138,34
41039,59250,43
41040,49147,53
41041,42772,44
41042,79712,38
41043,87695,45
41044,54406,35
41045,53824,33
41046,63250,36
41048,137398,24
41049,52969,37
41051,104201,27
41052,70842,24
41055,64967,28
41056,47141,52
41059,58553,53
41063,80469,43
41064,51094,41
41071,59976,67
41073,71166,88
41074,66087,83
41075,104875,71
41076,73283,35
41080,120833,51
41083,53088,26
41085,77757,88
41086,61824,32
41091,136307,21
41092,85625,33
41093,60350,34
41094,96515,28
41095,66905,35
41097,77524,48
41098,33125,41
41101,53889,60
41102,67879,52
41121,51314,38
41124,55139,44
41129,60885,49
41132,34471,51
41135,62344,32
41139,59034,50
41141,36508,46
41143,49257,38
41144,60413,46
41146,52653,53
41149,40313,56
41159,45096,37
41164,53579,42
41166,60543,52
41168,84338,33
41169,66473,57
41171,42609,40
41174,56357,48
41175,42419,51
41179,39217,40
41180,41538,45
41183,65609,61
41189,52712,33
41201,107905,30
41204,48636,30
41214,32039,46
41216,47542,33
41219,48365,41
41222,40859,44
41224,38816,45
41226,26250,30
41230,45239,37
41231,60875,36
41232,11049,28
41234,70288,52
41238,47273,42
41240,38041,47
41250,40286,38
41255,57697,30
41256,60583,48
41257,35469,33
41262,44107,39
41263,58125,26
41264,66250,33
41265,35833,46
41268,67009,46
41271,29712,29
41301,33984,35
41311,39158,38
41314,25911,36
41317,18906,35
41332,66591,47
41339,34764,37
41348,34732,32
41352,56250,30
41360,23438,35
41364,13284,35
41421,26500,25
41425,43917,35
41465,33772,40
41472,47412,36
41501,47349,38
41503,56484,45
41512,37708,47
41513,53992,58
41514,39545,39
41519,51957,36
41522,37331,43
41527,90260,23
41528,73419,36
41531,63333,49
41535,31284,45
41537,35673,47
41539,65033,34
41540,64250,31
41543,18286,47
41544,32500,43
41547,12410,46
41548,22755,57
41554,29353,40
41555,90551,53
41557,57031,41
41558,50511,39
41559,28279,14
41560,80833,57
41562,40104,50
41563,46250,36
41564,56548,25
41567,35192,88
41568,27933,39
41571,45972,26
41572,40028,41
41601,75227,44
41602,116806,88
41603,62986,46
41605,32050,70
41606,28068,52
41607,36635,35
41615,88633,45
41622,30139,36
41630,42417,52
41632,27143,35
41635,41292,36
41636,67663,38
41640,33398,43
41642,95625,37
41643,24732,33
41645,76827,38
41647,36234,42
41649,36023,42
41650,25921,42
41651,9242,45
41653,40542,45
41659,36143,34
41660,74107,16
41663,14036,50
41666,61302,50
41667,40197,67
41669,36042,71
41701,39439,42
41722,29568,34
41723,28000,48
41725,65439,52
41727,59676,23
41729,40769,69
41731,52353,38
41735,45893,51
41745,30667,47
41746,103065,29
41749,34934,43
41754,72927,46
41763,70167,34
41764,34556,54
41766,20522,40
41773,50089,39
41774,47083,46
41777,29976,34
41815,24706,50
41817,52417,54
41822,24638,45
41825,51750,36
41826,60500,42
41831,53068,49
41832,29063,30
41834,53112,66
41835,24286,88
41836,63625,48
41837,41652,46
41838,42962,70
41840,58428,54
41843,94375,13
41844,31690,49
41849,65221,41
41855,59132,49
41858,45933,43
41859,46406,50
41861,28906,43
41862,68969,43
42001,71365,50
42003,55791,48
42020,64838,30
42021,56477,45
42022,92176,88
42023,63229,49
42024,46925,48
42025,70067,43
42027,58056,38
42028,51250,53
42029,64083,49
42031,57097,50
42032,34706,67
42035,55515,45
42036,97904,39
42038,65056,38
42039,70726,43
42040,51141,44
42041,36045,57
42044,57333,34
42045,50549,42
42047,2499,33
42048,55714,43
42049,52917,50
42050,41800,53
42051,76000,39
42053,80765,39
42054,58911,48
42055,63456,36
42056,56776,46
42058,66852,49
42064,47107,52
42066,48664,51
42069,48929,47
42071,50198,44
42076,36250,34
42078,56397,50
42079,59375,61
42081,92868,44
42082,67000,33
42083,53864,51
42085,57679,52
42086,77591,37
42087,58802,43
42088,52745,50
42101,48217,35
42103,87689,32
42104,75164,30
42120,64958,28
42122,113705,34
42123,61010,34
42127,42893,39
42129,53609,40
42133,62353,42
42134,59113,48
42140,46813,52
42141,52896,42
42151,108056,34
42154,58036,35
42156,98000,41
42157,101250,48
42159,66756,54
42160,49364,42
42164,60106,35
42166,49783,39
42167,48497,50
42170,96111,41
42171,70191,32
42202,62656,50
42204,61452,46
42206,66815,43
42207,45463,42
42210,48333,38
42211,59804,41
42214,47188,31
42215,83098,34
42217,65357,41
42220,60965,40
42223,61598,37
42232,90265,48
42234,58259,50
42236,68819,47
42240,51534,48
42254,47250,53
42256,58794,48
42259,33566,36
42261,52953,40
42262,51975,28
42266,71250,38
42273,59745,28
42274,80704,41
42275,45391,47
42276,57144,48
42285,53500,45
42286,65938,34
42301,66885,51
42303,64773,49
42320,54730,41
42321,53750,50
42323,53438,49
42324,77898,39
42325,78750,44
42326,42167,41
42327,66836,46
42328,57679,48
42330,50226,49
42333,33969,47
42337,36875,46
42339,46667,50
42343,52679,38
42344,40972,36
42345,62222,48
42347,60900,47
42348,56500,43
42349,58601,41
42350,103875,51
42351,76213,49
42352,53750,54
42354,65625,37
42355,60125,47
42361,43750,46
42366,87672,36
42367,51397,52
42368,76208,34
42369,62750,52
42371,130250,62
42372,48090,46
42374,41534,51
42376,76098,35
42378,73419,38
42404,61293,52
42406,62470,48
42408,60900,53
42409,60000,45
42410,38194,74
42411,61063,47
42413,95417,37
42420,57053,51
42431,54905,50
42436,70694,32
42437,65256,50
42441,54219,33
42442,58190,48
42445,55096,52
42450,54710,55
42451,57100,57
42452,80069,46
42453,53939,68
42455,68324,45
42456,59500,37
42458,58839,69
42459,51563,58
42461,47746,47
42462,66373,43
42463,36250,44
42464,45893,46
42501,48965,48
42503,54707,34
42516,43375,42
42518,54103,47
42519,41964,42
42528,50227,32
42533,41000,52
42539,40862,43
42541,43232,48
42544,60895,35
42553,52737,42
42565,70692,36
42566,60156,31
42567,46526,43
42602,44375,42
42603,53229,25
42629,36484,35
42633,46040,41
42634,31250,47
42635,24412,36
42638,11595,44
42642,52633,36
42647,31927,44
42649,38382,28
42653,42656,40
42701,69619,37
42712,45870,36
42713,60000,42
42716,72125,38
42717,42978,40
42718,57243,47
42721,49583,40
42722,60110,25
42724,73465,31
42726,60078,34
42728,51623,44
42729,54706,34
42732,73148,31
42733,81250,42
42740,88066,43
42741,78269,23
42743,49457,52
42746,50000,50
42748,65691,45
42749,45500,50
42753,54565,38
42754,48737,42
42757,52467,45
42764,73929,47
42765,59688,42
42776,58771,36
42782,39193,34
42784,68699,36
43001,93804,43
43002,102153,15
43003,69852,50
43004,101175,22
43005,72910,88
43006,63152,54
43008,88558,46
43009,102841,35
43010,68500,71
43011,90121,43
43013,131528,33
43014,66481,56
43015,105322,31
43016,109972,24
43017,135922,37
43018,110481,88
43019,68104,56
43021,167941,23
43022,94712,52
43023,142852,37
43025,87381,53
43026,111440,31
43028,91186,30
43029,107744,88
43030,213021,38
43031,110930,37
43033,75833,80
43035,154683,21
43036,77813,88
43037,69625,75
43040,99321,31
43044,76397,56
43045,99181,72
43046,86864,54
43050,64108,62
43054,148100,21
43055,63974,60
43056,80014,41
43060,62014,45
43061,157568,32
43062,105968,30
43064,139591,23
43065,154481,29
43066,129012,46
43067,95903,38
43068,70477,40
43071,78824,47
43072,76375,58
43074,119296,27
43076,91085,36
43077,104545,78
43078,73816,59
43080,87301,42
43081,92422,40
43082,147972,26
43084,78008,55
43085,112517,53
43101,39107,79
43102,90781,36
43103,83291,35
43105,98583,48
43106,82813,48
43107,78482,54
43109,56940,84
43110,77442,26
43111,46694,32
43112,91613,48
43113,67231,55
43115,94265,44
43116,113229,19
43119,91224,32
43123,91008,32
43125,84043,42
43126,63333,88
43127,67500,42
43128,50915,58
43130,72153,56
43135,72823,39
43136,114375,22
43137,49145,41
43138,68051,48
43140,83644,49
43142,55833,64
43143,100333,54
43144,34732,80
43145,73500,58
43146,81191,41
43147,126534,30
43148,72072,56
43149,57500,44
43150,75284,45
43151,62292,88
43153,90417,88
43154,91250,40
43155,90337,56
43156,93542,64
43157,62188,57
43160,61740,56
43162,76250,56
43164,68000,57
43201,43731,53
43202,69524,75
43203,47572,68
43204,59266,67
43205,60181,88
43206,75806,88
43207,63310,61
43209,89713,70
43210,34423,64
43211,42579,75
43212,77257,60
43213,54704,54
43214,94183,71
43215,74087,22
43217,61356,66
43219,52094,47
43220,74298,51
43221,118768,60
43222,32321,88
43223,46911,62
43224,53321,65
43227,48159,66
43228,61713,40
43229,57561,54
43230,91424,39
43231,73986,48
43232,51417,51
43235,86666,39
43240,82895,19
43302,55057,63
43310,68388,51
43311,67914,55
43314,49183,56
43315,73770,42
43316,78828,70
43317,56875,88
43318,91520,53
43319,136141,70
43320,51603,59
43321,48125,54
43322,56250,71
43323,56667,79
43324,56466,55
43326,63785,61
43330,65625,88
43331,60980,51
43332,81382,88
43334,100825,33
43337,70833,67
43338,72311,46
43340,72446,62
43341,54836,56
43342,84803,55
43343,63438,54
43344,80909,58
43345,90821,67
43346,57130,55
43347,93893,49
43348,51426,47
43350,70583,71
43351,67606,55
43356,92870,62
43357,92448,51
43358,89121,62
43359,69167,86
43360,105795,34
43402,52426,46
43406,71597,57
43407,68835,88
43408,61719,76
43410,52500,52
43412,107885,62
43413,80069,71
43416,88611,67
43420,61331,68
43430,73807,70
43431,77526,72
43432,152411,58
43434,72083,88
43435,89000,69
43437,68750,73
43438,82917,39
43440,74818,45
43442,61667,88
43443,97917,76
43445,82670,55
43447,89643,44
43449,71083,54
43450,84375,61
43451,62167,48
43452,67490,48
43456,72969,44
43457,54583,70
43458,78906,71
43460,73882,55
43462,88000,52
43463,69668,75
43464,41471,72
43465,71311,50
43466,87438,57
43467,98333,88
43468,130533,81
43469,86410,70
43501,68203,88
43502,74925,60
43504,91731,65
43506,60234,59
43511,66250,74
43512,71841,56
43515,69536,53
43516,89000,61
43517,58578,64
43518,86200,55
43519,78114,88
43521,60550,76
43522,76583,50
43524,60882,82
43525,108672,26
43526,66912,56
43527,58821,70
43528,93986,35
43529,84167,65
43531,36200,88
43532,88074,49
43533,64342,52
43534,81094,49
43535,67083,63
43536,68625,88
43537,82752,47
43540,119583,49
43541,63438,82
43542,148657,31
43543,56236,63
43545,78548,64
43547,99851,51
43548,96875,63
43549,84189,56
43551,95846,36
43553,88750,88
43554,52917,67
43555,83109,88
43556,73125,54
43557,84950,61
43558,74173,52
43560,109486,45
43565,59167,64
43566,105985,33
43567,70417,53
43569,70898,60
43570,68500,61
43571,108143,44
43604,20734,76
43605,39118,88
43606,66917,73
43607,41335,70
43608,29275,88
43609,42313,83
43610,46469,88
43611,62042,67
43612,50728,74
43613,64384,71
43614,58961,63
43615,57713,49
43616,81829,55
43617,127019,41
43619,76537,52
43620,23483,88
43623,71171,58
43701,57565,57
43713,53927,49
43716,63036,49
43717,48333,80
43718,92576,35
43719,49091,54
43720,52500,46
43723,51474,52
43724,64688,55
43725,57835,60
43727,57373,42
43728,66000,51
43730,45313,43
43731,55581,66
43732,72500,48
43734,113000,47
43736,66875,61
43738,83750,80
43739,99120,30
43740,66806,71
43746,43636,33
43747,77115,49
43748,75644,53
43749,65565,45
43754,75568,53
43755,68581,48
43756,63365,47
43758,61397,43
43759,63750,88
43760,79783,29
43762,80709,53
43764,62083,59
43766,65625,44
43767,75580,47
43768,64063,63
43771,52708,59
43772,47344,60
43773,52826,38
43777,53906,53
43778,65556,40
43780,66080,44
43782,54844,88
43783,67016,47
43786,48750,66
43787,45880,55
43793,49234,54
43802,71875,29
43804,71488,38
43811,35897,81
43812,52904,64
43821,65427,43
43822,60266,45
43824,54757,39
43830,88346,43
43832,58333,63
43836,51250,85
43837,58929,37
43840,63750,65
43842,73328,88
43843,61378,60
43844,61076,50
43845,54177,54
43901,63603,78
43903,73281,61
43905,81295,69
43906,46380,71
43907,46941,64
43908,62841,65
43910,71396,49
43912,55668,74
43913,43914,80
43915,74405,43
43917,59280,77
43920,50251,68
43926,45938,55
43928,90855,77
43930,68382,52
43931,78241,52
43932,54531,64
43933,59881,47
43935,45923,77
43938,55446,71
43939,46250,88
43940,45952,88
43942,51023,56
43943,54784,64
43944,69228,57
43945,62500,54
43946,62832,53
43947,58269,66
43948,142606,88
43950,76175,51
43952,47624,73
43953,74107,58
43961,39500,80
43962,90833,85
43963,56813,79
43964,60365,66
43968,59200,67
43971,49327,70
43972,29182,88
43973,72600,54
43974,70750,73
43976,41651,69
43977,57216,61
43981,56458,52
43983,30714,54
43985,65625,73
43986,54375,76
43988,67174,62
44001,90139,52
44003,56429,48
44004,51034,72
44010,80455,55
44011,135915,25
44012,115567,37
44017,75231,67
44021,82008,63
44022,145882,61
44023,147383,40
44024,107000,47
44026,111761,57
44028,87595,49
44030,63533,72
44032,55188,42
44035,56408,60
44039,96485,31
44040,228942,63
44041,60662,64
44044,88333,52
44045,79408,83
44046,80625,56
44047,60625,54
44048,78690,62
44049,68929,88
44050,103611,35
44052,45023,73
44053,67484,49
44054,75572,56
44055,40636,70
44056,101285,36
44057,75615,50
44060,87599,51
44062,73960,41
44064,73750,54
44065,95442,60
44067,86364,49
44068,57863,74
44070,84363,60
44072,107146,56
44074,80801,56
44076,52500,50
44077,85056,45
44081,96500,47
44082,51687,58
44084,73288,34
44085,66136,42
44086,92143,51
44087,99270,35
44089,70495,52
44090,76906,51
44092,70801,66
44093,74808,58
44094,78772,50
44095,71543,65
44099,92895,49
44102,42714,88
44103,27047,88
44104,24111,73
44105,40906,88
44106,43170,88
44107,68970,88
44108,34745,88
44109,42872,88
44110,31928,85
44111,57252,85
44112,28799,88
44113,71941,86
44114,44002,66
44115,22056,63
44116,93799,64
44117,43013,70
44118,77555,86
44119,44077,81
44120,47126,88
44121,76767,75
44122,101230,67
44123,55676,70
44124,82392,64
44125,57363,71
44126,79269,69
44127,32572,88
44128,43993,68
44129,70651,70
44130,69655,62
44131,100594,61
44132,47969,68
44133,83717,43
44134,68625,68
44135,53848,72
44136,94648,48
44137,53918,71
44138,96603,38
44139,138425,46
44140,132254,66
44141,133875,53
44142,71332,65
44143,81268,57
44144,60223,71
44145,112200,43
44146,54925,62
44147,103125,42
44149,118173,40
44201,79459,52
44202,118750,35
44203,63759,69
44212,91441,41
44214,84861,48
44215,80893,67
44216,98776,56
44217,73603,51
44221,63342,70
44223,90335,64
44224,94287,48
44230,79526,48
44231,78609,53
44233,136915,42
44234,75547,43
44235,76634,35
44236,168595,42
44240,57627,52
44241,88517,37
44250,66328,72
44251,118750,48
44253,91500,35
44254,65865,55
44255,78099,52
44256,99923,36
44260,82444,57
44262,81214,50
44264,101852,31
44266,64918,51
44270,63650,58
44272,83173,47
44273,96431,49
44275,93785,48
44276,86583,56
44278,90120,55
44280,130167,41
44281,89131,47
44285,106429,78
44286,112778,47
44287,73816,45
44288,69205,52
44301,51321,88
44302,42400,88
44303,69743,81
44304,41763,50
44305,52768,76
44306,41688,74
44307,27697,54
44308,11956,88
44310,41066,74
44311,24369,67
44312,65480,64
44313,75671,60
44314,47468,76
44319,79221,62
44320,41241,72
44321,119178,32
44333,131821,52
44401,71953,50
44402,75539,51
44403,60874,54
44404,55972,72
44405,42644,68
44406,98693,42
44408,74028,53
44410,70385,48
44411,77560,48
44412,102726,47
44413,50999,67
44417,52763,55
44418,121378,46
44420,61707,66
44423,80583,58
44424,97500,71
44425,61568,65
44428,59375,64
44429,82397,55
44430,51380,69
44431,68750,67
44432,61125,54
44436,69514,71
44437,76842,63
44438,40877,79
44439,87868,77
44440,64904,55
44441,144412,47
44442,61528,50
44443,56957,50
44444,61441,67
44445,85188,58
44446,50468,62
44449,62188,59
44450,51723,54
44451,61250,61
44452,61602,48
44454,74857,72
44455,71050,46
44460,57423,61
44470,63882,55
44471,54571,75
44473,72978,55
44481,63654,50
44483,49017,70
44484,63630,57
44485,35195,69
44490,38906,55
44491,67589,50
44502,31170,83
44503,12274,88
44504,45299,80
44505,37538,65
44506,21018,85
44507,29176,85
44509,36570,76
44510,20000,46
44511,56880,69
44512,63317,58
44514,79808,58
44515,53252,55
44601,61965,71
44606,76350,47
44608,56875,78
44609,58221,65
44610,26824,52
44611,68809,32
44612,85208,45
44613,58125,69
44614,83671,49
44615,63793,52
44618,74403,47
44620,76827,49
44621,54717,60
44622,70780,54
44624,110972,40
44625,75060,62
44626,78929,59
44627,84010,37
44628,61518,54
44629,81625,70
44632,91061,50
44633,64688,36
44634,80136,62
44637,65625,58
44638,64318,45
44639,70625,88
44640,83603,88
44641,80303,57
44643,84773,50
44644,64637,50
44645,84756,48
44646,69179,58
44647,67140,68
44651,60000,69
44653,71389,88
44654,79345,37
44656,58852,52
44657,62941,57
44659,81406,75
44660,41094,50
44661,50000,88
44662,73098,51
44663,61551,60
44666,101310,64
44667,75616,50
44669,82411,66
44670,82917,63
44671,128917,69
44672,50779,65
44675,83179,49
44676,75738,49
44677,75435,59
44680,69509,50
44681,85769,49
44682,86250,34
44683,54237,65
44685,102773,43
44687,60714,22
44688,66444,70
44689,85714,88
44691,69920,51
44693,120313,88
44695,75051,62
44697,52396,88
44699,50250,32
44702,12411,59
44703,31957,88
44704,31812,85
44705,43439,69
44706,58228,66
44707,44943,70
44708,63706,68
44709,57842,65
44710,47305,81
44714,55905,66
44718,88113,47
44720,82594,49
44721,98210,49
44730,70232,62
44802,80000,56
44804,95469,88
44805,68299,62
44807,87356,88
44811,70060,60
44813,77846,51
44814,68702,59
44815,74688,76
44817,64565,62
44818,63922,88
44820,58223,67
44822,72159,48
44824,79803,59
44825,39643,88
44826,70076,53
44827,56757,65
44830,62990,68
44833,60151,64
44836,79299,53
44837,66650,54
44838,55833,84
44839,87181,52
44840,83021,50
44841,53295,79
44842,72737,64
44843,90366,54
44844,83556,52
44846,93333,61
44847,76060,88
44849,69902,74
44850,69904,85
44851,66408,64
44853,90281,71
44854,70357,85
44855,63125,77
44856,38750,88
44857,64297,54
44859,88750,49
44864,66250,51
44865,76875,61
44866,70208,57
44867,72716,68
44870,62082,64
44874,71667,88
44875,61276,66
44878,74821,63
44880,69505,31
44881,33313,88
44882,73529,53
44883,62692,64
44887,85793,62
44889,86500,49
44890,68587,60
44902,31343,88
44903,67215,61
44904,62364,51
44905,57955,65
44906,52624,57
44907,48008,63
45001,50417,61
45002,81229,35
45003,71250,76
45005,75399,53
45011,91873,35
45013,73633,57
45014,75661,48
45015,48312,73
45030,98598,37
45032,66618,67
45033,42500,69
45034,151875,31
45036,99128,34
45039,108794,28
45040,133240,28
45042,69520,63
45044,73732,49
45050,104282,25
45051,66932,50
45052,101165,42
45053,109148,42
45054,99583,35
45056,49233,43
45062,52917,72
45064,102531,45
45065,104795,20
45066,131250,30
45067,81605,36
45068,96147,41
45069,114631,36
45070,50417,88
45101,40714,48
45102,76763,32
45103,79793,37
45106,71433,52
45107,71510,49
45111,100893,74
45112,51875,74
45113,104750,35
45115,49844,88
45118,97963,35
45119,125260,36
45120,50446,37
45121,60188,49
45122,83342,51
45123,62404,59
45130,83382,53
45131,53125,83
45132,35417,53
45133,61842,45
45135,79629,35
45140,114827,34
45142,66844,49
45144,41489,47
45146,71184,33
45148,78438,41
45150,93595,45
45152,123366,29
45153,57176,48
45154,74087,34
45155,72813,88
45156,63542,54
45157,100407,39
45158,81336,49
45159,82961,35
45162,84722,48
45164,48750,70
45167,68750,62
45168,74167,61
45169,52405,67
45171,73838,37
45172,107951,55
45174,193750,72
45176,67727,45
45177,74051,45
45202,95633,88
45203,21973,48
45204,31236,72
45205,43682,80
45206,62648,82
45207,49801,88
45208,137600,88
45209,93420,77
45211,53868,68
45212,72422,88
45213,76356,88
45214,27852,88
45215,69372,69
45216,44099,88
45217,62200,72
45218,71000,70
45219,35657,76
45220,53440,85
45223,49312,85
45224,56471,67
45225,20348,68
45226,97558,79
45227,71646,75
45229,32263,86
45230,89516,59
45231,71353,62
45232,28367,78
45233,110742,52
45236,84037,67
45237,44913,70
45238,66277,64
45239,60324,66
45240,71947,55
45241,103585,45
45242,124567,50
45243,171172,59
45244,109287,44
45245,80147,41
45246,65370,59
45247,94603,45
45248,84510,53
45249,105804,40
45251,74614,54
45252,84963,35
45255,92035,45
45302,91602,48
45303,65556,70
45304,78125,62
45305,123045,43
45306,86354,55
45307,72500,88
45308,70435,72
45309,75409,57
45310,77917,64
45311,68555,53
45312,91842,56
45314,84844,52
45315,92333,43
45316,83125,88
45317,61429,88
45318,73867,62
45319,67708,88
45320,64903,48
45321,69135,88
45322,75349,52
45323,80781,61
45324,64979,54
45325,81250,61
45326,93472,64
45327,94741,57
45328,63125,83
45330,76964,52
45331,53801,63
45332,77250,56
45333,63906,67
45334,70595,49
45335,81690,53
45336,87500,88
45337,108162,52
45338,74776,64
45339,97750,54
45340,118000,50
45341,56470,65
45342,84907,42
45344,78471,59
45345,80280,59
45346,77083,68
45347,63025,63
45348,120170,52
45349,76750,88
45350,102500,88
45351,101875,55
45352,62500,77
45353,101736,88
45354,66625,88
45356,69188,69
45358,60625,88
45359,77083,71
45360,56250,72
45361,66250,88
45362,61687,53
45363,95268,50
45365,67051,53
45368,60850,54
45369,88578,50
45370,122000,44
45371,93599,41
45372,70500,82
45373,75742,53
45377,77398,53
45378,73000,84
45380,84135,61
45381,62263,56
45382,95652,88
45383,66620,55
45384,67019,58
45385,76564,53
45387,96042,63
45388,86996,88
45389,62250,88
45390,52150,64
45402,48401,85
45403,38323,78
45404,38874,76
45405,43973,79
45406,41796,72
45409,87283,76
45410,46651,88
45414,54485,60
45415,81176,57
45416,46174,67
45417,36945,70
45419,92264,77
45420,60588,72
45424,80605,50
45426,51908,59
45429,80210,64
45430,115461,50
45431,83175,50
45432,83115,66
45433,89615,50
45434,135948,50
45439,52035,57
45440,82383,55
45449,63800,54
45458,110150,36
45459,89592,48
45502,88988,47
45503,59595,58
45504,69960,72
45505,43819,75
45506,42104,75
45601,59748,55
45612,53500,35
45613,30703,48
45614,60000,41
45616,67614,41
45619,58453,51
45620,76646,50
45621,46932,59
45622,48556,33
45623,57118,42
45628,72587,42
45629,60592,40
45631,56835,50
45634,51477,57
45636,73940,41
45638,52728,64
45640,59566,47
45644,74219,45
45645,64632,33
45647,69966,45
45648,72126,42
45651,56294,42
45652,42708,48
45653,82125,41
45654,46111,42
45656,59395,45
45657,63459,46
45658,64162,38
45659,59844,37
45660,57252,44
45661,52633,40
45662,36504,72
45663,48613,62
45669,67500,48
45671,51442,67
45672,49231,39
45673,64438,70
45674,20865,42
45678,62992,47
45679,55028,40
45680,54523,45
45681,49510,45
45682,56250,54
45684,50688,44
45685,61700,40
45686,55030,38
45690,54333,52
45692,55301,48
45693,43977,45
45694,59876,49
45695,50063,42
45697,71439,45
45701,53075,49
45710,80170,42
45711,79464,38
45714,56574,55
45715,47176,59
45716,63750,56
45719,35200,72
45723,57222,44
45724,58500,39
45727,22564,55
45729,82110,42
45732,60605,60
45734,48676,35
45735,51364,50
45740,65417,88
45741,30625,37
45742,78194,48
45743,73603,47
45744,69148,67
45745,44250,48
45746,65161,88
45750,60229,57
45760,46905,55
45761,48750,39
45764,51806,57
45766,72518,34
45767,42813,52
45768,84286,48
45769,50952,52
45771,43750,47
45772,52064,42
45773,69848,46
45775,47036,63
45776,43856,33
45778,57128,31
45779,44375,44
45780,60557,41
45782,47337,80
45784,82713,43
45786,70917,47
45788,100682,48
45789,81649,56
45801,51731,67
45804,44911,66
45805,68842,60
45806,82587,52
45807,70725,52
45808,81875,88
45810,63451,52
45812,44045,51
45813,65054,58
45814,91115,55
45815,60000,66
45816,76719,88
45817,76848,62
45819,67500,88
45820,83125,75
45821,76648,51
45822,70200,51
45826,101250,51
45827,85400,42
45828,72703,50
45830,80897,67
45831,71473,54
45832,83000,68
45833,65000,61
45835,76042,71
45836,56250,88
45838,91181,51
45840,68083,51
45841,96544,88
45843,71541,56
45844,88792,52
45845,95078,44
45846,91736,55
45848,77813,63
45849,77841,61
45850,84886,49
45851,76157,72
45853,87500,46
45854,53125,88
45855,90000,58
45856,86494,63
45858,74709,51
45859,51250,63
45860,111269,58
45861,93269,53
45862,45556,67
45863,56989,61
45864,81875,62
45865,89000,49
45866,80833,79
45867,101250,54
45868,95875,88
45869,88277,59
45870,162813,36
45871,87500,69
45872,62298,74
45873,62162,47
45874,68521,73
45875,93144,50
45876,71125,43
45877,68665,69
45879,64013,55
45880,69500,63
45881,73775,64
45882,74625,70
45883,113967,46
45885,78550,67
45886,65750,71
45887,68409,57
45888,88237,35
45889,93750,58
45890,99079,72
45891,64272,65
45894,81360,72
45895,74783,52
45896,62449,68
45897,56528,47
45898,53783,78
45899,50625,88
46001,70962,60
46011,76391,64
46012,58041,59
46013,49310,57
46016,36029,84
46017,75011,58
46030,90536,49
46031,76438,82
46032,132085,27
46033,153143,33
46034,91466,41
46035,73357,71
46036,62074,73
46037,141810,22
46038,106886,29
46040,147500,22
46041,63157,70
46044,81402,54
46045,160912,52
46048,72102,29
46049,83594,88
46050,74531,85
46051,78333,53
46052,68930,50
46055,113784,19
46056,72423,58
46057,53173,70
46058,77719,59
46060,91918,25
46062,120100,25
46063,48750,74
46064,94609,34
46065,80104,48
46068,98708,58
46069,76990,46
46070,57667,83
46071,85000,69
46072,72375,56
46074,126724,16
46075,117002,13
46076,73889,63
46077,177679,24
46102,64500,83
46103,93750,73
46104,61146,69
46105,87736,46
46106,120072,24
46107,56799,64
46110,68714,54
46111,74167,69
46112,112565,27
46113,84463,26
46115,61406,63
46117,91250,45
46118,78298,52
46120,59970,42
46121,89409,35
46122,99531,38
46123,103485,25
46124,64466,55
46126,70607,56
46127,52639,88
46128,86466,48
46130,124427,46
46131,85076,35
46133,57589,81
46135,73677,52
46140,83056,38
46142,89001,44
46143,91496,26
46144,108333,72
46146,75417,88
46147,80707,57
46148,63914,65
46149,88750,49
46150,52463,77
46151,78812,50
46156,83320,77
46157,86250,33
46158,81096,45
46160,76445,53
46161,78603,50
46162,117969,34
46163,113106,35
46164,85735,48
46165,86488,56
46166,86042,32
46167,122723,28
46168,90000,30
46171,83607,29
46172,85912,50
46173,67456,73
46175,74125,43
46176,65182,55
46180,90208,58
46181,91337,34
46182,89567,55
46184,99865,36
46186,70714,60
46201,49195,88
46202,63506,57
46203,57393,69
46204,86396,17
46205,72417,83
46208,60062,88
46214,59178,44
46216,53161,29
46217,92029,36
46218,38063,71
46219,60803,69
46220,108050,67
46221,65280,50
46222,50783,71
46224,55986,58
46225,55190,88
46226,50325,60
46227,53629,55
46228,91156,58
46229,61388,48
46231,71825,26
46234,83190,32
46235,58951,38
46236,115664,33
46237,79078,31
46239,100331,24
46240,75156,47
46241,53653,60
46250,67328,43
46254,60287,38
46256,93847,41
46259,129345,25
46260,72504,52
46268,68631,36
46278,158648,34
46280,91152,39
46301,119948,53
46302,56875,88
46303,84211,31
46304,91326,41
46307,107800,36
46310,73789,36
46311,116652,30
46312,42125,88
46319,74662,61
46320,37158,81
46321,110187,53
46322,78062,59
46323,59688,66
46324,63052,74
46327,47288,79
46340,58717,28
46341,89559,45
46342,75521,55
46346,57830,68
46347,95348,47
46348,64375,68
46349,82306,50
46350,74307,55
46356,89217,36
46360,59266,62
46365,98047,31
46366,60182,57
46368,76368,46
46371,99830,38
46373,127146,25
46374,91250,47
46375,93160,37
46376,64205,70
46377,38958,80
46381,64821,58
46382,95208,47
46383,76224,46
46385,98957,39
46390,87639,55
46391,82692,32
46392,90912,32
46393,56250,74
46394,66176,88
46402,33529,81
46403,45991,66
46404,42256,68
46405,60881,64
46406,35839,64
46407,28526,70
46408,47453,72
46409,44667,71
46410,64127,47
46501,64172,63
46504,74567,62
46506,79386,53
46507,82683,42
46508,55833,88
46510,99420,50
46511,58293,52
46514,65833,49
46516,56492,64
46517,56772,52
46524,65987,43
46526,67461,44
46528,81529,43
46530,122129,35
46531,57786,43
46532,84866,70
46534,63138,51
46536,78448,53
46537,64063,73
46538,89803,44
46539,74079,65
46540,96615,36
46542,78606,49
46543,104896,28
46544,58829,56
46545,56865,51
46550,84084,44
46552,91341,53
46553,89417,45
46554,88068,73
46555,70399,54
46561,91711,43
46562,68902,57
46563,73293,52
46565,96199,34
46567,77103,54
46570,54185,57
46571,85500,35
46572,125250,88
46573,85750,64
46574,76181,55
46580,71687,49
46582,66738,34
46590,82188,47
46601,30789,88
46613,42537,88
46614,74153,61
46615,62964,73
46616,58537,84
46617,74186,67
46619,48081,70
46628,61759,61
46635,81944,58
46637,71462,49
46701,78385,55
46702,77727,68
46703,74569,43
46705,67266,58
46706,80965,44
46710,84408,34
46711,70656,54
46714,66441,56
46721,68580,67
46723,84286,52
46725,79526,43
46730,116181,59
46731,108036,74
46732,58906,45
46733,64483,55
46737,74975,43
46738,57545,53
46740,58484,56
46741,102281,43
46742,78750,48
46743,81406,50
46745,89643,53
46746,73244,53
46747,75662,46
46748,109375,20
46750,63978,64
46755,66717,49
46759,56354,62
46760,46992,46
46761,71430,48
46763,97054,41
46764,62939,66
46765,112328,34
46766,85570,81
46767,77317,47
46770,66750,52
46772,80000,55
46773,72813,60
46774,76292,51
46776,54801,55
46777,72758,45
46779,86000,55
46781,87768,63
46783,101705,31
46784,62102,56
46785,63250,55
46787,62242,67
46788,101553,43
46791,128542,55
46792,72664,53
46793,79949,45
46794,63583,77
46795,87175,51
46797,103566,38
46798,81691,75
46799,83125,56
46802,46854,74
46803,34381,66
46804,85833,40
46805,52154,73
46806,47895,68
46807,58685,80
46808,53359,71
46809,52253,66
46814,147280,23
46815,73239,51
46816,45343,51
46818,81066,28
46819,63947,54
46825,70544,37
46835,77152,44
46845,112676,23
46901,60495,64
46902,62126,52
46910,69226,61
46911,95122,54
46913,91136,66
46914,63902,53
46915,70761,64
46917,61643,78
46919,83664,47
46920,100074,53
46923,63553,55
46926,68218,71
46928,67412,65
46929,56940,69
46930,52679,50
46931,46667,74
46932,61579,56
46933,56786,61
46936,79900,56
46938,45884,68
46939,69000,67
46940,64089,61
46941,66993,43
46943,33750,88
46946,61346,88
46947,54791,70
46950,48816,88
46951,55227,71
46952,52880,64
46953,46288,65
46957,49444,65
46958,87640,71
46959,78750,70
46960,45625,51
46961,110400,61
46962,67984,72
46970,57842,68
46974,61528,69
46975,61185,58
46978,78750,77
46979,88832,57
46982,79688,45
46985,59063,62
46986,79438,63
46987,80893,57
46988,44792,54
46989,82074,49
46990,78875,73
46991,47692,70
46992,66220,67
46994,56563,71
46996,64167,57
47001,75886,53
47003,80179,58
47006,72559,46
47011,67981,33
47012,84958,46
47016,69880,75
47017,94926,34
47018,61085,56
47020,71875,39
47022,93633,41
47023,68750,43
47024,57316,44
47025,92951,37
47031,70575,48
47032,66950,49
47034,66667,64
47035,36696,88
47036,98300,35
47037,73209,57
47038,46101,33
47040,75014,51
47041,81016,37
47042,75580,46
47043,75123,45
47060,86118,38
47102,41583,50
47106,87344,35
47108,59236,46
47111,95376,29
47112,70903,34
47114,103427,48
47115,88229,36
47116,63472,43
47117,86853,43
47118,41579,38
47119,119410,36
47120,42440,37
47122,107500,32
47123,20795,78
47124,121188,32
47125,73421,42
47126,106875,24
47129,56185,58
47130,70290,45
47135,48611,38
47136,91333,40
47137,65505,44
47138,86335,45
47140,65718,51
47141,108523,31
47142,89453,39
47143,138382,25
47145,48434,36
47147,110556,31
47150,62820,56
47160,66250,88
47161,79914,35
47162,59444,36
47163,59837,40
47164,63389,40
47165,79744,36
47166,71875,54
47167,60673,51
47170,57634,40
47172,82503,31
47177,83542,38
47201,83958,43
47203,72112,48
47220,69242,47
47223,90505,38
47224,61618,24
47226,58750,61
47227,79398,46
47229,62950,55
47230,80729,44
47231,42332,44
47232,70938,48
47234,101708,61
47235,73963,32
47240,69985,53
47243,65197,52
47244,80278,60
47246,94375,59
47247,55179,88
47250,61284,54
47260,73370,51
47263,68750,55
47264,57917,45
47265,68191,46
47270,83387,25
47272,75117,55
47273,78670,40
47274,71457,47
47281,96250,39
47282,78750,88
47283,74028,54
47302,47837,66
47303,47674,60
47304,63215,51
47305,36389,88
47320,69764,59
47324,70893,88
47325,66189,35
47326,48438,61
47327,68088,71
47330,67250,54
47331,58967,64
47334,71815,57
47335,43750,79
47336,50633,68
47337,57250,66
47338,68239,66
47339,70833,37
47340,63205,59
47341,81750,65
47342,75030,56
47345,73750,88
47346,70000,70
47348,50426,67
47351,57813,71
47352,66250,74
47353,76754,59
47354,66566,63
47355,73133,68
47356,67049,60
47357,99028,78
47358,79063,77
47359,71607,60
47360,76250,60
47361,53333,88
47362,60258,65
47368,73654,54
47369,32917,67
47370,40000,88
47371,64000,68
47373,51532,64
47374,50766,67
47380,57000,70
47381,44464,56
47382,48750,88
47383,61250,61
47384,74167,73
47385,103406,77
47386,79157,53
47387,86818,74
47388,48125,75
47390,50417,77
47392,107664,60
47393,71111,66
47394,59913,69
47396,78125,56
47401,66906,38
47403,70582,36
47404,61389,39
47408,45644,48
47420,113333,42
47421,68108,59
47424,72558,46
47427,74920,69
47429,92378,39
47431,61948,34
47432,65723,55
47433,59520,43
47436,75278,43
47438,56941,53
47441,47636,52
47443,58274,51
47445,78548,88
47446,50337,40
47448,72537,43
47449,50417,53
47451,60938,63
47452,74484,47
47453,60417,36
47454,52200,46
47456,69896,47
47459,76061,35
47460,68447,47
47462,93785,36
47464,64464,88
47465,53750,50
47468,92880,50
47469,63529,43
47470,90750,34
47471,69609,63
47501,62982,58
47512,57857,88
47513,66615,35
47514,163438,25
47515,71016,40
47516,76250,56
47519,75588,44
47520,50882,54
47521,99821,39
47522,46719,71
47523,66548,54
47527,91169,45
47528,57692,88
47529,69135,67
47531,140595,58
47532,84750,49
47535,70236,72
47537,49128,38
47541,78409,52
47542,77574,48
47546,73659,44
47550,80625,55
47551,68859,32
47552,146141,29
47553,74234,42
47557,84375,59
47558,91184,31
47561,45911,51
47562,71250,44
47564,58056,53
47567,72665,54
47568,53125,67
47575,125625,38
47576,121250,25
47577,52208,63
47578,56641,52
47579,87926,32
47581,59776,42
47584,53250,88
47585,88141,53
47586,60587,54
47588,57315,49
47590,104773,42
47591,61803,61
47596,93958,64
47597,56953,81
47598,68601,62
47601,78663,53
47610,78259,50
47611,56875,69
47612,73438,80
47613,112112,51
47615,66458,51
47616,79375,84
47619,64188,51
47620,75681,52
47630,94162,34
47631,66058,55
47633,68971,51
47634,70781,57
47635,66286,48
47637,61298,50
47638,93958,40
47639,97930,40
47640,67500,60
47648,65000,51
47649,63060,54
47660,57472,60
47665,68625,37
47666,63209,50
47670,64907,53
47708,55377,88
47710,47292,63
47711,66320,63
47712,68494,57
47713,40873,82
47714,55910,68
47715,60897,43
47720,75139,58
47725,104088,24
47802,57395,49
47803,60565,63
47804,40674,80
47805,72411,51
47807,24706,76
47832,78125,55
47833,67679,35
47834,68578,53
47837,77500,36
47838,61875,53
47840,102991,47
47841,71346,61
47842,56750,68
47846,77228,55
47847,53924,83
47848,60581,52
47849,68000,33
47850,54050,56
47853,54583,35
47854,86509,53
47855,47102,71
47857,60417,57
47858,49473,88
47859,74583,35
47860,39706,88
47861,56484,43
47862,65625,62
47866,81681,63
47868,51409,40
47871,77083,70
47872,70781,53
47874,50168,54
47879,54750,46
47881,51146,50
47882,57637,55
47884,59167,78
47885,67588,56
47901,47206,88
47904,51687,75
47905,65861,44
47906,53103,27
47909,68035,35
47917,66250,82
47918,70317,62
47920,90441,50
47921,100455,69
47922,61033,74
47923,80205,52
47926,77917,59
47928,52275,51
47929,73036,76
47930,60719,64
47932,59811,55
47933,68130,56
47940,70711,77
47941,78553,46
47942,84125,71
47943,77857,21
47944,55242,74
47946,79457,60
47948,59293,88
47949,76429,68
47950,49271,45
47951,66156,77
47952,53409,49
47954,81364,71
47955,71591,64
47957,61002,45
47958,86000,52
47959,48750,67
47960,65603,55
47963,75000,60
47964,49250,53
47965,76607,70
47966,62750,81
47967,81563,88
47968,83242,70
47969,59167,66
47970,74457,43
47971,64375,77
47974,89962,65
47975,71250,71
47977,80000,68
47978,71616,54
47980,60962,66
47981,86023,68
47982,73750,57
47983,60756,70
47987,63333,73
47989,104048,88
47990,63198,59
47991,105842,53
47992,125526,35
47993,72455,58
47994,101891,52
47995,80179,82
47997,49861,88
48001,69160,53
48002,93948,41
48003,90452,37
48005,105734,49
48006,71385,36
48009,153401,66
48014,66800,41
48015,54703,66
48017,88812,68
48021,62325,72
48022,96809,39
48023,70469,40
48025,185000,66
48026,64354,54
48027,90417,35
48028,109730,58
48030,67073,71
48032,96875,33
48033,61016,54
48034,62938,50
48035,73015,56
48036,70071,49
48038,78567,39
48039,82755,69
48040,66901,48
48041,75677,45
48042,126667,24
48043,52161,71
48044,117856,28
48045,80366,46
48047,94890,34
48048,70938,25
48049,84028,48
48050,91136,43
48051,90968,29
48054,83241,42
48059,80062,47
48060,53018,67
48062,82045,46
48063,93844,34
48064,87538,49
48065,106053,46
48066,62182,65
48067,112840,74
48069,171125,88
48070,190150,74
48071,69503,65
48072,116239,77
48073,91627,68
48074,71047,43
48075,65384,60
48076,90058,62
48079,79891,48
48080,66986,68
48081,82009,69
48082,74806,68
48083,90794,50
48084,107098,51
48085,146390,49
48088,81601,60
48089,52366,64
48091,54230,62
48092,73808,59
48093,68218,59
48094,98017,28
48095,107393,47
48096,117917,54
48097,63659,53
48098,164759,44
48101,81655,71
48103,116194,49
48104,64231,61
48105,94774,42
48108,89355,39
48109,14093,40
48111,76595,44
48114,124063,39
48116,106763,40
48117,78942,47
48118,88278,47
48120,66006,60
48122,42185,76
48124,81796,73
48125,60195,71
48126,42140,76
48127,60742,67
48128,101037,77
48130,129254,32
48131,85747,31
48133,74388,52
48134,92076,31
48135,67294,70
48137,78973,49
48138,126582,55
48139,47188,75
48140,109257,55
48141,39252,69
48144,101410,43
48145,83204,57
48146,58616,72
48150,97997,69
48152,88288,55
48154,104867,61
48157,61641,67
48158,94784,50
48159,74519,71
48160,103453,54
48161,67414,57
48162,67876,59
48164,107827,34
48165,106220,29
48166,69592,31
48167,124630,46
48168,187589,27
48169,109329,37
48170,114278,51
48173,94094,49
48174,67056,51
48176,114206,37
48177,81818,66
48178,131558,30
48179,77095,48
48180,61081,63
48182,84375,47
48183,83508,53
48184,59171,68
48185,60854,54
48186,65187,62
48187,120321,45
48188,122781,30
48189,87145,41
48190,76875,88
48191,102833,30
48192,71987,75
48193,74566,53
48195,66118,63
48197,73737,45
48198,63326,56
48201,24749,59
48202,43627,88
48203,38404,82
48204,34468,88
48205,38966,76
48206,45046,88
48207,47831,59
48208,36194,88
48209,43161,88
48210,37838,88
48211,35725,88
48212,38186,88
48213,34003,84
48214,33544,88
48215,33812,76
48216,44335,88
48217,44447,75
48218,41033,85
48219,43655,72
48220,89881,79
48221,57878,82
48223,44512,75
48224,44856,81
48225,61750,71
48226,64860,63
48227,36527,81
48228,30680,77
48229,40264,72
48230,137310,88
48234,35322,76
48235,39265,73
48236,128242,74
48237,71510,68
48238,33315,84
48239,71151,71
48240,60390,71
48301,167143,64
48302,178103,54
48304,143204,56
48306,163684,35
48307,106576,42
48309,121007,44
48310,78058,49
48312,68061,54
48313,88065,49
48314,85889,32
48315,100684,32
48316,107776,33
48317,72917,49
48320,78150,55
48322,113865,44
48323,144457,48
48324,142100,49
48326,85190,35
48327,74788,48
48328,72299,56
48329,85709,60
48331,127633,42
48334,102228,55
48335,99439,44
48336,88938,59
48340,47891,60
48341,51390,70
48342,35253,64
48346,101477,44
48348,129410,35
48350,110042,39
48353,105964,40
48356,103872,51
48357,94954,41
48359,93125,34
48360,140865,34
48362,115230,49
48363,179375,31
48367,110405,36
48370,131111,47
48371,111239,31
48374,182827,26
48375,112545,44
48377,83104,25
48380,131979,36
48381,105213,41
48382,137768,39
48383,102072,40
48386,89702,44
48390,91381,37
48393,65962,42
48401,70536,51
48410,55250,88
48412,79534,51
48413,58346,56
48414,68214,55
48415,79067,51
48416,66474,50
48417,72422,52
48418,74547,45
48419,59485,51
48420,66063,53
48421,71114,52
48422,57899,48
48423,65079,48
48426,62169,62
48427,56842,58
48428,100033,42
48429,67725,56
48430,100193,40
48432,63661,58
48433,81513,52
48434,40938,67
48435,86905,47
48436,94487,48
48437,40864,48
48438,106796,45
48439,88490,43
48440,153173,33
48441,50765,64
48442,86575,38
48444,71436,46
48445,51645,60
48446,66062,49
48449,69545,53
48450,52962,63
48451,99943,36
48453,53676,58
48454,62639,48
48455,103835,42
48456,62321,71
48457,71090,54
48458,46797,61
48460,80000,55
48461,78453,45
48462,105699,46
48463,72500,55
48464,81417,57
48465,73750,52
48466,59241,53
48467,53750,51
48468,63000,55
48469,56023,52
48470,58594,69
48471,62844,57
48472,61000,59
48473,77921,47
48475,61719,54
48476,70000,69
48502,50000,88
48503,44411,73
48504,38719,71
48505,33283,71
48506,47929,68
48507,46554,63
48509,64160,69
48519,64351,51
48529,41333,67
48532,61998,56
48601,38900,68
48602,46984,80
48603,66352,48
48604,53042,63
48607,37973,88
48609,78218,50
48610,59091,44
48611,87963,54
48612,55761,45
48613,58846,46
48614,63393,49
48615,70000,58
48616,66819,55
48617,58321,53
48618,61968,48
48619,46422,52
48620,99231,33
48621,51304,49
48622,56804,47
48623,101250,35
48624,55130,46
48625,43030,53
48626,84360,51
48628,93854,43
48629,56520,49
48630,62019,70
48631,74398,53
48632,57036,41
48633,48261,51
48634,87992,59
48635,57500,52
48636,65870,58
48637,65865,59
48638,69459,54
48640,80574,53
48642,77847,50
48647,47281,53
48649,72609,49
48650,61911,55
48651,43712,51
48652,69766,38
48653,65913,47
48654,45202,53
48655,66115,55
48656,47750,52
48657,72500,43
48658,53750,53
48659,58750,48
48661,61377,48
48662,70321,58
48701,62969,69
48703,64792,50
48705,65104,46
48706,62747,61
48708,50518,81
48720,60250,69
48721,60500,42
48722,66473,59
48723,55779,53
48724,34512,71
48725,60298,56
48726,65087,57
48727,64583,56
48728,46250,58
48729,60776,48
48730,49823,56
48731,53021,64
48732,57903,57
48733,60500,69
48734,91032,51
48735,61364,63
48737,38000,50
48738,63462,55
48739,52802,55
48740,54393,52
48741,59107,52
48742,66477,51
48744,67944,53
48745,49844,49
48746,67276,56
48747,81458,73
48748,58750,55
48749,51544,45
48750,45561,55
48754,77500,68
48755,61964,59
48756,46008,53
48757,73832,62
48759,65222,71
48760,54643,62
48761,47188,54
48762,73421,51
48763,59677,53
48765,45000,54
48766,56583,53
48767,77938,74
48768,64413,53
48770,49957,51
48801,58750,58
48806,61375,65
48807,60825,55
48808,78370,36
48809,71071,59
48811,70625,62
48813,80429,51
48815,85962,44
48816,48978,88
48817,55194,58
48818,55924,52
48819,110833,49
48820,112526,35
48821,107440,46
48822,91299,37
48823,52018,46
48827,78257,52
48829,63750,56
48831,63299,65
48832,73393,52
48834,53958,45
48835,81964,71
48836,90592,35
48837,96517,48
48838,70176,50
48840,73408,47
48841,60156,77
48842,88340,41
48843,94577,31
48845,86042,77
48846,66742,64
48847,66264,67
48848,94519,47
48849,80313,61
48850,68047,50
48851,65726,64
48852,41875,88
48853,51607,88
48854,94716,49
48855,108442,31
48856,91413,86
48857,75455,40
48858,51267,40
48860,50600,56
48861,89412,63
48862,51563,88
48864,121103,42
48865,70039,49
48866,65281,56
48867,59825,65
48870,34290,88
48871,84803,49
48872,79333,46
48873,86250,50
48874,75774,88
48875,94216,48
48876,74594,38
48877,64653,43
48878,57656,51
48879,79129,53
48880,59922,57
48881,78607,46
48883,65223,47
48884,62750,47
48885,71389,58
48886,61667,51
48888,57500,50
48889,60200,52
48890,79444,53
48891,51429,46
48892,89125,50
48893,73108,41
48894,101923,56
48895,93418,48
48896,136136,72
48897,69531,88
48906,64315,69
48910,54712,69
48911,56631,53
48912,54429,69
48915,54465,88
48917,70990,50
48933,33589,72
49001,56432,75
49002,73647,52
49004,73453,57
49006,43639,52
49007,39344,88
49008,74943,67
49009,80930,35
49010,74370,52
49011,59722,55
49012,73125,55
49013,55349,55
49014,69009,63
49015,68821,64
49017,60885,66
49021,82959,57
49022,39499,65
49024,91105,46
49026,68203,44
49027,108333,73
49028,60127,63
49029,75188,50
49030,69167,63
49031,66944,49
49032,66420,50
49033,94750,50
49034,73929,51
49036,62259,54
49037,42690,68
49038,62636,61
49040,64306,63
49042,72910,54
49043,36280,49
49045,57436,60
49046,86054,54
49047,62963,62
49048,60454,62
49050,75089,53
49051,74886,48
49052,63889,51
49053,85909,46
49055,62083,44
49056,63438,49
49057,51345,53
49058,68214,57
49060,134861,42
49061,79229,54
49064,68607,56
49065,71447,47
49066,69236,75
49067,74583,52
49068,80857,61
49070,68750,50
49071,108629,32
49072,63875,64
49073,67604,55
49074,33750,64
49075,105147,88
49076,74440,53
49078,77778,56
49079,73333,46
49080,74864,48
49082,74063,59
49083,105496,39
49084,54375,74
49085,104969,57
49087,106250,45
49088,100208,52
49089,69286,59
49090,68920,51
49091,67333,59
49092,64211,73
49093,63118,54
49094,65404,64
49095,83393,54
49096,73929,52
49097,88208,48
49098,59047,58
49099,70307,51
49101,75048,49
49102,63000,49
49103,65827,54
49106,72500,53
49107,66289,61
49111,70915,61
49112,61785,48
49113,59219,61
49116,127857,58
49117,75114,50
49119,56513,88
49120,65148,62
49125,79766,61
49126,76875,56
49127,93338,49
49128,67398,61
49129,106181,65
49130,76667,55
49201,74484,52
49202,42632,71
49203,56201,71
49220,72500,37
49221,65977,58
49224,53144,71
49227,53587,54
49228,82703,88
49229,94950,56
49230,83458,51
49232,56324,52
49233,81250,46
49234,110313,62
49235,64219,73
49236,79783,55
49237,66956,58
49238,75054,81
49240,99681,44
49241,81742,57
49242,61029,62
49245,62206,63
49246,81908,49
49247,59787,70
49248,81250,84
49249,82407,39
49250,65744,55
49251,85253,54
49252,55762,56
49253,89069,58
49254,63750,71
49255,51346,60
49256,62880,75
49259,66500,45
49261,91875,68
49262,54423,67
49264,92188,35
49265,77931,43
49266,66173,52
49267,97961,61
49268,80833,78
49269,86699,49
49270,94840,53
49271,56389,64
49272,84107,49
49274,58087,54
49276,73750,70
49277,91912,40
49279,71364,67
49282,34911,27
49283,108464,48
49284,57500,63
49285,73375,43
49286,72429,50
49287,88068,68
49288,66833,88
49301,183125,33
49302,134722,34
49303,78917,43
49304,45991,53
49305,51875,50
49306,115039,32
49307,60358,50
49309,42566,53
49310,64420,44
49312,40694,43
49315,113346,26
49316,103238,26
49318,81591,61
49319,78951,34
49320,63929,49
49321,77870,39
49322,73750,72
49323,98745,39
49325,90472,45
49326,84000,41
49327,69697,41
49328,94340,43
49329,74235,33
49330,75794,45
49331,91800,40
49332,59509,50
49333,89214,33
49335,116466,75
49336,54522,43
49337,67526,47
49338,69375,43
49339,86611,30
49340,54417,44
49341,113989,32
49342,53971,45
49343,80408,41
49344,84661,51
49345,85463,42
49346,72975,38
49347,91477,52
49348,82512,35
49349,54028,47
49401,74880,23
49402,51324,49
49403,85000,56
49404,86096,42
49405,70139,52
49406,102500,36
49408,73452,41
49410,61515,49
49411,61857,48
49412,66741,55
49415,81908,48
49417,83405,45
49418,84846,36
49419,98324,37
49420,58841,56
49421,53555,47
49423,81858,54
49424,85478,36
49425,62841,50
49426,112234,29
49428,100225,49
49431,66336,50
49434,178942,24
49435,103432,49
49436,67279,45
49437,82805,52
49440,46808,73
49441,67427,63
49442,48563,63
49444,53054,65
49445,84877,51
49446,65217,45
49448,86458,41
49449,80917,48
49450,50102,37
49451,71563,44
49452,55441,42
49453,110139,36
49454,61280,55
49455,63621,51
49456,92672,41
49457,78225,35
49458,113077,33
49459,55806,45
49460,101966,29
49461,83363,47
49464,98319,35
49503,64661,88
49504,70119,76
49505,74906,69
49506,118131,73
49507,61461,85
49508,70120,47
49509,65132,66
49512,71329,32
49519,73762,52
49525,94037,43
49534,81657,38
49544,74390,43
49546,99343,46
49548,61636,55
49601,63498,49
49611,101304,69
49612,85156,50
49613,77955,49
49614,72250,49
49615,79469,46
49616,57982,49
49617,74207,40
49618,53654,45
49619,62574,50
49620,75192,33
49621,95446,39
49622,70098,49
49623,60147,43
49625,52583,40
49626,50208,63
49627,56196,52
49628,114375,83
49629,65302,58
49630,106375,31
49631,47174,50
49632,46696,49
49633,73681,46
49634,47083,73
49635,72422,51
49636,119688,34
49637,75000,37
49638,45625,44
49639,64388,44
49640,83214,49
49642,26950,51
49643,81222,35
49644,54013,43
49645,56300,51
49646,64863,48
49648,93272,38
49649,74656,37
49650,87500,32
49651,66406,46
49653,85787,39
49654,136563,57
49655,65556,41
49656,56656,50
49657,76250,47
49659,62308,41
49660,65205,60
49663,55733,42
49664,77500,38
49665,54265,50
49667,45500,49
49668,57583,44
49670,116133,45
49674,124803,43
49675,64844,55
49676,75781,42
49677,59112,52
49679,62120,48
49680,77216,38
49682,97813,36
49683,61250,36
49684,80788,44
49685,84590,33
49686,71609,43
49688,63875,47
49689,64070,48
49690,108712,38
49696,94803,36
49701,44583,55
49705,77500,42
49706,76906,39
49707,51396,60
49709,51154,52
49710,77656,67
49712,74033,44
49713,82563,47
49715,63494,39
49716,100179,35
49718,48750,49
49719,75156,54
49720,77603,46
49721,61174,49
49722,87721,31
49724,82321,43
49725,55139,49
49726,67232,34
49727,70865,42
49728,60909,42
49729,77870,57
49730,79679,34
49733,66318,39
49735,70819,43
49736,49688,49
49738,59708,47
49740,89250,42
49743,52969,55
49744,77500,51
49745,44063,50
49746,47432,49
49747,73233,54
49748,56250,39
49749,65608,43
49751,62008,50
49752,62460,36
49753,57292,51
49755,65789,42
49756,53333,49
49757,95000,57
49759,56944,51
49760,58958,45
49762,57692,50
49765,57404,50
49766,61346,53
49768,73750,39
49769,67558,38
49770,79590,42
49774,84900,48
49775,132500,39
49776,59000,58
49777,85781,41
49779,53465,63
49780,69375,51
49781,64152,50
49782,75938,43
49783,60658,56
49788,57524,64
49791,59750,61
49793,39167,57
49795,57019,42
49796,87434,48
49799,58235,35
49801,67337,60
49802,62209,60
49805,43819,85
49806,85625,54
49807,75329,47
49808,52438,60
49812,51250,53
49814,77356,58
49815,63854,52
49816,70750,51
49817,63984,49
49818,61528,43
49821,58750,56
49822,58214,50
49825,77250,52
49826,61107,33
49827,46827,52
49829,50277,68
49831,66750,45
49833,73571,54
49834,65000,57
49835,51429,49
49836,85500,42
49837,64306,51
49838,40000,45
49839,47292,47
49840,61250,51
49841,60568,56
49847,66250,56
49848,38750,51
49849,67518,69
49852,83438,88
49853,54563,46
49854,55944,54
49855,62083,53
49858,53186,66
49861,61875,54
49862,61340,55
49863,32961,82
49864,103750,57
49866,85019,56
49868,55074,52
49870,75179,64
49871,63125,80
49872,53281,66
49873,49375,46
49874,62500,48
49876,39853,52
49877,81458,44
49878,71136,50
49879,49471,54
49880,64013,54
49881,85625,48
49883,53289,38
49884,60063,43
49885,81172,49
49886,77500,52
49887,58375,52
49891,46063,56
49892,74926,46
49893,63125,48
49894,93828,62
49895,47115,43
49896,56167,37
49901,47639,88
49902,39115,81
49903,41818,48
49905,77617,50
49908,63281,52
49910,39583,48
49911,57000,77
49912,57148,57
49913,53571,88
49915,35000,80
49916,74625,54
49917,52917,88
49918,67188,61
49919,49423,59
49920,63605,58
49922,55313,67
49925,56250,61
49927,47500,63
49929,42708,65
49930,72314,67
49931,50408,50
49934,47386,88
49935,57236,67
49938,46606,78
49942,54722,15
49945,59453,60
49946,55341,52
49947,48750,51
49948,73063,76
49950,53250,58
49952,79583,52
49953,59375,67
49955,64402,88
49958,40893,68
49959,47500,88
49960,44018,88
49961,53750,65
49962,62000,48
49963,58958,88
49965,78295,59
49967,43750,53
49968,55759,74
49969,67188,48
49970,60536,71
49971,39861,63
50001,131875,40
50002,79071,68
50003,103114,29
50005,76696,81
50006,69783,68
50007,120417,48
50008,75417,66
50009,88447,29
50010,65398,47
50014,60731,29
50020,75417,76
50021,99572,24
50022,63125,67
50023,117826,18
50025,52438,70
50026,68750,88
50027,52976,88
50028,72022,55
50029,57125,88
50031,73750,88
50033,56250,56
50034,76250,63
50035,134906,18
50036,79255,67
50038,82188,23
50039,86250,65
50040,49375,88
50042,92500,88
50044,75417,55
50046,81500,55
50047,106389,50
50048,54688,88
50049,61190,64
50050,64432,74
50051,60000,80
50052,93125,83
50054,89940,61
50055,85278,55
50056,73333,64
50057,118882,88
50058,80119,84
50060,63438,60
50061,130714,24
50062,51146,63
50063,109722,52
50064,96635,82
50065,49423,48
50066,66406,75
50067,43750,48
50068,36500,49
50069,98056,50
50070,92083,62
50071,83036,88
50072,111250,48
50073,100972,31
50074,121094,36
50075,81250,76
50076,55313,86
50078,52500,88
50101,173542,88
50103,64063,64
50104,55625,70
50105,130083,48
50106,101193,75
50107,69022,74
50108,38125,88
50109,118669,28
50110,57250,88
50111,120769,18
50112,67078,56
50115,73848,75
50116,47143,38
50117,104167,88
50118,73750,53
50119,59750,50
50120,142662,49
50122,81739,82
50123,62500,54
50124,114904,27
50125,84848,44
50126,55185,67
50128,61250,88
50129,60671,68
50130,78594,72
50131,106551,22
50132,83056,84
50133,58375,60
50134,111250,61
50135,65250,67
50136,75625,88
50138,74693,53
50139,72400,60
50140,57443,51
50141,77500,74
50142,76250,52
50143,86023,67
50144,63333,63
50145,50962,73
50146,109261,62
50147,38281,68
50148,84083,72
50149,59167,82
50150,63516,63
50151,91061,54
50152,93750,88
50153,73798,76
50154,69219,55
50155,33125,83
50156,98054,61
50157,115000,44
50158,70367,68
50160,57500,55
50161,98519,53
50162,71417,64
50163,73618,83
50164,80188,88
50165,89375,71
50166,107279,53
50167,70167,78
50168,113750,48
50169,83938,55
50170,88704,59
50171,65000,50
50173,96250,53
50174,67250,53
50201,81027,53
50206,79306,88
50207,76053,71
50208,62306,62
50210,87813,49
50211,103712,26
50212,81838,67
50213,73026,51
50216,79635,43
50217,66771,88
50218,82969,50
50219,86807,49
50220,71671,64
50222,100568,55
50223,47222,88
50225,69923,53
50226,153011,25
50227,38611,88
50228,90833,54
50229,123164,26
50230,87778,88
50231,72321,88
50232,87667,82
50233,78984,76
50234,78750,65
50235,89583,66
50236,85046,70
50237,101806,35
50238,59625,78
50239,151250,88
50240,107563,44
50241,77500,53
50242,67104,88
50243,80938,53
50244,120313,53
50246,61324,73
50247,91875,65
50248,100864,53
50249,60761,64
50250,71083,54
50251,91061,63
50252,112292,40
50254,64211,51
50255,39722,88
50256,83438,54
50257,94375,56
50258,83988,64
50261,155278,41
50262,81875,64
50263,102762,15
50264,64545,44
50265,85915,42
50266,87025,24
50268,59118,88
50269,92813,67
50271,82656,88
50272,45000,88
50273,82633,48
50274,71667,88
50275,72232,51
50276,91827,55
50277,90625,78
50278,74306,70
50309,56777,34
50310,76381,70
50311,61957,88
50312,92242,81
50313,68361,73
50314,39950,88
50315,60590,63
50316,56090,74
50317,65617,63
50320,85105,31
50321,80351,44
50322,92085,47
50323,175944,17
50324,91707,66
50325,132121,31
50327,98333,26
50401,66072,70
50420,76250,73
50421,64438,58
50423,73151,68
50424,59091,70
50426,74107,88
50427,73091,88
50428,81037,53
50430,59265,88
50431,62917,82
50432,66875,76
50433,69167,77
50435,71156,88
50436,74940,54
50438,70350,57
50439,94167,88
50440,76429,79
50441,49910,69
50444,78214,88
50446,107000,83
50447,76019,70
50448,62059,84
50449,59524,67
50450,76125,65
50451,53750,83
50452,66250,72
50453,77868,86
50454,63864,88
50455,42054,88
50456,81339,70
50457,47250,88
50458,99643,70
50459,71618,80
50460,77083,74
50461,68886,67
50464,91750,78
50465,42386,86
50466,56728,80
50467,63750,88
50468,73403,88
50469,71250,68
50470,72542,88
50471,93542,84
50472,93482,63
50473,50227,88
50475,70938,69
50476,62188,62
50477,52321,88
50478,48750,76
50479,68750,81
50480,73333,70
50482,98289,68
50483,88929,65
50484,65583,88
50501,66888,68
50510,76397,88
50511,66642,54
50514,73000,67
50515,63333,88
50516,69500,57
50517,61875,73
50518,97857,36
50519,72083,70
50520,73750,88
50522,67813,75
50523,85781,83
50524,104375,76
50525,67250,56
50528,116429,72
50529,60417,56
50530,73250,73
50531,93036,88
50532,65000,67
50533,65595,74
50535,91995,83
50536,59261,66
50538,62344,73
50539,65417,88
50540,73438,84
50541,56364,68
50542,55000,88
50543,91563,82
50544,59620,88
50545,31429,88
50546,64583,88
50548,76214,57
50552,89000,88
50554,63802,76
50556,36607,81
50557,62750,88
50558,68750,65
50559,50000,80
50560,66042,85
50561,67446,88
50562,72500,73
50563,71094,60
50565,51875,88
50566,78750,71
50567,78125,67
50568,75250,73
50569,44375,63
50570,67813,88
50571,59583,88
50573,48542,88
50574,60469,65
50575,52717,68
50576,67500,88
50577,57500,80
50578,71645,79
50579,61108,69
50581,57500,88
50582,87125,88
50583,62981,63
50585,71346,78
50586,55375,65
50588,70906,57
50590,57639,74
50591,75000,88
50592,100076,69
50593,50625,88
50594,67000,88
50595,69167,71
50597,92000,64
50598,78558,79
50599,102679,58
50601,66250,74
50602,67188,72
50603,74271,80
50604,66776,60
50605,23125,88
50606,61346,77
50607,54583,88
50609,90250,88
50611,84250,81
50612,99602,43
50613,78503,51
50616,64830,65
50619,84076,88
50621,88077,58
50622,95089,52
50623,93750,70
50624,96713,50
50625,64250,73
50626,84306,51
50627,74536,70
50628,68750,59
50629,103106,55
50630,71518,54
50631,58750,78
50632,71667,68
50633,71775,88
50634,79583,50
50635,81125,88
50636,70066,75
50638,85223,62
50641,67115,51
50642,108750,75
50643,125804,51
50644,80026,51
50645,64408,68
50647,104063,49
50648,95353,51
50650,57500,74
50651,88333,63
50652,65000,70
50653,79250,64
50654,53264,62
50655,58750,69
50657,66250,62
50658,71936,57
50659,78153,63
50660,95969,55
50662,48646,74
50664,51741,72
50665,75521,55
50666,79867,77
50667,76711,52
50668,85956,84
50669,81650,72
50670,84679,64
50671,57212,88
50672,73333,88
50673,66875,88
50674,72794,88
50675,75938,72
50676,87115,88
50677,85633,51
50680,75956,65
50681,73333,88
50682,89375,59
50701,61475,56
50702,62021,67
50703,50060,74
50707,63441,63
50801,58015,65
50830,61094,58
50831,95625,73
50833,61042,74
50835,58125,81
50836,81500,72
50837,63000,79
50839,48750,78
50840,63125,85
50841,66875,71
50842,59583,56
50843,56125,88
50845,66563,81
50846,74200,71
50847,68125,71
50848,68250,88
50849,64821,76
50851,70926,66
50853,65208,82
50854,81250,67
50857,63500,73
50858,71250,64
50859,76875,73
50860,45250,88
50861,63125,83
50862,61953,82
50863,66125,76
50864,69861,69
51001,75404,58
51002,70625,60
51003,101250,56
51004,43882,82
51005,75938,70
51006,75625,84
51007,117125,54
51008,45000,54
51009,58750,82
51010,89063,68
51011,44375,78
51012,69531,63
51014,69688,88
51015,87500,83
51016,51875,88
51018,60833,88
51019,75000,76
51020,80066,63
51022,96505,81
51023,80357,60
51024,114219,36
51025,65543,67
51026,80500,76
51027,100893,66
51028,78000,69
51029,86042,88
51030,86167,50
51031,76525,53
51033,60625,71
51034,66375,70
51035,79338,65
51036,122841,88
51037,58958,86
51038,95893,72
51039,110000,57
51040,71179,65
51041,83643,52
51044,90417,55
51045,113750,66
51046,84125,76
51047,101000,88
51048,83158,88
51049,57120,82
51050,92500,68
51051,51563,88
51052,108750,64
51053,72534,88
51054,119716,31
51055,72143,58
51056,103313,74
51058,63036,88
51060,52500,88
51061,49375,88
51063,80750,63
51101,15300,88
51103,58197,76
51104,75362,67
51105,51786,88
51106,78434,63
51108,81205,55
51109,79034,66
51201,68799,60
51230,75625,88
51231,108058,69
51232,82917,88
51234,84318,62
51235,71016,42
51237,61667,70
51238,74000,71
51239,77540,53
51240,83929,49
51241,87446,51
51242,95625,54
51243,83750,65
51244,83365,88
51245,69531,64
51246,72400,56
51247,78358,44
51248,64375,60
51249,61500,69
51250,94119,48
51301,63402,55
51331,89167,29
51333,110833,54
51334,57482,70
51338,57500,76
51340,90250,66
51342,84866,70
51343,60625,88
51345,54301,31
51346,72426,68
51347,82750,67
51350,77250,72
51351,73824,47
51354,72639,83
51355,72262,49
51357,68333,88
51358,64583,64
51360,75882,47
51363,75625,84
51364,66875,85
51365,71667,54
51366,87500,88
51401,70702,56
51430,76250,80
51431,54258,70
51432,61250,83
51433,68125,88
51436,61926,75
51439,52941,88
51440,87750,57
51441,48750,56
51442,66767,52
51443,78906,74
51444,82750,66
51445,64688,72
51446,62750,81
51447,68214,88
51448,76058,77
51449,75329,75
51450,71875,65
51451,43750,88
51452,60625,63
51453,86563,74
51454,100625,88
51455,76786,81
51458,86250,69
51459,63333,88
51461,73768,72
51462,69286,88
51463,78571,78
51465,72917,74
51466,71579,58
51467,81250,73
51501,59843,63
51503,79010,55
51510,85349,57
51520,60843,88
51521,73769,78
51523,82625,78
51525,82308,62
51526,95179,47
51527,64750,63
51528,63173,68
51529,61599,70
51530,73750,88
51531,59199,88
51532,65375,88
51533,68750,88
51534,93646,50
51535,76371,83
51536,101750,88
51537,65000,67
51540,84375,88
51541,91875,88
51542,118165,40
51543,72083,88
51544,48313,88
51545,70313,88
51546,86910,82
51548,114583,25
51549,72500,58
51550,77500,88
51551,85469,71
51552,90000,75
51553,96932,71
51554,102692,88
51555,85273,65
51556,60556,52
51557,76250,56
51558,77417,88
51559,74761,76
51560,75481,68
51561,113421,34
51562,81250,88
51563,69297,86
51564,78750,88
51565,103257,88
51566,56637,64
51570,77708,88
51571,95250,82
51572,69500,73
51573,86438,77
51575,112115,52
51576,110476,47
51577,71518,88
51578,77292,73
51579,72500,69
51601,62143,72
51630,70000,88
51631,54583,85
51632,55055,66
51636,63516,88
51637,72888,88
51638,59107,85
51639,84688,57
51640,65385,77
51645,217898,28
51646,73625,80
51647,23633,88
51648,59766,46
51649,58333,88
51650,49063,88
51651,62500,88
51652,82200,61
51653,71319,55
51654,90188,52
51656,83750,81
52001,61643,71
52002,91036,30
52003,98908,50
52030,66343,88
52031,86674,50
52032,88500,53
52033,69023,42
52035,62109,80
52036,85208,45
52037,90813,77
52038,56250,66
52039,79345,51
52040,84761,49
52041,89697,64
52042,95833,45
52043,76705,72
52044,75792,81
52045,91667,46
52046,96151,51
52047,59250,88
52048,56477,88
52049,61964,66
52050,67206,61
52052,61528,56
52053,83000,64
52054,103819,47
52056,83750,56
52057,69635,60
52060,68143,59
52064,74583,80
52065,99250,60
52066,51563,43
52068,125901,30
52069,75313,73
52070,79271,67
52071,44141,62
52072,62250,88
52073,95526,41
52074,86250,88
52075,53750,55
52076,72857,70
52077,77188,88
52078,97778,64
52079,101120,49
52101,73484,59
52132,100559,71
52133,76250,88
52134,63125,88
52135,88438,70
52136,70778,61
52140,72188,40
52141,64647,62
52142,56875,75
52144,84609,68
52146,61750,36
52147,77083,74
52151,69938,49
52154,58393,54
52155,57917,88
52156,99554,70
52157,52625,50
52158,47188,72
52159,74259,82
52160,85204,49
52161,87870,74
52162,64125,69
52163,78194,85
52164,48375,88
52165,85227,78
52166,110938,67
52168,54375,72
52169,52321,63
52170,72788,48
52171,94904,65
52172,68875,62
52175,59800,70
52201,93750,88
52202,105362,65
52203,101950,45
52205,72500,48
52206,116071,27
52207,59250,48
52208,74127,79
52209,86094,59
52210,70714,36
52211,73922,59
52212,110461,88
52213,98854,47
52214,86786,61
52215,61932,84
52216,67857,77
52217,83750,88
52218,82344,62
52219,45000,88
52221,86473,88
52222,81964,88
52223,89250,44
52224,69805,74
52225,61944,88
52227,120230,28
52228,118125,24
52229,86500,88
52231,90893,64
52232,99391,85
52233,65575,35
52235,83333,49
52236,87958,62
52237,84063,70
52240,52960,42
52241,69243,31
52245,78020,48
52246,62521,36
52247,91450,47
52248,77174,76
52249,75417,88
52251,87708,88
52253,104821,47
52254,64375,88
52255,71250,88
52257,94464,81
52301,70150,65
52302,87983,33
52305,94452,74
52306,61875,71
52307,43388,88
52308,79688,88
52309,56250,59
52310,86080,56
52312,37188,88
52313,91146,88
52314,109244,50
52315,77656,63
52316,60768,70
52317,105318,22
52318,85625,81
52320,62222,70
52321,77708,70
52322,64444,50
52323,41425,88
52324,115917,23
52325,75714,35
52326,76250,51
52327,86942,50
52328,125347,23
52329,57500,67
52330,86536,88
52332,92708,39
52333,118721,35
52335,52162,88
52336,91458,54
52337,66875,73
52338,119605,33
52339,67612,63
52340,98393,15
52341,91250,50
52342,57813,63
52345,115179,31
52346,113342,64
52347,78482,61
52348,72500,88
52349,71314,68
52351,128750,32
52352,92321,49
52353,63047,71
52354,112969,43
52355,63750,70
52356,57321,53
52358,91686,48
52359,67727,88
52361,60992,49
52362,72583,74
52401,35060,48
52402,73439,53
52403,74703,67
52404,61870,43
52405,70123,55
52411,170491,26
52501,63426,68
52530,98125,54
52531,73896,55
52533,62799,88
52534,57986,48
52535,75000,57
52536,75000,61
52537,74432,53
52540,55000,82
52542,65000,53
52543,83511,52
52544,50572,72
52548,75750,88
52549,62292,69
52550,57745,88
52551,52875,52
52552,75000,58
52553,64583,60
52554,55769,88
52555,36161,44
52556,59243,58
52560,116500,44
52561,76058,52
52563,98438,88
52565,62992,53
52566,58750,41
52567,81985,53
52568,44375,60
52569,51477,51
52570,68750,53
52571,81953,41
52572,72727,57
52573,35179,71
52574,46625,53
52576,63750,75
52577,66084,55
52580,53368,67
52581,55000,55
52583,52083,47
52584,71042,88
52585,75809,75
52586,53125,82
52588,13657,88
52590,66833,54
52591,62404,68
52593,66875,67
52594,75938,54
52595,66667,88
52601,60983,71
52619,73438,47
52620,79327,55
52621,87188,88
52623,90714,58
52624,109861,48
52625,80078,53
52626,59342,59
52627,56401,70
52630,55714,78
52631,107083,50
52632,56653,72
52635,76250,51
52637,81477,53
52638,59167,43
52639,68625,53
52640,67813,69
52641,64512,56
52644,77955,80
52645,79327,61
52646,62500,63
52647,49375,61
52649,91071,52
52650,105255,50
52651,36739,76
52652,74861,58
52653,83525,58
52654,84783,69
52655,52500,61
52656,83750,49
52657,72500,55
52658,107679,50
52659,55125,77
52720,73571,55
52721,82143,88
52722,101546,47
52726,104250,46
52727,103188,67
52728,69239,68
52729,87500,72
52730,64543,54
52731,87727,73
52732,61105,72
52737,89875,57
52738,80385,59
52739,74375,53
52742,97946,53
52745,68750,58
52746,107813,55
52747,82313,62
52748,107869,32
52749,103424,33
52750,93155,56
52751,82143,81
52752,49545,55
52753,103813,50
52754,104250,71
52755,102434,52
52756,116250,47
52757,62500,83
52758,63333,73
52759,70568,88
52760,86397,55
52761,62098,58
52765,107321,88
52766,61865,88
52768,112563,52
52769,88750,52
52772,81267,56
52773,85523,59
52774,71250,88
52776,79665,48
52777,60250,88
52778,82623,54
52801,31204,65
52802,54380,88
52803,64543,88
52804,65849,61
52806,74297,50
52807,72579,38
53001,92294,66
53002,117500,47
53003,61510,83
53004,84821,47
53005,126739,57
53006,88625,81
53007,60000,61
53010,95391,49
53011,90833,57
53012,96090,50
53013,84375,50
53014,79865,56
53015,88810,55
53016,70313,70
53017,153917,36
53018,124595,42
53019,84559,52
53020,89155,51
53021,89779,56
53022,100890,38
53023,87222,62
53024,92390,41
53027,91150,38
53029,108152,42
53032,56085,62
53033,136786,37
53034,78661,58
53035,102449,47
53036,92674,30
53037,97611,29
53038,96127,34
53039,79103,60
53040,96096,40
53042,86389,51
53044,131250,62
53045,123750,43
53046,83889,31
53047,47000,53
53048,74464,39
53049,93424,51
53050,71985,63
53051,100031,46
53057,105909,61
53058,104444,45
53059,91114,51
53061,65898,59
53063,100000,56
53065,99583,55
53066,113114,43
53069,130722,53
53070,91557,53
53072,98538,34
53073,76442,53
53074,79423,53
53075,93750,56
53076,107414,47
53078,94688,52
53079,86667,54
53080,80360,50
53081,64042,66
53083,75203,48
53085,73703,51
53086,103426,33
53088,58125,73
53089,120875,35
53090,86152,47
53091,82750,45
53092,128156,46
53093,101429,53
53094,73443,62
53095,80830,49
53097,135929,44
53098,74431,50
53103,137083,48
53104,112000,47
53105,88770,51
53108,86679,52
53110,66719,64
53114,72708,55
53115,72304,54
53118,108772,46
53119,117759,38
53120,96345,45
53121,85643,44
53122,157962,64
53125,112500,50
53126,101206,57
53128,82216,48
53129,95012,59
53130,87008,64
53132,109850,35
53137,116550,37
53139,99635,51
53140,58006,60
53142,88960,44
53143,68343,78
53144,76507,45
53146,110035,58
53147,83566,47
53149,110608,41
53150,109276,38
53151,101176,45
53153,152543,33
53154,96555,35
53156,85313,57
53158,105868,27
53167,70054,88
53168,97035,51
53170,79931,50
53172,73427,68
53176,45962,54
53177,90769,51
53178,99875,49
53179,94460,34
53181,97804,49
53182,107068,43
53183,108827,48
53184,84413,48
53185,103225,37
53186,74588,52
53188,92409,46
53189,117008,40
53190,66069,47
53191,75833,49
53195,95833,88
53202,71034,59
53203,86159,83
53204,45934,88
53205,31529,58
53206,29336,88
53207,79117,82
53208,52690,88
53209,48486,71
53210,48217,86
53211,75256,88
53212,47298,88
53213,101688,85
53214,60962,72
53215,54289,88
53216,46752,76
53217,133021,70
53218,45642,70
53219,70388,72
53220,69319,60
53221,63265,59
53222,76980,69
53223,60839,57
53224,67803,51
53225,56545,61
53226,93132,68
53227,73321,64
53228,75033,49
53233,23750,64
53235,57368,64
53402,75751,62
53403,59820,73
53404,50428,70
53405,69242,70
53406,82792,43
53502,87000,60
53503,87361,39
53504,83690,69
53505,91500,86
53506,59861,54
53507,113261,39
53508,99948,34
53510,82083,53
53511,67067,67
53515,92625,48
53516,85324,54
53517,84722,38
53518,62384,45
53520,75205,55
53521,108036,42
53522,81528,62
53523,102188,50
53525,79323,62
53526,79286,62
53527,133883,25
53528,106823,44
53529,107560,52
53530,69511,59
53531,105000,44
53532,110022,35
53533,77849,51
53534,89045,49
53536,87667,45
53537,59821,69
53538,82783,56
53540,61458,53
53541,58438,64
53543,77031,52
53544,100625,63
53545,73889,61
53546,75825,45
53548,76869,59
53549,80101,56
53550,73438,62
53551,94401,47
53553,64375,72
53554,74063,57
53555,119305,35
53556,67727,48
53557,91500,72
53558,107609,38
53559,93571,46
53560,98409,48
53561,91103,43
53562,101381,37
53563,89528,46
53565,84589,69
53566,74058,58
53569,89500,60
53570,87500,56
53571,65729,88
53572,108750,34
53573,64776,48
53574,106508,49
53575,107885,35
53576,63750,61
53577,96500,67
53578,105610,36
53579,79792,63
53580,61667,70
53581,64833,58
53582,89107,47
53583,97286,50
53585,74779,72
53586,70806,71
53587,90250,69
53588,83417,46
53589,96226,46
53590,97051,27
53593,135023,20
53594,88390,60
53597,117000,30
53598,106476,30
53703,47847,47
53704,74034,55
53705,88549,59
53706,6053,80
53711,100735,49
53713,58017,47
53714,71519,57
53715,38996,56
53716,91716,61
53717,98180,34
53718,102843,20
53719,92052,28
53726,47754,67
53801,65357,44
53802,80417,69
53803,79545,55
53804,82917,55
53805,60870,52
53806,64076,55
53807,77887,54
53808,70913,52
53809,65568,54
53810,75500,80
53811,82769,47
53812,80833,52
53813,84004,63
53816,71250,46
53817,48958,41
53818,55567,52
53820,77083,53
53821,60647,53
53825,102500,72
53826,73438,43
53827,81607,48
53901,74092,53
53910,49875,49
53911,100625,51
53913,74629,44
53916,71188,56
53919,97019,85
53920,69432,51
53922,91500,76
53923,72500,64
53924,72333,59
53925,84044,60
53926,62917,51
53928,85625,79
53929,65568,68
53930,72778,51
53931,71250,72
53932,85781,37
53933,83578,58
53934,48782,46
53935,86250,80
53936,55515,41
53937,87292,48
53939,70833,74
53941,82537,43
53942,112292,82
53943,73000,67
53944,72614,34
53946,72450,59
53947,56250,48
53948,62829,50
53949,64611,49
53950,72768,35
53951,71970,55
53952,63750,43
53953,46250,68
53954,83207,42
53955,101134,50
53956,84231,63
53959,77924,36
53960,84911,52
53961,77298,77
53962,28333,45
53963,77631,58
53964,69306,50
53965,66667,39
53968,74479,67
53969,77222,66
54001,80344,47
54002,88275,39
54003,94352,48
54004,68182,46
54005,87813,46
54006,69688,58
54007,85398,49
54009,89861,35
54011,102636,49
54013,87500,51
54014,101667,49
54015,114293,32
54016,113085,31
54017,98571,33
54020,74702,36
54021,97321,40
54022,96642,39
54023,108466,26
54024,75417,44
54025,86930,28
54026,95833,42
54027,100750,46
54028,85341,42
54082,131146,34
54101,94500,33
54102,41917,51
54103,57604,48
54104,56286,43
54106,97500,45
54107,79815,54
54110,73685,54
54111,67396,40
54112,71141,55
54113,93490,51
54114,59217,46
54115,94721,29
54119,54375,45
54120,53906,42
54121,58750,48
54123,58750,36
54124,60703,55
54125,46429,53
54126,99310,48
54127,113750,88
54128,63661,52
54129,67381,47
54130,89131,45
54135,65652,41
54136,69495,52
54137,85714,50
54138,67000,38
54139,78013,51
54140,82472,46
54141,101553,32
54143,64491,63
54149,50250,40
54150,54464,43
54151,69511,56
54152,56607,69
54153,70684,60
54154,59767,51
54155,99597,18
54156,49625,45
54157,70469,53
54159,69375,48
54160,68750,70
54161,68415,48
54162,80594,37
54165,87048,50
54166,62791,50
54169,109524,25
54170,78889,48
54171,113698,27
54173,107708,34
54174,69878,50
54175,87614,35
54177,62991,45
54180,94375,31
54201,67542,59
54202,73784,37
54204,79803,46
54205,90781,49
54207,58125,88
54208,95509,46
54209,77188,36
54210,77159,49
54211,100938,72
54212,104531,32
54213,97292,52
54214,87500,49
54215,46000,70
54216,83813,64
54217,89489,47
54220,66035,64
54227,87500,58
54228,71842,57
54229,97135,33
54230,87688,64
54232,57895,44
54234,74583,36
54235,70212,46
54241,61014,65
54245,85302,56
54246,70000,49
54247,78417,54
54301,78684,63
54302,58506,52
54303,60781,59
54304,63865,55
54311,84914,33
54313,107599,35
54401,71586,51
54403,69030,66
54405,69659,50
54406,77533,49
54407,101563,44
54408,72768,42
54409,53576,65
54410,84135,48
54411,77176,58
54412,83576,52
54413,64688,49
54414,72500,48
54416,60859,48
54418,80000,47
54420,79899,43
54421,60820,53
54422,71667,50
54423,113690,36
54424,77500,51
54425,63424,50
54426,78942,48
54427,83958,52
54428,49167,47
54430,57045,36
54433,69000,51
54435,83125,36
54436,61048,53
54437,67097,55
54440,90921,44
54441,92031,39
54442,64779,44
54443,99423,42
54446,74342,55
54447,73214,51
54448,94432,48
54449,67551,51
54450,68750,88
54451,71349,47
54452,67669,55
54454,82589,55
54455,96140,36
54456,66934,54
54457,71083,46
54458,57917,80
54459,66250,52
54460,65583,58
54462,92981,47
54463,59310,52
54464,122083,88
54465,56625,40
54466,67000,48
54467,87580,34
54469,74038,68
54470,61589,49
54471,87368,36
54473,80038,52
54474,81635,56
54475,79500,61
54476,78079,35
54479,77371,52
54480,68333,51
54481,59545,57
54482,94500,36
54484,72047,45
54485,83438,48
54486,60528,60
54487,72416,46
54488,63571,58
54489,63352,54
54490,67981,43
54491,55917,44
54493,70556,48
54494,72595,52
54495,49798,58
54498,75833,64
54499,63816,51
54501,68163,48
54511,66719,47
54512,75147,45
54513,63675,47
54514,70769,53
54515,60250,59
54517,73571,35
54519,59628,49
54520,60031,43
54521,74071,45
54524,40536,54
54525,74375,80
54526,52500,47
54527,55476,51
54529,72000,40
54530,54375,54
54531,84286,47
54534,53468,68
54536,57917,67
54537,59464,45
54538,51429,43
54539,62841,44
54540,68654,49
54541,63438,49
54542,46607,40
54545,80625,52
54546,70104,58
54547,63500,39
54548,69569,42
54550,64583,76
54552,61317,52
54554,63750,43
54555,59025,49
54556,54375,49
54557,74432,40
54558,59718,46
54559,69696,45
54560,61667,51
54562,57422,47
54563,81875,47
54564,56875,36
54565,38125,51
54566,56250,47
54568,72589,43
54601,61639,56
54603,52012,60
54610,61563,69
54611,71667,50
54612,77647,45
54613,51528,39
54614,85588,48
54615,67033,46
54616,72222,56
54618,73214,49
54619,71463,46
54621,94286,50
54622,78194,54
54623,88864,48
54624,81518,39
54625,53157,63
54626,69926,40
54627,77212,51
54628,57167,35
54629,74432,54
54630,95549,46
54631,65417,46
54632,82500,52
54634,60945,54
54635,72566,51
54636,96384,29
54637,50250,63
54638,60417,60
54639,61375,55
54642,73452,52
54644,77143,44
54645,50833,88
54646,59750,42
54648,74250,50
54650,85548,38
54651,62159,43
54652,57500,50
54653,72596,46
54654,68304,88
54655,56010,44
54656,72379,46
54657,70750,43
54658,73438,53
54659,71477,47
54660,61186,46
54661,79720,32
54664,72898,47
54665,72093,58
54666,78015,33
54667,75774,52
54669,103194,36
54670,82250,60
54701,74361,46
54703,71518,51
54720,85977,37
54721,75305,58
54722,71181,51
54723,81875,50
54724,72391,47
54725,71745,50
54726,78500,73
54727,81575,47
54728,74712,49
54729,75809,47
54730,83010,47
54731,57188,44
54732,62875,53
54733,58421,58
54734,71500,58
54736,74083,59
54737,68750,51
54738,95179,45
54739,88667,39
54740,79387,63
54741,62679,45
54742,102083,44
54745,67891,44
54746,62411,61
54747,70820,59
54748,78750,53
54749,77903,43
54750,93750,66
54751,72028,41
54754,58125,48
54755,72564,54
54756,75625,53
54757,70395,39
54758,67930,51
54759,80750,53
54760,88750,63
54761,75536,70
54762,62778,57
54763,65417,57
54766,66050,54
54767,83917,54
54768,54964,53
54769,78125,47
54770,83636,53
54771,65625,57
54772,88750,38
54773,72232,50
54801,62625,48
54805,59643,51
54806,64864,60
54810,69917,45
54812,63100,59
54813,71193,47
54814,63682,40
54817,83036,37
54819,56650,51
54820,85179,47
54821,57813,48
54822,70000,43
54824,67148,48
54826,94750,46
54827,90000,56
54828,52578,45
54829,66538,47
54830,66941,39
54832,76136,46
54835,54583,42
54836,77031,48
54837,71010,52
54838,74318,42
54839,80625,47
54840,63750,47
54841,76250,52
54842,88750,45
54843,60619,41
54844,63036,35
54845,49464,41
54846,74000,40
54847,68795,40
54848,56736,52
54849,80714,43
54850,71250,40
54853,75000,49
54854,88125,52
54855,56875,40
54856,76500,47
54857,96667,58
54858,53901,50
54859,55882,41
54862,61875,43
54864,91250,45
54865,61875,42
54867,41694,44
54868,64318,49
54870,67063,36
54871,69342,48
54872,60787,48
54873,88359,44
54874,89063,49
54875,57022,38
54876,72794,39
54880,68275,65
54888,63971,38
54889,77143,46
54891,70536,49
54893,56129,43
54895,65357,41
54896,61080,41
54901,61794,67
54902,65612,60
54904,93341,34
54909,80417,48
54911,67001,69
54913,105385,22
54914,79875,50
54915,87426,42
54921,76164,48
54922,76350,75
54923,66223,55
54927,128523,45
54928,73355,68
54929,64626,64
54930,77692,46
54932,110125,56
54933,63125,88
54935,63144,60
54937,81841,40
54940,90813,46
54941,79146,51
54942,119508,24
54943,62500,46
54944,100523,35
54945,69602,48
54947,91167,52
54948,62969,51
54949,90786,55
54950,67102,56
54952,69196,50
54956,85869,49
54960,66625,48
54961,71824,48
54962,83452,54
54963,86227,49
54964,82857,52
54965,60625,48
54966,67143,54
54967,51555,63
54968,65758,57
54970,64309,47
54971,66699,58
54974,97222,48
54977,81328,41
54978,120000,21
54979,109868,55
54980,31711,88
54981,72640,48
54982,64201,50
54983,71094,53
54984,64120,46
54986,93189,48
55001,133581,47
55003,125893,66
55005,109107,39
55006,69191,48
55007,67847,35
55008,84513,37
55009,91295,52
55011,121434,39
55012,101607,46
55013,109063,35
55014,103658,39
55016,120715,36
55017,62188,45
55018,83854,61
55019,117381,25
55020,131071,25
55021,68820,52
55024,127280,29
55025,98382,38
55026,96667,62
55027,93043,55
55029,74167,48
55030,81563,52
55031,114338,46
55032,104554,42
55033,103988,43
55036,27188,48
55037,68380,35
55038,130931,24
55040,90900,33
55041,78672,51
55042,154341,23
55043,102966,52
55044,141551,25
55045,108929,35
55046,95912,29
55047,107361,48
55049,90625,35
55051,68500,44
55052,82760,54
55053,101406,57
55054,157096,21
55055,71979,50
55056,95679,32
55057,92622,41
55060,84906,49
55063,74667,46
55065,119667,50
55066,73584,55
55068,127798,30
55069,75179,42
55070,108750,25
55071,100798,54
55072,58144,45
55073,128723,44
55074,106625,33
55075,88386,68
55076,93847,36
55077,111967,36
55079,114614,38
55080,101964,47
55082,115040,42
55084,94297,50
55085,107500,54
55087,92344,49
55088,132917,47
55089,108750,48
55090,85119,80
55092,95337,36
55101,64863,66
55102,76406,88
55103,48390,66
55104,75712,88
55105,107248,88
55106,70187,72
55107,74531,88
55108,86308,70
55109,86776,50
55110,101296,52
55112,93838,51
55113,86792,57
55114,62766,21
55115,124234,38
55116,81141,68
55117,70771,60
55118,87340,53
55119,81865,55
55120,116346,36
55121,87152,36
55122,96823,40
55123,139215,38
55124,97727,36
55125,119260,33
55126,108217,46
55127,117917,39
55128,93210,40
55129,143795,18
55130,54130,67
55150,111250,73
55301,129232,22
55302,83235,47
55303,102986,38
55304,131700,32
55305,104914,43
55306,100515,38
55307,73533,64
55308,106510,28
55309,121711,28
55310,87292,65
55311,153568,28
55312,100568,71
55313,92455,36
55314,79500,62
55315,140893,21
55316,116102,38
55317,140385,31
55318,112243,31
55319,111607,36
55320,113973,31
55321,80433,52
55322,124861,32
55324,83269,43
55325,87137,47
55327,140366,15
55328,114158,35
55329,79453,51
55330,115761,26
55331,159450,42
55332,62361,74
55333,54688,69
55334,66149,57
55335,62206,75
55336,77261,50
55337,84110,47
55338,86563,53
55339,92813,64
55340,178553,23
55341,157071,23
55342,64861,68
55343,83143,50
55344,89565,36
55345,145332,54
55346,135000,42
55347,155430,36
55349,99444,46
55350,79123,43
55352,112070,33
55353,83854,50
55354,97941,48
55355,63295,51
55356,156622,46
55357,152500,33
55358,92039,52
55359,129250,49
55360,122117,22
55362,91832,31
55363,101989,28
55364,108725,52
55366,72500,52
55367,94107,65
55368,71250,48
55369,112144,40
55370,103750,53
55371,93824,37
55372,145499,31
55373,105556,31
55374,144714,23
55375,130893,27
55376,131266,28
55378,124871,29
55379,106312,27
55381,88661,60
55382,93661,49
55384,48315,47
55385,78125,65
55386,192458,20
55387,114511,26
55388,99375,34
55389,96786,48
55390,103750,28
55391,174301,43
55395,72800,55
55396,75680,71
55397,81957,47
55398,103419,28
55401,113522,24
55402,62105,88
55403,60873,58
55404,41940,55
55405,73053,88
55406,93910,88
55407,78464,88
55408,70326,68
55409,98305,88
55410,146425,78
55411,60225,82
55412,68682,88
55413,85282,56
55414,51966,38
55415,124921,14
55416,105958,52
55417,126261,82
55418,99397,78
55419,148350,88
55420,82170,66
55421,70772,60
55422,93914,68
55423,85182,67
55424,250001,74
55425,76274,51
55426,99347,65
55427,92821,60
55428,74860,58
55429,72253,63
55430,75716,66
55431,101484,61
55432,79520,56
55433,78054,44
55434,90336,43
55435,79884,50
55436,144129,53
55437,95718,52
55438,106432,45
55439,168693,55
55441,101981,47
55442,123859,39
55443,95082,37
55444,117198,47
55445,104150,36
55446,170625,23
55447,133555,48
55448,103461,42
55449,131832,21
55454,23100,52
55601,56250,57
55602,73750,52
55603,61875,52
55604,73427,42
55605,56250,34
55606,85000,33
55607,87857,35
55609,78208,49
55612,81042,37
55613,58958,30
55614,72981,65
55615,61042,31
55616,76127,59
55702,78125,50
55703,72102,51
55704,62500,46
55705,56208,67
55706,56750,65
55707,82167,43
55708,66389,74
55709,75652,47
55710,86477,52
55711,61250,40
55712,61563,46
55713,59036,67
55716,43036,71
55717,97222,46
55718,96546,45
55719,53647,75
55720,64167,55
55721,86429,41
55722,68636,66
55723,64526,49
55724,75313,48
55725,72917,50
55726,80313,38
55731,62008,54
55732,64750,56
55733,118260,51
55734,62703,68
55735,63827,41
55736,65179,55
55738,82969,53
55741,69545,56
55742,64250,47
55744,70644,47
55746,55823,70
55748,53810,47
55749,77500,39
55750,65833,70
55751,75200,50
55752,73214,47
55753,53643,73
55756,55625,48
55757,61538,48
55758,57386,52
55760,59474,47
55763,80750,40
55764,63594,75
55765,75272,55
55767,78988,51
55768,86075,52
55769,66092,58
55771,67667,46
55775,90179,52
55779,93792,45
55780,76042,50
55781,101406,47
55782,56420,64
55783,82421,37
55784,58594,49
55785,56477,40
55786,61597,61
55787,66111,38
55790,77232,45
55792,53750,71
55793,70000,51
55795,68750,34
55796,52344,72
55797,87039,38
55798,78438,45
55802,51544,68
55803,105888,57
55804,111228,68
55805,43100,88
55806,42833,88
55807,62067,88
55808,62031,84
55810,84719,49
55811,79804,46
55812,65505,88
55901,94607,36
55902,120611,31
55904,77016,48
55906,93685,44
55909,96736,62
55910,76389,50
55912,70177,69
55917,75208,68
55918,78523,69
55919,77917,42
55920,131336,31
55921,80161,56
55922,63125,64
55923,96328,48
55924,78558,74
55925,92500,56
55926,100000,61
55927,99566,50
55929,118977,36
55931,77917,73
55932,100078,46
55933,56250,59
55934,84952,46
55935,85000,65
55936,85114,62
55939,70855,67
55940,83885,54
55941,72500,64
55943,72411,58
55944,95180,34
55945,80284,48
55946,85781,74
55947,88611,48
55949,84327,75
55950,61250,76
55951,61131,72
55952,91389,51
55953,72500,63
55954,66250,66
55955,132524,40
55956,98558,44
55957,76094,38
55959,67617,42
55960,130227,35
55961,98214,53
55962,76667,73
55963,112287,32
55964,84318,50
55965,65577,64
55967,109583,48
55968,58125,69
55969,94444,48
55970,85000,68
55971,88750,51
55972,98878,50
55973,110417,56
55974,59205,71
55975,77411,58
55976,87330,38
55977,61250,40
55979,85417,63
55981,71607,50
55982,102344,74
55983,82446,46
55985,83636,68
55987,61624,61
55990,72500,88
55991,82292,43
55992,92417,51
56001,69531,45
56003,82538,45
56007,68846,66
56009,80804,69
56010,80156,88
56011,102522,30
56013,71553,72
56014,62917,88
56016,89583,61
56017,88056,51
56019,65833,72
56020,83750,73
56021,96563,49
56022,65750,64
56023,77969,80
56024,95357,31
56025,91786,88
56026,100169,78
56027,49954,77
56028,93375,42
56029,67857,88
56030,60625,88
56031,54847,60
56032,50000,77
56033,83214,76
56034,98750,55
56035,61500,51
56036,73287,64
56037,78750,66
56039,84342,84
56041,80833,79
56042,89750,71
56043,97708,65
56044,101250,53
56045,71250,81
56046,61042,74
56048,85532,55
56050,90000,51
56051,54286,73
56052,91875,53
56054,93214,73
56055,90987,56
56056,105000,81
56057,91250,59
56058,86677,62
56060,80093,78
56062,76713,77
56063,102391,41
56065,92933,71
56068,74250,70
56069,87118,56
56071,115690,35
56072,80417,69
56073,70250,59
56074,92813,50
56075,73750,73
56078,80208,66
56080,105398,53
56081,67337,59
56082,71456,47
56083,69167,81
56085,73000,67
56087,64375,71
56088,71354,74
56089,56250,54
56090,73750,88
56091,56250,72
56093,73038,55
56096,87679,55
56097,62264,73
56098,69000,72
56101,77083,60
56110,77875,67
56111,98125,83
56113,74375,66
56114,71667,81
56115,64000,72
56116,95000,68
56117,63438,88
56118,91250,77
56119,83583,56
56120,77188,65
56121,49042,83
56122,97321,63
56123,56750,74
56125,51875,88
56127,42292,66
56128,71875,60
56129,62614,71
56131,73063,68
56132,73750,50
56134,59063,69
56136,68281,60
56137,71250,73
56138,78631,71
56139,78125,69
56140,66250,88
56141,54306,69
56142,57500,71
56143,70771,64
56144,58375,85
56145,58750,74
56146,50500,88
56147,66250,74
56149,65556,55
56150,76844,70
56151,74167,80
56152,75536,74
56153,78750,61
56155,59363,74
56156,71066,63
56157,91250,50
56158,53462,66
56159,71648,64
56160,66667,88
56161,86000,72
56162,88625,76
56164,74201,70
56165,106250,77
56166,75875,73
56167,73203,71
56168,71786,77
56169,82083,68
56170,58750,88
56171,72554,68
56172,71875,56
56173,59286,83
56174,74688,77
56175,73750,65
56176,59125,74
56178,87031,70
56180,67689,71
56181,55750,76
56183,45536,71
56185,62083,74
56186,65833,74
56187,64326,54
56201,68804,48
56207,87969,74
56208,59766,74
56209,86118,54
56210,83750,88
56211,83250,63
56212,81250,75
56214,90694,63
56215,56604,66
56216,77059,73
56218,79375,88
56219,68833,55
56220,61414,65
56221,74583,71
56222,71429,70
56223,71667,71
56224,71250,69
56225,95978,65
56226,111750,53
56227,97604,88
56228,69844,68
56229,104375,59
56230,64583,67
56231,110000,73
56232,75069,74
56235,72500,80
56236,79750,66
56237,89000,83
56239,99821,52
56240,76500,55
56241,66875,57
56243,71528,54
56244,85417,62
56245,84583,64
56248,83000,69
56249,72250,73
56251,76917,49
56252,82571,59
56253,75391,53
56255,66667,88
56256,65521,72
56257,75417,84
56258,72731,50
56260,75750,79
56262,70625,88
56263,73636,65
56264,81071,56
56265,74848,68
56266,74000,68
56267,74442,52
56270,61944,54
56271,64861,59
56273,90122,40
56274,118889,53
56276,76250,88
56277,70326,61
56278,63203,68
56279,84000,52
56280,78214,78
56281,106667,59
56282,69896,62
56283,66352,53
56284,72500,64
56285,83984,74
56287,73750,72
56288,111021,42
56289,78958,48
56291,63438,74
56292,68523,74
56293,67396,58
56294,82083,70
56295,44167,80
56296,53527,63
56297,82250,80
56301,73142,41
56303,65198,47
56304,58148,46
56307,84097,42
56308,78177,38
56309,84750,49
56310,105164,42
56311,74583,63
56312,70000,52
56313,48333,73
56314,95972,58
56315,89514,46
56316,71111,62
56318,84297,45
56319,89712,46
56320,87026,40
56323,76806,60
56324,82917,49
56325,86875,46
56326,85625,50
56327,85000,39
56328,107188,56
56329,92738,46
56330,84519,28
56331,96042,49
56332,87917,46
56334,69525,54
56335,72625,68
56336,82679,49
56338,70938,44
56339,60893,52
56340,96250,50
56342,63295,43
56343,64659,49
56345,60676,52
56347,66641,53
56349,98958,46
56350,41667,40
56352,73721,55
56353,78763,38
56354,88693,34
56355,97500,44
56356,85000,72
56357,114531,50
56358,83594,38
56359,59457,41
56360,69013,46
56361,70541,51
56362,86212,50
56363,67500,79
56364,76638,49
56367,101771,36
56368,97407,45
56369,98077,52
56371,51250,80
56373,91192,36
56374,80156,39
56375,105313,39
56376,59219,49
56377,87172,26
56378,72567,50
56379,76138,38
56381,77146,55
56382,76125,48
56384,48750,49
56385,73500,56
56386,54583,46
56387,59009,33
56389,68333,76
56401,73128,42
56425,70740,26
56431,67828,41
56433,58889,40
56434,48750,53
56435,62381,40
56437,60345,54
56438,62500,52
56440,53250,66
56441,50298,52
56442,79896,38
56443,71310,45
56444,77500,41
56446,56979,70
56447,64464,42
56448,93365,44
56449,74861,37
56450,61394,41
56452,62941,34
56453,70833,58
56455,73214,48
56458,85625,36
56461,78188,37
56464,70833,44
56465,74400,35
56466,61910,43
56467,74297,40
56468,100300,34
56469,66042,42
56470,67500,43
56472,81328,32
56473,85950,31
56474,59922,42
56475,64327,48
56477,57857,50
56479,59920,49
56481,73295,50
56482,64439,57
56484,67019,32
56501,70037,45
56510,70000,64
56511,89875,39
56514,100845,49
56515,73750,47
56516,69250,61
56517,92500,88
56518,71250,47
56519,64297,66
56520,64792,54
56521,68750,51
56522,82361,68
56523,56685,69
56524,95938,44
56525,76250,83
56527,64375,53
56528,79500,38
56529,90694,39
56531,74583,64
56533,67250,60
56534,70694,48
56535,65536,50
56536,69375,53
56537,65473,50
56540,83646,62
56541,89375,71
56542,59706,56
56543,89500,62
56544,72885,45
56545,85417,74
56546,78750,53
56547,102500,48
56548,64896,56
56549,105968,45
56550,86667,71
56551,63750,54
56552,51786,64
56553,66994,72
56554,94792,43
56556,61786,81
56557,57731,53
56560,75406,44
56565,53846,74
56566,44583,44
56567,72500,48
56568,40000,85
56569,57434,40
56570,61042,41
56571,85865,41
56572,79475,46
56573,68770,42
56574,79792,73
56575,56534,45
56576,63750,49
56578,90000,51
56579,89583,55
56580,107813,53
56581,53750,77
56583,71250,63
56584,69625,62
56585,71250,49
56586,79583,48
56587,88000,34
56588,74306,53
56589,72969,50
56590,70500,69
56591,16793,48
56592,59167,61
56594,95833,71
56601,72262,38
56621,63721,47
56623,87750,36
56626,44853,49
56627,36500,57
56628,61250,41
56629,90938,35
56630,50333,47
56633,67981,42
56634,64886,42
56636,61289,43
56637,58750,45
56639,30625,52
56641,39688,26
56644,56364,53
56646,48750,58
56647,78625,45
56649,64736,56
56650,71667,51
56651,80750,47
56652,64583,50
56653,74583,51
56654,51250,56
56655,57404,34
56657,72629,49
56659,98750,35
56660,64464,45
56661,65469,50
56662,69643,37
56663,50278,48
56667,87292,33
56668,116250,66
56669,64688,44
56670,57132,34
56671,48625,41
56672,61842,41
56673,68500,46
56676,74167,39
56678,73194,40
56680,51250,42
56681,50833,50
56683,79659,39
56684,73750,53
56686,80417,42
56688,71250,30
56701,78599,52
56710,68000,59
56711,33852,40
56713,87188,58
56714,70962,50
56715,77875,70
56716,59744,60
56721,82525,51
56722,94375,54
56723,106250,55
56724,48750,53
56725,72917,49
56726,71667,49
56727,87250,51
56728,79444,62
56729,78750,43
56731,75125,67
56732,72344,56
56733,57361,62
56734,78281,49
56735,73750,60
56736,95000,50
56737,72679,56
56738,71250,50
56742,92500,56
56744,81750,61
56748,87500,52
56750,71875,56
56751,77279,45
56754,79167,50
56755,91250,88
56756,94583,35
56757,80938,66
56758,56667,65
56759,75625,43
56760,85250,57
56761,75729,52
56762,62933,58
56763,65000,43
57001,69531,66
57002,93214,21
57003,111932,29
57004,88750,58
57005,112500,26
57006,66337,40
57010,93611,58
57012,94375,71
57013,76458,62
57014,77000,78
57015,110250,55
57016,95815,55
57017,96447,54
57018,97500,56
57020,101500,36
57021,76488,88
57022,100656,40
57024,98333,60
57025,94839,41
57026,80568,56
57028,72798,52
57029,73750,66
57030,79375,46
57031,64794,62
57032,111528,19
57033,105560,33
57034,89688,73
57035,99565,48
57036,85000,73
57037,72250,80
57038,106250,48
57039,83787,50
57040,72250,52
57041,158393,50
57042,71868,52
57043,64375,61
57045,76042,69
57046,88583,48
57047,55417,68
57048,84081,35
57049,93134,25
57050,116563,83
57051,56250,88
57052,118750,77
57053,93393,54
57054,86875,70
57055,120341,33
57057,71500,88
57058,84286,52
57059,59779,67
57061,56875,88
57062,62321,64
57063,92500,65
57064,119022,24
57065,70000,66
57066,56389,72
57067,102941,55
57068,112847,52
57069,53327,48
57070,61522,60
57071,77138,47
57072,91750,88
57073,73281,88
57075,106763,41
57076,118281,86
57077,88125,35
57078,71268,47
57103,72831,46
57104,57688,64
57105,77292,68
57106,77580,28
57107,74141,21
57108,98197,16
57110,88955,17
57201,72878,47
57212,93750,54
57213,81932,83
57214,65000,88
57216,88203,49
57217,64125,88
57218,66250,82
57219,51900,66
57220,86094,50
57221,73988,62
57223,92424,50
57224,59063,81
57225,66875,63
57226,83125,52
57227,96500,49
57231,78646,59
57232,93750,39
57233,82917,88
57234,82358,60
57235,83462,48
57236,84167,88
57237,87153,67
57238,66250,50
57239,106389,51
57241,85833,71
57242,113958,72
57243,48542,79
57245,86250,86
57246,72917,56
57247,50455,45
57248,96364,40
57249,63182,54
57251,72292,54
57252,70479,53
57255,63393,64
57256,66500,63
57257,55625,48
57258,58295,79
57259,80250,56
57260,82656,54
57261,77813,63
57262,51889,54
57263,58214,57
57264,79583,62
57265,69519,52
57266,72500,73
57268,76250,49
57269,98333,50
57270,77708,58
57271,85524,88
57272,83750,88
57273,48167,50
57274,68083,59
57276,67639,71
57278,70208,59
57279,71324,54
57301,65620,53
57311,103839,64
57312,91688,71
57313,89107,74
57314,85515,74
57315,73750,59
57317,50833,68
57319,69792,69
57321,93125,81
57322,71667,63
57323,51250,73
57324,67019,59
57325,80139,52
57328,86985,54
57329,62115,69
57330,71563,81
57331,101406,40
57332,69583,77
57334,62167,69
57335,92813,41
57337,75197,88
57339,46136,51
57340,58500,81
57342,75313,85
57345,75735,63
57348,83542,48
57349,75179,70
57350,66573,65
57353,75625,49
57355,63125,65
57356,54107,55
57358,85000,76
57359,106818,69
57361,19830,53
57362,67083,55
57363,77841,85
57365,76000,33
57366,78155,57
57367,87188,35
57368,74688,50
57369,78100,55
57370,58824,52
57371,74196,69
57373,46607,88
57374,79167,60
57375,70250,72
57376,61538,79
57379,107031,88
57380,62135,54
57381,79231,81
57382,79375,62
57383,62917,71
57384,64063,54
57385,70404,65
57386,76250,88
57401,68835,53
57420,40469,34
57422,88125,88
57424,75000,65
57426,78875,88
57427,83977,25
57428,64375,63
57430,70484,63
57432,112765,62
57433,50417,39
57434,73393,68
57435,97750,73
57436,73333,86
57437,49276,65
57438,70673,60
57440,54625,80
57441,108009,49
57442,65625,49
57445,84948,51
57446,44375,63
57448,66538,74
57449,150000,72
57450,86833,55
57451,86000,53
57452,53571,66
57454,81250,68
57455,86250,81
57456,75833,67
57457,140417,62
57460,139500,43
57461,105536,55
57465,120250,60
57466,51172,59
57467,59063,76
57468,76250,88
57469,66111,63
57470,108281,55
57471,67500,67
57472,61708,61
57473,23750,26
57474,100833,88
57475,88125,56
57476,76750,66
57477,59375,88
57479,102222,33
57481,68125,51
57501,81791,47
57520,50417,54
57521,57813,73
57522,72188,55
57523,68750,59
57528,61292,54
57529,75313,88
57531,60625,52
57532,87966,33
57533,58500,62
57534,33438,88
57536,53125,60
57538,46875,76
57541,250001,25
57543,36250,52
57544,78750,58
57547,78523,23
57548,35750,46
57551,70096,59
57552,63500,51
57555,40694,42
57559,66818,54
57564,74297,51
57566,14176,44
57567,59410,51
57568,83188,59
57569,74722,53
57570,51788,48
57572,40417,44
57574,2499,68
57576,100208,57
57577,20625,40
57579,56474,54
57580,59547,56
57584,38125,63
57601,66003,58
57620,90500,67
57621,32589,37
57623,59946,47
57625,43235,42
57626,68036,52
57631,56827,48
57632,81719,63
57633,78750,53
57634,88125,45
57636,112375,41
57638,58533,62
57639,21250,43
57640,250001,51
57641,83750,71
57642,58750,53
57644,68229,50
57645,56667,88
57646,101406,57
57648,61354,69
57649,84500,55
57651,94559,70
57652,19327,42
57656,66094,56
57658,23000,34
57659,103333,71
57660,67292,71
57661,55000,48
57701,56461,51
57702,91457,46
57703,83739,27
57706,57162,18
57717,77689,43
57718,84162,36
57719,74885,23
57720,79091,61
57722,59306,79
57724,61146,48
57725,48214,53
57730,83469,45
57732,43636,63
57735,71576,54
57738,52308,20
57744,106250,29
57745,88194,32
57747,68443,49
57751,97969,35
57752,82604,32
57754,66250,73
57755,68125,41
57759,75500,25
57760,65054,57
57761,97734,41
57762,68125,51
57763,74318,48
57764,21545,36
57766,96146,63
57767,250001,88
57769,94375,29
57770,52250,40
57772,57785,48
57775,77750,70
57780,40192,63
57782,65500,88
57783,74844,36
57785,63897,46
57787,53750,52
57788,85380,60
57790,75096,53
57791,42250,71
57792,103567,44
57793,87351,26
58001,64844,51
58004,72250,64
58005,142917,47
58006,95313,56
58007,81250,52
58008,119167,63
58011,99853,49
58012,75000,47
58013,78125,86
58015,103438,33
58016,109359,79
58017,61250,63
58018,105000,57
58021,108750,53
58027,75774,70
58029,145625,88
58030,75909,62
58031,57438,88
58032,85329,52
58033,90000,48
58035,131471,76
58036,100625,47
58038,112750,61
58040,67143,37
58041,85368,60
58042,137500,49
58043,130694,44
58045,86484,55
58046,65625,58
58047,142361,20
58048,100227,65
58049,103571,51
58051,107396,53
58052,87813,54
58053,51339,64
58054,75370,55
58056,29178,35
58057,70156,47
58058,79375,55
58059,115469,22
58060,77143,51
58061,93125,73
58062,72250,88
58063,99286,51
58064,75625,55
58067,92969,56
58068,60833,83
58071,109375,58
58072,64375,61
58075,68537,51
58077,108750,60
58078,91040,22
58079,126477,50
58081,87632,58
58102,59533,53
58103,58801,44
58104,85747,18
58105,123636,67
58201,68143,40
58202,29600,18
58203,60474,49
58204,73145,24
58210,47500,63
58212,60972,61
58214,111944,48
58216,94375,68
58218,91964,69
58219,81724,88
58220,61199,53
58222,73500,55
58223,96750,73
58224,128125,88
58225,74250,58
58227,78264,69
58228,70625,42
58229,29357,88
58230,81250,72
58231,85833,61
58233,84375,59
58235,81042,70
58237,70201,54
58238,134107,52
58239,146125,88
58240,85950,61
58241,54091,65
58243,85625,60
58244,175313,74
58249,64571,58
58250,108375,88
58251,100625,56
58254,86563,58
58256,91125,53
58257,60395,60
58258,56071,69
58259,55000,77
58260,57813,67
58261,78864,52
58262,105000,58
58265,82500,60
58266,88889,71
58267,88015,63
58270,69811,53
58271,102917,58
58272,76875,57
58273,52500,56
58274,105395,54
58275,105385,64
58276,83125,67
58277,70208,54
58278,111250,49
58281,128750,42
58282,52083,59
58301,59515,49
58311,82386,68
58313,32813,55
58316,66932,39
58317,66989,88
58318,85729,46
58321,95000,63
58323,250001,61
58324,61146,53
58327,96157,58
58329,51065,47
58330,70986,69
58332,53750,64
58338,64531,57
58341,61641,56
58344,66957,61
58345,93750,64
58346,85469,56
58348,62563,62
58351,72917,60
58352,94000,54
58355,104375,46
58356,51042,60
58357,76458,50
58361,131106,85
58363,90694,52
58365,53750,61
58366,91071,53
58367,63750,52
58368,58854,54
58369,68235,40
58370,43750,50
58372,155391,48
58374,64688,59
58377,91667,56
58379,42333,50
58380,67083,59
58381,90500,29
58382,70536,53
58384,87500,68
58385,87250,54
58386,85000,62
58401,60228,52
58413,51250,73
58415,70000,68
58416,58438,67
58418,55357,64
58420,114583,64
58421,89097,52
58422,131477,69
58424,81563,54
58425,59773,68
58426,91071,88
58428,74028,41
58429,70972,70
58430,52083,49
58431,62083,66
58433,70375,58
58436,69286,65
58438,67244,68
58439,73611,59
58440,67083,88
58441,88125,69
58442,56920,62
58443,73500,64
58444,52188,64
58445,72250,50
58448,60714,76
58451,62115,50
58454,61875,73
58455,76500,74
58456,66607,72
58458,73250,56
58460,47500,81
58461,65375,62
58463,61667,56
58464,55938,88
58466,77448,49
58467,60938,62
58472,103409,60
58474,72969,56
58477,82778,88
58479,63750,69
58480,87500,55
58481,90714,73
58482,64583,55
58483,57292,63
58484,170500,83
58487,56875,55
58488,79808,70
58490,115625,64
58492,117670,55
58494,90577,61
58495,73661,58
58496,110804,45
58497,115357,54
58501,68755,57
58503,102333,22
58504,85637,39
58520,96188,70
58521,135456,43
58523,81806,43
58524,83194,56
58528,33333,39
58529,65536,65
58530,82000,48
58531,81071,34
58532,54500,54
58533,36125,69
58535,66375,56
58538,34858,37
58540,76319,48
58541,98000,41
58542,46250,68
58544,76250,70
58545,81641,46
58549,70250,58
58552,65515,61
58554,80120,41
58558,104550,47
58559,80000,49
58561,61688,58
58562,62955,70
58563,78214,59
58564,80625,80
58565,73333,69
58566,52097,49
58568,58636,50
58570,110938,31
58571,61250,53
58572,56250,55
58573,68750,63
58575,83214,54
58576,102614,54
58577,74471,53
58579,93750,53
58580,110347,50
58581,63047,78
58601,85821,38
58620,76875,77
58621,67000,73
58622,82692,50
58623,64487,54
58626,93224,41
58627,93036,35
58630,62143,47
58631,58036,63
58632,60000,41
58634,157750,14
58636,62222,41
58638,63854,70
58639,63636,59
58640,100688,45
58641,60625,53
58642,101700,47
58643,62188,88
58645,78086,37
58646,56667,63
58647,84583,63
58649,68839,63
58650,74167,52
58651,75956,49
58652,79524,55
58653,85714,55
58654,89583,84
58655,126071,47
58656,101000,52
58701,73269,41
58703,82728,46
58704,62500,24
58710,69792,61
58711,64167,51
58712,37500,56
58713,85833,16
58716,61959,53
58718,82500,54
58721,83750,62
58722,85417,40
58723,59615,66
58725,74792,52
58727,105417,58
58730,83583,56
58731,102083,39
58733,101429,52
58734,76250,62
58735,150000,56
58736,56103,73
58740,87321,60
58741,83333,57
58744,80000,77
58746,70263,56
58748,66625,67
58750,62375,53
58752,88636,34
58755,138705,48
58756,77188,69
58757,81500,29
58758,64464,80
58759,87321,54
58760,59792,63
58761,66063,57
58762,105208,60
58763,58110,22
58765,118594,52
58768,83438,63
58769,36875,43
58770,65341,45
58771,88558,53
58772,115405,52
58773,103750,56
58775,49844,46
58776,83155,51
58778,148777,48
58779,62917,58
58781,97778,51
58782,68125,59
58783,129375,73
58784,116616,24
58785,105375,33
58787,78281,24
58788,80595,58
58789,91786,64
58790,83233,54
58792,105221,64
58793,69167,55
58794,97500,48
58795,117344,72
58801,84702,23
58830,54063,75
58831,98380,23
58833,117292,88
58835,137500,15
58838,59392,77
58843,118750,18
58844,40500,88
58845,91806,72
58847,84950,12
58849,82250,43
58852,80595,25
58853,107969,33
58854,99000,14
58856,104688,71
59001,82692,45
59002,36771,33
59003,44833,47
59006,53304,67
59007,113750,48
59008,100469,30
59010,73250,43
59011,78000,49
59012,56250,53
59013,200125,43
59014,55234,56
59015,69583,48
59016,58750,46
59018,79375,38
59019,84591,39
59020,50000,41
59022,53083,43
59024,78125,59
59025,36500,24
59026,90278,49
59027,62260,31
59028,72969,41
59029,72188,48
59030,56542,37
59032,42000,47
59033,71635,39
59034,60726,54
59035,51726,54
59036,50000,74
59037,105099,26
59038,56513,58
59041,80500,47
59043,29028,47
59044,87648,47
59046,74000,48
59047,71620,51
59050,62500,48
59052,60547,36
59053,44038,63
59054,54250,51
59055,163750,79
59057,80571,34
59059,39519,50
59061,92031,48
59062,28750,71
59063,99432,26
59066,52000,45
59067,72500,62
59068,80962,51
59069,72500,38
59070,96250,32
59071,92500,46
59072,59594,51
59074,49792,59
59075,24063,48
59078,27000,41
59079,68047,36
59086,68565,44
59087,62813,45
59088,90625,35
59089,62870,57
59101,58598,54
59102,76141,51
59105,78014,36
59106,125833,20
59201,53311,55
59212,94444,20
59213,63125,47
59215,86000,59
59217,79242,41
59218,98833,58
59219,108750,53
59221,77115,51
59225,43594,54
59226,66190,71
59230,85000,58
59231,38971,62
59240,58750,71
59241,48512,67
59242,128750,78
59243,83500,49
59244,111250,88
59247,73750,58
59248,89821,61
59250,51375,67
59252,65750,51
59253,140938,66
59254,68750,65
59255,45379,48
59256,36607,77
59258,148750,60
59259,83393,71
59260,85313,67
59261,53158,49
59262,76000,52
59263,53875,69
59270,72630,44
59274,34951,68
59275,49141,66
59276,77000,73
59301,71332,59
59311,88021,46
59312,83438,32
59313,78015,44
59314,91875,51
59315,68750,73
59316,48750,53
59317,71250,49
59318,58750,36
59322,50625,36
59323,82500,43
59324,57188,52
59327,52639,56
59330,70964,59
59332,32241,19
59336,64375,60
59337,75417,50
59338,69375,78
59339,88594,64
59344,110455,41
59345,68125,69
59347,57250,49
59349,63000,62
59353,68250,52
59354,64074,48
59401,55299,79
59404,83867,50
59405,59449,55
59410,42321,64
59411,61000,34
59412,82955,53
59414,69545,81
59416,89167,72
59417,37676,48
59419,45625,88
59420,88438,56
59421,78125,43
59422,67500,58
59424,79375,66
59425,49805,56
59427,61094,70
59430,76875,78
59432,73750,58
59433,66000,75
59434,56250,47
59436,80652,56
59441,62344,35
59442,67917,67
59443,81221,57
59444,44250,61
59446,53750,69
59447,77750,50
59448,32083,35
59450,70250,66
59451,85625,32
59452,54539,57
59453,58500,55
59454,36250,65
59456,41123,51
59457,64762,62
59460,51551,46
59462,51250,47
59464,56979,50
59465,83000,55
59466,41719,52
59467,61250,74
59468,82895,61
59469,79583,37
59471,65156,43
59472,68036,54
59474,57846,62
59477,42292,77
59479,49185,69
59480,80714,56
59482,92500,65
59483,97813,58
59485,90286,37
59486,56875,62
59487,56359,51
59489,64637,45
59501,51872,55
59520,62109,61
59521,50288,43
59522,57212,58
59523,73906,67
59524,48000,47
59525,48438,80
59526,63869,54
59527,54500,45
59528,89375,72
59529,87841,55
59530,61875,75
59531,67891,59
59532,58333,59
59538,57097,58
59540,74250,70
59542,57222,58
59544,39583,45
59545,100781,88
59546,49107,40
59601,72290,54
59602,92985,29
59632,68750,50
59634,129891,31
59635,83740,39
59638,126723,26
59639,57778,46
59640,99167,33
59642,46146,54
59643,49831,36
59644,68811,36
59645,77241,43
59648,65750,34
59701,60437,71
59710,50885,42
59711,58157,70
59713,98750,54
59714,96183,24
59715,88407,46
59716,141716,25
59718,99123,20
59720,66538,27
59721,94167,34
59722,62230,65
59724,59375,70
59725,61335,48
59727,64583,40
59728,78750,42
59729,83365,25
59730,98305,31
59731,90000,39
59732,73125,36
59733,65833,46
59735,74125,48
59736,76346,50
59739,54215,56
59741,90947,39
59745,56667,51
59746,73750,34
59747,80250,42
59748,107813,48
59749,80238,44
59750,95192,26
59751,55938,37
59752,86767,31
59754,76923,36
59755,96250,72
59758,66375,38
59759,60571,46
59760,63571,31
59761,62083,45
59762,61125,39
59801,58347,55
59802,67736,48
59803,111925,43
59804,76266,48
59808,80239,22
59820,69091,34
59821,66458,44
59823,82813,40
59824,53382,48
59825,90192,32
59826,52813,40
59827,65815,35
59828,80294,30
59829,63650,43
59831,46406,45
59832,64261,53
59833,94097,33
59834,94406,31
59837,50769,32
59840,61752,45
59841,66875,48
59843,88125,67
59844,43417,41
59845,31970,56
59846,70851,34
59847,86620,35
59848,37188,24
59851,18883,88
59853,60417,46
59854,74167,39
59855,32688,42
59858,56719,46
59859,64846,31
59860,62047,39
59863,78922,52
59864,61978,43
59865,56473,46
59866,73462,47
59868,51490,32
59870,80325,33
59871,32163,32
59872,55926,44
59873,60000,38
59874,64319,25
59875,63036,33
59901,72523,37
59910,99886,35
59911,83019,32
59912,76617,35
59913,44464,46
59914,83750,43
59915,58750,32
59916,60250,35
59917,50139,28
59918,67250,28
59919,53056,36
59920,86605,30
59922,87237,32
59923,44980,52
59925,63981,23
59926,70948,51
59927,58713,50
59928,63333,26
59929,101250,48
59930,61923,30
59931,112083,34
59932,60152,41
59934,108875,33
59935,39712,39
59936,85455,47
59937,75428,35
60002,104981,45
60004,128979,50
60005,99743,53
60007,93494,53
60008,94336,54
60010,177566,44
60012,159375,34
60013,120604,44
60014,109016,42
60015,183125,52
60016,86571,56
60018,90574,60
60020,73949,43
60021,119176,49
60022,250001,71
60025,126904,56
60026,137778,27
60029,242772,64
60030,104795,33
60031,111034,35
60033,68633,50
60034,87188,48
60035,168094,63
60040,107875,57
60041,93396,50
60042,99917,37
60043,250001,88
60044,134724,44
60045,233125,49
60046,126042,36
60047,176081,38
60048,173975,49
60050,88812,43
60051,100762,44
60053,111116,65
60056,101922,57
60060,110335,41
60061,124468,35
60062,143323,50
60064,49195,59
60067,125446,48
60068,143222,66
60069,162826,35
60070,84775,50
60071,74426,37
60072,119375,33
60073,98514,31
60074,84089,50
60076,113818,69
60077,78523,61
60081,116706,33
60083,123125,26
60084,110090,44
60085,66793,59
60087,76738,55
60088,66008,47
60089,129401,44
60090,85355,46
60091,189909,69
60093,250001,68
60096,95601,45
60097,93397,51
60098,91062,41
60099,66109,53
60101,90800,54
60102,132949,33
60103,133793,34
60104,79513,71
60106,79456,56
60107,101100,45
60108,103392,45
60109,82656,53
60110,87906,50
60111,84583,73
60112,72831,29
60113,67396,62
60115,47043,51
60118,106912,41
60119,130722,33
60120,82449,56
60123,87693,53
60124,139982,23
60126,147566,60
60129,117750,88
60130,77221,77
60131,76658,69
60133,91763,50
60134,152727,33
60135,98033,35
60136,147704,21
60137,137658,56
60139,86372,48
60140,111241,20
60141,18717,62
60142,89735,22
60143,114420,48
60144,59250,88
60145,108477,51
60146,88032,48
60148,100616,55
60150,86719,64
60151,117450,50
60152,98451,47
60153,68815,88
60154,98954,69
60155,64566,72
60156,117151,31
60157,136434,57
60160,66189,70
60162,72320,65
60163,85823,71
60164,81263,69
60165,67224,61
60169,90774,54
60171,69858,63
60172,110750,49
60173,104390,41
60174,104534,47
60175,181352,32
60176,69696,64
60177,126144,29
60178,92913,35
60180,110070,57
60181,92142,64
60184,163750,38
60185,107194,49
60187,119769,56
60188,103628,42
60189,128878,48
60190,142612,40
60191,91333,53
60192,153495,41
60193,95972,49
60194,97994,47
60195,90174,43
60201,90545,70
60202,98989,74
60203,170224,70
60301,99167,29
60302,100680,88
60304,136178,88
60305,146786,80
60401,97569,33
60402,77718,88
60403,73074,34
60404,122171,25
60406,56557,64
60407,89792,36
60408,95174,34
60409,55369,60
60410,118976,26
60411,62073,59
60415,68964,54
60416,75219,43
60417,91952,51
60418,75752,50
60419,57887,61
60420,71157,71
60421,103083,36
60422,134477,57
60423,136730,33
60424,83250,52
60425,77174,58
60426,42196,65
60428,60000,62
60429,66988,58
60430,96629,65
60431,122870,26
60432,64917,60
60433,66515,69
60435,76369,64
60436,62961,66
60437,58750,73
60438,75681,62
60439,121724,34
60440,93494,47
60441,103374,34
60442,127986,24
60443,92136,34
60444,87614,47
60445,70634,61
60446,106258,27
60447,108210,25
60448,120761,33
60449,104904,24
60450,81777,44
60451,137404,32
60452,93076,51
60453,83911,60
60455,66745,51
60456,61101,666668692
60457,76786,56
60458,60758,48
60459,80116,61
60460,91154,74
60461,124417,46
60462,96526,43
60463,107977,52
60464,126087,43
60465,83533,49
60466,61654,68
60467,114812,30
60468,104625,51
60469,73676,63
60470,85000,79
60471,64494,48
60472,40668,67
60473,85659,60
60474,85500,66
60475,67487,60
60476,59647,67
60477,94927,45
60478,74826,50
60479,105000,66
60480,98917,49
60481,79042,48
60482,55709,56
60484,73266,50
60487,131793,33
60490,150531,25
60491,138571,37
60501,63244,68
60502,156904,28
60503,136726,23
60504,98008,31
60505,73284,67
60506,79517,58
60510,121622,41
60511,158625,64
60512,96895,51
60513,110338,73
60514,118716,49
60515,123197,58
60516,115480,49
60517,99024,45
60518,69980,60
60519,136250,78
60520,98958,52
60521,249200,45
60523,118194,49
60525,116918,58
60526,120308,70
60527,106543,45
60530,96250,79
60531,79808,63
60532,102085,46
60534,70890,67
60536,115625,70
60537,81825,49
60538,97131,27
60540,157102,43
60541,118100,54
60542,114831,26
60543,119371,26
60544,108304,29
60545,86756,25
60546,113533,78
60548,82957,41
60549,108417,24
60550,81574,64
60551,86786,42
60552,113411,51
60553,109375,79
60554,122734,27
60555,101859,44
60556,100186,69
60558,230255,65
60559,90963,50
60560,110326,24
60561,112549,48
60563,109783,39
60564,181382,29
60565,164447,41
60585,155511,22
60586,131637,25
60601,121458,23
60602,126202,56
60603,133545,22
60604,81658,88
60605,123922,22
60606,128609,23
60607,127732,23
60608,73366,88
60609,58896,88
60610,105226,47
60611,125675,40
60612,60922,54
60613,95572,69
60614,136448,55
60615,63876,70
60616,73819,56
60617,51778,83
60618,106384,88
60619,45206,81
60620,48146,76
60621,31905,86
60622,136277,74
60623,51878,88
60624,34030,88
60625,85703,88
60626,59713,84
60628,54644,76
60629,60826,74
60630,98860,80
60631,115000,72
60632,64809,82
60633,62458,68
60634,88533,74
60636,38807,88
60637,43609,77
60638,91070,68
60639,61089,88
60640,73254,80
60641,83758,88
60642,143175,34
60643,80852,76
60644,40950,84
60645,76045,73
60646,112525,73
60647,107060,88
60649,44175,83
60651,54409,88
60652,80020,70
60653,40666,55
60654,147357,22
60655,114723,72
60656,95766,61
60657,110939,64
60659,68704,79
60660,67479,74
60661,125741,25
60706,84530,62
60707,84799,71
60712,109731,68
60714,75800,62
60803,67014,53
60804,70842,88
60805,95719,71
60827,37217,69
60901,58309,65
60910,77321,72
60911,89792,72
60912,59375,68
60913,87750,57
60914,86223,37
60915,60563,63
60917,75441,47
60918,73500,75
60919,62500,58
60920,111406,65
60921,78333,66
60922,62000,53
60924,78250,68
60926,45313,88
60927,102143,65
60928,55000,63
60929,71667,72
60930,58125,76
60931,53500,88
60932,243544,12
60933,51094,77
60934,81500,81
60935,110000,34
60936,51323,69
60938,73244,70
60940,97361,52
60941,85000,56
60942,61083,85
60945,52188,76
60946,74853,88
60948,106250,51
60949,60750,73
60950,89125,33
60951,81250,88
60952,67083,77
60953,59135,63
60954,65906,65
60955,79034,81
60956,51250,70
60957,69014,68
60958,32153,49
60959,54583,82
60960,56518,88
60961,77969,52
60962,61750,82
60963,66250,82
60964,82083,58
60966,46944,81
60968,46250,88
60969,112500,88
60970,46688,60
60973,85250,80
60974,51932,58
61001,77841,40
61006,75938,88
61008,76604,48
61010,93613,36
61011,127273,34
61012,98594,40
61013,67569,69
61014,69329,79
61015,97500,51
61016,84883,36
61018,76471,72
61019,105150,41
61020,105769,25
61021,69127,62
61024,70750,55
61025,70739,52
61028,86053,72
61030,71655,64
61031,75446,66
61032,56593,67
61036,81989,40
61037,70357,88
61038,104875,71
61039,84107,62
61041,45938,65
61042,70833,88
61043,69063,88
61044,82083,86
61046,79398,45
61047,86056,67
61048,82875,53
61049,91607,88
61050,74728,88
61051,59565,85
61052,91797,53
61053,62250,69
61054,47467,68
61059,54113,63
61060,76726,65
61061,87829,60
61062,66667,65
61063,84276,65
61064,75386,75
61065,97386,30
61067,66563,65
61068,73214,53
61070,84167,88
61071,60508,60
61072,104938,36
61073,102064,33
61074,50691,76
61075,75547,88
61078,75769,70
61079,46367,88
61080,76579,41
61081,67586,67
61084,102817,48
61085,59798,66
61087,77321,73
61088,98088,40
61089,66250,83
61101,46163,66
61102,46599,70
61103,51161,71
61104,33772,88
61107,78574,62
61108,64415,58
61109,62973,52
61111,61393,41
61112,40563,22
61114,85568,44
61115,75363,48
61201,59396,72
61230,62344,60
61231,70991,67
61232,73971,58
61233,71667,53
61234,79688,63
61235,61932,68
61236,77813,85
61238,64583,88
61239,32177,41
61240,113220,48
61241,80000,57
61242,104219,55
61243,148309,74
61244,63819,59
61250,84688,55
61251,79464,69
61252,59861,62
61254,92297,55
61256,90406,53
61257,64107,65
61258,44261,88
61259,91458,78
61260,41645,88
61261,64375,59
61262,86250,61
61263,86500,64
61264,78068,57
61265,66933,69
61270,80867,66
61272,64167,56
61273,99032,59
61274,72000,88
61275,108438,49
61276,87750,61
61277,70363,70
61278,69938,58
61279,87656,74
61281,102639,52
61282,64398,54
61283,64063,68
61284,100505,52
61285,68500,52
61301,60328,71
61310,69756,62
61312,80714,83
61313,121979,55
61314,52039,85
61315,56538,74
61316,74375,74
61317,58750,78
61318,63021,85
61319,82589,63
61320,76250,67
61321,80257,54
61322,65795,83
61323,47500,65
61325,87500,84
61326,70880,67
61327,89306,50
61329,67321,70
61330,69005,81
61332,50313,69
61333,69375,88
61334,86250,88
61335,71750,66
61336,92298,51
61337,78571,70
61338,75750,76
61340,78750,58
61341,72530,50
61342,65348,63
61344,44063,88
61345,76250,72
61346,42500,88
61348,76369,69
61349,71375,88
61350,77921,64
61353,66719,64
61354,76392,68
61356,68243,60
61358,88393,56
61359,52857,75
61360,95093,44
61361,91250,88
61362,71558,65
61363,60000,63
61364,59060,69
61367,60824,67
61368,88214,64
61369,68708,73
61370,91094,67
61372,83917,53
61373,109000,48
61374,59432,88
61375,81293,52
61376,61200,73
61377,57321,73
61378,85350,88
61379,63750,62
61401,50546,71
61410,62925,70
61412,82143,83
61413,73125,66
61414,48929,84
61415,68036,62
61416,28750,70
61417,105724,54
61418,84375,73
61419,56429,88
61420,69375,75
61421,65833,78
61422,68207,81
61423,78594,81
61425,62708,45
61427,65750,57
61428,77143,30
61430,79333,54
61431,53750,88
61432,56250,77
61434,56780,88
61436,76000,60
61437,66000,53
61438,68516,56
61439,59125,56
61440,66786,64
61441,65972,66
61442,48750,54
61443,52615,77
61447,82583,74
61448,82500,55
61449,51635,75
61450,59688,60
61451,44167,57
61453,58281,88
61454,51000,65
61455,48679,57
61458,65461,88
61459,52813,68
61460,76607,88
61462,64113,70
61465,56875,63
61466,73462,88
61467,88472,88
61468,42969,88
61469,54932,50
61470,72708,56
61471,68750,88
61472,76500,51
61473,60833,70
61474,59583,69
61475,85000,77
61476,88264,88
61477,60938,80
61478,75625,88
61479,135313,61
61480,58750,58
61482,65208,61
61483,63558,81
61484,48462,78
61485,59306,88
61486,78889,58
61488,68333,58
61489,98125,56
61490,65625,76
61491,62500,59
61501,55750,60
61516,81833,88
61517,99886,48
61519,37941,55
61520,58376,65
61523,79453,58
61524,70000,47
61525,161165,24
61526,118393,52
61528,183140,23
61529,91661,85
61530,68536,61
61531,70107,69
61532,71544,54
61533,73051,52
61534,90104,59
61535,128125,50
61536,74249,57
61537,67404,67
61539,51250,80
61540,78824,62
61541,41875,77
61542,69107,63
61543,62692,88
61544,81250,77
61545,72692,68
61546,79551,54
61547,108158,36
61548,128559,37
61550,98516,52
61553,44844,73
61554,65194,63
61559,101200,68
61560,73333,25
61561,86071,68
61563,54583,79
61564,75100,64
61565,77578,54
61567,68750,66
61568,100972,56
61569,77083,51
61570,71563,80
61571,90386,52
61572,73125,71
61602,33750,77
61603,41618,82
61604,52414,69
61605,26392,73
61606,39196,88
61607,75532,62
61610,47993,71
61611,78750,57
61614,66924,57
61615,79817,38
61616,60099,69
61701,57130,67
61704,95027,33
61705,120547,27
61720,91250,77
61721,91500,63
61722,111042,86
61723,85230,69
61724,81250,70
61725,126083,48
61726,77800,75
61727,70063,69
61728,97159,73
61729,101172,51
61730,76719,72
61732,107941,56
61733,98281,55
61734,71435,67
61735,93125,43
61736,110444,38
61737,83750,77
61738,84926,61
61739,76555,63
61740,79904,88
61741,87850,72
61742,111875,32
61743,93750,86
61744,68000,65
61745,107835,48
61747,80333,56
61748,128036,47
61749,70667,62
61752,87591,52
61753,104119,55
61754,98681,65
61755,102225,48
61756,86375,60
61759,91591,66
61760,75362,67
61761,65275,37
61764,68781,60
61769,59886,66
61770,60750,69
61771,101600,48
61773,83750,72
61774,86250,80
61776,119625,49
61777,90250,61
61778,59868,74
61801,36180,53
61802,61620,37
61810,90625,67
61811,77222,57
61812,103750,59
61813,84063,68
61814,59408,57
61815,72031,72
61816,70833,65
61817,80375,62
61818,84375,69
61820,27539,39
61821,70715,58
61822,99006,27
61830,67232,58
61831,103750,77
61832,47332,73
61833,48584,63
61834,82443,50
61839,56389,76
61840,84891,55
61841,64792,55
61842,80117,69
61843,97943,52
61844,105179,66
61845,91389,46
61846,60871,67
61847,92344,44
61848,79500,88
61849,86250,67
61850,59375,60
61851,59167,88
61853,115512,31
61854,86705,58
61856,103559,46
61857,83750,81
61858,56415,48
61859,102708,53
61862,114250,68
61863,78125,65
61864,110139,62
61865,66786,62
61866,50686,59
61870,54044,70
61871,78750,62
61872,117821,57
61873,117578,36
61874,91667,30
61875,118929,47
61876,60956,77
61877,96750,60
61878,66250,51
61880,85536,46
61882,80139,70
61883,56169,73
61884,106250,41
61910,88538,50
61911,82633,55
61912,74954,55
61913,65500,63
61914,63125,61
61917,62875,78
61919,87188,51
61920,52429,47
61924,76641,67
61925,81316,55
61928,118271,69
61929,79167,65
61930,79531,78
61931,74125,47
61932,64583,69
61933,75938,77
61937,61295,66
61938,57503,67
61940,55938,88
61942,76884,69
61943,54196,61
61944,56383,57
61949,69375,88
61951,71905,55
61953,78214,61
61955,49167,71
61956,75125,65
61957,75583,59
62001,98558,55
62002,61414,71
62006,94444,53
62009,45217,79
62010,71408,48
62011,49821,53
62012,92571,48
62013,72750,58
62014,93233,54
62015,51758,88
62016,61949,62
62017,97625,51
62018,40438,59
62019,56741,54
62021,107454,63
62022,110703,75
62023,71458,76
62024,56761,68
62025,100741,39
62027,64375,70
62028,72031,57
62030,44063,39
62031,84375,39
62032,61000,79
62033,78286,71
62034,101260,37
62035,93973,52
62036,103409,50
62037,73454,39
62040,60031,64
62044,71146,58
62045,85234,68
62046,108036,47
62047,116250,55
62048,40946,74
62049,55446,61
62050,84432,88
62051,64360,35
62052,74926,54
62053,61250,75
62054,61417,73
62056,62643,62
62058,62240,61
62059,30673,62
62060,46563,62
62061,87938,49
62062,98672,30
62063,63295,51
62067,72431,48
62069,59764,67
62074,79808,47
62075,65954,74
62076,46250,85
62077,72917,83
62079,133333,35
62080,67717,52
62081,91875,70
62082,62875,72
62083,21845,33
62084,63226,78
62085,70000,48
62086,65000,57
62087,60214,59
62088,62808,54
62089,45543,56
62090,36098,61
62091,102188,43
62092,56607,77
62093,45313,78
62094,60644,71
62095,65013,70
62097,91011,55
62201,27437,69
62203,42111,70
62204,35346,72
62205,45672,73
62206,33838,61
62207,29845,50
62208,80205,55
62214,104063,60
62215,107727,48
62216,120139,32
62217,84615,49
62218,91250,38
62219,63603,65
62220,65952,71
62221,82271,37
62223,73700,61
62225,103284,29
62226,70797,51
62230,91350,43
62231,84214,50
62232,64269,58
62233,84556,64
62234,69607,57
62236,108981,35
62237,55208,38
62238,67656,46
62239,61191,57
62240,96063,51
62241,83438,53
62242,60400,55
62243,103342,38
62244,107917,36
62245,91767,51
62246,66970,50
62248,79583,55
62249,90424,42
62250,66667,60
62253,47000,53
62254,96492,37
62255,80506,48
62256,126250,33
62257,78750,60
62258,94655,42
62260,91039,49
62262,65089,55
62263,71690,58
62264,57015,65
62265,84853,47
62266,52917,74
62268,95833,57
62269,103818,28
62271,82746,53
62272,50938,53
62273,51000,38
62274,71658,52
62275,85000,41
62277,67969,56
62278,79688,49
62279,139063,30
62280,62353,30
62281,132000,24
62282,117143,46
62284,51875,60
62285,136345,28
62286,61220,55
62288,67159,53
62289,47237,47
62292,47857,59
62293,98155,48
62294,120466,34
62295,87989,29
62297,90938,68
62298,101155,35
62301,52055,73
62305,83598,46
62311,47794,70
62312,68571,88
62313,108646,63
62314,75556,82
62316,61094,70
62319,49500,50
62320,77143,60
62321,76825,64
62323,92917,56
62324,76903,59
62325,75469,68
62326,65000,56
62330,61042,68
62334,38750,88
62336,43125,78
62338,91473,47
62339,62422,76
62340,43333,58
62341,62262,57
62343,61322,71
62345,61607,88
62347,93810,45
62348,77969,73
62349,67981,63
62351,77298,56
62352,50769,54
62353,66000,59
62354,72788,53
62355,65750,67
62356,68542,88
62357,81000,88
62358,62216,64
62359,51413,88
62360,54706,52
62361,48188,68
62362,47500,67
62363,58500,63
62365,90833,70
62366,56346,61
62367,58000,48
62370,115577,62
62373,110568,88
62374,78571,49
62375,76855,83
62376,57778,69
62378,69650,71
62379,62200,60
62380,75000,88
62401,82374,48
62410,80588,48
62411,66111,51
62413,86250,51
62414,58370,53
62417,54792,61
62418,58448,47
62419,95982,48
62420,65771,56
62421,55833,48
62422,75074,50
62423,47179,40
62424,84635,35
62425,54400,36
62426,51667,36
62427,81250,50
62428,53333,56
62431,64904,41
62432,79432,52
62433,73750,64
62436,63229,51
62438,71786,45
62439,53622,66
62440,79605,56
62441,80738,51
62442,70284,63
62443,86950,38
62444,62358,55
62445,81484,60
62446,78500,41
62447,87292,53
62448,74179,50
62449,59555,54
62450,62096,54
62451,63665,71
62452,78036,40
62454,74679,63
62458,48810,59
62459,86250,60
62460,66620,55
62461,74350,57
62462,102708,56
62463,58214,55
62464,60625,46
62465,84286,57
62466,78250,55
62467,96406,48
62468,75625,55
62469,116440,88
62471,61792,55
62473,74700,46
62474,67083,55
62476,65543,56
62477,88646,75
62478,98750,52
62479,57292,43
62480,64750,62
62481,79231,42
62501,95889,54
62510,56949,71
62512,55347,88
62513,83125,74
62514,53333,88
62515,62222,56
62517,75000,88
62520,84500,44
62521,66337,64
62522,50669,77
62523,13393,72
62526,49062,60
62530,82188,51
62531,98125,60
62533,77250,66
62534,68750,62
62535,112000,31
62536,95809,46
62537,70455,88
62538,85563,68
62539,82750,56
62540,70179,71
62543,73594,84
62544,89167,65
62545,84815,45
62546,89821,69
62547,59750,59
62548,73312,76
62549,100566,49
62550,73634,64
62551,69583,73
62553,92083,55
62554,95625,58
62555,69676,88
62556,55694,88
62557,51389,69
62558,81106,55
62560,80781,60
62561,81646,49
62563,117255,38
62565,66498,67
62567,71471,79
62568,62718,58
62570,89000,78
62571,79390,44
62572,92938,49
62573,94583,54
62601,109500,60
62610,60625,78
62611,62875,56
62612,69569,56
62613,86675,36
62615,84632,52
62617,56667,58
62618,65208,59
62621,82500,63
62624,58500,53
62625,167674,51
62626,70781,59
62627,63235,72
62628,89861,72
62629,107250,31
62630,112917,58
62631,63125,58
62633,44783,88
62634,93571,63
62635,77750,69
62638,86538,56
62639,62292,78
62640,66116,55
62642,77538,66
62643,75625,73
62644,57689,65
62649,71875,53
62650,65762,62
62655,56750,71
62656,62017,59
62661,80833,50
62663,81875,78
62664,70509,75
62665,46528,56
62666,89167,66
62667,63088,74
62668,70577,50
62670,78750,45
62671,98750,88
62672,46771,85
62673,68393,59
62674,55417,55
62675,84267,50
62677,102917,52
62681,65889,56
62682,60125,82
62684,139196,27
62685,64063,50
62688,73929,77
62689,61500,70
62690,84196,65
62691,78798,54
62692,66143,75
62693,121429,45
62694,58460,64
62695,65972,51
62701,32195,58
62702,51136,62
62703,45009,66
62704,69976,59
62707,89926,46
62711,124816,27
62712,110179,32
62801,52017,57
62803,81823,55
62806,66776,53
62807,82321,42
62808,69015,50
62809,43900,24
62810,57969,49
62811,52083,58
62812,60539,60
62814,59462,47
62815,63750,60
62816,53036,48
62817,105625,51
62818,58523,65
62819,45341,73
62821,55367,66
62822,47770,76
62823,59310,56
62824,61591,54
62825,48750,55
62827,52550,69
62828,70583,57
62830,62400,40
62831,79464,50
62832,59652,56
62833,51125,50
62835,49628,60
62836,73281,44
62837,50536,55
62838,82976,56
62839,53685,62
62841,31750,65
62842,73424,43
62843,16020,88
62844,47625,67
62846,65500,42
62848,80156,52
62849,60789,44
62850,93594,32
62851,96728,39
62852,72614,88
62853,60721,49
62854,63587,52
62856,60750,47
62858,66319,50
62859,54011,61
62860,80288,42
62861,31250,72
62862,59125,54
62863,55916,58
62864,60451,52
62865,67798,46
62867,36845,51
62868,61645,50
62869,62159,54
62870,59821,51
62871,107750,68
62872,62344,44
62874,40625,81
62875,73333,55
62876,55833,66
62877,83958,50
62878,65213,32
62879,26964,78
62880,61667,61
62881,71270,52
62882,55582,47
62883,104808,36
62884,58679,67
62885,64688,56
62886,61250,50
62887,29135,54
62888,66136,51
62889,70364,33
62890,54271,44
62891,27344,79
62892,75417,47
62893,59063,37
62894,83563,47
62895,51131,47
62896,55458,62
62897,78125,46
62898,74297,36
62899,55482,44
62901,35089,49
62902,84223,48
62903,46818,41
62905,52875,54
62906,41993,52
62907,84293,40
62908,90083,55
62910,59514,57
62912,63750,48
62914,41103,72
62915,31875,42
62916,85694,39
62917,50119,57
62918,70920,36
62919,63942,56
62920,55288,54
62922,74245,51
62923,51806,49
62924,70357,43
62926,64583,45
62927,54792,60
62928,27955,26
62930,52931,62
62931,49605,43
62932,46000,57
62933,67794,49
62934,54107,56
62935,60238,45
62938,63780,51
62939,65750,38
62940,64375,63
62941,47500,54
62942,36458,69
62943,83194,33
62946,51566,56
62947,47321,30
62948,60975,57
62949,37308,59
62950,69722,61
62951,50657,54
62952,64097,51
62953,41563,63
62954,67756,55
62956,73462,55
62957,46053,52
62958,65833,46
62959,71063,42
62960,63102,50
62961,151250,88
62963,54531,54
62964,31833,61
62966,55665,56
62967,62404,44
62970,34313,48
62972,84175,30
62974,64107,43
62975,88906,51
62976,40139,66
62977,68056,46
62979,50625,57
62982,43750,63
62983,57667,63
62984,50288,54
62985,74375,31
62987,83393,36
62988,54779,43
62990,64076,41
62992,62688,62
62994,64773,41
62995,49744,41
62996,56122,40
62997,54318,54
62998,56300,48
62999,41553,88
63005,198469,33
63010,79784,44
63011,124454,49
63012,96099,42
63013,99337,31
63014,61842,55
63015,88750,42
63016,86359,41
63017,127095,46
63019,72569,58
63020,70824,46
63021,120177,43
63023,79583,44
63025,125676,27
63026,97553,40
63028,79737,38
63030,91042,35
63031,70811,59
63033,66776,60
63034,103905,39
63036,58083,27
63037,50203,51
63038,186450,34
63039,70329,49
63040,133220,32
63041,68750,30
63042,49453,57
63043,91509,54
63044,77819,49
63048,92109,26
63049,92333,41
63050,87371,34
63051,79940,36
63052,92922,31
63053,61250,54
63055,79125,34
63056,75517,50
63060,54926,40
63061,99405,42
63068,79632,44
63069,78185,40
63070,65211,34
63071,44853,49
63072,80333,35
63073,250001,26
63074,51610,68
63077,56281,47
63080,66541,43
63084,75992,34
63087,60313,32
63088,65769,35
63089,72731,43
63090,85025,43
63091,80000,50
63101,66678,88
63102,65527,60
63103,40943,79
63104,68764,88
63105,116439,76
63106,20679,44
63107,43625,88
63108,55147,88
63109,69938,86
63110,81655,88
63111,47039,88
63112,45542,88
63113,39913,88
63114,55870,72
63115,30622,88
63116,61433,88
63117,90921,81
63118,57762,88
63119,106183,71
63120,35176,81
63121,42701,73
63122,136385,66
63123,77055,66
63124,193942,64
63125,61624,65
63126,98852,65
63127,122663,44
63128,92359,50
63129,94888,45
63130,85823,82
63131,225493,51
63132,87385,67
63133,39293,71
63134,44680,69
63135,52328,71
63136,41154,67
63137,43422,68
63138,56096,57
63139,75757,88
63140,45568,57
63141,133851,48
63143,65861,81
63144,104438,69
63146,84756,52
63147,41182,79
63301,85308,49
63303,99138,37
63304,114442,35
63330,57614,81
63332,146146,35
63333,64688,42
63334,54638,53
63336,71875,55
63339,82321,32
63341,170598,30
63343,74531,50
63344,69250,47
63345,43500,57
63347,81949,35
63348,115661,22
63349,80375,32
63350,69111,45
63351,67500,47
63352,54485,65
63353,46875,65
63357,92200,35
63359,75227,43
63361,62371,44
63362,88977,21
63363,47188,53
63365,53542,37
63366,100621,28
63367,137648,21
63368,124297,26
63369,96250,29
63373,88750,58
63376,96393,39
63377,88424,35
63379,91194,28
63380,58750,25
63381,111890,50
63382,60733,65
63383,75282,27
63384,78281,55
63385,112199,20
63386,110250,65
63387,104375,64
63388,72375,34
63389,98393,31
63390,82351,27
63401,60036,56
63430,65250,53
63431,65526,51
63432,60481,42
63434,50625,66
63435,62102,56
63436,56808,48
63437,36786,60
63438,42188,35
63439,34242,24
63440,60217,43
63441,77083,54
63443,42303,57
63445,48370,55
63446,60982,55
63447,43478,65
63448,61417,58
63450,69815,85
63451,80972,51
63452,62292,61
63453,74028,39
63454,88192,42
63456,64160,47
63457,57778,40
63458,69250,69
63459,67778,48
63461,69707,53
63462,51205,51
63463,69688,45
63465,57361,54
63468,45882,54
63469,55625,56
63471,103182,60
63472,22455,79
63473,57174,61
63474,51000,70
63501,60729,53
63530,72500,51
63531,86250,63
63532,50000,59
63533,79464,54
63534,42392,71
63536,60625,58
63537,59891,61
63538,47188,68
63539,35417,55
63540,96250,61
63541,57287,66
63543,57292,57
63544,44167,51
63545,40104,66
63546,72404,48
63547,38281,67
63548,66625,65
63549,59881,59
63551,76389,41
63552,65210,53
63555,67426,55
63556,58851,59
63557,60833,50
63558,65750,54
63559,60481,65
63560,56607,70
63561,56563,63
63563,61250,46
63565,69643,50
63566,97396,77
63567,61111,65
63601,54753,53
63620,42426,53
63621,87825,50
63622,31750,41
63623,44844,43
63624,41984,51
63626,82599,30
63627,88071,38
63628,63602,45
63629,47049,51
63630,52482,32
63631,74211,70
63633,52500,47
63636,65000,60
63637,54926,51
63638,55257,52
63640,61913,34
63645,54747,48
63648,51765,42
63650,50183,54
63653,38021,86
63654,36607,53
63655,61469,52
63656,47181,46
63660,51410,39
63662,55074,61
63663,44750,55
63664,61216,46
63665,28438,45
63670,62679,49
63673,77931,51
63675,16250,78
63701,66654,48
63703,38695,56
63730,70707,47
63732,76250,57
63735,28214,45
63736,59414,37
63739,62500,46
63740,54364,52
63743,122750,14
63744,36250,55
63747,106425,38
63748,59478,57
63750,120773,5
63751,34318,45
63755,78750,33
63758,56250,49
63760,80268,46
63764,49917,42
63766,58828,34
63767,46765,51
63769,91146,38
63771,70603,54
63774,48558,54
63775,63712,47
63780,72171,49
63781,72561,36
63782,78068,36
63784,48333,53
63785,75938,42
63787,46000,51
63801,62698,50
63821,40238,59
63822,57639,54
63823,62656,48
63824,38333,63
63825,52414,52
63827,65313,46
63828,46875,52
63829,28281,53
63830,36979,55
63833,60682,66
63834,41348,55
63837,46066,53
63839,42250,53
63840,65227,51
63841,58607,50
63845,51207,53
63846,50813,49
63848,43083,62
63849,90685,53
63851,28705,51
63852,46971,59
63853,37375,52
63855,50278,54
63857,55188,56
63860,40817,62
63862,43940,54
63863,47205,53
63866,33750,47
63867,47143,50
63868,32254,50
63869,57959,50
63870,57639,67
63873,54362,51
63874,48000,60
63876,34837,52
63877,51923,52
63879,41083,68
63882,30227,69
63901,51152,46
63932,47212,58
63933,55582,54
63935,42985,43
63936,51466,35
63937,61614,35
63939,44125,34
63940,53378,47
63941,29352,42
63942,47250,43
63943,40152,38
63944,58047,45
63945,44174,37
63951,26639,55
63952,41513,43
63953,32895,54
63954,39853,43
63955,48056,41
63956,61146,34
63957,43582,49
63960,57875,51
63961,39167,47
63964,41500,47
63965,37697,47
63966,59871,40
63967,42048,42
64001,68000,56
64011,82981,32
64012,71814,39
64014,90337,41
64015,84518,41
64016,98323,52
64017,68239,38
64018,110750,54
64019,91005,33
64020,59269,62
64021,97188,75
64022,78125,64
64024,77895,54
64028,124375,51
64029,91704,25
64030,53216,53
64034,120041,31
64035,86756,73
64036,46786,76
64037,91843,54
64040,71886,40
64048,103131,44
64050,48834,69
64052,59007,71
64053,47285,88
64054,59719,70
64055,62439,56
64056,67685,52
64057,71402,37
64058,82192,47
64060,112683,30
64061,85987,30
64062,92277,46
64063,80459,43
64064,117674,27
64066,82083,83
64067,69546,65
64068,92297,41
64070,130364,30
64071,124375,49
64072,37917,67
64074,75469,47
64075,81573,39
64076,93008,35
64077,75956,52
64078,103922,37
64079,99161,29
64080,104311,31
64081,102119,31
64082,131453,21
64083,101667,25
64084,65060,49
64085,64096,59
64086,102099,35
64088,101645,54
64089,101009,31
64090,61875,53
64093,61094,39
64096,52315,53
64097,74750,57
64098,92661,50
64105,67235,70
64106,52564,53
64108,80551,47
64109,41943,88
64110,63044,88
64111,61729,81
64112,100736,71
64113,179964,88
64114,81275,65
64116,64123,53
64117,59601,57
64118,74740,50
64119,83929,52
64120,76833,14
64123,54443,88
64124,46241,88
64125,41983,83
64126,39934,75
64127,33111,77
64128,36088,76
64129,51310,64
64130,42221,74
64131,64201,66
64132,45622,69
64133,67750,61
64134,58170,62
64136,51867,37
64137,66036,58
64138,58638,58
64139,122686,21
64145,95159,42
64146,66481,46
64149,91250,62
64150,58846,49
64151,92876,38
64152,114688,39
64153,82964,27
64154,86213,23
64155,97471,29
64156,130224,18
64157,149526,20
64158,105043,21
64161,53333,68
64163,59511,25
64164,145208,31
64166,163214,49
64167,202917,38
64401,99398,37
64402,54444,53
64420,73750,88
64421,53125,34
64422,68882,88
64423,58854,63
64424,53479,62
64426,87844,62
64427,62917,60
64428,56250,71
64429,68708,43
64430,75577,60
64431,75625,57
64432,76250,51
64433,50417,70
64434,73750,52
64436,113500,52
64437,51667,53
64439,91136,50
64440,94306,54
64441,42250,88
64442,61985,53
64443,86042,36
64444,68482,62
64445,66667,80
64446,56949,71
64448,76058,52
64449,71667,77
64451,52955,67
64453,80536,75
64454,87262,49
64455,53864,67
64456,48611,67
64457,62250,59
64459,78808,48
64461,63750,74
64463,59219,55
64465,80552,41
64466,54028,76
64468,57251,45
64469,62059,45
64470,70833,59
64471,34375,65
64473,63313,62
64474,77083,56
64475,60469,58
64476,73250,72
64477,64643,54
64479,61184,52
64480,115781,60
64481,55341,46
64482,66534,63
64483,73750,71
64484,77917,50
64485,67929,48
64486,26375,73
64487,65833,69
64489,54519,54
64490,88750,48
64491,57500,69
64492,66211,44
64493,64583,24
64494,65511,58
64496,53021,77
64497,69250,36
64498,48750,88
64499,93565,61
64501,46731,85
64503,53039,60
64504,58801,68
64505,73298,63
64506,65573,49
64507,61158,70
64601,63061,57
64620,74464,31
64622,80577,71
64623,53359,73
64624,58095,62
64625,35000,63
64628,59361,63
64630,57813,67
64631,59917,56
64632,50313,69
64633,58726,62
64635,78333,64
64636,34167,36
64637,56944,50
64638,63654,66
64639,59107,78
64640,61302,51
64641,49545,67
64642,64107,58
64643,56688,54
64644,74408,55
64645,53125,65
64646,68125,55
64647,51250,58
64648,74821,55
64649,67216,39
64650,45441,51
64651,72321,60
64652,58750,63
64653,54821,53
64654,97188,68
64656,58438,58
64657,59659,67
64658,75848,58
64659,73698,60
64660,80000,47
64661,54122,58
64664,73125,52
64667,47841,66
64668,73889,68
64670,52083,36
64671,75455,39
64672,43250,44
64673,61364,55
64674,70000,58
64676,59519,83
64679,53611,60
64681,70833,88
64682,54886,65
64683,52109,63
64686,71563,63
64688,67679,56
64689,62206,55
64701,78648,48
64720,75479,44
64722,67933,53
64723,63500,53
64724,49338,53
64725,84722,42
64726,54205,68
64728,67188,58
64730,49883,54
64733,77083,51
64734,88274,40
64735,58879,45
64738,61493,44
64739,85375,38
64740,61641,31
64741,44271,71
64742,71442,50
64743,53875,34
64744,47685,51
64746,79682,48
64747,82642,35
64748,50865,63
64752,66875,41
64755,77643,47
64756,46971,71
64759,50000,51
64761,73750,48
64762,58750,62
64763,54821,49
64767,36813,49
64769,27813,55
64770,61908,48
64771,61645,48
64772,51872,53
64776,44880,45
64778,59737,41
64779,54183,51
64780,44107,63
64781,43056,88
64783,47321,52
64784,53654,43
64788,71705,54
64790,48750,49
64801,52620,44
64804,62574,35
64830,51510,49
64831,63254,45
64832,98750,33
64834,85205,29
64835,58849,53
64836,61335,48
64840,65000,34
64841,59167,39
64842,57969,50
64843,55492,37
64844,63382,38
64847,37273,63
64848,97796,48
64849,71875,26
64850,63469,46
64854,44490,39
64855,90500,25
64856,45513,35
64859,61429,35
64861,63250,33
64862,59489,55
64863,58906,48
64865,60846,43
64866,59712,35
64867,55474,35
64868,87750,23
64870,68300,36
64873,74360,47
64874,38906,57
65001,80938,62
65010,95559,24
65011,40990,38
65013,57212,44
65014,61938,53
65016,78750,45
65017,39457,40
65018,67800,49
65020,62392,35
65023,72663,51
65024,68438,49
65025,51364,41
65026,48824,44
65032,63125,38
65034,86875,46
65035,90815,35
65037,66360,42
65039,125714,35
65040,89167,39
65041,70368,50
65043,85308,31
65046,76458,42
65047,53750,37
65048,88750,22
65049,86453,38
65050,56813,34
65051,53289,38
65052,87125,36
65053,120870,47
65058,71771,46
65059,76765,60
65061,56250,65
65063,77957,32
65064,66667,57
65065,60785,38
65066,56964,48
65068,61667,47
65069,77500,36
65072,78750,37
65074,74464,44
65075,87431,38
65076,64333,50
65077,80625,40
65078,43974,49
65079,70024,40
65080,77013,28
65081,56121,53
65082,60260,39
65084,55372,49
65085,103563,53
65101,74807,47
65109,74694,42
65201,48113,36
65202,72289,33
65203,79960,35
65230,51607,67
65231,57407,45
65232,83542,58
65233,68320,53
65236,46806,67
65237,76389,61
65239,83578,39
65240,71707,41
65243,68021,32
65244,48125,46
65247,72526,26
65248,53125,59
65250,125000,34
65251,63072,47
65254,70321,60
65255,83900,31
65256,92061,36
65257,54911,44
65258,64500,58
65259,60865,46
65260,49792,53
65261,64904,50
65262,73200,28
65263,56211,49
65264,46042,45
65265,56969,56
65270,48351,56
65274,69833,52
65275,60893,53
65276,78958,48
65278,45625,61
65279,103516,44
65280,93036,56
65281,73705,59
65283,39464,24
65284,97434,47
65285,98625,36
65287,94143,41
65301,58064,53
65305,54267,22
65320,35469,88
65321,82019,62
65322,73250,63
65323,49750,51
65324,52969,44
65325,53942,45
65326,51888,48
65327,88750,78
65330,42188,59
65332,66750,38
65333,59208,66
65334,65899,38
65335,78750,38
65336,66935,28
65337,71500,52
65338,51038,47
65339,43750,77
65340,58118,54
65344,61667,70
65345,55313,49
65347,103125,38
65348,52125,52
65349,45982,63
65350,60509,41
65351,55625,56
65354,37614,88
65355,50648,39
65360,53021,55
65401,56081,41
65438,54028,42
65439,21492,48
65440,37250,47
65441,65050,46
65444,56875,39
65446,50625,52
65449,36200,51
65452,60350,48
65453,62790,44
65456,98700,57
65457,72940,38
65459,66385,42
65461,63036,79
65462,54712,47
65463,69973,52
65466,40625,56
65470,59091,43
65473,67690,31
65479,108072,22
65483,46663,52
65486,71744,47
65501,25417,38
65529,111618,55
65534,72500,23
65535,56660,38
65536,53783,43
65541,54931,50
65542,46076,46
65543,50980,22
65548,48698,42
65550,71275,48
65552,63894,37
65555,43631,42
65556,38194,47
65557,97650,69
65559,61750,43
65560,56250,49
65565,50277,45
65566,39583,56
65567,55050,45
65570,34573,58
65571,60040,55
65580,69898,37
65582,60278,38
65583,76626,28
65584,63328,25
65586,57344,88
65588,44500,49
65590,56762,43
65591,50139,30
65601,46875,52
65603,63516,36
65604,68683,40
65605,53294,47
65606,51909,47
65608,44607,44
65609,53571,47
65610,77155,33
65611,59866,30
65612,78047,48
65613,59172,39
65614,61875,50
65616,60489,29
65617,76488,36
65619,85024,24
65622,50081,49
65623,59167,41
65624,61995,33
65625,63348,45
65626,40208,45
65627,44188,46
65629,63750,45
65630,107115,20
65631,86875,23
65632,57656,33
65633,49349,44
65634,35948,39
65635,92292,41
65637,50588,36
65638,58906,33
65640,61136,41
65641,55417,27
65644,71527,43
65646,52708,47
65647,46146,49
65648,86850,36
65649,46516,33
65650,50194,40
65652,78420,36
65653,46918,37
65654,47500,75
65655,37337,45
65656,67239,42
65658,51641,33
65660,73846,48
65661,46170,56
65662,51339,43
65663,61023,34
65667,34444,41
65668,38449,46
65669,86932,32
65672,59737,31
65674,47500,41
65675,84028,88
65676,45170,50
65679,48442,31
65680,77563,44
65681,57548,38
65682,53590,56
65685,51394,39
65686,58363,37
65688,68529,31
65689,44231,48
65692,40357,40
65702,62301,33
65704,49787,40
65705,61000,45
65706,74830,40
65707,57177,42
65708,57827,50
65710,77865,41
65711,50663,52
65712,69304,39
65713,63750,43
65714,86765,26
65717,61146,41
65720,51563,37
65721,77507,26
65722,48378,40
65723,49695,45
65724,41447,41
65725,77406,35
65727,81641,31
65729,61818,56
65732,45909,36
65733,59375,47
65734,56744,42
65735,72724,21
65737,63811,31
65738,67841,27
65739,61250,26
65740,57390,36
65742,83795,32
65744,50655,33
65745,52158,31
65746,55402,32
65747,55060,36
65752,48125,49
65753,80179,32
65754,88125,23
65755,35291,49
65756,113795,58
65757,85243,32
65759,60417,43
65760,42708,42
65761,43000,49
65762,73487,43
65764,26936,37
65767,52708,32
65768,26029,32
65769,67829,40
65770,59329,49
65771,95398,25
65772,63889,32
65774,31674,52
65775,52206,42
65778,23669,42
65779,44018,42
65781,83816,31
65785,50086,37
65786,61136,40
65787,62917,41
65788,64375,44
65789,57083,40
65790,68672,43
65791,42470,53
65793,50116,50
65802,55019,49
65803,50572,53
65804,62301,51
65806,28165,56
65807,53870,43
65809,111364,34
65810,95160,30
66002,61364,58
66006,80960,38
66007,121266,26
66008,94792,88
66010,44318,57
66012,97873,44
66013,164320,31
66014,105431,23
66015,69375,58
66016,76141,46
66017,68750,88
66018,105357,34
66020,78594,46
66021,88125,48
66023,55759,58
66024,68125,47
66025,114868,31
66026,77857,37
66027,102208,25
66030,97822,24
66032,69647,64
66033,91540,47
66035,97895,78
66039,60329,69
66040,56323,35
66041,56912,54
66042,67813,33
66043,103060,40
66044,55955,58
66045,13750,63
66046,65478,45
66047,65392,33
66048,72734,56
66049,90147,29
66050,91979,44
66052,82411,45
66053,89096,30
66054,98214,41
66056,57813,53
66058,96458,61
66060,77222,66
66061,110176,32
66062,117585,32
66064,67321,65
66066,79990,48
66067,77255,54
66070,85714,47
66071,84142,49
66072,101875,35
66073,86641,45
66075,62407,51
66076,73945,48
66078,80000,48
66079,54432,48
66080,90543,59
66083,116791,24
66085,152500,24
66086,98318,34
66087,56875,68
66088,75795,60
66090,87025,52
66091,77872,58
66092,87524,46
66093,65903,88
66094,72000,42
66095,71023,50
66097,66369,48
66101,42551,80
66102,52861,72
66103,52479,69
66104,61338,71
66105,34397,79
66106,61331,65
66109,102593,36
66111,65972,48
66112,62313,55
66202,75129,57
66203,75869,57
66204,75889,61
66205,102449,75
66206,174394,65
66207,125153,60
66208,124000,69
66209,143393,35
66210,95636,40
66211,106486,30
66212,81477,56
66213,117706,31
66214,83435,45
66215,88232,44
66216,111744,45
66217,93651,35
66218,168878,22
66219,94124,26
66220,177206,21
66221,190000,19
66223,114855,25
66224,188004,23
66226,173667,26
66227,139883,17
66401,73516,66
66402,88427,41
66403,71875,44
66404,89620,52
66406,67955,53
66407,67750,74
66408,91250,82
66409,104604,39
66411,57361,68
66412,86638,80
66413,65179,76
66414,74063,48
66415,70066,54
66416,74375,55
66417,86875,73
66418,77885,57
66419,100152,56
66422,73257,40
66423,60938,63
66424,58553,70
66425,61094,54
66427,79481,62
66428,100500,56
66429,68780,50
66431,93095,40
66432,108818,88
66434,76613,61
66436,71016,55
66438,76250,88
66439,53348,68
66440,97109,42
66441,59522,43
66442,51610,19
66449,90089,64
66451,76908,66
66501,59500,52
66502,54833,47
66503,97846,27
66507,96786,49
66508,55636,68
66509,65958,43
66510,57262,53
66512,79008,47
66514,93889,43
66515,89375,74
66516,80938,64
66517,68421,31
66520,94911,54
66521,61250,69
66522,57500,88
66523,74716,51
66524,84375,51
66526,78750,55
66527,60750,68
66528,73472,55
66531,79063,54
66532,76875,83
66533,62237,56
66534,73050,54
66535,78642,27
66536,85568,50
66537,70000,40
66538,78981,46
66539,87554,49
66540,52368,55
66541,36563,74
66542,108218,51
66543,75288,47
66544,97212,88
66546,86607,49
66547,103454,45
66548,70568,72
66549,79318,46
66550,59531,56
66552,78500,65
66554,97411,59
66603,44688,75
66604,60874,71
66605,59106,59
66606,57169,74
66607,29797,64
66608,49126,69
66609,67675,42
66610,132821,30
66611,55837,60
66612,26067,65
66614,71377,48
66615,107656,24
66616,51893,83
66617,86761,45
66618,109884,36
66619,51528,59
66701,56795,72
66710,49671,54
66711,58333,88
66712,53281,59
66713,61250,63
66714,47361,61
66716,77625,53
66717,70833,67
66720,56911,71
66724,58750,58
66725,48443,62
66732,87625,76
66733,52667,51
66734,42807,57
66735,66269,30
66736,62443,61
66738,41389,65
66739,52289,57
66741,94792,43
66743,55515,57
66746,54375,88
66748,59871,68
66749,60093,58
66751,48417,56
66753,73520,60
66754,43750,62
66755,74417,60
66756,54710,53
66757,68083,57
66758,50750,46
66761,81111,46
66762,50511,55
66763,58733,47
66767,46635,85
66769,80000,52
66770,90521,45
66771,70625,53
66772,60703,88
66773,50764,78
66775,64063,40
66776,57304,46
66777,42321,58
66779,65625,51
66780,55813,59
66781,58400,59
66782,36458,53
66783,48068,71
66801,56794,56
66830,57109,71
66833,57819,51
66834,60208,88
66835,81000,52
66838,43971,88
66839,63077,57
66840,56111,88
66842,73125,55
66843,37422,51
66845,51771,70
66846,61842,61
66849,61875,88
66850,93750,74
66851,48162,81
66852,61417,70
66853,51875,88
66854,96250,52
66856,75667,50
66857,62143,52
66858,76563,80
66859,80000,76
66860,60531,78
66861,60565,69
66864,37422,88
66865,93333,49
66866,58705,79
66868,103393,57
66869,51250,67
66870,34375,81
66871,71094,60
66872,58906,77
66873,75417,70
66901,60063,68
66930,43000,88
66933,55625,88
66935,56014,71
66937,63456,82
66938,55284,88
66939,69167,88
66940,44432,88
66941,70156,68
66942,97955,88
66943,67738,79
66944,75625,88
66945,69688,72
66946,53542,88
66948,84531,88
66949,46250,65
66951,66875,64
66952,52188,88
66953,66250,66
66955,85500,88
66956,57232,70
66958,77750,69
66959,54750,88
66960,50208,83
66962,74583,53
66963,45096,88
66964,73500,88
66966,51125,82
66967,56726,68
66968,59438,73
66970,29205,59
67001,98661,30
67002,104351,25
67003,50217,71
67004,77500,66
67005,54516,69
67008,60556,53
67009,44375,69
67010,73033,44
67013,69831,65
67016,82500,46
67017,88750,40
67019,60833,64
67020,80680,65
67021,48750,85
67022,60000,74
67023,95625,53
67024,34231,63
67025,86840,45
67026,106036,47
67028,79000,64
67029,52259,82
67030,100192,40
67031,88000,55
67035,72991,72
67036,88194,72
67037,85541,35
67038,55699,51
67039,91964,47
67041,93750,52
67042,62857,63
67045,62629,69
67047,54231,45
67050,86875,46
67051,77663,39
67052,103148,23
67053,50417,55
67054,71250,25
67055,48750,49
67056,78958,60
67057,50179,72
67058,62121,65
67059,73333,73
67060,73758,40
67061,61667,69
67062,75143,41
67063,72083,64
67065,77750,62
67066,40179,80
67067,108352,26
67068,57562,68
67070,58125,70
67073,86875,76
67074,72045,48
67101,73438,15
67102,90893,13
67103,53750,88
67104,66125,71
67105,70625,84
67106,100345,38
67107,71563,52
67108,87679,62
67109,92533,68
67110,85391,44
67111,96000,44
67112,53625,88
67114,70018,60
67117,87377,40
67118,57500,74
67119,61641,73
67120,96250,44
67122,137614,55
67123,52063,51
67124,66905,70
67127,68438,76
67131,62083,52
67132,111094,45
67133,110256,34
67134,75625,61
67135,74939,51
67137,48333,74
67138,61250,60
67140,47236,64
67142,84167,76
67143,56250,69
67144,73589,33
67146,79688,56
67147,88006,42
67149,121845,43
67151,55313,88
67152,52275,68
67154,67813,82
67155,46500,88
67156,58821,62
67159,44688,80
67202,58234,66
67203,52028,68
67204,71999,60
67205,121245,21
67206,82252,44
67207,67889,45
67208,60914,74
67209,77940,42
67210,59082,43
67211,44120,75
67212,68145,44
67213,50170,71
67214,35192,75
67215,118346,28
67216,48902,56
67217,55565,54
67218,49059,72
67219,70557,46
67220,64338,33
67223,136250,35
67226,92341,32
67227,77386,66
67228,162857,21
67230,149536,24
67235,118050,22
67301,54950,70
67330,75208,50
67332,80313,25
67333,63103,65
67335,56295,63
67336,26667,66
67337,51500,69
67340,50313,55
67341,77500,25
67342,56597,68
67344,60000,80
67345,75714,58
67346,76167,73
67347,91250,38
67349,67727,68
67351,88889,82
67352,45179,60
67353,56964,88
67354,46250,55
67355,75577,39
67356,52882,64
67357,56438,70
67360,52857,62
67361,53917,64
67401,64606,60
67410,65855,71
67416,73875,63
67417,85441,72
67418,52083,88
67420,62938,64
67422,85556,40
67423,57308,88
67425,95729,44
67427,49250,78
67428,75815,82
67430,50833,71
67431,82500,49
67432,70275,62
67436,58309,84
67437,64271,74
67438,74531,82
67439,73409,61
67441,65536,77
67442,58417,67
67443,88938,49
67444,58889,74
67445,46250,88
67446,98077,72
67447,65288,75
67448,89076,88
67449,69357,76
67450,43958,75
67451,51625,80
67452,113125,65
67454,55938,76
67455,56635,88
67456,82409,62
67457,89167,66
67458,64097,69
67460,80720,49
67464,74432,61
67466,56161,72
67467,61750,56
67468,58068,88
67470,90523,48
67473,64531,69
67474,81250,88
67475,59375,88
67478,63047,77
67480,67750,52
67481,55685,88
67483,71250,82
67484,61667,49
67485,39916,88
67487,67813,55
67490,67115,88
67491,60750,81
67492,73750,88
67501,50859,79
67502,74955,52
67505,50882,54
67510,87750,86
67511,49716,76
67512,95000,46
67513,250001,76
67514,53750,77
67516,64018,63
67519,110938,88
67520,66118,88
67521,111848,63
67522,72622,59
67523,57813,71
67524,63333,67
67525,72031,71
67526,57824,72
67529,77500,88
67530,58780,64
67543,64219,49
67544,57568,69
67545,67159,72
67546,76739,56
67547,52917,79
67548,55313,69
67550,65400,70
67552,39922,73
67553,51250,69
67554,64125,74
67556,55234,88
67557,56308,66
67559,71625,53
67560,68654,64
67561,57434,85
67563,70833,61
67564,97273,77
67565,59375,88
67566,29283,72
67567,54167,88
67568,66750,70
67570,81000,65
67572,58813,68
67573,61964,83
67574,49375,76
67575,59125,83
67576,76125,81
67578,53750,75
67579,65294,70
67581,44583,73
67583,53750,75
67584,61250,72
67601,61417,53
67621,45000,73
67622,66324,72
67623,102933,88
67625,35703,88
67626,61349,72
67629,74250,63
67631,82083,85
67632,64583,81
67634,78750,72
67637,74281,61
67638,57083,88
67639,84091,52
67640,73750,49
67642,49896,67
67644,52708,76
67645,48750,88
67646,68480,63
67647,63056,84
67648,56042,75
67649,49464,70
67650,53808,60
67651,63125,82
67653,53281,88
67654,54418,66
67656,73542,59
67657,67292,78
67658,66250,88
67659,86042,85
67660,21397,88
67661,60925,64
67663,61576,71
67664,97083,65
67665,60662,69
67667,63750,63
67669,62633,71
67671,77702,56
67672,83917,62
67673,49063,88
67675,52300,88
67701,70250,56
67730,66250,63
67731,56333,79
67732,64938,78
67733,95938,61
67735,61042,57
67736,55972,72
67737,52917,66
67738,71625,69
67739,60714,85
67740,75417,54
67741,44958,71
67743,56910,80
67744,91806,88
67745,87083,79
67747,74583,69
67748,78083,67
67749,54000,70
67751,61806,68
67752,74861,67
67753,62396,79
67756,54868,73
67757,57750,65
67758,58500,65
67761,74091,66
67762,74844,58
67764,65625,83
67801,71821,53
67831,63846,83
67834,61276,75
67835,79877,51
67836,81250,33
67837,67050,47
67838,81563,55
67839,54028,68
67840,37813,81
67841,71250,46
67842,86250,76
67844,56071,75
67846,73218,48
67849,67917,76
67850,59286,59
67851,83906,39
67853,98309,52
67854,57104,66
67855,72184,57
67859,59500,68
67860,88264,55
67861,78920,61
67862,66806,60
67864,75929,68
67865,65125,72
67867,67000,46
67868,36250,666668692
67869,72760,59
67870,58125,56
67871,68339,67
67876,71964,71
67877,66492,54
67878,71850,57
67879,80536,60
67880,66923,52
67882,31891,71
67901,64783,52
67950,65625,60
67951,63527,52
67952,86250,52
67953,45000,63
67954,66607,60
68001,55938,68
68002,93220,55
68003,95709,47
68004,64408,64
68005,66551,54
68007,141042,15
68008,89583,48
68010,73750,55
68014,116125,88
68015,85357,72
68016,118456,46
68017,69375,54
68018,94141,83
68019,57656,88
68020,48750,54
68022,148111,15
68023,116287,36
68025,72254,58
68028,143604,21
68029,82423,88
68030,76442,62
68031,80605,81
68033,64375,88
68034,110000,86
68036,77273,81
68037,107839,52
68038,51362,77
68039,46313,51
68040,68938,55
68041,74000,71
68042,73750,47
68044,141250,29
68045,75893,88
68046,116907,28
68047,87375,70
68048,89931,45
68050,66111,80
68055,62292,86
68057,74213,86
68058,138281,39
68059,98238,47
68061,64556,53
68062,72292,53
68063,61429,75
68064,100450,48
68065,108689,48
68066,101438,55
68067,67159,63
68068,106458,55
68069,111974,44
68070,63750,49
68071,67632,47
68072,71169,88
68073,112460,50
68102,64111,73
68104,60549,70
68105,57533,75
68106,69806,66
68107,62560,79
68108,53609,88
68110,39813,79
68111,42185,78
68112,56159,71
68113,62409,28
68114,69469,54
68116,121165,22
68117,75237,66
68118,133281,31
68122,102591,25
68123,93188,28
68124,98750,62
68127,66384,49
68128,86410,29
68130,133570,26
68131,48925,65
68132,68221,73
68133,134426,21
68134,66989,55
68135,143676,24
68136,133472,18
68137,80739,47
68138,86007,35
68142,109142,17
68144,83576,52
68147,90255,57
68152,84958,49
68154,81385,43
68157,98015,48
68164,88927,37
68301,114408,49
68303,60313,85
68304,79000,35
68305,57906,71
68307,61250,74
68309,49583,88
68310,60928,65
68313,72132,88
68314,73333,88
68315,61023,55
68316,79792,88
68317,108056,39
68318,65179,78
68319,73050,75
68320,44375,88
68322,88472,62
68323,102083,69
68324,83665,23
68325,73750,72
68326,85486,76
68327,55750,78
68328,66719,69
68329,77614,76
68330,49000,81
68331,96250,47
68332,66563,88
68333,81083,55
68335,72946,73
68337,60577,88
68338,76875,46
68339,101146,25
68340,61458,75
68341,82917,66
68342,75000,59
68343,74554,69
68344,88942,56
68345,68125,74
68346,91591,88
68347,88281,39
68348,71597,56
68349,76369,61
68350,77344,73
68351,76583,65
68352,55370,76
68354,73906,70
68355,56607,73
68357,95179,65
68358,111705,33
68359,90909,65
68360,72000,61
68361,80909,59
68362,62500,53
68364,96767,62
68365,78250,60
68366,90952,51
68367,67500,88
68368,110375,22
68370,67000,64
68371,83523,60
68372,114420,23
68375,48594,88
68376,52000,88
68377,72500,58
68378,76071,78
68379,41250,80
68380,51250,76
68381,74583,88
68401,111500,70
68402,123000,40
68403,65000,57
68404,112643,51
68405,75250,62
68406,69318,88
68407,99773,54
68409,92045,55
68410,71640,55
68413,81944,70
68414,82188,88
68415,75000,77
68416,70000,88
68417,68250,88
68418,86065,50
68419,98750,65
68420,56250,69
68421,61600,88
68422,93750,61
68423,101250,59
68424,68654,55
68428,115000,39
68429,43611,49
68430,145729,28
68431,75000,51
68433,46250,88
68434,81466,49
68436,72969,82
68437,43750,88
68438,81250,74
68439,82759,88
68441,50583,73
68442,65000,88
68443,67969,72
68444,120000,55
68445,60625,78
68446,90746,53
68447,64063,77
68448,74500,88
68450,46132,73
68452,63000,88
68453,83750,82
68454,84375,65
68455,114643,60
68456,89550,63
68457,89219,88
68458,90526,67
68460,92610,57
68462,119712,33
68463,85972,61
68464,59750,82
68465,91964,73
68466,61574,78
68467,70525,55
68502,68523,80
68503,54232,64
68504,56213,46
68505,75980,49
68506,72637,54
68507,69488,50
68508,31191,56
68510,65951,64
68512,104448,26
68514,122125,16
68516,100821,30
68517,147209,36
68520,94244,15
68521,67483,30
68522,77597,29
68523,141786,21
68524,81045,48
68526,113910,16
68527,145357,14
68528,75740,26
68531,167500,27
68532,179554,19
68601,68480,52
68620,83450,66
68621,93235,41
68622,77917,50
68623,69167,88
68624,69167,49
68626,96250,81
68627,72159,64
68628,58438,59
68629,78438,73
68631,86750,88
68632,70242,56
68633,82125,63
68634,74125,55
68635,81563,88
68636,78056,69
68637,73750,51
68638,56917,74
68640,68036,67
68641,80625,88
68642,93798,72
68643,77125,80
68644,81750,69
68647,103038,88
68648,85214,55
68649,87132,54
68651,78487,65
68652,79271,74
68653,99500,75
68654,64643,88
68655,84167,88
68658,103125,88
68659,67500,67
68660,55577,83
68661,83279,52
68662,89706,62
68663,57333,59
68664,87917,68
68665,70000,72
68666,63529,88
68667,120625,88
68669,86397,88
68701,62633,50
68710,65441,76
68711,58517,70
68713,77500,54
68714,52031,58
68715,95714,55
68716,65833,65
68717,65919,88
68718,60250,68
68720,81250,72
68722,60125,78
68723,74512,88
68724,104167,88
68725,54583,61
68726,69107,60
68727,53664,59
68728,82321,78
68729,63292,75
68730,76944,50
68731,79924,51
68732,82083,88
68733,64479,76
68735,73438,73
68736,84063,53
68739,90500,56
68740,103500,61
68741,79583,57
68742,54375,66
68743,71667,48
68745,63953,76
68746,40625,55
68747,88438,85
68748,69740,80
68749,59063,88
68751,61250,88
68752,66250,88
68753,56750,64
68755,119100,64
68756,61667,61
68757,88472,55
68758,56667,88
68759,88750,75
68760,53409,43
68761,82604,88
68763,65362,58
68764,70833,61
68765,70694,59
68766,86250,88
68767,81761,67
68768,78125,86
68769,61833,70
68770,71607,69
68771,83580,82
68773,51607,71
68774,86167,88
68776,68750,52
68777,73125,75
68778,61500,57
68779,78594,69
68780,75833,74
68781,67212,63
68783,46328,67
68784,62216,70
68785,113750,55
68786,78750,88
68787,60275,54
68788,69867,68
68789,96429,88
68790,66601,88
68791,69018,69
68792,70000,42
68801,63617,55
68803,73463,45
68810,64107,50
68812,69808,51
68813,73160,69
68814,73295,88
68815,69808,88
68816,61685,88
68817,74375,78
68818,81045,53
68820,82212,58
68822,67500,60
68823,61974,52
68824,77989,62
68825,64432,55
68826,74583,55
68827,89063,55
68828,61667,88
68831,68977,61
68832,96641,50
68833,62813,68
68834,78750,63
68835,52292,76
68836,86806,52
68837,80833,55
68838,103750,85
68840,76394,54
68841,76875,53
68842,57875,65
68843,92778,64
68844,67303,75
68845,76978,41
68846,68333,75
68847,73818,44
68850,69238,53
68852,76250,74
68853,54674,57
68854,91875,51
68855,78750,74
68856,73000,63
68858,82083,36
68859,50000,88
68860,95750,49
68861,39792,52
68862,60321,60
68863,100929,88
68864,83365,66
68865,109554,46
68866,94792,50
68869,65208,73
68870,87159,38
68871,53125,82
68872,84500,88
68873,75000,55
68874,60139,85
68875,61818,88
68876,82207,66
68878,91786,77
68879,80893,55
68882,67778,75
68883,90966,63
68901,66585,61
68920,80938,66
68922,57426,77
68923,65750,46
68924,85000,66
68925,81250,80
68926,63684,88
68927,69167,63
68928,75417,88
68929,66042,67
68930,65875,60
68932,80625,70
68933,89583,88
68935,61667,75
68936,54583,85
68937,85260,52
68938,68250,80
68939,54083,82
68940,107841,51
68941,72460,75
68942,63333,88
68943,180577,76
68944,69432,67
68945,64792,63
68946,11667,88
68947,63472,79
68948,63958,88
68949,63273,57
68950,78500,75
68952,126250,73
68954,45893,48
68955,90850,40
68956,94231,65
68957,109900,57
68958,73021,58
68959,70167,66
68960,85278,88
68961,55673,84
68964,85000,60
68966,62250,88
68967,55595,68
68970,58523,88
68971,64375,49
68972,50000,88
68973,87031,55
68974,79643,45
68975,92500,86
68976,54063,44
68977,45208,88
68978,65764,80
68979,85862,64
68980,124375,60
68981,62917,88
68982,66250,76
69001,62982,67
69020,90625,68
69021,54375,77
69022,64719,68
69023,114107,82
69024,52337,68
69025,65729,57
69026,38182,68
69028,85938,68
69029,44375,78
69030,49861,80
69032,63750,82
69033,67135,55
69034,61058,65
69037,73125,81
69038,71250,84
69039,48500,85
69040,73750,88
69041,60688,64
69043,48438,85
69044,48188,69
69045,49250,84
69046,117604,88
69101,62268,56
69120,69886,66
69121,73750,53
69122,73194,86
69123,85893,58
69125,60750,74
69127,50430,51
69128,42396,85
69129,67105,78
69130,63388,58
69131,66111,88
69132,96964,48
69133,55000,72
69134,86250,73
69138,77604,62
69140,70417,72
69141,82500,77
69143,90625,53
69144,62500,41
69145,58846,73
69146,43068,49
69147,41196,51
69149,45938,72
69150,81667,81
69151,87500,60
69152,49107,68
69153,61946,55
69154,41348,74
69155,64432,71
69156,81346,82
69157,95714,52
69161,36583,72
69162,60050,68
69163,73750,64
69165,75795,55
69166,58929,53
69167,46979,72
69168,72875,76
69169,49375,53
69170,58750,70
69201,62101,53
69210,56625,60
69211,74688,71
69214,64293,78
69216,53500,64
69217,39438,88
69218,78672,62
69221,53438,74
69301,68371,61
69333,70481,72
69334,62232,74
69335,82000,61
69336,53051,65
69337,54306,67
69339,65529,78
69340,75329,60
69341,73638,52
69343,59741,74
69345,77946,66
69346,62083,75
69347,76133,74
69348,76719,64
69350,53194,66
69351,84500,81
69352,56229,77
69353,26042,88
69354,99018,64
69355,47000,83
69356,73787,60
69357,70104,64
69358,52159,64
69360,52402,74
69361,58623,60
69366,93750,62
69367,82656,88
70001,67923,51
70002,65436,52
70003,76261,58
70005,89194,57
70006,76505,49
70030,118867,43
70031,73359,37
70032,56813,62
70036,78869,39
70037,98983,36
70039,67727,32
70040,83649,37
70041,34615,22
70043,55068,48
70047,87333,41
70049,68953,41
70051,87888,49
70052,67392,35
70053,39950,61
70056,59027,48
70057,90236,35
70058,62416,46
70062,51477,56
70065,67285,47
70067,63125,36
70068,68459,40
70070,76539,42
70071,60569,55
70072,54885,50
70075,73067,39
70079,71433,66
70080,61637,52
70083,53100,20
70084,62047,46
70085,55167,27
70086,35739,33
70087,73406,38
70090,61654,41
70091,67216,21
70092,57188,42
70094,53597,50
70112,19395,79
70113,39333,77
70114,43493,59
70115,90182,88
70116,52306,88
70117,45764,78
70118,63750,88
70119,53143,82
70121,59562,68
70122,49455,67
70123,83585,48
70124,121228,54
70125,61174,76
70126,41709,52
70127,40765,48
70128,56431,43
70129,55972,44
70130,80212,88
70131,62389,52
70148,2499,20
70301,58394,41
70339,51659,39
70341,35346,42
70342,51580,43
70343,73815,37
70344,51771,52
70345,62216,47
70346,35280,46
70353,35500,34
70354,48462,51
70355,56188,52
70356,32756,38
70357,71383,63
70359,56121,33
70360,84890,32
70363,46748,49
70364,68843,47
70372,40659,49
70373,87143,43
70374,70833,52
70377,60665,45
70380,54595,53
70390,58667,48
70392,57959,42
70393,19256,13
70394,64337,47
70395,78488,32
70397,115455,41
70401,50653,40
70403,50976,33
70420,78171,29
70422,50560,37
70426,29821,40
70427,38074,49
70431,69813,31
70433,81241,25
70435,80926,25
70437,61280,34
70438,52864,37
70441,39438,39
70442,65268,33
70443,57464,37
70444,52148,42
70445,78394,31
70446,71892,24
70447,122574,18
70448,95682,32
70449,78405,30
70450,61333,40
70452,62917,32
70453,60526,31
70454,71611,24
70455,57182,22
70456,47399,41
70458,72843,41
70460,62565,37
70461,89003,30
70462,68045,31
70463,25625,46
70465,20144,49
70466,65807,33
70471,96501,33
70501,33365,55
70503,94688,48
70506,57379,45
70507,64049,39
70508,86005,28
70510,49717,49
70512,47313,41
70513,43886,82
70514,31817,26
70515,65991,50
70516,53750,49
70517,60778,39
70518,106710,23
70520,62575,32
70522,26321,40
70523,63408,33
70525,44697,39
70526,37747,52
70528,49676,46
70529,51632,31
70532,44095,49
70533,56995,35
70534,45833,51
70535,44381,48
70538,52407,52
70541,48264,60
70542,41971,48
70543,62083,38
70544,54601,48
70546,52229,50
70548,51875,48
70549,57692,53
70551,44924,57
70552,50313,38
70554,28638,45
70555,76213,24
70556,117764,68
70559,71563,35
70560,45509,45
70563,76477,39
70570,44612,45
70576,34148,53
70577,47072,45
70578,49875,42
70581,71176,39
70582,49837,45
70583,51470,33
70584,62281,31
70586,40129,46
70589,49650,42
70591,78393,39
70592,93204,19
70601,49992,53
70605,86015,31
70607,60351,36
70611,101844,25
70615,40047,46
70630,74258,17
70631,63387,17
70632,30603,31
70633,67203,43
70634,62940,38
70637,125456,30
70638,37708,57
70639,63125,30
70640,21938,47
70643,58125,18
70644,21825,32
70645,105263,31
70646,128906,70
70647,71045,20
70648,48750,35
70651,42865,17
70652,69196,18
70653,69318,32
70655,50893,34
70656,61693,41
70657,60795,19
70658,65759,40
70659,65640,33
70660,111707,27
70661,24917,40
70662,95769,32
70663,64707,45
70665,86573,21
70668,49455,46
70669,69106,42
70706,91070,25
70710,108041,14
70711,93623,26
70712,89083,52
70714,57608,44
70715,50050,39
70719,105522,37
70721,2499,13
70722,76144,40
70723,47444,43
70726,78621,24
70729,109653,23
70730,64977,31
70732,68636,49
70733,74853,22
70734,128975,21
70736,30784,36
70737,82521,23
70739,106671,34
70740,57371,27
70743,138879,50
70744,61375,32
70748,77500,35
70749,54375,44
70750,38466,44
70752,111250,37
70753,33587,47
70754,56011,21
70755,86071,37
70757,51707,46
70759,49125,54
70760,61141,42
70761,88872,46
70762,88313,32
70763,89468,27
70764,55352,44
70767,68384,41
70769,109404,23
70770,92311,40
70774,102422,25
70775,80417,34
70776,96843,26
70777,85550,36
70778,101967,25
70780,88878,40
70782,39531,62
70783,103583,31
70785,89103,24
70788,33079,45
70789,35000,38
70791,78263,24
70801,115708,64
70802,34458,61
70805,25397,58
70806,55642,53
70807,27534,60
70808,69418,46
70809,79967,34
70810,92098,29
70811,45523,49
70812,37006,50
70814,51529,48
70815,59254,55
70816,67353,40
70817,102639,32
70818,78432,41
70819,73561,47
70820,47429,24
70836,46976,13
71001,30490,53
71002,43239,47
71003,37692,47
71004,83333,50
71006,94266,26
71007,66477,28
71008,36029,62
71009,45750,45
71016,41806,41
71018,41638,44
71019,49943,45
71021,22500,56
71023,46055,48
71024,47366,43
71027,42781,29
71028,36394,44
71029,47222,75
71030,64146,26
71031,50718,41
71032,60972,35
71033,54243,34
71037,78571,31
71038,25958,57
71039,48393,49
71040,31678,51
71043,59432,51
71044,59135,52
71045,73044,38
71046,52679,25
71047,58467,36
71048,90740,55
71049,37455,38
71051,85331,26
71052,38509,49
71055,36953,54
71060,61417,47
71061,35536,46
71064,49878,53
71065,26333,48
71067,61161,25
71068,33125,47
71069,28125,54
71070,59259,40
71071,36900,51
71072,83472,48
71073,42472,44
71075,40246,59
71078,86042,27
71079,41307,46
71082,27616,53
71101,19351,66
71103,27380,65
71104,56833,68
71105,67968,53
71106,81452,50
71107,48365,45
71108,32055,60
71109,32939,60
71110,62647,45
71111,65292,34
71112,61760,46
71115,65509,39
71118,50287,49
71119,58538,46
71129,51013,41
71201,65446,55
71202,28213,53
71203,52326,42
71219,52448,34
71220,38037,50
71222,35051,44
71223,22308,53
71225,74873,26
71226,49669,41
71227,64195,33
71229,83125,40
71232,55754,47
71234,84740,31
71235,58293,44
71237,50057,50
71238,34018,26
71241,44128,40
71242,38833,25
71243,77847,28
71247,34531,57
71250,45500,42
71251,40128,50
71254,31433,52
71256,43611,40
71259,58958,44
71260,36366,39
71263,44260,48
71264,68750,59
71266,59554,42
71268,69018,41
71269,49668,47
71270,36791,40
71275,36225,45
71276,83750,43
71277,26686,43
71280,78531,27
71282,35244,52
71286,37841,44
71291,71639,39
71292,51355,35
71295,48211,49
71301,43098,68
71302,34669,55
71303,67156,41
71322,27030,51
71325,48056,61
71327,31953,46
71328,56170,29
71331,56458,41
71333,23611,50
71334,34804,52
71336,45868,45
71340,65121,42
71341,50029,39
71342,72154,45
71343,48927,44
71346,48240,41
71350,50000,38
71351,46378,43
71353,37405,49
71354,87059,38
71355,50417,49
71357,28750,54
71358,44243,46
71360,60527,44
71362,44464,40
71366,48977,54
71367,62159,40
71368,39129,48
71369,36856,49
71371,69415,33
71373,45690,49
71375,24231,53
71378,36950,51
71403,67929,36
71404,46000,46
71405,76318,42
71409,61605,31
71411,37500,36
71415,31944,57
71416,41413,43
71417,50072,39
71418,40785,40
71419,71875,36
71422,36111,44
71423,71729,35
71424,56179,31
71425,32031,73
71426,52813,71
71427,48750,25
71429,58601,43
71430,63636,34
71432,38125,47
71433,46023,38
71434,51705,39
71435,52787,39
71438,63750,38
71439,43638,46
71441,170036,41
71446,55925,40
71447,43547,37
71449,49020,40
71450,44055,37
71454,59833,34
71456,86875,35
71457,46668,44
71459,56038,31
71461,51042,44
71462,52000,37
71463,43594,53
71465,42366,48
71467,70583,40
71468,101500,38
71469,50994,37
71473,40956,33
71474,85417,43
71479,55990,42
71480,47083,57
71483,54267,50
71485,82000,28
71486,45918,37
71497,2499,25
71601,37528,59
71602,55204,41
71603,53130,50
71630,41900,48
71631,18722,57
71635,47148,51
71638,31667,51
71639,37173,48
71640,28461,47
71643,32899,50
71644,76113,53
71646,40823,42
71647,50441,46
71651,133393,47
71652,52857,47
71653,51797,41
71654,41645,50
71655,43346,41
71658,54107,48
71660,57188,44
71661,28750,66
71663,37150,59
71665,53472,36
71667,59375,40
71670,34570,48
71671,43419,50
71674,52125,48
71675,37396,37
71676,26184,53
71677,43333,35
71701,49110,54
71720,61250,45
71722,59063,35
71724,26346,52
71726,31328,46
71730,55770,49
71740,65455,34
71742,38843,49
71743,48253,47
71744,68882,44
71745,75987,65
71747,61208,51
71748,142813,25
71749,68188,30
71752,39803,46
71753,50504,45
71762,50577,43
71763,73438,47
71764,62308,61
71765,38636,34
71766,76875,45
71770,44569,49
71801,45345,48
71822,59167,46
71825,72610,56
71826,42708,46
71827,88024,51
71832,52747,44
71833,29018,44
71834,65691,50
71835,56483,41
71836,51271,48
71837,59286,34
71838,48125,46
71839,24746,46
71841,45819,52
71842,55810,50
71845,33672,50
71846,56250,42
71847,23920,50
71851,63920,46
71852,47238,48
71854,46878,44
71857,53125,44
71858,65795,41
71860,36758,50
71861,58150,48
71862,52982,45
71864,58125,61
71865,67688,41
71866,34688,51
71901,53514,51
71909,75433,32
71913,56010,42
71921,54271,36
71923,56089,40
71929,55747,36
71935,48750,34
71937,57750,37
71940,47935,46
71941,70329,40
71942,87560,66
71943,44904,39
71944,75893,47
71945,38090,57
71949,50750,27
71950,61786,41
71953,51969,38
71956,49958,35
71957,47703,37
71958,48393,46
71960,66917,40
71961,37054,40
71962,24578,42
71964,56514,32
71968,75592,30
71969,38224,48
71970,71667,30
71971,73413,23
71972,68542,16
71973,33313,49
72001,36008,39
72002,85502,23
72003,78443,61
72004,43783,39
72006,51775,49
72007,86302,20
72010,48305,38
72011,84446,25
72012,61277,29
72013,57500,38
72015,66107,34
72016,64280,28
72017,91731,41
72019,87869,28
72020,49231,38
72021,41310,51
72022,80920,27
72023,76931,28
72024,58750,48
72025,65341,48
72026,26615,46
72027,61450,33
72029,35515,55
72031,54428,39
72032,64695,30
72034,65635,28
72036,13264,50
72038,63472,43
72039,63667,34
72040,32476,51
72041,53125,53
72042,55679,49
72044,47213,39
72045,60602,31
72046,56685,47
72047,61944,26
72052,66111,32
72055,67708,48
72057,59335,28
72058,76463,23
72060,26875,54
72061,81141,51
72063,59643,32
72064,63897,47
72065,75857,26
72067,53668,30
72068,69375,31
72069,40000,41
72070,41713,33
72072,36818,54
72073,48750,57
72076,54379,46
72079,69479,24
72080,27583,40
72081,45620,38
72082,31638,52
72083,39000,43
72084,60938,46
72085,38125,49
72086,58743,38
72087,46346,29
72088,56594,42
72101,50921,48
72102,59120,33
72103,68029,41
72104,54774,50
72106,65800,29
72110,51658,47
72111,52059,40
72112,41843,53
72113,79248,23
72114,30175,58
72116,79010,51
72117,44319,44
72118,49559,53
72120,76598,39
72121,44221,40
72123,42250,48
72125,62917,46
72126,55662,41
72127,52250,35
72128,65938,36
72129,70326,32
72130,87014,35
72131,46629,31
72132,56071,28
72134,108177,24
72135,102500,39
72136,78328,25
72137,52612,31
72139,22917,40
72140,49583,40
72141,28342,28
72142,62863,32
72143,58344,34
72150,73818,37
72153,50253,40
72156,110139,52
72157,62931,33
72160,50403,47
72166,85208,56
72167,89886,36
72169,153036,55
72170,63438,33
72173,74600,25
72175,38167,67
72176,68840,25
72179,68571,32
72201,115174,54
72202,50899,57
72204,40882,57
72205,68415,62
72206,52132,51
72207,96343,64
72209,40231,55
72210,69453,31
72211,83134,35
72212,114140,44
72223,101062,22
72227,73879,51
72301,42859,51
72311,64063,40
72315,52259,51
72320,32679,45
72322,35750,38
72324,36324,45
72326,48728,37
72327,82750,43
72330,38500,47
72331,46848,49
72333,41719,47
72335,40400,47
72339,39167,31
72340,112750,47
72341,53278,43
72342,36905,53
72346,65673,38
72347,52048,55
72348,64464,49
72350,38580,41
72351,55964,46
72354,48472,53
72355,55307,44
72358,32841,55
72359,23802,44
72360,22574,57
72364,74462,28
72365,47344,53
72366,44861,50
72368,66719,51
72370,48732,48
72372,43611,41
72373,26700,54
72376,50347,39
72384,51250,36
72386,46723,45
72389,21528,48
72390,38294,54
72392,66786,51
72394,46875,35
72395,78507,46
72396,58938,43
72401,45329,47
72404,70269,24
72405,92440,21
72410,53350,55
72411,55625,49
72412,83500,44
72413,59531,55
72414,60833,50
72415,53750,45
72416,67448,34
72417,61964,25
72419,41017,48
72421,41310,49
72422,56507,51
72424,36667,59
72425,55917,34
72426,78125,59
72427,28750,72
72429,36000,51
72430,57604,66
72431,78750,52
72432,55827,37
72433,36473,45
72434,77734,46
72435,97637,25
72436,52174,32
72437,60714,36
72438,56688,43
72440,48056,47
72442,56221,40
72443,51230,40
72444,32276,47
72447,59444,51
72450,57725,35
72454,46509,54
72455,49764,47
72456,49861,52
72458,63636,49
72459,39167,45
72460,45673,36
72461,53893,54
72462,56452,52
72466,79808,34
72469,44421,43
72470,55694,51
72471,45313,52
72472,40529,50
72473,47266,54
72476,42181,50
72478,49038,23
72479,54853,52
72482,35855,48
72501,52829,40
72512,46449,48
72513,40055,47
72517,50446,24
72519,48438,38
72520,23776,33
72521,59591,43
72522,36591,34
72523,57206,40
72526,63333,34
72527,72917,42
72528,25559,48
72529,37355,51
72530,66875,42
72531,66397,34
72532,38750,46
72533,51583,32
72536,60714,47
72537,40441,33
72538,46973,24
72539,85625,58
72540,38603,66
72542,41295,45
72543,56722,41
72544,44057,38
72550,54688,41
72553,36944,41
72554,42851,42
72555,52143,25
72556,46113,41
72560,37134,35
72561,71916,34
72562,55156,36
72564,27107,56
72565,53333,34
72566,59609,36
72567,53438,45
72568,67143,35
72569,58365,38
72571,198636,21
72572,67619,28
72576,39812,44
72577,55959,48
72579,104167,23
72583,40625,44
72584,33326,58
72601,56353,40
72611,42361,41
72615,35000,47
72616,52077,39
72619,45042,40
72623,46354,26
72624,46442,32
72626,36417,57
72628,47367,49
72629,41635,45
72630,54688,46
72631,56678,31
72632,46354,38
72633,45385,42
72634,49015,36
72635,49709,40
72636,121250,44
72638,65175,43
72639,46597,30
72640,103409,49
72641,37696,41
72642,68810,39
72644,53894,40
72645,33516,42
72648,70921,48
72650,46295,46
72651,30000,45
72653,48718,42
72655,44722,40
72658,36094,33
72661,31417,44
72662,55734,38
72666,34444,47
72668,46000,43
72669,42109,61
72672,36620,47
72675,48393,37
72677,39688,43
72679,53784,47
72680,43668,47
72682,45038,54
72683,51196,63
72685,48750,48
72687,53911,38
72701,55506,33
72703,60568,34
72704,96014,23
72712,110514,25
72713,119853,13
72714,103125,27
72715,82447,33
72717,73011,40
72718,127250,14
72719,113542,18
72721,60306,24
72722,54838,32
72727,75402,26
72730,91731,25
72732,70850,32
72734,75000,31
72736,79209,28
72738,86296,33
72740,63250,36
72742,91094,5
72744,65850,35
72745,91207,28
72751,95299,23
72753,70985,27
72756,72230,35
72758,99147,22
72760,75777,65
72761,76122,33
72762,82228,29
72764,65898,32
72768,60096,50
72769,56754,51
72773,39044,45
72774,76316,40
72776,21607,43
72801,47830,46
72802,64110,36
72821,37083,50
72823,69107,39
72824,78628,27
72827,28021,48
72830,42416,38
72832,27356,53
72833,52422,41
72834,63131,42
72835,102533,28
72837,53833,35
72838,85580,73
72839,48750,46
72840,49750,49
72841,28672,48
72842,49000,44
72843,62805,41
72845,63462,45
72846,61250,37
72847,61158,38
72851,68750,35
72852,48241,46
72853,35262,47
72855,54089,51
72856,47284,37
72857,44907,44
72858,69760,22
72860,79034,48
72863,64773,39
72865,82045,32
72901,42851,67
72903,61434,46
72904,41909,61
72908,72732,41
72916,87983,22
72921,75008,29
72923,54157,38
72926,82578,42
72927,57728,49
72928,32313,43
72932,59740,35
72933,59318,48
72934,59282,32
72936,71829,31
72937,61590,28
72938,45114,45
72940,58056,41
72941,73558,35
72943,62022,40
72944,46419,42
72945,36868,55
72946,75494,42
72947,58640,38
72948,75795,24
72949,56837,40
72950,42628,33
72951,39038,47
72952,49254,46
72956,62988,35
72958,42221,46
72959,51923,50
73002,69808,51
73003,78149,31
73004,83036,45
73005,46176,57
73006,51563,52
73007,120556,23
73008,57459,59
73009,59625,52
73010,90110,24
73011,59531,46
73012,126659,19
73013,113870,26
73014,81875,46
73015,46806,56
73016,103872,25
73017,46683,49
73018,56484,54
73020,104601,33
73021,50179,53
73024,58102,62
73025,176149,22
73026,94014,35
73027,83238,51
73028,56372,50
73029,64423,55
73030,59612,46
73032,53125,45
73033,60938,61
73034,109700,30
73036,59915,54
73038,57500,52
73040,61328,57
73041,55625,75
73042,55556,52
73043,81250,58
73044,72288,41
73045,81274,36
73047,63784,50
73048,58000,50
73049,94891,35
73050,32500,55
73051,65872,36
73052,62222,50
73053,76591,48
73054,60313,27
73055,65991,47
73056,61568,51
73057,61044,51
73059,73125,49
73061,91250,45
73062,53281,63
73063,78438,33
73064,94402,31
73065,87358,24
73066,117757,61
73067,63603,44
73068,73821,36
73069,58888,52
73071,64007,35
73072,78546,34
73073,76338,34
73074,78088,52
73075,54540,55
73077,62763,56
73078,105441,21
73079,95972,46
73080,72500,40
73082,59211,51
73084,54375,52
73086,70471,46
73089,103048,29
73090,96875,35
73092,51750,54
73093,96719,23
73095,77232,46
73096,59138,41
73098,55536,52
73099,88030,24
73102,59338,48
73103,54561,88
73104,66042,14
73105,50102,58
73106,60205,84
73107,56873,77
73108,37168,69
73109,43133,69
73110,51228,58
73111,40340,69
73112,58419,62
73114,54936,49
73115,46810,62
73116,81226,61
73117,23413,57
73118,69827,79
73119,45421,67
73120,64745,48
73121,80030,62
73122,51227,61
73127,44925,53
73128,74241,23
73129,46670,62
73130,71189,43
73131,137849,39
73132,60419,46
73134,66307,21
73135,63478,36
73139,49655,50
73141,58670,44
73142,81818,23
73145,64856,25
73149,53317,50
73150,92318,38
73151,147250,21
73159,54642,52
73160,79491,39
73162,88031,39
73165,125434,24
73169,81314,20
73170,94688,26
73173,143864,13
73179,112656,13
73401,61989,48
73425,35637,37
73430,79091,40
73432,61250,30
73433,58194,49
73434,63214,47
73435,63194,55
73436,62083,53
73437,35227,49
73438,50286,64
73439,55865,37
73440,64038,44
73441,34464,53
73442,52292,48
73443,58906,39
73446,58462,48
73447,49904,38
73448,61071,47
73449,52338,34
73450,57791,30
73453,92917,38
73455,62188,43
73456,50813,53
73458,86250,40
73459,68500,23
73460,46875,48
73461,49464,46
73463,55833,45
73481,63250,52
73487,31250,50
73491,83750,52
73501,49741,52
73503,60859,31
73505,58272,49
73507,62132,57
73520,40000,49
73521,60887,53
73526,65536,46
73527,74526,35
73528,59583,56
73529,70143,48
73530,43036,72
73531,69375,50
73532,68250,57
73533,59906,52
73537,59688,60
73538,91324,17
73539,104375,41
73540,86458,52
73541,61420,46
73542,49734,62
73543,86667,36
73544,36250,45
73546,33846,55
73547,64444,56
73549,190871,39
73550,43804,63
73552,85500,50
73553,48750,53
73554,56400,64
73555,66250,73
73556,64375,56
73557,118056,25
73559,28438,50
73560,63226,54
73562,66500,52
73564,69286,74
73565,53459,58
73566,42135,58
73567,66250,53
73568,29737,65
73569,36667,67
73570,66528,68
73571,37000,66
73572,57065,54
73573,49318,56
73601,59630,54
73620,53194,55
73622,53750,81
73624,45491,69
73625,72083,50
73626,68462,49
73627,100263,50
73628,63177,56
73632,72571,61
73638,83750,40
73639,73269,51
73641,44712,67
73644,53180,47
73645,35625,58
73646,73250,39
73647,82961,53
73650,71250,48
73651,41273,70
73654,79063,56
73655,54792,56
73658,50625,48
73659,52083,58
73660,61667,52
73661,65357,69
73662,54775,49
73663,61103,52
73664,105833,59
73666,56875,57
73667,67500,52
73669,69821,60
73673,57813,77
73701,50843,68
73703,73333,49
73716,78309,68
73717,51165,66
73718,62917,51
73720,97188,26
73722,71250,51
73724,70833,52
73726,59063,75
73728,67417,74
73729,66667,48
73730,56875,79
73731,61458,71
73733,100813,50
73734,54643,46
73735,112000,44
73737,63136,53
73738,79643,64
73739,91875,68
73741,62083,61
73742,70538,51
73743,45313,88
73744,63500,59
73747,61250,54
73749,55791,63
73750,69931,49
73753,102000,47
73754,95625,49
73755,78750,48
73756,62596,52
73758,90357,88
73759,51705,60
73760,111875,49
73761,75000,66
73762,93194,40
73763,61868,56
73766,58233,54
73768,86359,44
73771,39750,62
73772,58591,57
73773,78250,56
73801,58877,48
73832,63750,63
73834,72500,61
73835,37188,58
73838,95588,41
73840,71932,53
73841,76731,50
73843,44563,60
73848,57619,65
73851,60662,40
73852,66229,49
73853,91750,54
73855,63333,60
73857,65368,44
73858,56313,55
73859,70000,42
73860,62500,68
73931,50000,77
73932,58155,58
73933,49904,64
73937,65750,54
73938,73750,60
73939,72813,53
73942,61522,50
73944,87572,49
73945,48839,54
73947,136389,63
73949,62477,55
73950,58646,47
74001,68750,48
74002,66027,44
74003,47168,69
74006,71796,50
74008,104000,23
74010,56037,40
74011,99157,37
74012,81456,34
74014,95501,24
74015,74444,33
74016,60671,45
74017,65368,43
74019,84342,29
74020,63577,49
74021,92091,25
74022,46538,54
74023,49097,60
74026,56250,49
74027,48375,45
74028,46500,39
74029,57821,62
74030,45357,53
74032,65357,40
74033,80542,31
74034,40625,47
74035,47833,62
74036,79824,37
74037,103942,21
74038,61500,42
74039,64286,36
74041,83365,22
74042,48750,45
74044,67841,38
74047,72292,29
74048,52888,53
74050,53750,55
74051,67841,41
74052,31786,40
74053,90494,25
74054,43750,45
74055,87506,25
74056,47311,60
74058,48520,53
74059,51679,37
74060,56250,29
74061,58929,34
74062,51250,43
74063,73842,44
74066,64698,46
74068,27750,36
74070,67926,35
74071,19415,58
74072,67708,41
74073,87045,34
74074,52998,38
74075,46053,40
74079,66336,47
74080,91042,31
74081,52941,32
74082,50833,49
74083,66442,45
74084,51563,49
74085,43600,49
74103,76836,88
74104,54691,83
74105,69547,62
74106,40776,67
74107,53505,56
74108,59335,53
74110,42054,71
74112,58951,71
74114,98222,72
74115,44608,70
74116,55156,54
74119,56234,61
74120,68255,83
74126,42172,66
74127,46373,68
74128,52195,57
74129,49677,54
74130,46691,58
74131,76382,38
74132,79543,27
74133,74005,37
74134,73119,32
74135,62694,61
74136,51820,46
74137,102798,36
74145,58706,56
74146,46865,50
74301,52211,53
74330,67781,38
74331,61272,38
74332,60781,44
74333,54667,41
74337,66934,43
74338,57768,40
74339,34970,64
74340,46875,55
74342,57321,47
74343,47829,43
74344,58125,36
74346,49556,42
74347,47526,37
74349,53370,37
74350,59844,40
74352,57383,48
74354,50818,55
74358,50000,70
74359,45625,50
74361,58681,47
74363,55524,44
74364,63542,35
74365,51067,42
74366,34615,44
74367,49107,42
74368,91875,28
74369,54250,50
74370,52535,37
74401,42294,54
74403,56689,50
74421,69500,38
74422,46563,47
74423,47596,33
74425,63405,30
74426,48592,44
74427,50089,38
74428,57636,46
74429,76929,27
74430,56042,41
74431,64821,50
74432,47519,42
74434,73363,37
74435,53580,38
74436,62723,37
74437,46984,51
74438,42656,40
74441,52758,40
74442,78083,48
74445,67875,42
74446,39485,35
74447,48432,58
74450,50446,31
74451,59873,33
74452,57250,28
74454,61955,38
74455,51786,36
74456,95000,48
74457,36667,35
74459,60000,41
74460,92554,50
74462,49293,40
74463,32000,49
74464,51262,38
74467,60036,48
74468,66875,39
74469,54899,42
74470,51250,37
74471,45948,37
74472,45208,31
74501,57922,49
74521,35000,54
74522,68519,47
74523,47702,47
74525,52685,44
74528,69167,51
74530,56250,43
74531,55000,49
74533,61500,35
74534,38750,32
74535,31397,46
74536,39750,42
74538,51366,50
74540,42917,41
74543,82222,42
74546,47857,64
74547,45521,51
74549,73438,44
74552,50759,43
74553,59063,47
74554,40938,54
74555,52250,41
74556,57500,54
74557,39063,38
74558,45455,41
74560,45000,41
74561,48224,46
74562,52500,47
74563,44063,40
74565,56250,51
74567,41250,48
74569,61818,43
74570,57131,48
74571,41105,43
74572,44712,50
74574,39896,35
74576,83466,40
74577,58028,34
74578,41024,45
74601,52067,67
74604,80331,49
74630,41641,70
74631,53964,71
74632,88750,69
74633,57955,38
74637,52829,70
74640,88333,54
74641,62083,35
74643,68929,53
74644,42500,50
74646,90473,54
74647,63145,56
74650,47679,59
74651,76458,40
74652,71307,56
74653,59079,70
74701,58036,39
74720,50833,42
74722,57083,36
74723,42083,39
74724,44583,45
74726,53274,38
74727,43047,43
74728,59415,39
74729,56696,39
74730,68177,23
74731,54286,41
74733,65875,38
74734,49722,34
74735,57986,42
74736,59167,46
74737,61000,50
74738,22857,40
74740,41141,40
74741,67500,35
74743,41722,46
74745,47134,48
74748,47125,37
74750,38333,45
74754,48375,40
74756,53077,42
74759,54219,40
74760,50250,31
74764,58350,42
74766,48750,48
74801,55077,55
74804,67631,42
74820,62357,49
74824,64063,37
74825,57321,48
74826,78750,33
74827,62083,57
74829,29583,41
74830,53750,43
74831,58750,43
74832,51250,47
74833,62321,44
74834,61291,40
74836,90889,32
74837,58618,60
74839,33333,45
74840,54191,33
74842,97900,51
74843,73750,41
74844,54250,51
74845,46917,36
74848,52614,63
74849,41053,49
74850,55750,38
74851,74438,35
74852,59821,43
74854,61875,42
74855,60256,45
74856,59896,47
74857,92479,30
74859,42701,49
74860,60398,39
74864,65304,43
74865,65000,44
74866,47500,54
74867,50625,45
74868,48043,48
74869,54653,34
74871,70838,45
74872,56321,50
74873,55803,46
74875,64886,41
74878,78085,40
74880,50809,48
74881,60923,34
74883,41696,54
74884,46658,56
74901,43929,54
74902,50545,43
74930,55526,40
74931,56667,42
74932,50750,34
74935,38750,49
74936,56336,39
74937,41367,47
74939,47778,38
74940,50677,37
74941,52969,44
74942,38438,51
74943,114375,71
74944,36944,49
74945,43750,48
74947,38750,53
74948,48069,39
74949,46250,35
74951,49375,45
74953,56341,42
74954,58397,38
74955,50260,44
74956,57070,37
74957,43125,37
74959,56089,38
74960,47151,44
74962,54080,40
74963,65833,42
74964,47250,37
74965,51393,47
74966,56331,35
75001,73514,28
75002,137037,26
75006,84815,44
75007,111521,39
75009,168250,14
75010,107317,21
75013,146891,18
75019,141923,31
75020,71605,55
75021,83067,47
75022,177357,26
75023,109660,41
75024,117088,24
75025,143260,30
75028,149436,30
75032,135742,22
75033,174762,18
75034,111122,16
75035,166590,18
75036,151645,14
75038,68990,39
75039,104853,16
75040,74519,46
75041,70308,61
75042,64266,58
75043,76778,46
75044,92178,40
75048,131087,20
75050,73274,45
75051,58245,45
75052,89301,29
75054,163229,15
75056,119682,20
75057,82803,31
75058,125694,19
75060,71575,52
75061,63798,48
75062,72704,52
75063,117133,31
75065,102597,23
75067,78752,32
75068,126635,16
75069,85327,26
75070,112352,16
75071,132447,15
75072,165682,22
75074,88697,32
75075,98365,44
75076,76919,38
75077,127211,32
75078,196564,11
75080,92903,53
75081,93165,47
75082,110534,24
75087,129484,21
75088,105313,32
75089,118318,25
75090,55543,52
75092,68036,36
75093,124563,32
75094,171476,21
75098,122089,20
75101,61000,36
75102,88929,35
75103,71013,36
75104,102875,30
75109,88074,26
75110,57370,50
75114,88013,15
75115,82782,33
75116,67390,52
75117,90954,37
75119,77053,33
75124,79083,27
75125,79545,33
75126,103673,14
75127,60366,51
75134,69778,31
75135,111235,23
75137,82253,45
75140,55338,40
75141,48159,28
75142,80028,38
75143,67897,39
75144,62949,39
75146,68071,36
75147,56940,30
75148,68569,40
75149,70774,46
75150,65440,44
75152,94935,35
75153,93708,34
75154,100388,25
75155,67336,28
75156,60867,37
75157,100250,40
75158,100263,25
75159,72897,35
75160,71801,35
75161,85981,31
75163,60462,41
75164,65825,21
75165,86391,24
75166,132101,18
75167,117714,20
75169,74350,34
75172,59457,16
75173,101988,16
75180,67019,37
75181,111052,28
75182,170348,20
75189,117125,14
75201,103761,22
75202,133155,48
75203,46989,59
75204,92253,22
75205,181631,34
75206,91023,35
75207,84212,15
75208,81950,66
75209,134707,49
75210,33712,53
75211,56807,63
75212,59750,26
75214,132313,59
75215,45557,61
75216,41386,65
75217,55723,58
75218,107366,66
75219,102364,24
75220,69843,48
75223,73318,71
75224,51919,68
75225,200234,37
75226,70546,32
75227,64008,50
75228,62667,57
75229,121469,59
75230,110956,47
75231,58540,44
75232,61847,59
75233,49870,57
75234,86733,48
75235,63393,24
75236,49715,30
75237,44318,41
75238,82019,52
75240,58320,39
75241,53998,52
75243,53618,44
75244,120286,45
75246,53555,71
75247,20200,51
75248,100414,46
75249,85500,38
75251,90396,25
75252,85000,37
75253,60874,27
75254,67216,42
75287,63741,35
75401,59908,50
75402,77877,36
75407,100037,14
75409,104814,15
75410,73934,30
75412,64605,44
75413,48750,48
75414,86993,37
75415,93050,32
75416,75735,36
75417,56842,45
75418,68918,46
75420,72521,39
75421,75197,49
75422,75690,35
75423,59375,34
75424,89157,34
75426,35938,49
75428,51424,47
75431,43242,41
75432,65030,50
75433,86042,35
75435,50000,49
75436,90043,38
75437,87574,34
75438,101125,31
75439,64500,48
75440,65232,28
75442,95250,23
75446,52460,38
75447,110391,21
75448,85827,43
75449,56250,58
75451,58667,37
75452,69479,35
75453,111406,23
75454,138827,11
75455,56163,42
75457,83916,38
75459,71228,39
75460,46473,46
75462,81563,31
75468,105875,30
75469,83375,40
75470,105625,26
75471,77934,47
75472,61694,40
75473,103793,26
75474,64103,33
75476,57697,24
75477,90469,23
75478,57917,42
75479,74803,45
75480,73920,36
75481,73250,39
75482,69970,43
75486,92460,37
75487,31912,36
75488,54700,27
75489,88676,47
75490,92500,30
75491,79386,36
75492,125917,22
75493,50893,35
75494,59539,41
75495,111563,21
75496,64808,49
75497,56205,31
75501,45995,44
75503,72159,41
75550,61875,40
75551,64248,47
75554,46750,39
75555,58750,40
75556,93750,29
75558,93125,34
75559,58313,44
75560,83667,36
75561,60047,42
75563,52565,52
75565,19539,36
75566,39219,37
75567,69350,37
75568,48417,50
75569,55884,25
75570,67622,40
75571,56151,52
75572,45625,38
75573,90349,31
75574,75824,36
75601,65700,53
75602,52330,55
75603,65212,38
75604,67942,46
75605,73190,38
75630,49677,45
75631,83750,38
75633,66102,45
75638,66579,50
75639,49344,35
75640,80967,25
75643,59342,37
75644,57633,44
75645,57438,31
75647,65809,43
75650,97596,32
75651,43514,33
75652,69250,48
75654,69848,49
75656,41727,46
75657,49466,41
75661,41929,44
75662,70096,43
75667,61065,40
75668,41495,54
75669,88190,50
75670,42386,57
75672,70610,45
75681,48079,45
75682,71477,56
75683,65240,44
75684,57273,47
75686,59991,41
75689,51167,25
75691,89353,28
75692,63904,40
75693,102146,46
75701,66401,62
75702,51564,67
75703,79194,35
75704,55855,44
75705,81346,45
75706,61687,40
75707,84954,31
75708,85441,36
75709,75625,29
75750,50948,35
75751,70620,43
75752,70223,29
75754,69815,25
75755,73402,38
75756,81619,34
75757,91165,24
75758,57859,34
75759,250001,15
75760,63182,38
75762,90057,26
75763,69756,38
75764,77614,61
75765,60317,32
75766,51394,42
75770,83542,33
75771,93462,32
75773,58138,36
75778,57589,35
75782,60000,57
75783,59407,38
75784,64545,36
75785,65000,39
75789,83131,35
75790,65039,42
75791,92107,32
75792,54293,36
75801,56787,46
75803,61794,42
75831,51935,36
75833,69338,38
75835,53611,46
75838,27813,48
75839,67404,36
75840,58224,42
75844,60376,45
75845,48333,41
75846,64250,34
75847,42188,40
75848,83750,31
75849,48750,62
75850,130742,33
75851,85982,34
75852,72847,35
75853,71500,33
75855,45962,34
75859,75139,25
75860,59950,44
75861,54224,35
75862,52017,38
75901,62966,40
75903,30000,22
75904,60205,40
75925,60811,44
75926,65833,36
75928,31037,32
75929,69554,39
75930,74240,36
75931,79514,35
75932,61161,39
75933,25996,42
75935,49239,43
75936,70938,48
75937,80441,42
75938,55379,35
75939,46014,42
75941,59593,44
75943,61302,34
75944,39338,38
75946,58177,42
75948,62028,35
75949,63047,41
75951,53147,43
75954,56600,38
75956,62196,37
75959,68236,18
75960,64300,42
75961,41495,42
75964,56762,41
75965,55291,42
75966,40087,42
75968,53355,50
75969,84063,30
75972,44196,38
75973,67023,36
75974,47292,45
75975,44297,43
75976,62857,51
75977,25625,30
75979,51594,44
75980,45439,43
76001,105311,29
76002,100667,22
76005,168806,8
76006,59139,39
76008,168314,18
76009,79755,28
76010,45466,51
76011,54038,40
76012,88141,50
76013,70471,51
76014,60333,41
76015,73709,45
76016,108885,44
76017,90083,39
76018,88288,37
76020,87298,35
76021,87097,41
76022,72560,52
76023,77277,30
76028,101138,24
76031,69155,40
76033,76292,39
76034,217914,32
76035,118333,22
76036,97973,20
76039,83140,38
76040,72661,41
76041,131250,34
76043,78306,30
76044,122715,15
76048,70346,31
76049,104967,26
76050,85194,33
76051,111160,34
76052,143555,14
76053,64141,53
76054,109881,43
76055,80025,35
76058,71328,28
76059,51401,42
76060,119156,30
76063,118946,22
76064,73125,39
76065,127756,20
76066,112733,21
76067,62190,54
76070,140420,20
76071,101989,23
76073,101563,26
76077,118705,46
76078,99866,23
76082,92485,25
76084,102115,17
76085,104531,24
76086,60578,42
76087,114306,21
76088,104038,25
76092,250001,29
76093,57200,27
76102,75859,20
76103,60172,70
76104,61658,37
76105,45770,67
76106,55431,53
76107,79990,47
76108,80412,34
76109,100507,49
76110,69790,77
76111,60194,70
76112,57724,51
76114,62073,59
76115,52411,61
76116,56187,49
76117,51670,58
76118,94530,40
76119,51267,52
76120,80922,26
76123,102768,20
76126,113905,30
76131,108694,17
76132,63924,36
76133,75523,49
76134,70945,44
76135,74621,35
76137,90718,29
76140,75955,39
76148,89840,44
76155,73229,25
76164,52882,84
76177,104189,13
76179,107428,20
76180,81503,42
76182,120558,37
76201,39982,44
76205,68600,41
76207,85330,17
76208,88967,21
76209,75069,45
76210,113980,24
76225,84336,29
76226,180982,14
76227,111402,12
76228,69250,46
76230,66641,49
76233,67516,34
76234,93727,31
76238,96667,35
76239,76250,33
76240,71502,47
76244,122217,20
76245,92212,29
76247,124383,14
76248,171804,27
76249,120169,23
76250,90625,34
76251,62375,43
76252,94444,46
76253,69952,43
76255,55841,49
76258,103532,24
76259,101845,22
76261,61250,56
76262,151250,20
76263,178182,69
76264,77955,23
76265,76036,48
76266,99425,25
76270,73553,22
76271,78125,23
76272,81174,30
76273,82021,37
76301,41947,70
76302,59590,50
76305,78071,44
76306,46957,56
76308,74772,50
76309,54159,67
76310,82183,38
76311,77404,50
76351,46484,63
76354,68721,52
76357,74318,51
76360,69143,71
76363,52778,62
76364,117928,61
76365,78484,49
76366,56034,45
76367,76310,46
76370,86750,73
76371,61335,59
76372,69167,54
76373,60417,57
76374,43939,57
76377,65667,65
76379,70313,51
76380,45880,60
76384,53564,62
76388,64236,62
76389,98750,37
76401,61210,34
76424,56082,52
76426,92130,41
76427,75191,42
76430,77102,56
76431,86875,40
76432,69688,47
76433,117702,21
76435,76667,39
76436,51397,88
76437,60923,67
76442,59853,47
76443,49915,49
76444,68147,58
76445,72857,53
76446,57583,41
76448,57122,52
76449,72813,39
76450,75258,46
76452,141528,24
76453,99293,30
76454,36354,69
76455,56346,56
76457,72238,45
76458,64297,53
76459,33438,44
76460,76964,40
76462,99160,27
76463,58750,43
76464,64038,66
76470,39434,58
76471,54773,70
76472,103482,23
76475,58333,39
76476,81364,28
76481,82244,35
76483,53214,67
76484,95476,44
76486,69808,49
76487,77361,25
76491,77917,64
76501,62532,55
76502,82088,22
76504,52803,44
76511,69286,56
76513,80661,27
76518,59333,37
76519,90682,52
76520,64800,49
76522,72206,36
76523,80066,15
76524,69286,39
76525,80208,41
76527,81574,27
76528,70558,43
76530,106250,40
76531,49100,66
76534,80536,35
76537,98199,11
76538,63750,46
76539,100625,27
76541,37349,55
76542,74055,23
76543,48564,39
76544,62846,48
76548,80520,25
76549,70871,22
76550,78578,41
76554,75500,42
76556,52328,38
76557,86056,41
76559,76286,20
76561,60357,29
76566,115417,46
76567,69983,42
76569,65491,43
76570,40000,56
76571,111863,21
76574,78568,45
76577,64107,36
76578,105063,36
76579,85480,39
76621,81932,49
76622,74167,31
76624,79625,39
76626,102500,52
76627,70375,29
76628,97083,19
76629,72262,37
76630,83950,35
76631,97083,52
76632,76193,51
76633,106755,28
76634,74694,53
76635,62031,41
76636,69018,40
76637,79375,54
76638,129917,31
76639,48514,43
76640,66641,40
76641,81094,39
76642,62243,42
76643,83511,32
76645,63737,50
76648,54669,42
76649,81771,42
76650,61458,62
76651,67500,39
76652,73545,35
76653,48500,51
76654,69583,54
76655,99917,30
76656,70703,38
76657,97634,31
76660,49375,69
76661,41056,55
76664,74618,47
76665,62857,53
76667,52541,45
76670,60104,42
76671,53715,40
76673,63750,38
76676,70625,53
76678,61944,51
76679,75878,26
76681,72530,51
76682,84148,46
76686,75469,64
76687,73323,32
76689,77863,36
76690,42448,31
76691,85694,40
76692,55149,39
76693,55645,45
76701,30313,49
76704,30349,54
76705,58236,42
76706,41656,37
76707,40443,70
76708,68856,52
76710,58186,57
76711,53185,63
76712,97903,35
76801,54231,51
76802,70714,44
76821,63380,69
76823,55156,49
76825,53665,56
76828,49141,25
76832,45536,42
76834,46120,63
76837,66528,58
76841,108563,41
76844,68032,51
76845,76042,41
76849,62977,47
76852,70865,45
76853,71500,48
76854,120531,41
76856,74677,47
76857,51152,37
76858,71875,70
76859,47443,52
76861,85714,56
76862,80208,29
76864,55598,45
76865,57155,47
76866,56429,46
76870,66875,51
76871,52500,49
76872,58750,43
76873,145469,74
76875,61875,81
76877,53500,46
76878,46111,50
76882,61750,50
76884,91827,85
76887,155192,33
76888,60893,43
76890,62411,39
76901,69450,51
76903,49498,58
76904,81833,41
76905,84712,40
76930,58472,61
76932,57813,44
76933,55104,54
76934,52125,40
76935,76250,29
76936,86411,50
76937,110871,13
76941,78359,45
76943,81664,48
76945,36731,52
76950,78844,54
76951,64954,43
76953,102656,53
77002,86394,16
77003,83980,19
77004,71199,45
77005,229267,32
77006,106533,28
77007,144911,17
77008,143229,24
77009,83148,71
77010,189315,20
77011,50133,77
77012,45025,65
77013,47060,51
77014,55589,29
77015,57753,47
77016,47677,61
77017,51079,62
77018,127017,59
77019,116423,23
77020,50119,67
77021,45574,59
77022,52739,59
77023,51430,70
77024,136149,45
77025,81008,36
77026,39211,69
77027,103812,22
77028,38357,64
77029,48279,69
77030,77336,31
77031,47162,49
77032,43725,38
77033,38071,67
77034,58217,50
77035,58686,52
77036,45716,49
77037,58750,56
77038,57232,38
77039,47119,52
77040,65028,39
77041,77083,30
77042,59097,41
77043,79359,48
77044,95000,17
77045,59688,47
77046,131932,36
77047,78538,21
77048,56747,37
77049,62971,24
77050,37009,54
77051,37415,26
77053,66510,47
77054,62106,35
77055,74369,49
77056,93499,27
77057,66971,47
77058,68722,42
77059,161944,33
77060,40435,44
77061,45115,56
77062,103889,46
77063,59113,46
77064,81658,34
77065,74605,33
77066,87138,40
77067,52032,40
77068,86028,39
77069,80257,39
77070,77397,29
77071,54139,48
77072,51070,47
77073,78592,23
77074,47810,53
77075,69191,33
77076,42522,61
77077,72871,36
77078,39093,55
77079,101995,46
77080,62134,51
77081,43251,48
77082,62455,33
77083,64418,38
77084,80575,30
77085,68470,27
77086,58200,43
77087,52847,62
77088,54411,48
77089,88140,39
77090,50903,41
77091,35432,39
77092,58728,50
77093,46766,59
77094,139932,29
77095,91594,29
77096,82852,56
77098,116650,29
77099,49396,43
77301,66475,29
77302,84673,25
77303,75348,23
77304,80425,16
77306,76257,27
77316,124055,14
77318,92415,25
77320,55663,39
77327,62219,30
77328,62428,25
77331,62321,33
77335,53300,47
77336,96404,30
77338,64755,24
77339,84102,38
77340,48538,36
77345,150742,33
77346,122241,21
77351,66834,35
77354,112504,19
77355,102066,22
77356,106804,25
77357,76050,22
77358,60424,39
77359,55625,51
77360,60402,36
77362,86852,16
77363,75278,19
77364,62750,41
77365,95702,19
77369,45909,48
77371,83594,37
77372,79085,30
77373,88617,31
77375,102488,17
77377,129327,22
77378,71143,24
77379,107486,29
77380,88562,27
77381,143565,35
77382,162384,24
77384,91667,14
77385,117118,19
77386,132469,19
77388,102323,25
77389,140683,15
77396,78169,22
77401,243750,30
77406,141869,17
77407,98913,13
77414,59128,46
77415,71310,69
77417,75405,43
77418,90611,36
77419,51641,77
77420,67697,53
77422,76829,39
77423,84490,22
77426,80446,28
77429,119191,23
77430,85364,27
77431,16391,61
77433,143934,15
77434,71705,57
77435,68778,26
77437,72200,47
77441,184390,11
77442,70859,53
77445,65909,34
77446,20766,39
77447,116925,14
77449,87808,22
77450,106402,32
77451,31125,52
77455,77625,32
77456,65284,38
77459,129151,22
77461,93446,35
77464,64375,49
77465,64666,50
77466,46750,27
77469,102125,15
77470,43149,46
77471,73186,31
77474,75272,33
77475,63308,32
77477,75744,33
77478,118495,38
77479,156735,28
77480,73022,47
77481,57857,17
77482,58103,42
77483,31761,52
77484,81250,27
77485,51742,42
77486,74857,44
77488,60327,47
77489,74689,40
77493,118464,12
77494,148720,15
77498,100950,29
77502,62500,61
77503,66797,53
77504,51478,45
77505,98125,33
77506,49586,60
77507,77371,12
77510,102651,36
77511,74939,39
77514,85139,45
77515,88787,45
77517,88567,29
77518,51458,36
77519,82412,43
77520,54278,63
77521,73629,29
77523,124188,18
77530,62195,40
77531,73240,42
77532,92201,32
77533,65557,50
77534,105741,46
77535,84497,25
77536,102045,43
77538,78482,35
77539,89111,25
77541,66507,52
77545,94474,20
77546,123756,34
77547,50991,70
77550,45047,69
77551,58344,53
77554,86490,31
77560,75938,22
77562,57364,42
77563,75806,45
77564,56275,39
77565,95268,29
77566,92586,43
77568,74694,39
77571,81850,43
77573,122722,24
77575,57056,45
77577,70938,31
77578,134016,16
77581,111139,30
77583,119287,13
77584,121872,22
77586,114057,40
77587,53497,57
77590,65801,48
77591,68593,33
77598,60977,40
77611,92004,45
77612,64415,32
77613,72667,41
77615,48393,51
77616,71833,35
77617,75703,17
77619,73710,59
77622,100556,27
77623,88375,53
77624,96058,34
77625,70517,28
77627,78001,51
77629,62692,58
77630,64373,49
77632,74418,39
77640,50973,52
77642,42950,50
77650,61745,18
77651,81637,54
77655,73750,19
77656,62303,43
77657,95718,25
77659,110590,43
77660,61500,38
77662,72243,41
77663,64366,45
77664,48904,31
77665,78590,32
77701,49181,57
77702,62125,63
77703,31803,50
77705,54633,41
77706,73185,46
77707,69756,47
77708,56586,48
77713,91330,26
77801,39846,35
77802,70666,41
77803,52274,43
77807,74375,19
77808,113343,23
77830,102557,21
77831,58229,34
77833,73388,39
77835,109917,31
77836,75625,34
77837,57917,47
77840,30377,36
77845,88851,21
77853,60069,32
77856,94785,32
77857,63000,34
77859,52639,49
77861,67275,20
77864,73247,45
77865,67114,30
77867,35781,48
77868,67890,35
77871,67877,28
77872,87188,36
77873,80938,37
77878,60417,46
77879,65490,37
77880,90856,27
77901,57923,54
77904,83130,36
77905,88585,37
77950,35417,56
77951,49531,31
77954,66195,44
77957,62926,49
77962,82940,56
77963,56804,40
77964,68056,45
77968,76083,28
77969,64792,16
77971,60337,32
77974,54250,28
77975,59786,53
77978,142500,56
77979,77039,50
77982,95593,34
77983,97850,33
77984,92656,49
77987,83750,58
77990,75417,52
77994,87589,72
77995,54298,47
78002,66744,35
78003,69457,26
78004,165353,33
78005,70559,25
78006,116156,23
78007,38636,25
78008,55440,88
78009,103125,28
78010,86830,31
78011,29664,44
78012,43571,49
78013,82492,34
78014,66250,43
78015,162487,15
78016,60736,38
78017,59808,37
78019,50992,44
78022,55895,42
78023,134007,21
78024,105381,28
78025,70964,39
78026,78501,33
78027,111119,17
78028,66991,40
78039,96250,30
78040,36092,55
78041,61544,37
78043,54396,32
78045,90608,22
78046,55826,25
78050,74205,51
78052,71429,29
78055,85345,34
78056,119946,20
78057,66134,37
78058,93581,21
78059,74940,25
78061,60247,45
78063,83914,28
78064,66887,38
78065,57200,33
78066,87604,33
78069,75625,27
78070,115175,19
78071,60500,43
78072,37198,58
78073,69635,25
78075,52000,36
78076,39239,34
78101,111280,29
78102,58939,49
78108,113004,18
78109,91320,18
78112,54988,29
78113,78505,30
78114,88087,27
78116,88700,29
78118,60711,47
78119,62738,39
78121,120048,23
78123,97553,33
78124,74192,30
78125,34583,38
78130,83064,21
78132,135315,15
78133,83853,30
78140,50250,43
78141,43553,45
78145,46563,53
78146,68250,61
78147,72404,41
78148,74783,43
78151,26597,35
78152,123981,12
78154,100572,23
78155,71039,34
78159,35083,50
78160,64800,30
78161,79904,25
78163,140594,20
78164,67578,55
78201,47121,74
78202,47478,69
78203,35536,73
78204,60255,69
78205,38964,88
78207,32472,68
78208,26595,62
78209,86514,58
78210,55028,79
78211,55436,60
78212,62801,77
78213,55884,57
78214,44902,71
78215,84437,12
78216,59110,47
78217,60988,46
78218,57285,46
78219,52094,46
78220,41710,59
78221,63811,52
78222,66362,34
78223,52088,49
78224,59891,32
78225,46955,76
78226,33398,64
78227,51519,52
78228,52976,59
78229,46574,42
78230,73529,41
78231,109183,39
78232,85273,41
78233,76421,40
78234,100662,55
78235,62863,13
78236,69219,23
78237,42772,60
78238,57769,46
78239,70098,46
78240,63351,36
78242,50644,47
78244,71128,25
78245,90029,18
78247,91013,34
78248,130552,33
78249,80565,25
78250,80659,38
78251,78958,24
78252,85518,9
78253,106373,13
78254,115526,18
78255,157428,18
78256,74977,14
78257,81301,13
78258,117835,21
78259,114156,21
78260,154590,18
78261,147727,15
78263,80156,31
78264,54409,31
78266,146792,23
78330,50536,68
78332,49887,48
78336,58420,30
78339,94444,38
78340,54000,38
78341,45259,49
78342,40739,49
78343,65467,48
78344,73250,56
78349,38235,50
78351,38925,61
78355,48828,56
78357,68000,43
78358,86250,31
78359,45458,49
78361,42211,49
78362,71058,35
78363,60574,51
78368,46486,47
78369,120417,47
78370,69570,47
78372,52237,34
78373,91106,36
78374,83504,39
78375,47941,49
78376,40714,42
78377,49974,58
78379,100944,28
78380,54769,46
78382,75135,29
78383,102135,31
78384,47603,51
78385,39342,70
78387,53048,51
78389,37195,41
78390,78367,54
78393,77014,48
78401,40841,58
78402,55565,43
78404,61280,72
78405,38294,55
78406,54740,27
78407,47688,68
78408,41045,66
78409,60089,42
78410,79308,40
78411,57742,65
78412,61215,53
78413,72815,40
78414,98771,20
78415,54990,57
78416,43198,63
78417,53750,40
78418,92445,36
78419,66182,34
78501,48071,40
78503,53322,26
78504,81905,26
78516,53229,28
78520,50116,35
78521,44509,37
78526,70565,23
78535,39000,50
78536,28393,43
78537,40668,29
78538,40399,26
78539,66967,25
78541,52863,23
78542,55243,22
78543,44527,32
78545,24550,38
78548,37308,38
78549,19222,32
78550,49007,41
78552,69811,29
78557,59441,22
78558,57969,41
78559,49383,35
78560,55721,30
78561,102528,19
78562,31522,35
78566,60187,25
78569,58950,42
78570,41965,32
78572,54298,29
78573,55000,23
78574,52393,25
78575,71765,39
78576,49137,23
78577,52770,25
78578,51880,35
78579,19172,25
78580,53841,44
78582,42626,31
78583,51453,30
78584,27056,32
78586,45575,33
78588,94821,28
78589,54285,27
78590,82292,56
78591,35750,47
78593,48649,35
78594,23307,35
78595,58846,27
78596,58411,35
78597,68421,42
78599,58349,25
78602,89968,23
78605,83542,24
78606,94817,27
78607,58594,51
78609,64418,41
78610,119698,14
78611,80938,36
78612,95496,25
78613,125487,22
78615,80938,25
78616,64715,28
78617,71640,21
78618,81528,61
78619,183393,16
78620,153477,19
78621,98534,26
78623,116923,13
78624,75237,35
78626,100431,16
78628,125635,15
78629,59521,46
78631,78560,24
78632,62500,38
78633,100936,19
78634,114426,17
78635,106458,78
78636,72663,33
78638,69250,29
78639,57742,31
78640,90075,16
78641,135024,15
78642,132958,12
78643,68365,39
78644,74709,33
78645,113008,22
78648,57621,51
78650,85170,35
78652,133368,22
78653,93900,12
78654,74130,31
78655,55952,35
78656,81346,21
78657,91452,31
78659,89808,19
78660,113205,17
78661,82896,35
78662,94005,33
78663,168125,25
78664,87417,29
78665,122680,16
78666,54737,27
78669,128000,23
78670,78625,55
78671,61200,54
78672,52813,58
78675,78472,35
78676,87344,25
78681,137819,27
78701,162168,18
78702,102171,22
78703,153036,53
78704,106897,37
78705,32380,35
78717,145325,18
78719,56202,29
78721,84573,41
78722,105046,68
78723,100329,43
78724,77926,19
78725,105795,16
78726,90885,24
78727,110379,32
78728,75243,30
78729,86438,32
78730,158673,28
78731,105494,46
78732,192500,21
78733,206368,32
78734,130784,27
78735,139191,22
78736,93805,30
78737,168920,18
78738,183048,15
78739,238559,23
78741,66741,30
78744,83002,21
78745,86109,42
78746,188414,38
78747,92748,18
78748,115213,22
78749,111079,33
78750,121563,40
78751,80915,46
78752,67682,43
78753,65170,33
78754,90121,17
78756,94701,56
78757,103860,59
78758,74381,39
78759,102400,41
78801,54161,43
78827,23167,39
78829,28517,45
78830,51354,41
78832,70000,43
78833,34036,45
78834,39477,41
78837,49737,41
78838,106250,34
78839,37365,50
78840,66084,43
78850,69531,38
78852,49954,29
78861,64917,36
78870,54167,35
78872,39659,33
78877,43998,31
78879,101484,22
78880,39211,50
78881,35104,44
78883,40491,37
78884,84271,35
78885,68125,34
78886,123532,26
78932,62917,28
78933,68444,32
78934,58302,41
78938,61250,50
78940,89157,32
78941,76477,38
78942,73429,38
78943,98531,38
78944,126806,43
78945,75446,46
78946,65221,37
78947,84649,27
78948,58889,29
78949,64167,41
78950,91354,25
78953,83438,35
78954,103750,37
78956,67903,43
78957,69149,39
78959,60472,34
78962,71278,48
78963,97917,28
79001,83125,53
79003,73125,69
79005,70223,49
79007,63929,59
79009,65333,52
79011,54375,48
79013,45106,25
79014,62273,51
79015,83445,35
79018,76667,53
79019,74750,60
79021,51094,55
79022,72286,48
79024,71250,54
79027,50865,61
79029,64652,52
79031,43750,63
79032,76250,53
79034,89250,63
79035,72202,53
79036,90170,49
79039,70357,61
79040,84583,54
79041,61832,59
79042,70590,66
79043,57956,63
79044,66071,51
79045,60543,55
79046,57386,52
79052,34922,62
79053,116750,58
79054,62500,64
79057,70865,73
79059,66875,62
79061,99861,70
79062,63317,66
79063,110938,44
79064,59698,63
79065,58912,64
79068,86264,67
79070,70915,50
79072,47255,56
79079,51250,59
79080,55313,70
79081,68542,55
79082,67440,68
79083,48611,61
79084,54808,62
79086,70648,55
79087,69135,47
79088,35804,65
79092,83068,58
79095,58889,65
79096,67165,52
79097,88182,70
79098,70250,58
79101,47759,79
79102,51125,72
79103,57981,60
79104,39920,67
79106,59493,63
79107,40671,67
79108,66676,48
79109,70435,53
79110,66683,54
79111,71103,69
79118,87810,21
79119,114432,15
79121,74659,43
79124,112541,24
79201,58438,62
79220,49792,53
79225,83333,77
79226,58031,53
79227,62188,67
79229,47583,52
79234,83409,72
79235,52935,62
79236,45789,55
79237,59688,62
79239,36250,75
79241,61803,67
79243,61250,66
79244,71875,65
79245,48403,64
79248,49028,67
79250,54917,63
79252,62228,63
79255,54375,61
79256,39231,69
79257,43362,63
79261,49450,69
79311,81985,59
79312,64722,62
79313,62788,62
79314,27375,67
79316,43063,61
79322,48750,61
79323,87321,48
79325,71771,52
79329,67059,52
79330,60179,24
79331,54000,63
79336,61598,49
79339,60375,59
79342,73750,45
79343,58906,62
79345,73438,62
79346,40833,57
79347,66792,58
79351,66853,70
79353,86188,54
79355,76967,45
79356,46351,57
79357,57993,65
79358,90333,42
79359,53048,57
79360,79467,38
79363,96128,31
79364,56538,61
79366,113950,37
79367,46458,43
79370,48750,64
79371,64917,56
79372,58906,40
79373,74728,59
79377,44000,59
79378,122232,61
79379,67813,48
79380,87917,67
79381,97625,50
79382,84457,25
79401,26980,40
79403,47907,57
79404,51630,56
79407,61509,28
79410,44537,69
79411,47634,66
79412,48878,62
79413,69400,63
79414,49057,49
79415,36468,41
79416,63896,32
79423,84933,29
79424,97231,26
79501,55430,64
79502,52333,55
79503,98697,73
79504,64545,59
79505,52708,69
79506,63942,51
79508,105000,31
79510,78686,47
79511,117578,64
79512,60353,65
79517,74583,55
79518,34342,52
79519,163380,65
79520,65331,64
79521,64294,60
79525,89875,36
79526,83843,50
79527,63333,58
79528,73476,60
79529,50694,59
79530,71979,67
79532,49643,68
79533,59375,74
79534,70833,52
79535,68036,67
79536,71131,46
79537,97917,24
79539,46250,71
79541,71032,50
79543,64978,61
79544,41750,64
79545,58482,59
79546,58984,67
79547,41023,64
79549,59147,58
79553,47839,68
79556,49393,61
79560,85625,85
79561,93250,49
79562,109572,21
79563,49276,40
79566,77000,51
79567,50781,67
79601,53631,46
79602,89551,38
79603,53513,68
79605,62929,67
79606,79196,37
79607,62637,22
79701,57346,59
79703,77285,48
79705,105310,33
79706,108059,18
79707,99886,35
79713,64886,47
79714,72242,43
79718,58750,56
79720,68785,60
79731,63096,50
79733,92950,55
79734,65227,33
79735,78935,44
79738,76250,35
79739,79352,41
79741,112969,68
79742,68681,44
79743,71833,59
79744,42039,57
79745,80585,58
79749,34286,66
79752,39423,60
79754,51250,88
79756,67468,53
79758,102560,23
79761,68228,59
79762,75272,49
79763,56877,41
79764,65170,41
79765,104965,12
79766,74407,25
79772,63347,50
79778,70808,61
79782,102986,49
79783,128516,48
79785,43438,41
79788,57109,53
79789,106250,56
79821,59232,31
79830,66546,46
79834,49617,52
79835,45924,35
79836,59003,27
79838,43367,39
79839,47950,42
79842,45596,74
79843,45263,72
79845,42818,33
79847,50938,38
79848,51696,66
79849,44831,27
79851,55500,50
79852,34712,29
79853,42234,30
79854,33672,76
79855,58910,51
79901,14872,71
79902,50873,72
79903,37155,75
79904,41841,53
79905,25721,67
79906,56044,25
79907,41617,46
79908,59792,21
79911,122713,11
79912,72943,38
79915,35432,60
79922,106003,51
79924,56976,49
79925,57623,57
79927,53652,30
79928,76643,17
79930,42099,68
79932,78277,25
79934,77754,18
79935,61323,49
79936,67198,35
79938,77272,15
80002,93362,46
80003,91464,51
80004,103659,52
80005,136821,45
80007,176122,14
80010,63579,62
80011,74022,47
80012,73000,47
80013,101191,40
80014,73210,45
80015,124702,34
80016,150492,19
80017,80524,41
80018,136895,15
80019,129154,10
80020,117243,35
80021,110038,31
80022,104396,24
80023,158180,16
80025,134102,88
80026,120187,33
80027,154232,31
80030,61092,61
80031,107422,41
80033,89627,59
80045,49500,13
80101,70417,30
80102,113125,33
80103,102656,35
80104,134335,23
80105,79792,29
80106,136852,32
80107,135262,29
80108,181049,20
80109,155025,19
80110,85900,59
80111,135995,38
80112,108874,29
80113,96590,59
80116,146000,36
80117,115673,31
80118,158155,27
80120,94296,49
80121,142056,53
80122,128691,48
80123,105932,40
80124,129858,24
80125,179983,20
80126,169882,29
80127,137040,34
80128,121436,43
80129,141667,27
80130,158741,29
80131,107250,88
80132,161670,26
80133,120625,38
80134,146778,22
80135,136083,42
80136,111528,24
80137,134890,22
80138,145013,27
80202,114151,19
80203,77500,59
80204,84829,37
80205,104836,58
80206,101594,60
80207,115542,76
80209,125733,58
80210,127270,67
80211,121439,66
80212,124972,69
80214,75575,57
80215,85190,58
80216,82143,17
80218,81706,67
80219,68415,69
80220,106054,71
80221,86810,60
80222,86472,59
80223,79151,67
80224,86352,55
80226,82300,53
80227,90316,45
80228,113977,43
80229,84203,43
80230,99750,22
80231,76502,45
80232,96217,54
80233,88880,43
80234,92563,35
80235,70484,41
80236,86115,55
80237,85705,44
80238,180940,14
80239,98148,37
80241,110218,31
80246,67235,47
80247,64498,41
80249,100324,19
80260,61852,41
80290,103428,19
80301,95207,41
80302,61698,53
80303,78555,49
80304,126558,48
80305,126107,56
80401,118039,48
80403,151276,32
80420,86705,48
80421,98452,38
80422,95625,41
80424,120907,35
80425,82188,88
80426,95688,46
80427,62264,66
80428,120227,29
80430,64338,47
80432,44605,25
80433,134402,38
80435,97463,41
80436,59091,49
80438,67034,58
80439,156218,45
80440,116143,27
80442,108387,39
80443,108710,38
80444,79118,55
80446,74973,26
80447,96000,42
80449,59635,28
80451,111875,49
80452,75565,56
80454,178980,55
80455,169286,77
80457,235160,45
80459,87727,46
80461,95775,55
80463,192656,37
80465,132292,46
80466,100962,52
80467,102143,39
80469,87366,88
80470,135682,47
80473,30735,20
80476,51875,88
80478,105801,30
80480,49167,48
80481,116563,45
80482,65137,33
80483,85089,45
80487,109659,32
80498,105897,35
80501,80911,49
80503,113620,32
80504,113643,23
80510,101250,80
80512,97837,49
80513,126726,23
80514,104494,17
80515,66615,43
80516,168725,17
80517,95404,39
80520,63529,31
80521,58082,48
80524,85035,36
80525,91636,34
80526,88686,38
80528,130350,20
80530,124000,21
80532,53295,71
80534,129024,19
80535,110945,48
80536,117500,32
80537,86325,35
80538,86671,34
80540,139521,46
80542,133500,21
80543,104574,22
80545,93207,49
80546,113242,14
80547,180492,11
80549,107614,18
80550,126132,16
80601,105417,28
80602,151737,18
80603,118297,22
80610,92153,31
80611,78529,39
80615,107308,24
80620,73590,23
80621,90055,45
80622,138710,30
80624,80673,53
80631,54591,53
80634,82742,32
80640,117373,21
80642,105225,35
80643,97766,27
80644,97847,47
80645,87609,50
80648,94079,62
80650,57083,35
80651,81586,34
80652,72639,77
80653,51542,43
80654,91864,26
80701,70302,53
80705,56786,50
80720,65913,67
80721,104167,88
80722,116528,74
80723,75691,53
80726,48056,84
80727,58125,78
80728,67863,68
80729,48750,70
80731,74375,58
80732,17679,88
80733,86750,40
80734,57891,55
80735,94167,60
80736,79196,59
80737,52500,66
80740,38056,72
80741,85227,55
80742,82500,88
80743,67734,71
80744,50588,88
80745,21136,88
80746,99444,81
80747,78750,75
80749,85417,88
80751,48682,61
80754,82500,88
80755,98883,26
80757,53438,49
80758,58929,54
80759,52255,61
80801,22813,55
80802,48571,67
80804,43281,88
80805,60500,52
80807,76583,54
80808,85500,34
80809,93750,65
80810,72543,60
80812,69844,78
80813,48530,36
80814,80500,33
80815,51780,70
80816,75472,35
80817,86543,26
80818,56518,56
80819,111250,73
80820,49375,31
80821,66071,84
80822,63750,54
80823,42917,68
80824,145327,88
80825,68750,51
80827,88125,49
80828,67708,45
80829,91275,67
80830,76250,50
80831,132467,20
80832,90556,32
80833,42139,20
80834,52750,53
80835,49344,48
80836,65208,58
80840,69474,59
80860,84107,88
80861,84375,74
80863,104779,39
80864,66541,31
80902,67374,25
80903,61768,86
80904,69814,54
80905,63281,62
80906,89984,42
80907,74402,54
80908,133965,16
80909,64035,62
80910,61969,50
80911,87093,48
80915,72352,45
80916,67127,39
80917,72991,47
80918,87685,44
80919,119518,37
80920,113036,33
80921,141659,21
80922,108019,24
80923,101565,20
80924,139447,11
80925,106953,14
80926,131111,34
80927,163803,666668692
80928,122679,30
80929,135257,45
80930,90467,21
80938,108143,8
80951,108010,20
81001,48417,57
81003,43705,73
81004,51789,79
81005,70574,52
81006,69050,59
81007,96713,26
81008,69925,27
81019,38056,32
81020,30685,49
81022,60481,48
81023,55641,51
81024,31292,49
81025,72778,70
81027,46458,53
81029,46250,68
81030,40625,86
81033,41250,88
81036,59868,62
81039,47143,69
81040,30978,84
81041,48500,41
81043,12955,74
81044,58500,26
81047,43050,65
81049,44904,55
81050,57180,65
81052,58875,54
81054,48398,70
81055,55080,46
81057,54167,52
81058,48636,70
81059,93068,47
81062,56250,68
81063,49375,59
81067,50028,71
81069,97513,56
81071,53558,55
81073,47167,56
81076,48563,55
81077,48897,64
81081,39255,42
81082,58589,64
81089,52280,52
81090,46389,49
81091,50179,34
81092,66719,57
81101,54844,44
81120,47546,47
81121,42813,31
81122,93714,29
81123,36487,39
81124,88793,38
81125,56250,51
81126,52870,47
81128,250001,26
81130,54730,42
81131,45156,31
81132,55000,52
81133,45833,29
81136,47448,49
81137,63860,36
81140,46781,42
81141,59539,51
81143,30915,23
81144,64662,57
81146,69556,33
81147,84270,30
81148,45469,41
81149,57019,36
81151,43417,43
81152,31875,54
81154,77177,36
81155,75000,23
81201,80248,38
81211,88083,31
81212,64235,48
81220,250001,30
81221,34000,33
81223,51889,29
81224,89907,34
81225,85357,39
81226,53969,48
81230,77942,43
81233,60386,50
81235,79000,42
81236,98170,32
81237,134038,36
81240,90417,40
81242,95865,23
81243,73636,33
81244,51250,48
81251,105600,34
81252,69527,31
81253,76346,45
81301,83943,35
81303,88103,31
81321,59506,47
81323,75393,40
81324,71630,45
81325,56750,88
81326,80089,33
81327,94349,37
81328,72522,26
81331,84353,26
81332,104250,45
81401,71286,34
81403,80893,29
81410,67826,42
81411,59375,14
81413,58465,41
81415,59141,48
81416,50243,45
81418,54417,48
81419,59735,50
81422,27917,50
81423,62125,38
81424,39960,53
81425,73682,41
81426,135179,31
81427,84167,48
81428,75799,48
81429,69000,42
81430,74148,32
81431,83304,32
81432,90882,27
81433,62317,53
81434,143074,28
81435,83076,30
81501,53666,55
81503,75053,44
81504,70958,36
81505,90830,25
81506,78651,39
81507,107528,42
81520,50283,42
81521,88458,28
81523,106518,25
81524,99947,24
81525,113796,22
81526,87500,46
81527,76815,31
81601,109129,40
81610,51105,29
81611,82664,40
81615,102959,45
81620,102775,36
81621,104754,32
81623,109661,33
81624,91739,40
81625,75812,49
81630,64875,35
81631,113662,27
81632,83712,30
81635,73278,32
81637,109209,25
81639,110404,47
81641,63070,48
81643,106813,34
81645,102039,52
81646,67321,31
81647,78352,26
81648,71705,47
81650,81025,34
81652,101038,30
81654,141111,37
81655,125539,22
81656,250001,35
81657,100573,39
82001,75362,59
82007,58745,36
82009,103835,36
82053,115486,40
82054,52981,23
82055,110579,42
82059,148750,35
82063,105208,17
82070,69095,49
82072,53863,47
82082,69347,50
82083,49000,53
82190,64674,55
82201,64982,50
82210,68200,66
82212,48529,54
82213,71225,48
82214,77784,50
82215,137589,25
82221,34563,69
82222,62742,48
82223,63194,55
82225,68422,63
82227,31827,88
82240,60766,54
82244,83000,61
82301,62841,55
82321,70250,49
82322,40250,56
82323,73594,48
82324,58500,53
82325,74167,53
82327,75540,50
82331,95610,48
82334,75208,53
82336,57298,37
82401,65583,55
82410,68839,55
82411,103958,50
82412,64583,67
82414,77958,41
82420,77679,48
82421,42222,41
82426,67083,64
82430,35417,54
82431,60295,67
82432,44750,68
82433,44881,51
82435,67534,45
82441,60069,48
82442,61300,41
82443,62767,52
82450,193964,22
82501,60449,48
82510,55000,46
82513,66332,46
82514,31667,45
82515,53000,51
82516,40208,47
82520,76959,48
82523,57188,47
82601,67642,55
82604,79118,49
82609,71010,43
82633,82412,47
82635,34886,41
82636,86638,27
82637,80038,51
82639,72112,34
82640,250001,31
82642,80000,53
82643,77800,88
82644,53750,43
82649,69375,46
82701,90922,52
82710,53603,42
82711,58623,61
82716,73155,44
82718,104458,28
82720,80170,43
82721,72865,27
82723,116429,41
82727,97972,34
82729,89306,44
82730,72159,58
82732,78355,36
82801,73213,44
82831,127500,53
82832,94375,30
82834,63395,44
82835,103750,34
82836,79375,48
82837,54531,88
82838,65815,59
82839,57708,33
82842,105859,39
82901,69954,44
82925,250001,39
82930,81042,42
82932,87632,46
82933,128819,40
82934,83375,48
82935,87993,49
82937,98000,37
82938,105323,45
82939,98171,43
82941,91429,41
82944,250001,30
82945,68036,51
83001,124717,36
83011,250001,45
83013,140325,45
83014,140473,39
83025,106611,46
83101,76947,48
83110,86731,47
83111,131000,31
83112,158913,39
83113,75385,41
83114,85536,56
83116,67019,49
83118,69508,30
83120,59200,50
83123,160250,38
83124,87500,35
83126,111172,49
83127,87743,29
83128,112476,26
83201,66357,54
83202,70423,34
83204,57146,58
83209,19336,35
83210,74615,59
83211,65483,52
83213,43472,55
83214,80333,60
83215,41250,67
83217,74688,54
83218,78472,55
83220,78021,51
83221,75172,47
83223,79583,65
83226,36458,42
83228,73750,58
83232,86302,47
83234,81083,66
83236,68214,55
83237,86053,41
83238,90491,36
83239,85000,58
83241,71298,69
83245,93005,48
83246,73125,42
83250,73555,47
83251,73482,37
83252,76328,54
83254,64839,69
83255,70714,51
83261,95000,50
83262,59900,49
83263,62500,53
83271,62250,56
83272,77614,49
83274,92669,40
83276,64750,53
83277,63654,39
83278,81602,36
83281,131213,56
83286,92500,41
83287,102059,34
83301,62647,43
83302,108281,51
83311,101167,53
83312,57155,32
83313,74575,36
83314,66771,52
83316,69593,52
83318,71282,50
83320,57813,70
83321,60000,46
83323,60625,55
83324,70066,39
83325,76375,59
83327,66250,34
83328,70851,47
83330,60842,53
83332,64792,43
83333,99704,32
83334,64583,53
83335,61053,55
83336,71191,39
83338,72072,42
83340,93556,43
83341,99100,28
83342,56818,54
83344,65417,48
83346,70114,67
83347,79643,52
83349,70795,41
83350,61806,53
83352,70057,41
83353,126645,47
83355,65764,48
83401,78497,40
83402,74517,51
83404,82103,41
83406,86991,24
83420,69286,49
83422,96530,30
83423,53472,48
83424,150714,34
83425,80833,47
83427,84009,21
83428,68750,46
83429,78565,43
83431,90833,47
83433,94250,50
83434,82731,52
83435,73750,52
83436,80000,50
83438,145714,88
83440,58159,23
83442,88260,25
83443,65590,53
83444,88438,38
83445,68012,51
83446,74688,44
83448,76000,32
83449,82368,36
83450,70046,51
83451,67946,51
83452,72083,32
83454,66607,67
83455,121964,22
83463,58000,80
83464,40625,45
83465,64464,40
83467,53917,48
83468,85250,48
83501,73629,54
83520,25688,48
83522,79688,55
83523,63036,64
83524,63333,44
83525,44857,46
83526,70357,67
83530,79477,55
83533,128750,52
83535,57647,48
83536,53707,45
83537,71917,46
83539,57885,43
83540,62963,47
83541,62569,37
83543,62679,66
83544,69458,51
83545,63750,52
83546,53594,60
83547,49479,37
83548,73750,88
83549,56488,44
83552,56172,45
83553,39191,47
83554,39128,35
83555,56250,50
83604,51810,45
83605,68427,39
83607,85399,22
83610,65625,53
83611,77411,44
83612,54810,51
83615,74732,25
83616,125203,21
83617,65291,45
83619,66267,34
83622,65625,33
83623,58145,76
83624,44583,45
83626,69531,50
83627,61250,42
83628,68854,46
83629,72500,33
83631,80714,38
83632,51583,41
83633,84394,52
83634,97171,21
83636,85761,46
83637,46944,49
83638,75217,33
83639,64042,36
83641,84730,30
83642,96909,21
83643,65208,34
83644,97293,21
83645,65417,48
83646,102861,20
83647,63760,40
83648,74196,19
83650,57396,47
83651,69914,35
83654,91750,30
83655,84542,49
83656,64750,33
83657,51183,43
83660,63653,45
83661,59351,53
83666,63125,77
83669,100091,16
83670,91685,27
83672,51045,52
83676,67176,34
83686,86518,25
83687,76682,24
83702,85733,57
83703,76910,41
83704,73390,44
83705,64731,54
83706,82893,42
83709,92786,29
83712,105574,48
83713,91295,31
83714,87651,27
83716,128822,23
83801,71108,28
83802,78906,68
83803,60818,40
83804,59302,28
83805,70083,33
83806,43125,74
83809,124615,32
83810,132344,49
83811,44930,47
83812,72500,24
83813,90156,32
83814,74782,48
83815,77864,27
83822,56490,40
83823,78345,48
83824,53036,54
83825,53125,19
83827,54327,52
83830,108182,22
83832,91250,55
83833,81568,35
83834,98594,48
83835,91316,32
83836,97083,43
83837,45885,75
83839,63889,43
83840,70833,23
83841,50789,55
83842,91429,54
83843,59444,44
83845,72695,34
83846,59844,88
83847,48859,45
83848,127313,50
83849,52639,64
83850,67574,53
83851,57356,47
83852,50385,29
83854,82742,24
83855,84423,55
83856,75285,41
83857,78185,49
83858,95380,29
83860,71563,35
83861,65508,49
83864,70496,36
83866,31711,34
83867,90074,67
83868,51270,77
83869,67099,29
83870,51250,49
83871,89750,49
83872,100242,28
83873,45852,88
83874,42500,81
83876,60729,45
84001,81094,39
84002,83125,42
84003,120330,25
84004,170500,28
84005,113437,15
84006,83000,88
84007,91042,44
84009,137922,15
84010,102445,53
84013,105000,27
84014,123130,39
84015,95519,33
84017,95900,38
84020,128910,23
84021,73819,43
84022,101667,43
84023,50833,47
84025,127338,24
84026,32321,50
84027,75556,37
84028,47083,26
84029,101365,27
84031,71111,50
84032,103440,23
84033,94038,33
84036,120769,21
84037,134375,33
84038,95714,45
84039,60893,38
84040,128365,35
84041,89604,32
84042,121275,29
84043,129852,18
84044,90346,41
84045,130331,14
84046,76250,46
84047,75954,39
84049,151343,23
84050,131170,29
84051,106719,41
84052,59167,43
84053,70000,46
84054,101860,24
84055,126071,32
84056,69352,35
84057,82780,39
84058,74553,34
84059,105271,11
84060,128295,37
84061,177500,26
84062,105649,25
84064,88487,55
84065,128192,24
84066,79494,36
84067,91115,40
84069,88269,51
84070,78991,34
84071,134179,22
84072,74911,44
84073,59313,40
84074,108341,28
84075,133286,21
84076,124375,41
84078,75113,32
84080,81307,42
84081,119970,22
84082,126875,33
84083,44173,45
84084,96056,41
84085,58250,49
84086,81328,61
84087,132774,37
84088,105142,33
84092,151500,42
84093,138556,48
84094,106732,46
84095,126968,23
84096,122881,15
84097,94194,42
84098,174119,26
84101,72735,20
84102,52199,65
84103,83916,64
84104,61425,64
84105,99562,88
84106,101551,61
84107,72108,47
84108,120854,68
84109,145034,66
84111,52952,39
84112,10296,48
84115,65548,47
84116,66751,48
84117,87813,51
84118,90562,47
84119,71378,41
84120,94306,48
84121,115515,49
84123,81271,42
84124,120408,60
84128,110726,33
84129,95844,44
84301,89583,48
84302,79706,50
84305,64583,88
84306,121250,31
84307,80441,36
84308,83333,68
84309,100000,46
84310,130208,31
84311,77841,38
84312,83088,36
84314,87578,34
84315,109989,25
84316,88015,44
84317,130040,38
84318,113194,28
84319,89189,33
84320,103810,51
84321,69148,42
84324,142188,28
84325,116094,31
84326,91971,36
84327,77024,48
84328,113646,32
84330,86518,34
84331,65625,50
84332,117987,26
84333,108750,44
84335,97979,25
84336,89392,53
84337,81683,32
84338,95313,63
84339,112744,29
84340,108304,38
84341,69310,27
84401,80758,40
84403,88236,63
84404,85057,40
84405,84106,38
84414,114833,28
84501,58617,51
84511,73218,43
84512,54375,40
84513,82958,48
84516,75250,26
84518,73594,47
84520,38482,80
84521,49583,48
84522,73125,56
84523,71212,45
84525,67155,49
84526,59850,70
84528,71053,49
84531,32200,29
84532,68444,36
84534,47708,34
84535,75625,53
84536,35250,35
84537,90086,49
84539,36927,78
84542,61466,48
84601,67207,38
84604,75571,45
84606,52811,44
84620,88810,43
84622,77778,37
84624,75469,50
84627,72875,31
84628,69167,79
84629,65962,38
84630,75833,36
84631,67115,52
84632,72996,34
84633,95147,50
84634,72130,49
84635,82813,67
84636,72500,77
84637,80357,52
84638,95625,30
84639,83802,49
84640,54688,57
84642,66250,54
84643,69870,48
84644,48750,88
84645,111250,23
84646,64324,51
84647,65970,39
84648,106604,48
84649,73479,55
84651,96999,28
84652,83750,49
84653,112454,22
84654,64015,52
84655,100734,18
84656,75313,82
84657,79083,71
84660,104355,26
84662,73295,51
84663,90252,30
84664,132601,21
84667,71250,43
84701,73943,52
84711,81042,38
84712,41250,68
84713,77778,45
84714,58155,36
84715,76875,53
84716,52022,34
84718,31250,50
84719,75125,37
84720,67670,30
84721,67299,25
84722,115486,30
84723,75179,54
84724,49438,50
84725,95156,28
84726,67235,44
84729,50625,41
84730,89500,44
84733,130179,36
84734,38095,31
84735,50682,36
84736,49375,44
84737,75545,23
84738,77993,21
84739,85313,43
84740,56750,53
84741,85417,31
84742,138929,25
84743,43250,25
84744,76563,44
84745,68269,30
84746,93889,31
84747,96818,49
84750,28750,50
84751,81908,67
84752,74792,43
84754,72794,41
84755,68295,52
84756,85489,46
84757,85104,24
84758,84545,49
84759,74441,41
84760,42465,40
84761,51538,42
84762,65167,32
84763,54722,42
84764,57553,65
84765,96475,22
84767,63333,36
84770,70024,29
84773,123164,27
84774,97813,23
84775,102188,33
84776,72031,44
84779,68750,35
84780,91963,18
84781,104286,34
84782,75625,40
84784,78523,35
84790,91054,21
85003,60461,55
85004,73750,15
85006,58248,64
85007,63616,66
85008,66353,46
85009,52054,64
85012,86620,48
85013,71966,60
85014,66731,52
85015,54874,55
85016,87850,49
85017,58346,58
85018,93885,56
85019,68528,59
85020,83735,48
85021,59768,49
85022,69927,40
85023,77369,42
85024,106724,31
85027,76605,38
85028,125054,50
85029,64556,51
85031,70412,67
85032,78643,42
85033,64144,50
85034,63559,26
85035,60440,47
85037,84016,32
85040,60727,43
85041,75301,25
85042,88717,34
85043,78257,22
85044,96820,37
85045,153583,27
85048,122833,31
85050,139836,27
85051,69189,53
85053,70011,48
85054,91507,16
85083,149087,21
85085,128984,17
85086,121676,22
85087,138566,21
85118,86393,24
85119,71585,32
85120,57786,35
85121,31173,24
85122,68443,24
85123,69137,25
85128,65477,25
85131,56576,26
85132,79000,20
85135,29722,79
85137,57946,57
85138,95867,19
85139,86894,23
85140,101477,18
85141,71346,27
85142,129367,16
85143,93707,19
85145,80357,18
85147,48517,18
85172,71806,41
85173,46128,73
85192,59922,48
85193,57930,32
85194,82935,23
85201,67294,45
85202,71619,47
85203,73578,47
85204,72216,46
85205,73283,40
85206,75607,38
85207,108699,25
85208,69390,37
85209,84432,25
85210,61957,43
85212,125902,15
85213,103969,38
85215,98831,33
85224,94516,37
85225,88676,35
85226,114817,34
85233,111160,32
85234,121102,32
85248,94495,29
85249,153633,21
85250,95761,50
85251,92851,47
85253,184979,40
85254,123203,40
85255,140616,26
85256,44844,39
85257,86962,55
85258,114111,42
85259,137895,32
85260,97177,33
85262,177790,21
85263,145053,26
85264,60729,29
85266,151923,27
85268,112795,32
85281,64538,36
85282,79036,48
85283,84568,44
85284,156146,36
85286,121758,20
85295,118467,19
85296,118982,25
85297,130755,19
85298,156425,17
85301,53827,49
85302,65132,47
85303,80650,34
85304,86927,44
85305,88167,19
85306,84779,45
85307,82888,26
85308,95247,34
85310,122137,31
85320,47731,28
85321,53180,65
85322,75417,22
85323,83120,22
85324,47465,33
85325,47691,38
85326,89876,19
85329,36399,61
85331,129083,28
85332,56165,31
85333,39722,40
85334,39143,39
85335,78050,22
85336,49152,25
85337,55365,50
85338,101744,19
85339,110602,20
85340,122323,20
85342,55917,31
85344,54583,45
85345,67380,38
85346,44028,37
85348,63618,32
85349,60330,23
85350,74025,27
85351,53725,54
85352,40119,48
85353,94154,20
85354,64203,25
85355,123055,19
85356,71285,28
85357,46830,48
85361,77361,22
85362,47609,47
85363,68321,47
85364,57874,43
85365,70331,27
85367,58469,29
85373,72063,46
85374,81201,25
85375,63928,37
85377,149167,39
85378,56444,30
85379,110616,20
85381,96746,31
85382,91525,29
85383,145546,16
85387,98757,17
85388,112164,20
85390,68591,32
85392,87702,27
85395,105935,19
85396,114056,13
85501,61983,56
85530,38750,32
85531,97365,47
85532,73802,88
85533,62784,45
85534,76250,47
85536,104500,21
85539,47807,65
85540,78431,47
85541,66383,34
85542,29022,41
85543,92011,44
85544,59924,44
85545,53707,41
85546,61832,40
85550,51491,38
85551,76083,47
85552,88454,36
85553,50762,29
85601,30542,41
85602,53008,34
85603,47680,84
85605,48558,41
85606,59306,31
85607,43351,53
85609,78779,25
85610,34375,44
85611,91458,38
85613,89609,25
85614,64879,33
85615,73758,29
85616,51813,36
85617,43967,39
85618,51953,53
85620,57738,41
85621,43464,48
85622,76959,36
85623,68541,22
85624,56053,53
85625,47500,43
85626,49519,52
85627,72917,30
85629,109253,20
85630,52146,31
85631,48389,69
85632,52917,38
85633,21000,88
85634,36389,45
85635,61580,40
85637,99688,28
85638,37604,42
85639,39333,50
85640,55417,47
85641,131164,19
85643,57903,44
85645,60714,40
85646,73438,27
85648,61519,26
85650,91654,29
85653,86154,20
85658,123415,17
85701,51794,70
85704,81696,45
85705,37194,49
85706,50248,43
85708,63919,22
85710,57175,50
85711,56121,63
85712,50625,51
85713,53152,49
85714,55000,57
85715,85069,44
85716,49061,62
85718,114892,43
85719,42241,52
85730,62090,47
85735,74158,32
85736,51250,36
85737,107348,30
85739,81711,25
85741,76271,40
85742,98844,30
85743,90093,26
85745,71348,38
85746,68903,35
85747,110816,24
85748,95750,34
85749,109219,39
85750,102836,39
85755,113831,26
85756,72490,25
85757,83219,21
85901,59779,30
85911,25510,41
85912,93523,20
85920,73438,37
85922,55897,35
85924,27058,37
85925,82708,42
85927,92026,43
85928,41864,28
85929,62752,39
85930,54250,31
85931,87852,39
85933,65735,33
85934,56567,29
85935,73333,38
85936,131238,42
85937,69702,35
85938,49684,51
85939,90496,25
85940,110486,25
85941,43259,41
86001,64626,31
86004,81172,38
86005,87942,31
86015,119722,19
86016,2499,38
86018,77279,37
86020,35909,38
86021,90096,28
86022,61923,38
86023,74286,40
86024,73421,34
86025,56919,52
86030,17321,55
86031,32500,38
86032,73194,47
86033,40313,35
86034,37286,40
86035,45750,39
86036,78250,40
86038,43942,41
86039,30000,44
86040,83299,39
86042,69940,32
86044,33167,38
86045,50844,40
86046,79095,24
86047,54441,51
86053,40956,35
86054,24063,40
86301,72652,32
86303,72359,42
86305,80436,31
86314,69208,28
86315,97049,16
86320,42609,29
86321,94006,47
86322,69411,34
86323,62603,27
86324,46813,37
86325,74679,26
86326,57378,36
86327,71512,25
86329,58875,35
86331,40096,88
86332,49891,34
86333,55602,33
86334,78723,26
86335,64455,34
86336,68435,38
86337,50851,29
86338,68229,41
86343,71417,48
86351,81203,35
86401,66129,30
86403,58967,36
86404,72910,29
86406,77506,30
86409,50852,33
86411,67697,20
86413,41760,29
86426,64551,25
86429,58906,27
86432,48627,21
86434,58080,40
86436,44077,41
86437,78125,22
86438,41985,24
86440,63188,31
86441,25098,38
86442,48081,37
86444,26678,35
86502,20500,42
86503,36321,36
86504,46573,46
86505,28547,39
86506,31563,41
86507,35924,42
86508,17054,41
86510,29211,35
86511,41000,34
86512,31087,35
86514,47917,33
86515,47336,45
86520,15417,34
86535,31250,34
86538,30268,40
86540,24271,36
86544,23068,40
86545,26071,36
86547,39000,34
86556,27875,36
87001,68547,40
87002,51961,41
87004,65743,36
87006,93750,39
87008,85673,38
87010,60000,44
87012,36303,51
87013,32942,41
87014,44638,88
87015,79904,33
87016,55296,53
87017,78060,42
87018,30250,39
87020,62746,48
87021,40129,51
87022,55329,44
87024,60727,47
87025,153936,37
87026,84750,35
87027,15625,44
87029,70435,46
87031,60902,33
87034,48795,48
87035,44938,36
87036,47132,39
87037,19044,41
87041,80662,35
87042,73057,46
87043,109750,26
87044,60313,35
87045,19270,39
87046,62216,47
87047,116630,33
87048,102004,40
87052,61544,44
87053,52857,47
87056,76563,33
87059,92315,35
87061,44277,39
87062,20539,34
87063,72721,52
87068,79602,45
87072,83472,50
87083,57375,41
87102,42990,66
87104,75436,51
87105,55644,54
87106,49781,65
87107,61672,52
87108,42724,62
87109,58900,48
87110,64892,66
87111,90290,44
87112,73937,54
87113,95922,23
87114,84277,26
87116,83774,29
87120,86907,30
87121,60796,26
87122,169041,30
87123,64359,45
87124,86555,35
87144,94550,22
87301,58772,48
87305,45096,35
87310,39896,36
87311,33641,37
87312,48977,36
87313,43041,41
87315,118324,32
87316,84875,46
87317,53589,46
87319,41452,34
87320,43125,37
87321,49313,35
87322,29286,35
87323,51616,36
87325,36800,40
87326,34773,38
87327,45959,41
87328,33906,41
87357,30750,41
87364,32500,42
87375,40735,34
87401,61886,43
87402,79461,38
87410,55189,38
87412,55417,42
87413,49869,38
87415,44095,35
87416,49973,39
87417,75215,34
87418,82750,36
87419,21007,30
87420,36335,38
87421,51029,35
87455,38167,42
87461,32981,39
87499,40662,41
87501,79603,56
87505,78247,45
87506,96511,32
87507,70398,29
87508,101565,29
87510,85453,44
87511,70346,33
87514,71556,44
87515,93676,28
87516,103625,81
87520,38889,33
87521,39718,54
87522,58620,50
87523,23395,58
87525,76875,47
87527,65461,36
87528,41679,33
87529,61618,32
87532,58448,46
87535,59688,35
87537,48228,48
87540,52500,47
87544,138583,50
87547,156444,53
87548,72788,38
87549,56134,38
87551,35896,53
87552,53688,46
87553,48906,50
87556,52546,34
87557,49337,46
87558,49435,43
87560,29179,43
87562,116402,45
87564,78472,26
87565,24190,54
87566,61029,43
87569,99779,28
87571,57575,45
87575,98329,36
87579,66244,48
87701,49920,52
87710,83125,38
87711,35521,34
87712,12274,33
87713,115085,31
87714,33333,47
87718,58462,49
87722,53687,43
87728,35602,61
87729,26250,77
87730,49375,50
87732,69421,54
87734,123500,44
87740,52815,64
87742,59505,38
87743,44766,60
87745,39130,33
87746,102557,66
87747,55948,67
87752,43912,88
87801,46525,47
87821,83890,37
87825,30596,46
87829,49345,36
87830,31163,47
87831,12397,54
87901,34242,50
87930,38085,53
87935,51033,31
87936,22043,66
87937,39495,40
87940,56750,57
87941,31332,42
87942,42308,41
88001,33087,48
88002,89565,22
88005,54452,45
88007,64892,31
88008,73848,19
88011,75875,29
88012,69052,21
88020,75500,48
88021,46217,37
88022,37147,35
88023,34477,57
88024,38333,36
88025,114762,49
88026,57898,60
88027,61250,44
88028,43750,39
88029,26090,40
88030,37417,46
88038,18317,47
88039,31484,46
88041,33403,55
88042,75137,47
88043,34236,70
88044,64910,42
88045,44063,52
88047,48049,35
88048,43750,36
88049,59219,33
88056,68010,26
88061,47917,46
88063,41975,38
88065,47031,56
88072,53750,36
88081,46017,32
88101,56587,49
88112,60516,22
88113,71250,70
88116,54239,62
88118,57650,59
88120,70458,63
88121,2499,88
88124,51618,55
88130,52434,49
88132,56765,65
88135,70417,50
88136,67159,52
88201,61780,48
88203,42207,64
88210,79632,40
88220,78162,49
88230,43469,43
88231,51417,51
88232,65000,42
88240,63270,46
88242,90000,32
88250,83250,71
88253,85813,33
88256,45714,47
88260,75476,51
88267,52250,67
88301,43900,67
88310,57214,44
88311,17188,45
88312,80345,28
88316,54080,32
88317,136250,44
88318,73125,52
88321,81153,44
88325,97955,35
88330,52465,34
88337,60597,35
88338,59276,47
88339,57375,37
88340,36927,42
88341,48393,26
88344,113375,72
88345,53971,44
88346,33594,43
88348,86985,54
88352,48693,43
88401,49345,63
88410,36042,88
88411,46250,48
88415,44952,62
88418,77813,76
88419,96250,48
88422,61346,81
88426,40000,44
88427,65417,81
88430,32115,50
88434,38750,55
88435,49648,48
89001,71386,42
89002,105471,26
89004,94821,37
89005,74375,46
89007,78237,30
89010,63690,38
89011,93136,17
89012,98053,24
89013,78580,53
89014,73284,33
89015,72096,33
89018,87083,34
89019,45054,33
89020,36953,49
89021,126944,30
89025,59777,40
89027,71574,24
89029,46294,33
89030,47937,51
89031,87297,24
89032,76127,26
89034,91016,13
89039,48083,45
89040,78357,38
89042,64083,68
89043,88938,39
89044,108155,16
89045,110724,39
89046,51923,43
89048,61367,27
89049,45260,39
89052,97999,21
89060,50000,28
89061,77991,22
89074,87407,30
89081,91733,20
89084,96988,18
89085,111453,20
89086,79222,12
89101,39459,52
89102,49843,47
89103,48901,40
89104,52228,50
89106,42007,39
89107,59571,55
89108,59449,40
89109,53684,23
89110,61001,39
89113,94461,19
89115,51681,34
89117,75145,33
89118,71160,30
89119,46960,43
89120,74688,42
89121,55758,46
89122,63846,26
89123,84428,28
89124,117917,33
89128,73010,32
89129,89798,27
89130,85278,29
89131,116468,22
89134,83688,32
89135,121515,20
89138,161645,15
89139,99815,19
89141,122339,17
89142,71233,31
89143,112004,21
89144,104511,26
89145,74529,35
89146,62899,44
89147,74985,29
89148,96696,18
89149,101697,21
89156,69767,33
89158,119854,20
89161,51250,42
89166,107846,13
89169,40904,48
89178,108806,17
89179,108993,13
89183,87355,21
89301,77518,56
89311,48875,54
89314,52917,42
89316,71554,44
89317,26210,32
89318,56779,85
89403,97153,25
89406,79163,36
89408,89552,25
89410,83108,26
89411,121981,30
89413,232361,42
89415,57083,59
89418,38590,44
89419,72554,43
89421,26000,47
89423,108750,29
89424,72585,44
89425,63241,49
89426,124271,40
89427,49167,44
89428,68750,88
89429,55714,32
89430,175293,24
89431,66592,53
89433,75984,36
89434,91507,39
89436,114100,22
89439,101250,21
89440,159438,65
89441,131616,22
89442,64444,40
89444,58726,30
89445,81545,34
89447,56691,47
89448,137586,52
89449,83988,50
89451,166509,45
89460,92292,39
89501,33963,51
89502,65328,49
89503,66743,51
89506,86396,27
89508,97361,25
89509,86126,51
89510,100282,36
89511,124130,29
89512,47807,44
89519,155288,33
89521,127181,19
89523,99061,27
89701,73184,44
89703,85230,46
89704,118017,43
89705,79901,34
89706,62815,45
89801,82144,37
89815,102926,30
89820,89014,39
89821,66795,24
89822,60898,48
89823,83491,45
89832,44583,43
89833,113864,51
89834,160750,30
89835,105870,46
89883,48645,37
90001,60767,76
90002,59021,72
90003,56030,70
90004,64826,65
90005,49419,63
90006,51998,71
90007,35378,65
90008,61846,71
90010,101455,23
90011,59017,71
90012,66860,38
90013,36948,82
90014,31000,88
90015,69268,22
90016,73516,77
90017,52717,35
90018,62864,83
90019,73934,81
90020,61184,53
90021,32222,88
90022,67967,75
90023,59057,80
90024,76583,51
90025,103894,51
90026,87334,81
90027,94521,69
90028,61349,59
90029,60440,66
90031,63090,78
90032,82292,76
90033,59652,74
90034,105701,55
90035,105013,65
90036,109785,76
90037,57622,77
90038,61454,61
90039,113818,74
90040,74472,67
90041,114526,79
90042,95282,74
90043,64792,79
90044,53302,69
90045,135032,66
90046,96250,60
90047,71664,80
90048,103495,65
90049,170607,58
90056,133048,68
90057,44823,61
90058,37557,71
90059,56152,69
90061,61046,66
90062,67701,88
90063,72942,82
90064,135383,62
90065,94784,74
90066,114141,59
90067,195433,46
90068,101630,68
90069,107987,58
90077,206319,56
90094,145744,18
90201,60927,66
90210,187801,60
90211,122694,68
90212,118019,75
90220,82335,67
90221,72937,71
90222,78425,67
90230,107109,62
90232,122396,65
90240,101904,69
90241,88006,65
90242,89075,67
90245,150737,62
90247,77333,60
90248,91176,60
90249,89712,69
90250,78331,58
90254,166442,58
90255,64766,74
90260,87825,61
90262,75194,74
90265,196742,49
90266,204306,56
90270,61165,73
90272,189713,59
90274,215925,59
90275,179469,59
90277,127795,56
90278,160236,51
90280,74651,74
90290,149304,50
90291,122738,67
90292,146167,41
90293,134313,53
90301,65806,63
90302,73777,59
90303,72815,70
90304,64125,67
90305,92665,76
90401,110385,32
90402,159100,68
90403,121925,59
90404,95139,55
90405,121241,63
90501,92923,62
90502,94291,53
90503,125912,60
90504,107552,67
90505,115593,61
90601,104052,67
90602,68505,72
90603,136705,69
90604,105074,66
90605,99635,70
90606,100428,71
90620,126094,68
90621,97612,51
90623,116594,54
90630,130154,55
90631,104251,58
90638,109649,66
90640,79625,63
90650,100085,69
90660,88201,69
90670,88872,66
90680,85592,50
90701,101004,60
90703,134987,52
90704,105139,79
90706,78722,60
90710,82478,51
90712,122435,71
90713,133419,71
90715,91875,59
90716,76410,58
90717,94241,60
90720,135851,61
90723,75250,55
90731,76395,61
90732,120807,55
90740,85347,60
90742,122250,63
90743,170966,58
90744,60847,66
90745,107988,61
90746,113364,58
90755,113512,45
90802,74510,56
90803,114656,66
90804,71614,56
90805,73415,67
90806,79208,75
90807,103777,75
90808,137855,71
90810,84350,70
90813,54526,59
90814,104650,65
90815,119716,69
91001,134903,80
91006,123533,66
91007,100705,60
91008,164375,58
91010,102705,60
91011,241875,69
91016,96540,65
91020,72125,52
91024,143547,67
91030,127175,73
91040,98256,67
91042,85603,62
91101,87813,48
91103,93660,68
91104,105958,88
91105,156791,65
91106,90028,55
91107,126449,71
91108,204847,83
91201,82301,69
91202,96459,61
91203,82364,40
91204,74144,49
91205,64564,63
91206,89188,57
91207,118116,70
91208,136892,64
91210,107656,21
91214,140121,69
91301,163317,46
91302,185636,43
91303,74474,43
91304,90007,54
91306,93151,61
91307,151190,60
91311,119386,52
91316,92311,57
91320,148991,46
91321,91092,48
91324,99610,56
91325,87168,56
91326,148281,44
91331,84227,67
91335,80143,63
91340,85261,69
91342,98118,49
91343,81430,58
91344,119345,63
91345,94215,67
91350,140110,37
91351,115364,44
91352,78239,65
91354,156173,26
91355,115640,42
91356,107378,53
91360,119296,53
91361,144900,50
91362,139800,43
91364,132854,59
91367,108653,51
91377,163085,41
91381,158504,26
91384,131689,35
91387,117969,36
91390,151897,39
91401,79552,58
91402,57369,59
91403,116170,55
91405,62900,53
91406,78429,61
91411,74617,57
91423,109461,60
91436,177981,64
91501,91936,54
91502,52473,48
91504,103835,63
91505,109953,76
91506,105955,77
91601,79607,47
91602,102914,53
91604,141875,54
91605,65481,62
91606,66200,64
91607,87874,57
91701,114244,45
91702,92683,60
91706,81122,62
91708,108861,15
91709,126350,36
91710,103085,45
91711,126056,61
91722,102062,67
91723,94167,64
91724,103163,58
91730,92237,37
91731,62215,63
91732,75108,59
91733,68278,66
91737,122334,41
91739,143265,24
91740,99083,62
91741,127440,63
91744,93557,68
91745,109183,58
91746,86567,69
91748,83428,50
91750,104195,50
91752,115177,33
91754,86331,66
91755,76382,58
91759,122583,88
91761,100578,41
91762,83850,51
91763,78770,57
91764,81762,48
91765,105565,46
91766,81991,52
91767,79245,61
91768,76041,67
91770,75000,67
91773,105338,50
91775,118610,72
91776,82155,64
91780,103659,67
91784,154349,44
91786,92458,51
91789,125720,44
91790,102927,68
91791,102266,61
91792,94817,51
91801,89156,59
91803,84311,72
91901,114167,40
91902,122524,48
91905,77886,42
91906,62500,42
91910,90222,52
91911,82350,55
91913,129337,21
91914,190786,22
91915,139503,20
91916,103438,52
91931,63750,37
91932,85833,55
91934,50469,75
91935,151538,42
91941,115381,57
91942,92896,55
91945,88016,57
91948,55066,42
91950,66426,58
91962,143094,52
91977,99657,51
91978,113170,48
92003,113216,37
92004,74018,39
92007,182629,49
92008,104995,46
92009,164182,35
92010,129926,34
92011,159235,32
92014,198823,51
92019,101973,44
92020,76032,53
92021,74013,49
92024,158507,45
92025,81106,48
92026,104561,42
92027,93338,48
92028,111290,40
92029,124726,41
92036,73750,46
92037,147230,51
92040,107937,48
92054,82408,50
92056,106272,40
92057,108814,38
92058,69970,32
92059,99803,27
92060,152852,52
92061,92813,41
92064,148673,48
92065,125285,40
92066,35625,46
92067,187054,38
92069,96771,39
92070,67017,41
92071,113618,47
92075,149327,50
92078,120268,26
92081,105379,38
92082,126544,40
92083,86974,44
92084,98577,47
92086,57431,33
92091,103452,39
92101,91566,22
92102,77248,63
92103,102626,52
92104,94014,54
92105,68563,55
92106,142897,68
92107,113117,63
92108,103884,28
92109,122128,53
92110,110790,50
92111,99644,55
92113,61819,56
92114,97794,54
92115,79199,59
92116,98154,58
92117,103661,61
92118,134534,52
92119,113435,57
92120,120661,53
92121,135938,34
92122,105177,40
92123,132534,49
92124,120201,45
92126,126913,42
92127,195520,23
92128,131077,40
92129,156321,40
92130,205680,25
92131,185256,33
92139,95653,47
92154,94901,45
92173,69792,47
92201,66758,38
92203,97311,22
92210,162990,38
92211,88477,33
92220,62599,42
92223,102761,21
92225,55725,46
92227,59362,41
92230,48704,47
92231,49742,33
92233,53778,52
92234,73572,38
92236,68393,26
92239,73393,39
92240,54023,37
92241,46888,43
92242,37500,43
92243,55057,44
92249,72028,28
92250,72143,49
92251,90709,26
92252,66598,48
92253,99277,27
92254,48272,32
92256,51949,53
92257,22611,54
92258,52757,48
92259,43500,48
92260,70091,44
92262,71672,45
92264,77688,51
92268,58798,67
92270,107364,40
92273,62051,35
92274,38654,37
92276,77000,42
92277,60901,44
92281,29375,50
92282,68750,32
92283,43393,46
92284,58373,48
92285,47734,64
92301,68676,29
92305,145536,54
92307,77106,39
92308,66568,38
92310,76107,32
92311,61862,55
92313,83628,48
92314,74910,48
92315,77436,50
92316,83587,47
92317,99103,47
92320,87181,43
92321,123688,49
92322,149119,67
92324,71078,47
92325,70563,58
92328,94375,55
92335,77949,49
92336,123363,27
92337,107678,37
92339,77167,64
92341,97273,64
92342,115058,33
92344,98071,24
92345,69485,40
92346,85163,43
92347,58833,51
92352,105753,48
92354,83847,46
92356,54923,55
92358,86394,62
92359,77846,45
92363,40068,43
92365,67600,43
92368,80938,63
92371,78986,36
92372,66471,33
92373,101271,50
92374,102813,47
92376,79675,48
92377,116223,38
92378,105294,48
92382,81493,54
92386,50694,49
92391,81789,58
92392,87681,31
92394,78466,25
92395,62102,40
92397,77250,47
92398,59888,58
92399,92440,48
92401,26596,59
92404,66701,63
92405,66964,70
92407,94032,39
92408,68333,46
92410,54181,54
92411,54324,64
92501,81886,59
92503,96268,46
92504,92477,55
92505,84906,47
92506,121459,59
92507,75303,43
92508,147674,27
92509,95355,47
92518,79219,42
92530,86862,36
92532,122312,20
92536,79551,32
92539,90394,41
92543,49396,49
92544,73596,47
92545,63770,36
92548,61422,46
92549,73750,57
92551,99970,36
92553,78246,41
92555,121425,24
92557,94804,40
92561,94063,40
92562,114266,29
92563,125397,21
92567,107610,42
92570,79393,39
92571,92309,25
92582,105540,21
92583,68351,37
92584,113767,20
92585,106667,22
92586,57708,46
92587,104290,40
92590,85253,23
92591,114160,29
92592,134313,28
92595,106047,32
92596,132538,19
92602,161620,21
92603,173094,25
92604,133869,50
92606,135598,33
92610,195046,31
92612,106226,33
92614,122821,38
92617,91529,28
92618,145731,13
92620,146942,22
92624,140666,53
92625,174904,51
92626,114249,53
92627,108994,56
92629,142807,45
92630,125853,45
92637,59269,57
92646,130672,55
92647,105110,56
92648,130164,44
92649,123257,52
92651,146604,62
92653,133194,46
92655,66308,53
92656,137639,31
92657,185042,28
92660,159564,46
92661,209231,64
92662,165955,72
92663,141541,53
92672,111989,50
92673,182178,26
92675,129457,47
92676,116250,79
92677,140452,40
92678,98333,68
92679,211250,33
92683,85585,55
92688,152528,33
92691,141045,51
92692,131175,40
92694,189966,18
92701,70572,54
92703,84437,57
92704,99777,55
92705,129331,55
92706,102857,67
92707,105168,62
92708,115237,54
92780,101017,55
92782,146080,28
92801,83725,54
92802,84419,61
92804,76141,61
92805,91252,49
92806,97265,54
92807,138741,50
92808,158462,34
92821,123629,49
92823,169900,19
92831,89278,58
92832,94275,61
92833,114176,56
92835,143817,53
92840,98881,65
92841,84451,64
92843,81446,60
92844,79701,54
92845,136485,61
92860,127780,51
92861,202245,52
92865,127431,57
92866,79886,62
92867,130741,56
92868,97500,51
92869,138204,47
92870,115929,50
92879,92229,39
92880,151155,21
92881,134932,31
92882,104457,41
92883,132969,22
92886,153397,47
92887,163953,39
93001,88078,59
93003,103761,54
93004,114012,46
93010,111176,50
93012,135217,38
93013,110359,51
93015,92777,47
93021,147636,39
93022,110405,59
93023,80927,54
93030,92958,51
93033,87309,57
93035,106611,47
93036,101445,38
93040,94556,29
93041,90592,52
93060,80979,57
93063,125098,48
93065,120519,44
93066,156957,49
93067,71134,55
93101,90148,62
93103,122159,62
93105,138286,63
93108,230419,55
93109,123347,60
93110,129209,51
93111,144353,56
93117,90037,52
93201,47063,53
93202,64276,40
93203,49217,34
93204,55079,43
93205,39590,47
93206,53654,60
93207,52125,58
93210,74817,43
93212,58244,45
93215,66204,37
93218,91500,53
93219,52273,42
93221,86940,45
93222,69337,45
93223,60661,48
93224,47000,63
93225,67179,45
93230,76023,41
93234,52500,38
93235,52083,44
93238,49950,45
93239,48231,32
93240,31267,52
93241,33417,54
93242,73142,54
93245,80412,35
93247,60361,47
93249,46646,37
93250,54051,36
93251,80781,44
93252,43947,55
93254,60938,69
93255,24583,50
93256,56172,50
93257,59704,48
93258,51319,36
93260,56250,56
93261,43850,48
93263,71528,37
93265,99350,42
93266,62727,51
93267,47344,52
93268,57778,60
93270,67136,43
93271,85922,48
93272,51523,51
93274,72650,39
93277,80548,47
93280,51388,44
93283,48053,47
93285,40275,49
93286,47574,45
93287,49750,53
93291,82610,28
93292,82872,35
93301,43561,53
93304,50790,62
93305,43244,61
93306,69805,47
93307,56446,44
93308,62445,49
93309,63544,50
93311,116263,25
93312,114195,25
93313,91943,26
93314,126250,20
93401,96824,47
93402,109090,50
93405,60399,50
93420,110553,43
93422,91780,43
93426,102500,37
93427,102857,34
93428,99762,41
93429,169063,70
93430,89519,52
93432,146938,34
93433,86458,48
93434,67231,40
93436,80097,52
93437,84167,25
93440,79167,31
93441,142760,51
93442,95623,52
93444,110867,31
93445,72261,48
93446,97943,38
93449,118072,40
93451,98188,30
93452,54625,44
93453,78288,42
93454,81522,50
93455,110661,42
93458,75257,43
93460,114139,45
93461,92482,42
93463,118488,44
93465,129259,30
93501,56737,44
93505,59827,31
93510,121023,40
93512,68283,24
93513,67292,49
93514,81278,49
93516,61000,68
93517,120850,43
93518,62321,38
93523,70227,35
93526,72950,68
93527,62596,42
93531,164318,37
93532,113363,44
93534,61866,47
93535,70360,42
93536,106903,36
93541,121330,50
93543,72488,43
93544,89792,45
93545,43529,52
93546,105577,47
93549,73958,61
93550,62078,42
93551,119801,32
93552,85954,33
93553,74643,61
93555,86700,45
93560,77431,33
93561,87357,38
93562,65650,68
93591,63389,43
93601,76555,40
93602,78016,47
93604,134357,43
93606,43669,44
93608,42609,54
93609,78750,53
93610,68083,39
93611,110982,31
93612,66683,49
93614,87869,34
93615,59760,51
93616,55221,38
93618,61977,46
93619,136966,18
93620,45456,50
93621,137321,47
93622,48021,34
93624,35417,41
93625,72500,40
93626,173788,15
93628,26274,53
93630,58184,36
93631,79228,41
93635,67129,30
93636,133274,34
93637,71724,36
93638,62374,38
93640,49813,30
93643,71082,45
93644,81196,45
93645,79792,37
93646,50847,40
93647,58309,42
93648,52348,35
93650,49031,63
93651,107587,37
93652,44342,51
93653,120568,35
93654,65574,46
93656,72333,46
93657,78904,46
93660,55063,44
93662,61564,46
93664,141786,41
93666,42917,60
93667,75272,38
93668,59861,54
93669,250001,40
93673,44167,46
93675,49808,38
93701,32768,63
93702,47229,65
93703,48737,66
93704,73234,64
93705,57003,60
93706,40930,55
93710,65851,51
93711,104176,43
93720,105050,32
93721,40033,55
93722,80285,31
93723,128725,22
93725,72232,44
93726,55771,60
93727,87466,42
93728,62986,81
93730,155333,23
93737,127279,22
93901,91233,61
93905,80126,49
93906,97555,47
93907,104942,46
93908,156394,45
93920,76542,48
93921,96923,74
93923,142474,57
93924,148563,55
93925,72604,38
93926,77694,46
93927,82500,31
93930,75577,41
93932,134342,46
93933,99826,43
93940,106044,55
93950,106065,70
93953,142763,55
93954,60417,50
93955,85282,58
93960,96049,30
94002,203965,60
94005,156169,55
94010,196882,66
94014,122966,60
94015,127056,62
94018,230053,43
94019,153781,47
94020,250001,73
94021,250001,88
94022,250001,54
94024,250001,64
94025,216601,63
94027,250001,66
94028,250001,61
94030,163476,64
94037,233826,51
94038,99680,55
94040,187781,53
94041,178558,52
94043,203298,50
94044,160408,60
94060,127973,52
94061,146265,67
94062,233262,68
94063,116760,54
94065,215955,39
94066,141272,64
94070,240074,64
94074,250001,54
94080,136733,61
94085,192417,38
94086,177054,49
94087,207742,59
94089,158304,32
94102,60431,81
94103,116438,28
94105,225000,17
94107,182897,25
94108,65388,88
94109,106018,88
94110,158351,88
94111,152697,47
94112,135119,85
94114,204134,88
94115,151524,77
94116,158921,81
94117,167066,88
94118,163995,88
94121,133358,88
94122,146250,84
94123,218603,88
94124,80509,56
94127,214167,88
94129,220972,74
94130,93269,65
94131,199211,64
94132,112292,74
94133,87191,88
94134,119567,72
94158,196506,15
94301,242006,69
94303,151609,66
94304,154141,30
94305,83088,45
94306,210000,63
94401,122227,62
94402,172522,68
94403,174917,61
94404,192332,50
94501,127906,66
94502,180938,42
94503,121088,29
94505,146480,31
94506,250001,32
94507,250001,48
94508,116667,59
94509,86196,51
94510,121204,45
94511,74972,53
94513,142223,23
94514,76511,49
94515,94464,47
94516,113333,73
94517,168921,43
94518,112094,56
94519,122418,66
94520,82479,55
94521,125899,52
94523,142586,54
94525,110899,88
94526,225097,50
94528,207500,46
94530,128529,70
94531,120927,29
94533,87384,47
94534,140198,32
94535,83879,28
94536,167662,51
94538,147301,47
94539,243552,46
94541,105729,57
94542,133734,46
94544,107785,56
94545,114356,53
94546,128385,66
94547,129397,38
94548,189653,58
94549,234516,64
94550,180295,48
94551,145392,46
94552,212605,38
94553,124130,51
94555,219938,43
94556,215720,54
94558,113269,50
94559,105188,59
94560,169064,51
94561,134678,31
94563,250001,66
94564,127717,56
94565,95556,43
94566,191155,44
94567,80833,35
94568,214385,22
94569,38929,88
94571,87740,25
94572,91484,54
94573,250001,88
94574,139474,54
94576,170677,88
94577,108772,67
94578,94084,63
94579,99040,68
94580,110729,71
94582,214677,23
94583,184898,45
94585,94740,42
94586,204931,62
94587,133715,46
94588,191073,40
94589,92735,52
94590,65290,66
94591,104550,43
94592,115536,21
94595,100552,56
94596,135635,50
94597,132063,45
94598,186225,54
94599,80372,40
94601,72359,78
94602,122263,88
94603,76723,76
94605,106068,74
94606,72470,72
94607,94863,48
94608,120239,54
94609,107834,88
94610,134507,71
94611,180549,67
94612,74037,48
94618,201780,80
94619,129867,80
94621,52049,74
94702,99775,82
94703,109881,80
94704,50129,60
94705,167970,88
94706,143398,76
94707,212776,88
94708,234923,82
94709,89054,84
94710,102227,60
94801,81728,56
94803,118447,54
94804,91037,67
94805,111152,75
94806,86034,56
94901,115330,61
94903,142083,58
94904,169118,63
94920,246045,57
94923,147546,43
94924,101458,61
94925,232763,64
94928,99280,44
94929,209536,48
94930,145362,72
94931,101994,44
94933,133006,72
94937,78281,65
94939,203988,54
94940,47021,88
94941,209870,64
94945,107790,53
94946,154688,52
94947,128766,55
94949,120758,46
94951,106332,52
94952,117343,61
94954,113527,41
94956,82205,51
94957,250001,88
94960,185170,71
94963,210823,60
94964,115192,88
94965,146946,58
94970,132857,46
94971,119028,60
94973,231094,73
95002,121953,26
95003,148412,50
95004,130744,46
95005,104375,61
95006,102167,63
95007,91352,71
95008,141131,54
95010,105236,52
95012,80288,46
95013,173646,52
95014,230913,53
95017,102625,66
95018,129464,67
95019,67474,47
95020,137117,39
95023,116314,36
95030,250001,58
95032,203727,54
95033,189118,51
95035,178654,39
95037,163182,37
95039,49410,49
95041,96898,72
95043,150441,45
95045,110438,45
95046,158550,51
95050,138466,61
95051,196690,55
95054,207895,24
95060,108591,56
95062,112106,54
95064,121042,46
95065,153222,49
95066,151250,44
95070,250001,58
95073,118169,51
95075,135417,44
95076,91099,50
95110,131491,41
95111,101435,49
95112,89103,57
95113,151685,18
95116,85818,54
95117,116348,59
95118,152682,58
95119,174375,50
95120,250001,50
95121,150605,50
95122,103549,55
95123,144276,50
95124,185926,62
95125,160738,61
95126,128983,42
95127,128786,62
95128,131152,58
95129,195708,60
95130,159556,62
95131,170255,40
95132,178611,52
95133,142170,43
95134,203649,18
95135,190750,36
95136,142433,45
95138,204476,31
95139,178790,51
95140,163594,35
95148,167257,45
95202,31020,88
95203,63411,71
95204,75548,71
95205,60325,63
95206,83432,32
95207,69455,54
95209,108675,40
95210,67991,44
95212,111720,23
95215,71888,61
95219,112268,36
95220,114637,47
95222,70930,36
95223,106694,44
95224,46815,48
95227,150750,46
95228,107899,29
95230,128339,68
95231,90417,52
95232,71023,24
95233,50972,49
95236,104703,46
95237,87117,44
95240,82137,55
95242,104721,43
95245,84405,39
95246,98269,32
95247,76333,41
95249,45302,51
95251,127775,33
95252,89651,34
95253,144659,88
95255,51364,50
95257,71437,48
95258,93854,41
95301,68349,43
95303,144375,57
95304,115007,27
95306,81302,43
95307,80627,44
95310,54697,47
95311,56029,42
95312,80625,62
95313,90018,54
95315,71352,33
95316,97764,51
95317,57153,41
95318,57097,65
95319,45400,59
95320,82572,40
95321,74000,42
95322,65761,35
95323,75938,38
95324,76316,39
95326,87500,39
95327,68040,44
95328,62743,30
95329,79500,35
95330,125421,19
95333,62813,42
95334,76277,34
95335,67857,55
95336,89172,42
95337,117137,22
95338,67485,39
95340,71193,53
95341,57342,36
95345,68464,57
95346,92057,54
95348,64944,37
95350,75621,59
95351,58275,51
95354,72879,65
95355,86849,43
95356,96886,41
95357,95707,35
95358,76924,45
95360,79213,28
95361,92963,40
95363,95679,27
95365,39741,38
95366,112097,35
95367,87487,31
95368,94935,33
95369,75750,50
95370,82990,45
95372,97398,43
95374,57538,39
95376,102555,41
95377,158158,22
95379,74230,49
95380,74534,51
95382,95282,36
95383,86970,50
95385,53409,51
95386,73196,42
95387,66857,42
95388,57493,44
95389,51500,45
95391,176952,15
95401,93615,47
95403,98191,40
95404,105437,53
95405,118299,54
95407,82863,35
95409,107867,48
95415,45147,53
95421,78906,56
95422,42241,50
95423,41143,48
95425,119092,49
95426,84000,53
95427,58421,51
95428,46339,53
95429,13333,62
95436,109531,67
95437,57759,54
95441,126806,46
95442,164750,62
95444,105179,56
95445,127206,50
95446,85833,69
95448,105120,48
95449,90469,53
95450,123125,56
95451,62568,42
95452,118986,63
95453,71419,46
95454,42447,47
95456,63750,46
95457,63594,48
95458,57674,53
95459,68700,38
95460,73576,49
95461,78667,42
95462,85536,69
95464,61705,50
95465,120781,51
95466,108013,54
95467,84152,33
95468,115955,42
95469,82683,44
95470,76250,41
95472,108925,54
95476,105374,50
95482,69772,51
95485,104667,50
95490,79594,46
95492,134211,34
95493,74531,42
95494,58650,68
95497,138125,39
95501,54137,73
95503,71855,55
95519,73280,35
95521,53114,51
95524,87500,61
95525,57379,55
95526,39583,47
95527,76667,50
95528,55481,54
95531,67458,46
95536,73375,68
95537,78686,44
95538,67024,33
95540,63695,48
95542,46104,50
95543,50203,26
95546,61607,38
95547,96827,44
95548,43333,49
95549,95179,40
95550,104063,51
95551,64519,67
95552,77796,43
95553,41450,56
95554,33125,55
95555,39583,67
95558,51719,53
95560,23720,72
95562,42975,49
95563,62893,55
95564,78750,82
95565,57083,88
95567,102734,46
95570,74777,50
95573,47258,49
95585,36190,63
95589,43040,36
95595,28704,68
95601,94023,88
95602,97466,43
95603,85357,48
95605,71924,58
95607,149236,42
95608,86563,54
95610,83327,48
95612,104063,73
95614,133426,41
95615,73406,55
95616,74359,45
95618,115591,34
95619,66429,45
95620,103054,39
95621,80901,49
95623,109102,41
95624,125332,30
95625,86349,54
95626,90897,45
95627,101994,38
95628,115803,51
95629,90469,33
95630,139642,29
95631,104402,42
95632,102239,32
95633,74258,44
95634,57328,44
95635,101250,36
95636,92004,34
95638,91500,44
95640,97000,27
95641,74886,49
95642,81438,43
95645,61652,68
95648,112333,22
95650,117912,47
95651,103537,50
95652,23750,44
95655,143958,20
95658,126581,46
95659,68929,55
95660,68235,60
95661,105925,38
95662,96689,50
95663,155917,43
95664,117901,34
95665,87366,49
95666,84311,44
95667,89938,45
95668,90750,56
95669,89609,42
95670,89484,47
95671,232700,47
95672,146769,36
95673,95824,57
95674,104750,47
95677,105713,37
95678,100554,36
95681,95978,44
95682,122436,40
95683,140457,36
95684,87175,42
95685,83878,49
95686,52109,53
95687,109566,40
95688,118186,44
95689,122936,40
95690,90104,80
95691,104750,27
95692,95877,33
95693,161354,41
95694,109696,44
95695,79486,53
95698,143182,41
95699,250001,22
95701,98125,39
95703,100214,46
95709,79780,49
95713,87839,41
95714,95795,62
95715,163625,53
95722,125625,45
95726,91128,46
95728,89375,43
95735,111125,78
95736,190670,50
95742,155855,17
95746,183305,36
95747,136750,20
95757,138198,19
95758,117017,30
95762,165467,24
95765,138090,24
95776,106698,29
95811,80827,52
95814,58284,51
95815,60097,66
95816,90839,77
95817,64212,71
95818,118196,84
95819,136306,76
95820,78436,69
95821,64963,63
95822,86801,67
95823,66895,45
95824,56477,60
95825,64602,50
95826,82127,51
95827,85841,49
95828,81778,41
95829,105395,23
95830,135938,45
95831,100751,45
95832,82318,53
95833,97792,39
95834,101260,21
95835,114468,21
95837,193500,55
95838,68349,44
95841,61054,50
95842,68276,48
95843,98274,34
95864,127953,66
95901,69776,47
95903,60122,21
95912,86457,45
95913,121912,24
95914,102188,42
95916,28333,42
95917,90563,51
95918,56750,34
95922,36528,39
95926,61920,49
95928,64949,42
95930,2499,59
95932,66964,52
95935,54110,42
95938,82974,52
95939,40568,78
95942,116400,39
95943,49744,56
95945,65989,49
95946,84795,44
95947,82500,47
95948,60294,56
95949,98181,42
95951,70294,51
95953,74786,35
95954,61280,44
95956,61324,53
95957,78333,71
95959,86524,43
95960,52917,61
95961,89561,26
95962,77903,35
95963,68091,47
95965,53198,50
95966,65586,51
95968,42000,51
95969,69067,29
95970,69000,57
95971,83269,47
95973,92813,35
95975,103216,38
95977,104545,29
95979,24766,42
95981,91016,43
95982,96224,50
95983,54968,58
95987,95122,31
95988,66339,51
95991,70590,49
95993,93763,38
96001,72484,50
96002,73222,47
96003,72445,38
96006,46094,46
96007,61357,47
96008,92313,38
96010,28958,54
96011,25208,48
96013,53688,55
96015,45991,43
96016,54526,46
96017,48500,54
96019,67446,44
96020,50489,43
96021,59592,42
96022,89338,41
96023,47237,68
96024,43750,45
96025,46036,80
96027,64308,54
96028,76295,47
96029,85682,49
96032,72951,52
96033,44375,50
96034,73750,49
96035,49760,44
96037,117379,36
96038,59435,59
96039,41813,58
96044,51688,43
96048,50521,43
96050,40909,47
96051,69688,50
96052,37222,45
96055,59798,50
96056,61442,55
96057,50179,83
96058,47266,55
96062,129688,49
96064,61157,49
96065,61250,35
96067,65000,47
96069,71250,39
96073,120469,47
96074,51346,69
96076,29156,69
96080,66076,46
96084,60769,35
96085,105179,51
96086,88750,53
96087,110375,51
96088,65958,41
96090,70893,64
96091,61058,45
96092,40855,43
96093,65741,56
96094,68103,42
96096,64444,46
96097,53059,49
96101,61680,50
96103,82589,42
96104,52794,54
96105,122750,23
96107,61563,34
96109,43988,44
96110,78333,88
96113,67083,71
96114,79688,40
96115,71719,81
96117,104583,57
96118,54167,54
96120,100417,47
96121,58021,55
96122,54205,48
96123,41563,48
96124,205893,33
96125,95554,65
96128,91012,43
96129,52381,31
96130,72465,46
96132,68472,36
96134,49674,62
96137,65896,50
96140,181875,51
96141,125662,55
96142,95341,53
96143,69922,53
96145,112875,51
96146,160833,45
96148,103750,47
96150,92517,52
96161,131702,37
96701,111173,51
96703,98214,33
96704,86941,37
96705,118438,37
96706,129456,28
96707,119940,27
96708,100664,36
96712,88333,53
96713,54375,34
96714,132448,42
96716,105000,46
96717,102978,51
96719,79471,40
96720,80938,48
96722,100938,41
96725,93346,42
96727,85777,54
96728,67500,70
96729,59375,37
96730,126563,49
96731,73417,48
96732,101739,49
96734,132782,56
96737,45841,25
96738,80928,30
96740,95542,38
96741,110873,44
96742,73750,88
96743,101468,28
96744,131653,53
96746,88802,43
96747,95625,82
96748,77422,49
96749,85399,30
96750,92576,45
96752,90174,51
96753,88408,38
96754,90353,36
96755,96813,43
96756,99274,43
96757,74432,57
96760,103286,24
96761,101123,44
96762,125645,50
96763,92417,37
96764,55769,67
96765,102679,41
96766,100678,40
96768,100391,42
96769,46250,88
96770,54792,47
96771,62426,26
96772,48914,32
96773,65179,24
96776,93241,53
96777,64643,51
96778,39750,35
96779,98929,46
96780,66250,47
96781,96400,49
96782,108669,54
96783,77391,46
96785,68463,29
96786,85554,49
96789,127066,41
96790,100693,43
96791,97470,53
96792,87509,48
96793,107668,38
96795,120714,49
96796,89205,54
96797,114654,43
96813,91690,40
96814,77768,35
96815,77096,53
96816,114609,62
96817,75476,52
96818,100567,44
96819,99848,57
96821,174938,56
96822,95947,56
96825,153210,49
96826,68296,52
96848,21042,666668692
97001,39250,52
97002,70137,47
97003,99072,35
97004,112667,49
97005,78239,52
97006,104790,28
97007,123533,33
97008,96116,48
97009,106650,49
97011,91292,42
97013,101832,35
97014,75000,47
97015,87333,32
97016,79375,50
97017,83355,38
97018,96750,35
97019,104022,52
97020,80729,26
97021,89500,48
97022,92945,47
97023,76762,35
97024,69679,32
97026,90461,33
97027,94375,50
97028,76716,29
97029,61116,56
97030,69239,47
97031,91858,41
97032,101250,47
97034,149236,49
97035,130603,44
97037,70000,50
97038,89564,35
97039,93056,88
97040,73250,47
97041,82679,44
97042,118045,49
97045,103573,40
97048,77171,48
97049,92056,56
97050,39306,43
97051,85869,45
97053,142538,48
97054,87327,31
97055,112323,30
97056,94209,44
97058,62181,58
97060,88279,37
97062,105407,35
97063,58490,39
97064,67317,39
97065,53875,66
97067,87794,43
97068,151729,39
97070,97429,28
97071,70938,49
97078,90606,44
97080,96305,38
97086,102359,27
97089,123689,45
97101,99837,42
97103,75147,70
97106,104250,35
97107,70417,51
97108,69500,52
97109,150893,50
97110,68500,48
97111,108453,38
97112,61061,46
97113,96859,36
97114,84228,49
97115,117446,34
97116,92613,45
97117,121818,50
97118,53828,57
97119,115515,51
97121,59470,46
97122,91058,31
97123,109985,32
97124,110067,31
97125,250001,8
97127,95089,26
97128,75896,36
97130,105192,40
97131,70833,37
97132,96493,37
97133,133167,30
97135,93424,34
97136,66106,45
97137,106488,58
97138,60411,51
97140,123228,30
97141,69831,49
97145,147647,47
97146,82936,38
97147,64792,69
97148,109179,38
97149,70643,51
97201,63250,39
97202,104971,70
97203,78660,63
97205,57288,63
97206,98548,69
97209,80301,22
97210,93621,72
97211,112586,80
97212,131932,88
97213,97068,83
97214,87131,88
97215,116264,83
97216,70442,57
97217,100361,75
97218,88924,67
97219,121306,53
97220,70137,66
97221,145671,57
97222,83119,55
97223,106757,41
97224,98125,38
97225,114598,54
97227,93293,21
97229,161570,28
97230,75572,52
97231,137527,50
97232,70895,52
97233,60198,52
97236,75090,47
97239,110134,41
97266,72577,52
97267,87418,53
97301,60422,56
97302,85833,53
97303,84871,45
97304,98031,37
97305,66326,40
97306,101753,31
97317,84393,48
97321,99416,37
97322,69808,46
97324,67891,59
97325,100056,36
97326,106628,47
97327,81267,46
97329,43929,51
97330,70742,52
97333,65191,35
97335,120446,47
97338,78858,39
97341,66331,38
97342,63125,47
97344,59000,51
97346,83750,41
97347,52500,39
97348,108611,64
97350,41875,60
97351,88519,30
97352,107000,39
97355,68595,47
97357,64844,47
97358,95391,31
97360,67250,54
97361,69505,36
97362,66250,47
97364,88056,59
97365,64363,48
97366,85577,37
97367,58472,44
97368,61821,40
97370,88091,42
97374,97207,50
97375,110758,51
97376,70446,45
97377,120478,47
97378,79746,35
97380,60132,38
97381,89383,46
97383,78853,42
97385,84796,34
97386,64669,52
97388,73750,46
97389,94909,31
97390,73487,55
97391,62292,59
97392,109237,27
97394,60660,37
97396,57614,46
97401,52022,42
97402,57658,49
97403,45417,52
97404,86776,51
97405,95170,54
97408,104945,29
97411,50993,38
97412,75972,56
97413,63558,39
97414,24851,56
97415,69152,40
97416,65035,50
97417,50217,50
97419,80234,47
97420,61574,53
97423,61020,55
97424,79688,50
97426,90125,42
97429,54226,48
97430,57262,47
97431,60714,51
97432,36556,84
97434,55500,78
97435,52067,50
97436,61944,48
97437,95129,47
97438,125156,56
97439,61982,39
97442,46979,54
97443,82719,48
97444,64920,48
97446,78229,48
97447,56522,47
97448,81029,49
97449,66000,43
97450,63487,64
97451,69028,51
97452,97669,34
97453,56417,55
97454,88700,45
97455,118456,52
97456,71111,45
97457,57356,51
97458,51760,54
97459,82035,57
97461,106845,80
97462,68507,51
97463,41734,64
97465,43777,49
97466,50278,53
97467,58202,53
97469,57444,64
97470,54751,54
97471,71670,47
97476,42045,32
97477,65662,55
97478,80086,47
97479,59335,43
97480,67045,68
97484,54750,41
97486,78795,31
97487,65625,35
97488,85688,47
97489,87232,38
97490,109375,36
97493,51116,78
97495,77986,35
97496,56071,47
97497,36210,48
97498,67188,44
97499,58958,52
97501,63977,49
97502,83488,34
97503,70263,38
97504,83923,40
97520,67948,46
97522,41563,55
97523,47589,43
97524,82933,31
97525,72025,47
97526,61019,49
97527,66975,38
97530,89239,42
97531,28686,24
97532,81167,41
97534,39194,44
97535,66052,32
97536,58466,47
97537,65849,46
97538,44099,43
97539,51875,29
97540,65762,34
97541,41105,49
97544,55583,41
97601,51780,61
97603,66937,52
97620,83750,36
97621,23786,47
97622,24902,63
97623,66927,39
97624,48628,37
97625,123409,666668692
97627,63563,52
97630,69531,63
97632,44167,67
97633,62019,71
97634,68450,57
97635,86172,26
97636,58125,48
97637,61875,38
97638,52303,42
97640,63636,21
97641,33125,40
97701,87739,28
97702,96112,26
97703,120841,27
97707,85272,34
97710,47344,59
97720,49170,51
97721,76250,42
97722,78750,66
97730,93750,47
97731,147679,15
97732,43750,47
97733,45759,34
97734,82429,32
97737,107546,77
97738,89071,60
97739,58579,34
97741,70983,44
97750,54837,47
97753,158125,19
97754,77199,33
97756,87278,25
97758,21875,62
97759,102734,31
97760,87603,29
97761,57000,36
97801,71639,57
97810,68654,61
97812,77258,41
97813,75700,54
97814,64852,61
97818,61523,41
97819,55000,51
97820,67115,53
97823,57727,70
97824,80263,34
97825,67500,55
97826,58750,69
97827,60766,52
97828,58850,65
97830,54583,54
97833,83750,47
97834,43889,62
97835,132292,88
97836,88591,63
97838,69599,39
97839,40568,57
97840,85469,62
97841,73750,52
97843,104435,55
97844,76090,34
97845,68036,61
97846,71471,41
97848,50000,47
97850,63421,55
97856,44318,48
97857,68375,41
97859,61250,52
97862,54786,51
97864,39202,68
97865,59247,55
97867,83846,63
97868,91813,70
97869,56875,52
97870,57159,67
97873,39821,79
97874,58636,51
97875,57451,51
97876,119531,49
97877,25662,53
97882,69223,34
97883,65172,54
97884,45694,49
97885,76645,56
97886,92955,47
97901,45500,44
97903,117778,40
97904,53750,52
97906,47054,56
97907,36688,70
97910,73317,48
97911,27500,53
97913,55921,64
97914,50857,48
97917,130625,52
97918,63342,55
98001,106791,40
98002,78684,47
98003,75319,42
98004,182545,25
98005,160849,46
98006,198150,46
98007,131109,47
98008,184583,58
98010,142048,25
98011,131667,33
98012,146144,27
98014,164306,34
98019,161212,32
98020,130319,54
98021,183786,29
98022,120406,44
98023,104893,42
98024,160641,46
98026,133638,49
98027,153301,38
98028,139764,41
98029,170759,25
98030,91761,40
98031,105965,42
98032,82636,41
98033,182500,37
98034,135219,46
98036,88958,41
98037,107281,41
98038,152261,28
98039,250001,53
98040,219069,53
98042,127552,38
98043,107687,53
98045,175765,38
98047,115188,39
98051,136439,35
98052,163460,34
98053,192292,25
98055,97224,36
98056,113688,38
98057,68552,39
98058,115201,46
98059,138654,34
98065,198216,22
98068,100096,47
98070,120571,51
98072,175805,39
98074,244362,34
98075,250001,27
98077,184306,40
98087,106693,25
98092,122300,28
98101,128882,26
98102,114925,54
98103,131154,56
98104,61460,29
98105,74349,51
98106,124212,45
98107,142662,31
98108,95780,57
98109,133663,21
98110,172188,37
98112,171572,84
98115,156142,64
98116,126151,52
98117,182984,76
98118,113762,58
98119,123551,57
98121,152019,21
98122,106886,38
98125,99868,52
98126,116466,61
98133,93662,51
98134,68214,59
98136,149269,66
98144,96969,51
98146,102520,61
98148,87342,50
98155,131540,57
98164,250001,22
98166,114969,65
98168,88083,61
98177,169918,66
98178,99505,64
98188,76438,50
98198,86239,50
98199,180789,66
98201,74554,65
98203,107376,51
98204,68513,36
98208,103705,37
98220,92266,65
98221,96528,36
98222,106333,56
98223,99681,31
98224,78636,54
98225,63941,50
98226,79375,31
98229,90945,39
98230,86623,33
98232,104559,45
98233,87614,40
98235,63307,73
98236,94362,36
98237,61711,39
98239,92125,34
98240,110116,37
98241,73185,48
98243,139167,49
98244,67159,39
98245,95811,37
98247,88724,43
98248,91060,32
98249,99519,35
98250,88556,35
98251,83891,34
98252,98370,32
98253,71131,34
98255,68194,75
98256,94375,59
98257,94425,43
98258,123898,30
98260,101987,33
98261,80119,41
98262,83000,47
98263,133750,88
98264,103638,34
98266,51361,38
98270,108147,34
98271,95654,31
98272,122352,31
98273,76717,43
98274,96177,36
98275,132861,37
98276,97159,23
98277,83253,36
98279,70417,36
98280,80192,48
98281,78125,46
98282,105231,35
98283,72237,45
98284,93006,38
98286,74250,49
98288,64583,54
98290,132973,39
98292,101765,33
98294,96676,30
98295,98965,41
98296,177583,31
98297,45625,42
98303,80282,33
98304,113718,55
98305,98715,66
98310,75878,55
98311,108757,43
98312,90449,46
98314,184417,88
98315,79918,46
98320,55893,42
98321,127411,32
98323,121875,49
98325,79191,27
98326,46500,49
98327,120781,24
98328,103696,34
98329,110316,36
98331,62135,49
98332,135330,30
98333,172292,36
98335,128592,36
98336,67632,42
98337,68561,85
98338,114819,30
98339,77778,46
98340,79876,31
98342,102778,35
98346,114779,33
98349,75875,35
98350,51250,39
98351,151660,42
98354,96866,38
98355,102438,49
98356,60060,57
98357,55250,41
98358,110368,33
98359,114091,37
98360,125842,25
98362,70123,51
98363,64869,45
98365,98776,33
98366,92011,43
98367,115482,31
98368,69688,40
98370,116756,35
98371,97242,44
98372,98152,38
98373,103796,33
98374,112662,31
98375,117074,24
98376,57250,38
98377,56167,52
98380,125229,35
98381,58571,52
98382,74189,35
98383,111139,34
98385,152500,45
98387,106872,32
98388,100851,48
98390,97795,36
98391,135037,27
98392,85530,41
98396,112031,50
98402,60505,38
98403,88056,88
98404,82191,55
98405,75946,84
98406,104264,63
98407,110288,55
98408,80899,74
98409,73348,50
98418,89706,88
98421,26307,9
98422,118604,36
98424,94122,26
98433,60158,35
98439,50509,47
98443,105035,53
98444,65342,50
98445,92520,39
98446,101938,32
98465,73226,56
98466,101778,50
98467,91354,42
98498,91664,52
98499,67292,51
98501,97198,40
98502,92207,38
98503,89002,40
98506,91596,49
98512,101530,34
98513,113053,31
98516,98892,23
98520,58153,70
98524,99483,30
98526,58162,54
98527,59659,32
98528,91058,35
98530,80682,48
98531,63406,49
98532,89910,42
98533,39208,45
98535,92544,56
98537,79459,58
98538,105000,67
98539,87625,88
98541,78816,46
98542,52963,22
98546,97159,37
98547,42400,50
98548,68452,37
98550,55040,75
98552,47396,50
98557,78594,42
98560,72596,35
98563,84634,50
98564,60147,41
98565,73750,35
98566,58269,50
98568,84531,43
98569,58378,30
98570,95795,45
98572,64013,69
98575,68125,54
98576,104896,32
98577,63780,58
98579,99411,32
98580,104684,35
98581,43009,84
98582,89387,82
98583,62750,88
98584,78610,38
98585,74167,40
98586,50893,59
98587,51458,45
98588,61975,35
98589,83855,33
98590,110706,34
98591,78952,42
98592,138370,39
98593,84244,38
98595,66579,46
98596,80188,37
98597,92219,28
98601,106776,38
98602,53617,36
98603,78281,24
98604,112448,29
98605,72917,66
98606,115151,37
98607,128318,26
98610,72773,48
98611,86322,44
98612,59583,44
98613,95000,32
98614,94219,44
98617,71130,39
98619,76667,50
98620,60500,45
98621,91250,60
98624,83214,53
98625,116435,31
98626,75528,51
98628,63438,72
98629,106779,31
98631,71705,46
98632,66305,56
98635,61448,30
98638,63664,61
98639,100417,34
98640,65735,38
98641,86853,31
98642,120822,21
98644,48333,83
98645,101429,35
98648,96696,45
98649,73750,39
98650,76607,32
98651,90000,41
98660,67344,55
98661,76913,45
98662,94303,33
98663,86018,59
98664,85369,48
98665,88559,38
98671,111545,30
98672,97622,34
98673,42188,73
98674,94245,31
98675,99877,30
98682,99918,30
98683,87659,34
98684,90620,30
98685,130972,34
98686,107801,29
98801,81488,47
98802,87744,35
98812,59297,42
98813,49969,50
98814,98715,55
98815,88108,47
98816,82577,38
98819,63000,30
98821,134233,70
98822,86103,42
98823,73074,49
98824,44028,61
98826,87646,37
98827,43309,35
98828,70197,32
98829,36875,42
98830,83125,75
98831,82650,29
98832,31964,88
98833,117639,25
98834,71667,36
98837,74586,37
98840,57342,53
98841,71809,47
98843,69425,25
98844,44201,44
98845,56250,57
98846,84464,42
98847,68814,47
98848,87714,29
98849,63875,39
98850,83125,49
98851,63333,52
98852,47750,43
98855,60179,45
98856,70089,40
98857,61860,48
98858,78669,88
98859,98108,22
98860,62500,71
98862,71080,32
98901,57392,44
98902,63092,67
98903,75343,48
98908,84197,43
98922,73603,27
98923,47776,56
98925,97250,35
98926,71137,34
98930,64583,49
98932,71806,49
98933,75972,51
98934,79063,55
98935,61316,47
98936,99280,29
98937,77143,54
98938,46022,42
98940,246441,27
98941,104800,88
98942,84646,41
98943,66750,57
98944,64276,50
98946,121875,49
98947,75057,33
98948,65759,58
98951,63356,55
98952,50417,50
98953,84766,47
99001,62518,14
99003,77129,40
99004,67337,32
99005,125530,27
99006,72200,35
99008,106544,52
99009,81809,43
99011,69917,61
99012,88571,67
99013,49518,35
99016,103472,23
99017,58958,58
99018,52813,88
99019,120053,25
99021,85489,40
99022,93812,38
99023,114298,23
99025,118712,43
99026,100599,32
99027,74718,46
99029,69919,53
99030,86250,53
99031,98182,48
99032,61964,78
99033,58750,66
99036,121518,35
99037,87713,31
99039,65909,41
99040,70200,30
99101,78750,31
99102,56833,52
99103,53125,73
99105,51250,88
99109,62391,49
99110,76106,30
99111,73393,71
99113,104643,55
99114,62711,46
99115,62708,51
99116,65946,69
99117,63750,42
99118,68875,34
99119,95385,33
99122,82386,50
99123,87841,49
99124,70000,50
99125,52569,88
99128,58942,88
99129,40938,32
99130,82000,78
99131,35391,32
99133,68854,58
99134,41774,60
99135,80469,88
99136,87708,88
99137,50972,28
99138,50833,47
99139,52404,48
99140,53529,50
99141,58302,38
99143,38214,73
99147,84063,24
99148,67431,34
99149,26250,88
99150,61833,41
99151,55489,76
99152,66250,54
99153,44000,67
99155,50909,43
99156,65271,42
99157,43650,49
99158,78375,85
99159,64688,73
99161,87464,82
99163,48231,43
99166,56676,39
99167,70364,49
99169,66061,74
99170,58750,85
99171,53333,72
99173,60000,39
99174,50179,68
99176,128000,88
99179,79063,66
99180,63750,41
99181,63661,45
99185,73094,63
99201,41171,88
99202,65189,68
99203,104372,75
99204,58277,86
99205,77374,77
99206,81764,49
99207,60452,75
99208,88599,40
99212,67049,54
99216,74278,44
99217,73620,41
99218,80733,47
99223,94279,38
99224,80770,27
99301,87951,26
99320,90102,32
99321,75795,49
99323,93092,40
99324,62839,45
99326,82500,53
99328,72756,75
99330,140093,33
99333,98315,63
99335,91667,48
99336,62527,51
99337,98848,37
99338,111042,21
99341,68558,79
99343,59451,51
99344,64888,44
99345,102500,46
99346,50865,28
99347,64699,67
99348,79167,39
99349,61333,28
99350,81014,40
99352,100108,25
99353,121845,25
99354,91933,57
99356,55750,36
99357,57034,39
99359,61000,64
99360,93036,51
99361,91367,63
99362,72474,56
99371,77500,84
99401,41438,37
99402,78906,41
99403,71482,51
99501,70891,52
99502,116071,43
99503,76144,51
99504,86710,44
99505,100781,22
99506,76258,27
99507,107992,40
99508,79314,51
99515,113995,40
99516,173984,39
99517,103880,50
99518,93995,42
99540,146086,40
99546,250001,42
99548,80625,41
99549,61250,37
99550,46250,49
99551,30000,33
99552,78929,40
99553,35833,37
99554,41607,33
99555,75417,38
99556,62179,32
99557,74286,38
99558,80000,40
99559,113333,37
99561,51818,40
99563,35875,28
99565,71875,44
99567,147319,40
99568,85000,33
99571,70000,41
99572,143672,43
99573,78558,36
99574,85132,44
99575,58750,36
99576,99125,41
99577,136900,37
99578,45417,24
99579,24250,43
99581,57764,30
99585,52083,31
99587,163704,39
99588,110136,43
99589,26875,25
99590,46250,44
99603,78767,34
99604,49688,33
99606,76250,40
99607,47917,33
99609,60833,40
99610,56333,30
99611,79757,41
99612,61645,48
99613,129063,36
99614,45250,35
99615,88456,39
99620,58043,42
99621,51917,37
99622,56250,35
99623,88799,24
99624,37188,41
99625,21250,40
99626,30500,40
99627,59063,47
99628,50625,41
99630,28542,43
99632,65078,42
99633,88750,42
99634,43750,36
99636,66250,36
99637,57083,43
99639,47333,32
99640,58125,37
99641,43438,37
99643,30000,51
99645,100455,29
99647,104063,42
99648,47500,33
99649,95625,42
99650,45000,40
99652,78578,33
99653,67750,35
99654,97544,29
99655,50208,39
99657,61875,38
99658,47188,36
99659,53750,48
99660,158438,39
99661,80469,47
99662,41607,42
99663,84306,40
99664,87760,40
99667,63750,38
99669,80980,32
99670,54063,49
99671,48056,33
99672,100642,34
99674,63688,38
99675,66000,40
99676,54028,28
99677,49063,37
99678,57083,41
99679,67813,48
99680,44583,42
99681,54306,41
99682,66250,58
99683,73098,33
99684,93750,42
99685,135759,34
99686,99349,46
99688,77197,30
99689,85000,44
99690,38929,44
99692,110625,33
99693,59688,72
99694,74531,30
99701,75668,50
99702,68640,27
99703,68667,21
99705,96964,41
99709,86294,41
99712,112808,38
99714,88258,41
99721,95500,44
99722,38125,40
99723,115313,41
99725,53364,42
99726,129167,40
99727,58990,43
99729,43438,44
99730,24545,48
99733,24500,30
99736,58333,37
99737,83107,38
99738,40750,45
99739,37031,40
99740,42022,41
99741,87875,41
99742,52500,44
99743,106250,33
99744,101875,46
99746,30417,37
99747,93750,43
99748,68125,43
99749,67386,35
99750,72589,46
99751,37917,35
99752,110357,40
99753,36563,40
99755,63603,38
99756,58125,38
99759,104063,39
99760,66823,42
99761,83750,35
99762,113558,43
99763,63750,35
99764,33036,44
99765,53021,39
99766,74844,44
99769,53750,44
99770,52500,38
99771,80417,35
99772,61458,39
99773,78750,40
99775,71959,49
99776,53125,43
99777,83036,42
99778,54375,40
99780,64330,37
99781,67500,41
99782,93750,46
99783,37188,46
99784,62500,38
99785,63088,32
99786,40556,36
99788,59286,38
99789,78438,44
99791,90625,35
99801,102217,44
99820,45288,49
99824,92188,48
99826,63558,31
99827,85208,40
99829,80500,44
99830,52159,43
99832,64750,44
99833,75125,47
99835,101727,47
99836,57813,44
99840,81136,41
99841,54375,40
99901,92885,49
99918,62917,33
99919,61250,39
99921,64250,38
99922,46875,37
99925,61250,37
99926,72279,43
99929,64375,50
