zcta,median_household_income,median_year_built
00601,19454,1979
00602,21420,1978
00603,20933,1982
00606,20992,1980
00610,24496,1978
00611,20360,1985
00612,24488,1977
00616,21846,1979
00617,25013,1986
00622,26585,1991
00623,26388,1986
00624,22979,1983
00627,27411,1986
00631,19278,1977
00636,-666666666,1966
00637,21987,1983
00638,22610,1985
00641,21102,1984
00646,36265,1984
00647,20023,1982
00650,21447,1988
00652,35383,1989
00653,16736,1980
00656,24065,1976
00659,27513,1989
00660,26851,1978
00662,23299,1982
00664,21767,1984
00667,19534,1982
00669,18778,1984
00670,16367,1982
00674,22537,1975
00676,23272,1987
00677,24266,1979
00678,23874,1985
00680,17896,1968
00682,18793,1969
00683,18543,1978
00685,20310,1983
00687,25003,1987
00688,18023,1985
00690,25755,1997
00692,25568,1986
00693,24596,1979
00694,16094,1977
00698,24310,1981
00703,23292,1981
00704,20899,1986
00705,21712,1981
00707,17750,1985
00714,21186,1977
00715,22670,1980
00716,20652,1975
00717,13602,1970
00718,23487,1986
00719,22129,1981
00720,20151,1982
00723,24574,1987
00725,29575,1978
00727,34094,1983
00728,23031,1978
00729,31239,1984
00730,18089,1974
00731,18736,1984
00735,25243,1987
00736,29971,1982
00738,25531,1980
00739,29463,1991
00740,26027,1979
00741,26585,1976
00745,29268,1984
00751,21952,1981
00754,22964,1985
00757,25938,1989
00765,19803,1987
00766,26234,1986
00767,23054,1984
00769,21829,1985
00771,24891,1991
00772,18945,1988
00773,24225,1979
00775,29630,1996
00777,29928,1990
00778,42178,1992
00780,27967,1994
00782,16896,1980
00783,23914,1979
00784,20558,1979
00786,-666666666,1979
00791,27034,1984
00794,23899,1984
00795,24602,1986
00901,27557,1957
00906,-666666666,2004
00907,41615,1971
00909,23101,1982
00911,42382,1971
00912,31636,1962
00913,7049,1952
00915,16590,1957
00917,19357,1966
00918,39287,1971
00920,30259,1954
00921,23598,1961
00923,20349,1965
00924,25724,1968
00925,17404,1950
00926,40606,1978
00927,38728,1967
00934,-666666666,-666666666
00949,34563,1977
00950,-666666666,-666666666
00951,22669,1956
00952,22288,1973
00953,36099,1991
00956,29280,1972
00957,29913,1973
00959,31572,1970
00960,-666666666,-666666666
00961,39393,1975
00962,21288,1974
00965,19136,1970
00966,60203,1976
00968,58869,1977
00969,61101,1982
00971,29526,1986
00976,39901,1980
00979,40049,1973
00982,28906,1965
00983,35638,1966
00985,33863,1967
00987,43159,1987
01001,75342,1969
01002,70818,1975
01003,-666666666,1976
01005,111148,1971
01007,108125,1984
01008,97554,1971
01009,72841,1938
01010,111250,1988
01011,89299,1953
01012,83333,1971
01013,59759,1953
01020,66009,1962
01022,51373,1959
01026,92250,1947
01027,74146,1966
01028,106424,1966
01029,107679,1966
01030,93815,1971
01031,60517,1938
01032,97500,1951
01033,119297,1966
01034,91016,1975
01035,119259,1971
01036,104536,1966
01037,74722,1981
01038,106635,1962
01039,116429,1970
01040,53605,1950
01050,95882,1963
01053,92582,1973
01054,104688,1973
01056,84838,1964
01057,98508,1971
01060,76848,1942
01062,87588,1962
01063,91344,1938
01066,-666666666,-666666666
01068,102000,1979
01069,80190,1969
01070,60536,1967
01071,111042,1968
01072,111667,1980
01073,123125,1983
01074,79583,1972
01075,93910,1961
01077,120462,1978
01079,70588,1944
01080,89063,1955
01081,86979,1983
01082,69018,1962
01083,64032,1977
01084,93125,1973
01085,88728,1965
01088,85368,1973
01089,69371,1958
01092,68614,1938
01093,110909,1958
01094,-666666666,1978
01095,122330,1966
01096,104375,1972
01097,-666666666,1938
01098,96250,1959
01103,21355,1938
01104,50154,1949
01105,24036,1938
01106,147935,1957
01107,35632,1943
01108,50661,1938
01109,48415,1943
01118,80250,1956
01119,57857,1959
01128,100313,1971
01129,97162,1971
01144,-666666666,-666666666
01151,55324,1954
01201,71093,1951
01220,58929,1938
01222,71042,1974
01223,86818,1977
01224,76222,1975
01225,69803,1964
01226,79438,1957
01229,-666666666,1946
01230,86694,1970
01235,79327,1971
01236,111250,1938
01237,90898,1983
01238,84591,1960
01240,107826,1968
01242,-666666666,-666666666
01243,91250,1938
01244,75833,1960
01245,136875,1973
01247,52330,1938
01253,116806,1982
01254,125893,1974
01255,91111,1978
01256,61328,1982
01257,102788,1977
01258,142500,1967
01259,158125,1984
01260,-666666666,1938
01262,145750,1959
01264,93750,1961
01266,100417,1971
01267,106375,1961
01270,116375,1973
01301,56176,1947
01330,83493,1964
01331,72181,1957
01337,85045,1973
01338,50521,1938
01339,68365,1967
01340,78804,1967
01341,97417,1976
01342,109205,1973
01343,69375,1984
01344,77656,1957
01346,113650,1988
01347,72467,1962
01349,75033,1938
01350,-666666666,1938
01351,98229,1973
01354,90208,1968
01355,82713,1969
01360,103375,1962
01364,55532,1967
01366,110750,1962
01367,72813,1959
01368,102500,1979
01370,81008,1950
01373,106413,1972
01375,68083,1979
01376,55652,1947
01378,93333,1974
01379,59583,1982
01380,73472,1952
01420,72780,1950
01430,118683,1981
01431,115598,1970
01432,101966,1977
01434,162143,1941
01436,77721,1941
01438,-666666666,1938
01440,67440,1954
01450,193292,1988
01451,214792,1975
01452,123500,1986
01453,84296,1967
01460,149722,1977
01462,112992,1972
01463,123911,1981
01464,122365,1984
01468,113427,1991
01469,103801,1977
01473,106331,1977
01474,136371,1967
01475,76552,1981
01501,116762,1963
01503,121336,1992
01504,94191,1967
01505,140962,1977
01506,81250,1982
01507,117587,1985
01510,89781,1956
01515,81042,1968
01516,153172,1986
01518,136111,1989
01519,178263,1985
01520,148125,1968
01521,91979,1972
01522,100625,1982
01523,134833,1973
01524,102099,1970
01525,-666666666,-666666666
01527,118790,1965
01529,127188,1974
01531,99500,1987
01532,153199,1980
01534,141250,1985
01535,79285,1953
01536,115938,1969
01537,102956,1983
01540,110579,1968
01541,158750,1975
01542,96111,1969
01543,145707,1990
01545,139302,1979
01550,66287,1956
01560,107031,1979
01561,-666666666,-666666666
01562,80533,1968
01564,129063,1980
01566,137730,1979
01568,160417,1982
01569,124222,1977
01570,72895,1962
01571,84604,1967
01581,141944,1976
01583,106094,1966
01585,87857,1973
01588,92486,1963
01590,147015,1982
01602,91764,1951
01603,66049,1942
01604,73505,1957
01605,54642,1957
01606,92105,1954
01607,78727,1945
01608,45687,1973
01609,68381,1949
01610,51472,1938
01611,109868,1951
01612,134083,1967
01701,137094,1963
01702,82496,1970
01718,104167,1975
01719,144611,1989
01720,159010,1974
01721,127539,1984
01730,172400,1976
01731,104688,1974
01740,205449,1988
01741,250001,1976
01742,195125,1969
01745,185994,1954
01746,159817,1966
01747,115722,1959
01748,222801,1990
01749,103400,1970
01752,91968,1974
01754,124067,1963
01756,132256,1985
01757,96621,1971
01760,138563,1968
01770,250001,1968
01772,201568,1982
01773,209327,1971
01775,185809,1974
01776,236509,1976
01778,219375,1963
01801,111185,1968
01803,146436,1972
01810,172606,1973
01821,149042,1972
01824,140050,1967
01826,114196,1975
01827,208512,1987
01830,78571,1953
01832,83041,1971
01833,153750,1974
01834,141487,1983
01835,113578,1975
01840,42211,1955
01841,56971,1943
01843,67585,1954
01844,113212,1968
01845,140670,1979
01850,69780,1938
01851,92401,1941
01852,80906,1956
01854,72709,1967
01860,123054,1982
01862,138571,1977
01863,144875,1971
01864,147768,1975
01867,165912,1960
01876,130204,1981
01879,129348,1987
01880,134306,1956
01886,187198,1983
01887,168152,1979
01890,230198,1954
01901,36119,1948
01902,67046,1938
01904,99614,1951
01905,84333,1949
01906,101539,1962
01907,134386,1955
01908,112762,1938
01913,103554,1969
01915,104918,1956
01921,200672,1979
01922,142207,1984
01923,125395,1963
01929,156442,1969
01930,83883,1946
01937,-666666666,-666666666
01938,138750,1964
01940,173214,1965
01944,206389,1955
01945,179583,1945
01949,167402,1986
01950,139625,1954
01951,182684,1949
01952,93361,1980
01960,96501,1966
01965,250001,1982
01966,96250,1951
01969,132734,1975
01970,85041,1938
01982,132571,1958
01983,195718,1969
01984,194781,1961
01985,179500,1983
02019,125307,1973
02021,143381,1980
02025,199306,1968
02026,128955,1956
02030,250001,1970
02032,180682,1959
02035,115833,1976
02038,145773,1985
02043,178390,1976
02045,115485,1946
02047,106333,1946
02048,125273,1980
02050,126241,1967
02052,235800,1970
02053,173750,1976
02054,155996,1974
02056,200720,1984
02061,188699,1968
02062,107030,1960
02066,136689,1961
02067,192314,1970
02071,213885,1979
02072,104794,1969
02081,156250,1979
02090,223125,1968
02093,151676,1984
02108,212928,1938
02109,158843,1954
02110,138438,1977
02111,87404,1980
02113,113314,1938
02114,132210,1966
02115,54991,1938
02116,126496,1938
02118,98224,1947
02119,48488,1967
02120,64289,1976
02121,43136,1944
02122,86150,1938
02124,81923,1938
02125,82953,1941
02126,65709,1952
02127,164387,1948
02128,90106,1938
02129,157247,1938
02130,131551,1938
02131,111006,1938
02132,138724,1948
02133,-666666666,1938
02134,78679,1942
02135,90829,1956
02136,96737,1954
02138,119967,1938
02139,134586,1938
02140,135286,1955
02141,126522,1980
02142,147723,2005
02143,130753,1938
02144,150313,1938
02145,123755,1938
02148,100606,1950
02149,85218,1938
02150,72179,1941
02151,86969,1965
02152,116167,1938
02155,129700,1942
02163,84583,1987
02169,96290,1965
02170,103627,1938
02171,106885,1960
02176,133953,1938
02180,113964,1964
02184,122214,1957
02186,188033,1945
02188,107335,1965
02189,94541,1961
02190,99657,1969
02191,120324,1952
02199,122285,1974
02203,-666666666,-666666666
02205,-666666666,-666666666
02210,172124,2012
02215,72095,1955
02301,74214,1956
02302,92274,1964
02322,130625,1954
02324,112726,1984
02325,-666666666,2011
02330,91250,1980
02332,176583,1976
02333,133741,1977
02338,118556,1979
02339,189803,1978
02341,132250,1972
02343,115032,1957
02346,97056,1979
02347,133984,1984
02350,-666666666,1946
02351,125400,1970
02356,127224,1978
02357,-666666666,-666666666
02359,146285,1974
02360,116941,1982
02364,119876,1982
02366,-666666666,-666666666
02367,126736,1981
02368,109665,1966
02370,112405,1962
02375,120903,1980
02379,123406,1963
02382,108933,1957
02420,245031,1963
02421,227813,1967
02445,139747,1938
02446,131963,1938
02451,122335,1965
02452,118431,1971
02453,115366,1953
02457,-666666666,-666666666
02458,153520,1938
02459,227594,1946
02460,177837,1938
02461,224000,1944
02462,216339,1952
02464,105729,1952
02465,194265,1938
02466,170089,1952
02467,169104,1959
02468,250001,1940
02472,126336,1947
02474,150560,1947
02476,151131,1938
02478,183137,1938
02481,250001,1951
02482,226250,1962
02492,226645,1962
02493,250001,1964
02494,179720,1969
02532,87773,1972
02534,137066,1974
02535,153966,1984
02536,100497,1976
02537,136506,1983
02538,123750,1971
02539,125236,1984
02540,77295,1967
02542,62083,1956
02543,72349,1957
02553,-666666666,-666666666
02554,140938,1985
02556,121810,1973
02557,-666666666,1952
02558,79598,1938
02559,90855,1971
02561,-666666666,1960
02562,120000,1978
02563,121455,1983
02564,-666666666,1981
02568,115417,1983
02571,94265,1957
02575,173417,1986
02576,63021,1983
02584,-666666666,1984
02601,61143,1976
02630,116895,1970
02631,102132,1982
02632,121317,1976
02633,85483,1975
02635,110197,1983
02637,-666666666,1966
02638,108726,1976
02639,72567,1961
02641,-666666666,1960
02642,72992,1975
02643,-666666666,-666666666
02644,108158,1980
02645,104401,1982
02646,81172,1963
02647,-666666666,1964
02648,129681,1983
02649,95299,1988
02650,66548,1980
02652,-666666666,1978
02653,102813,1979
02655,118750,1979
02657,136904,1961
02659,109453,1959
02660,93386,1977
02663,83587,1962
02664,82125,1971
02666,121750,1981
02667,121110,1976
02668,111731,1988
02670,87019,1960
02671,104583,1963
02672,-666666666,1955
02673,73854,1973
02675,110450,1981
02702,153038,1979
02703,99152,1972
02713,79167,1968
02715,140066,1987
02717,130625,1973
02718,109500,1977
02719,95965,1952
02720,62196,1948
02721,52841,1942
02723,47633,1938
02724,55590,1947
02725,129253,1962
02726,111046,1961
02738,143092,1962
02739,130241,1971
02740,55237,1938
02743,89593,1968
02744,58675,1938
02745,74034,1958
02746,41917,1938
02747,102079,1977
02748,97361,1964
02760,112027,1974
02762,104106,1978
02763,114337,1985
02764,135640,1965
02766,124535,1982
02767,124105,1986
02769,138214,1977
02770,120320,1984
02771,120613,1967
02777,116364,1966
02779,144205,1986
02780,74471,1963
02790,97250,1973
02791,130833,1938
02802,116159,1941
02804,102118,1956
02806,153198,1956
02807,83190,1972
02808,106681,1973
02809,97764,1964
02812,104934,1991
02813,109404,1980
02814,110764,1976
02815,126071,1938
02816,101431,1972
02817,135625,1991
02818,139217,1973
02822,112813,1988
02823,31607,1938
02824,203508,1958
02825,112593,1980
02826,78843,1955
02827,152305,1984
02828,97196,1972
02829,-666666666,-666666666
02830,121111,1972
02831,137181,1965
02832,105976,1985
02833,-666666666,2001
02835,140625,1975
02836,-666666666,1938
02837,134750,1969
02838,97273,1974
02839,97292,1982
02840,86250,1938
02841,181458,1938
02842,101948,1969
02852,118643,1971
02857,108679,1965
02858,128568,1960
02859,124592,1970
02860,61539,1945
02861,83411,1948
02863,49285,1944
02864,117522,1972
02865,105958,1970
02871,116831,1973
02872,131875,1938
02873,46406,1977
02874,159861,1986
02875,-666666666,-666666666
02876,-666666666,1983
02878,106036,1972
02879,112231,1977
02881,56472,1976
02882,95721,1975
02885,90729,1950
02886,92047,1966
02888,91867,1955
02889,83946,1960
02891,97110,1973
02892,135809,1987
02893,77608,1968
02894,-666666666,1938
02895,61059,1952
02896,108983,1971
02898,119038,1985
02903,64476,1955
02904,67003,1970
02905,62908,1938
02906,103050,1938
02907,52485,1938
02908,73081,1942
02909,64649,1938
02910,90698,1946
02911,89456,1958
02912,-666666666,1938
02914,61191,1958
02915,84414,1961
02916,95263,1953
02917,110938,1979
02918,-666666666,-666666666
02919,91775,1968
02920,80717,1962
02921,147204,1988
03031,153125,1978
03032,153253,1984
03033,171046,1993
03034,131350,1979
03036,142212,1991
03037,130371,1985
03038,108322,1983
03042,104220,1989
03043,104063,1981
03044,120781,1988
03045,119205,1983
03046,124348,1990
03047,103603,1981
03048,90451,1977
03049,168883,1979
03051,124213,1983
03052,162036,1987
03053,134038,1985
03054,127303,1985
03055,97768,1982
03057,156250,1978
03060,79855,1959
03062,107540,1983
03063,107630,1981
03064,96393,1953
03070,154000,1989
03071,110507,1986
03076,135956,1987
03077,104597,1983
03079,110490,1977
03082,120313,1982
03084,94107,1982
03086,113750,1973
03087,189583,1996
03101,84434,1972
03102,74327,1969
03103,73540,1961
03104,88897,1960
03106,118442,1988
03109,108144,1987
03110,167418,1990
03215,105625,1984
03216,88311,1979
03217,54607,1978
03218,112500,1986
03220,68242,1983
03221,109803,1971
03222,81587,1981
03223,118534,1984
03224,138125,1983
03225,111660,1985
03226,107500,1982
03227,146917,1959
03229,137386,1968
03230,71685,1977
03231,-666666666,1974
03233,120156,1972
03234,97941,1986
03235,71775,1959
03237,111359,1978
03238,47067,1948
03240,81563,1983
03241,91375,1979
03242,95206,1974
03243,83333,1978
03244,86375,1975
03245,107863,1981
03246,73241,1974
03249,116635,1983
03251,70625,1986
03253,84719,1975
03254,106440,1986
03255,117045,1988
03256,87917,1990
03257,107000,1979
03258,108906,1988
03259,84872,1975
03260,117000,1975
03261,129375,1971
03262,85667,1983
03263,74318,1980
03264,76892,1980
03266,76071,1978
03268,111818,1982
03269,107083,1986
03273,187979,1938
03275,82910,1975
03276,82425,1975
03278,94783,1975
03279,70313,1979
03280,90096,1983
03281,118271,1986
03282,98333,1984
03284,113158,1986
03285,90022,1984
03287,117759,1988
03290,122201,1992
03291,-666666666,-666666666
03293,86250,1960
03301,86840,1963
03303,80456,1981
03304,172857,1985
03307,107226,1988
03431,79541,1961
03440,88889,1974
03441,53816,1938
03442,83875,1978
03443,-666666666,1991
03444,104773,1968
03445,106667,1979
03446,85484,1982
03447,100735,1967
03448,80417,1972
03449,92708,1970
03450,103036,1965
03451,69191,1972
03452,92330,1973
03455,69395,1975
03456,110455,1981
03457,100625,1977
03458,98684,1971
03461,102679,1984
03462,115313,1984
03464,93625,1977
03465,88871,1971
03466,83281,1975
03467,104444,1975
03470,79028,1981
03561,56746,1972
03570,45180,1940
03574,81250,1973
03575,-666666666,1987
03576,52682,1980
03579,61000,1979
03580,91250,1982
03581,64127,1972
03582,46250,1960
03583,67188,1988
03584,66768,1955
03585,68594,1976
03586,154091,1966
03588,71538,1977
03590,52803,1974
03592,61094,1985
03593,101750,1963
03595,64762,1978
03597,56010,1982
03598,67179,1973
03601,81250,1975
03602,70455,1975
03603,56731,1978
03604,-666666666,-666666666
03605,86250,1977
03607,84306,1951
03608,88224,1973
03609,72391,1944
03740,67813,1979
03741,82181,1976
03743,59625,1957
03745,91821,1980
03748,95089,1983
03750,250001,1977
03751,-666666666,1984
03752,70417,1971
03753,106285,1987
03755,165884,1975
03765,79625,1983
03766,100881,1979
03768,133906,1977
03770,153750,1968
03771,88150,1977
03773,81232,1969
03774,58452,1976
03777,92571,1971
03779,80000,1975
03780,189550,1997
03781,109659,1979
03782,110175,1974
03784,91000,1980
03785,57902,1971
03801,106756,1960
03809,106397,1980
03810,148261,1972
03811,146380,1980
03812,-666666666,1982
03813,56951,1985
03814,77138,1977
03816,88971,1984
03817,-666666666,1981
03818,77134,1984
03819,112335,1993
03820,94897,1976
03823,148365,1984
03824,124056,1981
03825,110323,1987
03826,121184,1998
03827,142794,1991
03830,99960,1979
03832,79063,1978
03833,119393,1983
03835,66982,1977
03836,66136,1983
03837,119712,1987
03838,68385,1984
03839,88346,1987
03840,162837,1987
03841,104044,1984
03842,95422,1978
03844,165509,1980
03845,57320,1980
03846,117986,1980
03847,-666666666,1975
03848,105330,1982
03849,96439,1982
03850,101298,1973
03851,93412,1980
03852,154583,1959
03853,103900,1969
03854,176953,1975
03855,100194,1983
03856,197885,1991
03857,100845,1983
03858,138487,1983
03860,71759,1981
03861,131579,1987
03862,144583,1985
03864,104485,1986
03865,108317,1978
03867,78674,1973
03868,81530,1986
03869,87215,1968
03870,140938,1973
03871,142115,1964
03872,109583,1981
03873,135040,1986
03874,82995,1986
03875,115583,1984
03878,75136,1966
03882,76607,1982
03883,67679,1976
03884,122105,1985
03885,151998,1986
03886,74450,1975
03887,91875,1979
03890,-666666666,-666666666
03894,94349,1982
03897,-666666666,1960
03901,94771,1989
03902,133676,1979
03903,101522,1979
03904,85084,1967
03905,140730,1956
03906,105156,1983
03907,114259,1978
03908,98289,1982
03909,115608,1977
03910,-666666666,1938
03911,156299,1952
04001,78750,1974
04002,84537,1980
04003,96250,1966
04005,74647,1956
04006,-666666666,1958
04008,108479,1985
04009,78021,1985
04010,60889,1987
04011,74952,1982
04015,69313,1988
04017,67639,1938
04019,89712,1938
04020,69038,1976
04021,172468,1982
04022,64167,1980
04024,52917,1975
04027,97750,1989
04029,77813,1974
04030,72548,1973
04032,107326,1984
04037,54414,1979
04038,112312,1988
04039,95125,1984
04040,57218,1981
04041,62813,1976
04042,95950,1977
04043,107804,1983
04046,102529,1986
04047,72045,1977
04048,101172,1994
04049,84675,1986
04050,91250,1938
04051,80625,1985
04055,78188,1988
04056,57083,1938
04057,-666666666,-666666666
04061,94023,1994
04062,107934,1985
04063,61667,1971
04064,59887,1983
04066,115547,1953
04068,60417,1978
04069,104333,1971
04071,88722,1979
04072,92241,1982
04073,72917,1976
04074,135018,1988
04076,88140,1979
04079,91969,1980
04083,72207,1970
04084,109345,1980
04085,92246,1980
04086,91028,1980
04087,98105,1983
04088,63750,1983
04090,88024,1989
04091,78750,1992
04092,85038,1975
04093,100144,1981
04095,57206,1978
04096,110216,1973
04097,129267,1983
04101,63880,1938
04102,82751,1938
04103,89796,1960
04105,150919,1986
04106,86188,1969
04107,146054,1967
04108,94318,1938
04109,-666666666,1938
04110,194205,1994
04210,66647,1954
04216,52361,1978
04217,61125,1985
04219,62361,1985
04220,79750,1986
04221,52458,1975
04222,99181,1986
04224,71513,1975
04226,47955,1972
04227,-666666666,-666666666
04231,63750,1982
04234,-666666666,-666666666
04236,98093,1979
04237,55417,1982
04238,92550,1987
04239,70238,1980
04240,55393,1957
04250,84028,1981
04252,73476,1968
04253,70441,1971
04254,45843,1972
04255,75938,1981
04256,69914,1980
04257,55727,1958
04258,95655,1994
04259,83919,1986
04260,108797,1991
04261,45833,1986
04263,85208,1989
04265,43506,1985
04267,-666666666,1938
04268,54342,1974
04270,74241,1979
04271,-666666666,-666666666
04274,85557,1988
04275,70417,1970
04276,38403,1947
04280,62455,1990
04281,75137,1981
04282,100036,1980
04284,93194,1981
04285,62083,1951
04286,-666666666,-666666666
04287,91239,1992
04289,56324,1972
04290,66827,1974
04292,57750,1977
04294,63104,1970
04330,54775,1972
04341,-666666666,-666666666
04342,74844,1985
04344,71635,1973
04345,77410,1970
04346,66574,1959
04347,68398,1938
04348,78929,1987
04349,59500,1986
04350,84904,1989
04351,92031,1977
04352,74395,1978
04353,73875,1983
04354,89095,1988
04355,86504,1979
04357,65854,1975
04358,96309,1981
04359,-666666666,1938
04360,75481,1987
04363,63178,1986
04364,86470,1977
04401,66932,1971
04406,53438,1980
04408,-666666666,1985
04410,82955,1985
04411,76667,1984
04412,66613,1959
04413,55000,1974
04414,69500,1975
04415,50714,1938
04416,64587,1974
04417,46094,1979
04418,60500,1988
04419,82188,1996
04421,113750,1974
04422,75250,1982
04424,48778,1988
04426,63491,1975
04427,64229,1986
04428,72857,1979
04429,97244,1979
04430,42011,1961
04431,-666666666,-666666666
04434,72379,1993
04435,84408,1991
04438,80000,1991
04441,64789,1979
04442,73750,1964
04443,53990,1981
04444,106554,1983
04448,54750,1972
04449,67692,1987
04450,79792,1992
04451,31957,1974
04453,59250,1987
04454,-666666666,1981
04455,49886,1979
04456,86071,1995
04457,56645,1981
04459,48750,1975
04460,49583,1974
04461,85111,1987
04462,51527,1962
04463,58810,1978
04464,56017,1977
04468,56358,1967
04469,-666666666,-666666666
04471,47500,1987
04472,69022,1977
04473,61528,1977
04474,94556,1989
04475,55417,1966
04476,63194,1979
04478,53229,1975
04479,50313,1976
04481,74545,1991
04485,61875,1983
04487,48000,1985
04488,76023,1993
04489,-666666666,1938
04490,45893,1973
04491,-666666666,1958
04492,63438,1982
04493,61563,1985
04495,36333,1953
04496,98333,1977
04497,48958,1977
04530,79649,1944
04535,93125,1978
04537,76667,1980
04538,56500,1957
04539,96111,1982
04541,-666666666,1985
04543,59423,1981
04544,59375,1971
04547,75625,1973
04548,84250,1980
04551,100000,1981
04553,89868,1984
04554,85288,1965
04555,100417,1979
04556,108750,1981
04558,91477,1947
04562,107833,1984
04563,83500,1990
04564,132604,1938
04568,54478,1978
04570,-666666666,1938
04571,58830,1977
04572,69107,1979
04573,86250,1970
04574,59861,1987
04575,116250,1945
04576,89375,1954
04578,81063,1983
04579,102175,1982
04605,77377,1984
04606,50524,1977
04607,60152,1988
04609,77180,1985
04611,64063,1974
04612,89839,1989
04613,-666666666,1977
04614,80377,1992
04616,68750,1980
04617,52078,1976
04619,64096,1969
04622,43854,1980
04623,50163,1981
04624,61691,1984
04625,38500,1938
04626,72946,1967
04627,61703,1973
04628,52159,1983
04630,57857,1979
04631,45573,1941
04634,67589,1984
04635,42250,1970
04640,71699,1986
04642,71563,1992
04643,64861,1983
04645,49500,1953
04646,88750,1972
04648,63750,1981
04649,67500,1977
04650,110063,1995
04652,52083,1965
04653,90250,1986
04654,48838,1975
04655,60000,1972
04657,49191,1978
04658,60536,1974
04660,78646,1977
04662,108214,1938
04664,59643,1981
04666,60761,1972
04667,74712,1991
04668,48720,1977
04669,66071,1988
04671,68333,1978
04673,53750,1938
04674,76667,1976
04675,250001,1975
04676,73333,1985
04677,83438,1981
04679,59205,1982
04680,76466,1979
04681,60223,1971
04683,-666666666,-666666666
04684,74508,1987
04685,86250,1976
04686,52353,1991
04691,55164,1981
04693,86250,1973
04694,65417,1975
04730,61980,1966
04732,49479,1974
04733,59050,1992
04734,79219,1971
04735,64750,1973
04736,54368,1963
04737,-666666666,-666666666
04739,59028,1975
04740,53309,1975
04742,70852,1971
04743,56422,1979
04745,55461,1976
04746,35417,1962
04747,56795,1969
04750,48750,1960
04756,56136,1966
04757,84042,1979
04758,65156,1967
04760,51875,1977
04761,53810,1982
04762,58333,1971
04763,46378,1973
04764,-666666666,1984
04765,50286,1974
04766,62500,1976
04768,60000,1979
04769,55768,1971
04772,75417,1972
04773,68571,1979
04774,32250,1974
04776,47115,1975
04777,53472,1973
04779,74438,1973
04780,62727,1988
04781,49583,1980
04783,75625,1961
04785,41528,1961
04786,55326,1968
04787,53542,1982
04841,56533,1948
04843,82344,1970
04847,86766,1991
04848,88438,1974
04849,80377,1985
04851,65417,1982
04852,-666666666,1938
04853,87500,1938
04854,87325,1970
04855,250001,1938
04856,86979,1978
04858,87059,1981
04859,75341,1989
04860,86833,1974
04861,56435,1951
04862,73536,1982
04863,72963,1966
04864,74616,1981
04901,57403,1966
04910,62361,1986
04911,62697,1982
04912,51250,1985
04915,66362,1974
04917,88338,1985
04918,-666666666,1938
04920,39860,1981
04921,63646,1989
04922,59261,1983
04923,63194,1983
04924,57781,1991
04925,73235,1973
04926,-666666666,-666666666
04927,71458,1977
04928,56547,1985
04929,51111,1981
04930,54137,1976
04932,75952,1992
04936,47404,1977
04937,63933,1975
04938,55704,1975
04939,51094,1988
04940,-666666666,-666666666
04941,65662,1984
04942,53636,1976
04943,46141,1984
04944,-666666666,1938
04945,52045,1975
04947,70104,1984
04949,71146,1981
04950,61747,1964
04951,81300,1992
04952,67763,1990
04953,60365,1976
04955,63889,1977
04956,61806,1987
04957,65931,1985
04958,55089,1975
04961,53750,1974
04963,77708,1983
04964,-666666666,1980
04965,60543,1994
04966,47969,1977
04967,57381,1970
04969,61964,1987
04970,60882,1984
04971,65600,1986
04973,87000,1988
04974,64303,1975
04975,-666666666,-666666666
04976,53534,1974
04978,107917,1983
04979,69205,1978
04981,77560,1990
04982,30469,1979
04983,53894,1978
04984,56087,1966
04985,66827,1973
04986,71833,1984
04987,44583,1991
04988,62929,1983
04989,72300,1988
04992,-666666666,-666666666
05001,78092,1979
05009,-666666666,-666666666
05030,-666666666,1973
05031,-666666666,1974
05032,86688,1972
05033,105250,1977
05034,47273,1976
05035,70670,1976
05036,109612,1974
05037,109091,1980
05038,62000,1970
05039,73611,1982
05040,95481,1962
05041,85479,1959
05042,96250,1958
05043,72434,1988
05045,79203,1976
05046,84375,1981
05048,99583,1969
05050,107880,1938
05051,65966,1975
05052,52321,1958
05053,99722,1967
05055,142684,1982
05056,74896,1981
05058,76758,1965
05059,-666666666,1979
05060,77317,1971
05061,75761,1985
05062,79152,1974
05065,86042,1982
05067,121607,1976
05068,80911,1962
05069,66442,1980
05070,125938,1981
05071,115921,1938
05072,113438,1974
05073,-666666666,-666666666
05075,101776,1980
05076,103250,1973
05077,92656,1978
05079,72022,1984
05081,55804,1970
05083,57917,1983
05084,115521,1984
05086,71000,1981
05088,71848,1984
05089,55633,1954
05091,112396,1961
05101,70299,1938
05141,-666666666,1966
05142,83833,1972
05143,70610,1974
05146,77500,1976
05148,105795,1980
05149,64191,1982
05150,68108,1992
05151,96836,1977
05152,129500,1980
05153,87292,1967
05154,-666666666,1938
05155,64630,1987
05156,66679,1959
05158,71875,1970
05161,120000,1969
05201,59798,1963
05250,96250,1968
05251,151163,1971
05252,58750,1959
05253,92159,1975
05254,122868,1983
05255,91058,1980
05257,94375,1976
05260,83083,1971
05261,62917,1968
05262,71417,1976
05301,65910,1964
05340,96083,1982
05341,54511,1978
05342,64018,1973
05343,84375,1976
05344,-666666666,-666666666
05345,67472,1973
05346,79118,1976
05350,55313,1973
05351,-666666666,1983
05352,88542,1978
05353,94917,1983
05354,85682,1979
05355,64044,1977
05356,51222,1985
05358,-666666666,1964
05359,80417,1980
05360,79659,1984
05361,75714,1978
05362,-666666666,1972
05363,68843,1975
05401,65657,1942
05403,105616,1989
05404,79522,1974
05405,-666666666,-666666666
05408,95018,1968
05439,-666666666,-666666666
05440,76429,1984
05441,67917,1981
05442,81563,1989
05443,88594,1979
05444,106088,1994
05445,144375,1982
05446,97475,1981
05447,-666666666,1967
05448,82500,1983
05450,72875,1979
05452,101349,1986
05454,128212,1989
05455,110147,1985
05456,106691,1980
05457,96875,1983
05458,101728,1984
05459,88646,1938
05461,109712,1983
05462,94334,1977
05463,82500,1989
05464,85694,1984
05465,114677,1984
05468,114709,1985
05471,53816,1979
05472,92537,1981
05473,99919,1970
05474,102143,1980
05476,57361,1965
05477,108971,1983
05478,71203,1975
05481,-666666666,-666666666
05482,115963,1986
05483,78505,1992
05485,-666666666,-666666666
05486,126513,1984
05487,76750,1986
05488,77154,1975
05489,92352,1979
05491,87917,1972
05492,67857,1974
05494,117143,1982
05495,107054,1992
05602,81320,1966
05640,114375,1965
05641,76855,1968
05647,76406,1977
05648,71719,1973
05649,103281,1970
05650,84583,1968
05651,103393,1978
05652,79063,1992
05653,90556,1991
05654,89896,1967
05655,84375,1979
05656,55133,1980
05658,72292,1978
05660,96125,1981
05661,67052,1979
05663,77524,1958
05664,-666666666,-666666666
05666,-666666666,-666666666
05667,66667,1965
05669,75750,1966
05670,-666666666,-666666666
05672,93618,1982
05673,98068,1978
05674,86905,1977
05675,65682,1981
05676,92773,1984
05677,157139,1985
05678,148205,1943
05679,94082,1986
05680,72917,1982
05681,103472,1962
05682,85417,1978
05701,61610,1956
05730,102813,1989
05731,-666666666,-666666666
05732,43462,1973
05733,68831,1970
05734,81250,1977
05735,80313,1975
05736,38854,1962
05737,101528,1974
05738,95000,1975
05739,75000,1974
05742,66250,1981
05743,68409,1957
05744,75504,1973
05746,-666666666,-666666666
05747,57917,1975
05748,76250,1972
05751,81250,1983
05753,91659,1976
05757,75417,1980
05758,67000,1979
05759,58150,1970
05760,67784,1982
05761,68125,1974
05762,65739,1977
05763,71833,1976
05764,72686,1969
05765,73833,1938
05766,112917,1973
05767,72715,1968
05768,-666666666,1938
05769,99792,1965
05770,92188,1982
05772,76719,1977
05773,80726,1974
05774,76667,1976
05775,61563,1938
05776,64375,1938
05777,64044,1957
05778,82857,1971
05819,62411,1950
05820,68229,1975
05821,65682,1983
05822,76100,1976
05824,72500,1977
05825,-666666666,1993
05826,83438,1978
05827,90729,1988
05828,72121,1974
05829,73456,1976
05830,70446,1974
05832,86850,1984
05833,65250,1957
05836,99929,1981
05837,60781,1978
05839,74018,1966
05840,56250,1982
05841,103875,1969
05842,85536,1979
05843,71818,1938
05845,82262,1988
05846,46278,1970
05847,57404,1984
05850,-666666666,1981
05851,68488,1982
05853,91250,1974
05855,61240,1974
05857,71683,1984
05858,66500,1978
05859,84813,1990
05860,64850,1973
05862,122917,1973
05866,64609,1987
05867,67969,1978
05868,51136,1993
05871,74572,1978
05872,48839,1980
05873,70288,1980
05874,74583,1977
05875,78750,1974
05901,-666666666,1973
05902,45625,1948
05903,56397,1975
05904,54722,1938
05905,91950,1971
05906,51106,1977
05907,65625,1973
06001,153664,1979
06002,98162,1970
06010,79314,1967
06013,165120,1981
06016,120399,1978
06018,68917,1961
06019,117418,1976
06020,-666666666,-666666666
06021,111250,1960
06022,250001,1973
06023,100317,1975
06024,87943,1959
06026,119375,1976
06027,115938,1971
06029,129331,1981
06031,106875,1949
06032,140912,1981
06033,149962,1976
06035,107957,1975
06037,116042,1971
06039,104859,1957
06040,83422,1953
06042,91892,1976
06043,126364,1969
06051,51022,1954
06052,80506,1944
06053,62645,1959
06057,117906,1977
06058,91548,1938
06059,-666666666,1954
06060,122394,1984
06061,75704,1938
06062,84310,1971
06063,121705,1980
06065,124207,1951
06066,85356,1968
06067,100027,1979
06068,123552,1976
06069,101067,1953
06070,162424,1972
06071,126500,1978
06072,-666666666,-666666666
06073,201477,1983
06074,144961,1980
06076,92016,1971
06078,116054,1982
06079,-666666666,1965
06080,-666666666,-666666666
06081,106944,1961
06082,90404,1963
06084,133611,1982
06085,141023,1980
06088,79375,1974
06089,121094,1990
06090,151118,1988
06091,68500,1940
06092,204458,1970
06093,122041,1974
06095,105322,1970
06096,81205,1961
06098,66269,1956
06103,71677,1968
06105,41937,1947
06106,46304,1947
06107,174844,1952
06108,56663,1964
06109,126806,1960
06110,87539,1956
06111,102884,1967
06112,44460,1952
06114,52110,1943
06117,171707,1960
06118,79740,1959
06119,99688,1938
06120,34830,1969
06226,47162,1953
06231,168313,1985
06232,134632,1977
06234,96207,1978
06235,98059,1980
06237,127000,1984
06238,108213,1966
06239,74267,1964
06241,88389,1978
06242,89250,1972
06243,122083,1938
06247,108854,1983
06248,134435,1986
06249,109135,1977
06250,99000,1972
06254,105000,1973
06255,88750,1963
06256,80333,1991
06258,-666666666,-666666666
06259,108476,1980
06260,70502,1961
06262,-666666666,1950
06263,88011,1938
06264,100227,1938
06266,-666666666,1948
06268,55219,1977
06269,-666666666,2009
06277,110000,1970
06278,121875,1982
06279,91114,1976
06280,76577,1966
06281,125778,1985
06282,91780,1985
06320,59170,1945
06330,98698,1960
06331,103198,1975
06332,61840,1938
06333,129083,1981
06334,107969,1969
06335,118116,1971
06336,133750,1938
06338,137500,1992
06339,106403,1972
06340,81792,1976
06350,40950,1971
06351,82976,1977
06353,-666666666,-666666666
06354,87711,1977
06355,137425,1966
06357,93026,1969
06359,123938,1977
06360,65539,1958
06365,117045,1970
06370,105700,1976
06371,132045,1966
06373,-666666666,1973
06374,71882,1968
06375,111833,1958
06376,156000,1947
06377,97308,1987
06378,135714,1969
06379,95066,1969
06380,63452,1938
06382,89635,1968
06384,106518,1983
06385,100484,1971
06387,108787,1938
06389,-666666666,-666666666
06390,98125,1970
06401,86178,1954
06403,101516,1985
06405,105225,1972
06409,107909,1951
06410,145179,1973
06412,109191,1969
06413,124824,1968
06414,131090,1978
06415,123256,1984
06416,110596,1976
06417,90253,1974
06418,78542,1966
06419,140655,1987
06420,123425,1988
06422,158857,1976
06423,107549,1979
06424,123680,1977
06426,103705,1967
06437,137615,1974
06438,121429,1973
06439,187083,1980
06441,111250,1970
06442,104358,1977
06443,168462,1976
06444,139830,1949
06447,142105,1977
06450,71250,1963
06451,71255,1957
06455,104180,1963
06456,128542,1959
06457,79463,1972
06459,-666666666,-666666666
06460,104360,1961
06461,133221,1975
06467,-666666666,1948
06468,157250,1978
06469,104888,1973
06470,153238,1975
06471,109388,1976
06472,105729,1977
06473,132829,1965
06475,114333,1967
06477,142325,1964
06478,128953,1986
06479,114346,1976
06480,118929,1961
06481,84674,1956
06482,159828,1978
06483,107708,1973
06484,108185,1977
06488,112887,1977
06489,126465,1974
06492,105061,1972
06498,91202,1970
06510,58913,1976
06511,59969,1941
06512,96146,1961
06513,48500,1967
06514,88900,1964
06515,73709,1953
06516,74382,1959
06517,104550,1953
06518,106692,1980
06519,49619,1949
06524,166236,1970
06525,188750,1967
06604,50026,1951
06605,56179,1955
06606,73372,1958
06607,50000,1940
06608,45754,1951
06610,51634,1953
06611,163073,1965
06612,222604,1974
06614,110943,1959
06615,81534,1956
06702,14474,1961
06704,48718,1955
06705,53954,1967
06706,52242,1952
06708,67364,1963
06710,37191,1938
06712,126394,1974
06716,111225,1976
06750,85000,1954
06751,108929,1976
06752,159365,1975
06753,250001,1952
06754,121591,1978
06755,185119,1968
06756,160815,1985
06757,95186,1973
06758,-666666666,-666666666
06759,105957,1960
06762,133487,1976
06763,109853,1967
06770,96208,1971
06776,104112,1975
06777,94643,1972
06778,81375,1974
06779,95798,1964
06782,124708,1958
06783,123864,1981
06784,116750,1975
06785,118688,1965
06786,87306,1966
06787,103102,1961
06790,70912,1960
06791,129762,1961
06793,121250,1967
06794,96979,1975
06795,104850,1972
06796,106618,1957
06798,131480,1979
06801,116541,1974
06804,148945,1978
06807,192115,1964
06810,76933,1976
06811,104640,1975
06812,137647,1969
06820,250001,1956
06824,193300,1961
06825,135504,1957
06830,146654,1957
06831,227159,1970
06840,250001,1967
06850,123633,1969
06851,111341,1967
06853,250001,1959
06854,86679,1968
06855,106439,1953
06870,250001,1968
06877,179219,1972
06878,250001,1962
06880,250001,1967
06883,250001,1967
06890,218841,1969
06896,186060,1972
06897,242199,1970
06901,102641,2000
06902,94843,1977
06903,204028,1966
06905,136757,1963
06906,93675,1960
06907,106379,1964
07001,101670,1977
07002,83887,1954
07003,103663,1950
07004,115980,1974
07005,132629,1960
07006,149102,1961
07008,97021,1960
07009,151625,1959
07010,93452,1970
07011,74194,1938
07012,101737,1953
07013,116273,1957
07014,119545,1958
07016,155972,1951
07017,58853,1956
07018,62564,1956
07020,124050,1992
07021,250001,1954
07022,63606,1960
07023,195529,1954
07024,107396,1971
07026,79700,1954
07027,110670,1953
07028,247361,1938
07029,88333,1984
07030,180579,1977
07031,94201,1954
07032,79154,1951
07033,118611,1955
07034,104663,1965
07035,123234,1975
07036,91882,1956
07039,229806,1962
07040,173500,1938
07041,202750,1943
07042,122847,1938
07043,250001,1938
07044,161843,1954
07045,185078,1984
07046,250001,1949
07047,78911,1961
07050,52563,1958
07052,129475,1956
07054,104214,1969
07055,55371,1938
07057,85862,1961
07058,127805,1973
07059,212479,1985
07060,78602,1953
07062,98344,1952
07063,93304,1953
07064,133854,1962
07065,91461,1962
07066,133504,1961
07067,122713,1959
07068,164458,1975
07069,171705,1974
07070,143153,1945
07071,111711,1956
07072,115444,1957
07073,97993,1967
07074,90260,1966
07075,136108,1962
07076,183655,1960
07077,108948,1960
07078,250001,1958
07079,195417,1946
07080,130205,1963
07081,155906,1962
07082,205023,1973
07083,121887,1956
07086,127763,1965
07087,64310,1961
07088,93240,1966
07090,232629,1953
07092,211538,1957
07093,73174,1969
07094,139821,1981
07095,104926,1968
07102,38864,1965
07103,51534,1989
07104,53978,1964
07105,59847,1971
07106,53440,1952
07107,51242,1959
07108,36200,1973
07109,90438,1951
07110,119646,1953
07111,61609,1960
07112,58200,1958
07114,36019,1971
07201,60080,1961
07202,71250,1956
07203,92762,1955
07204,109679,1952
07205,99528,1950
07206,68420,1959
07208,65511,1956
07302,175077,2000
07304,70986,1959
07305,76527,1963
07306,74953,1962
07307,83297,1952
07310,183464,2005
07311,202679,2013
07401,160162,1965
07403,128010,1958
07405,135169,1968
07407,101740,1958
07410,144574,1953
07416,93983,1959
07417,236023,1983
07418,156439,1978
07419,100713,1989
07420,109278,1956
07421,129800,1967
07422,108722,1972
07423,250001,1957
07424,105050,1962
07430,131327,1984
07432,146841,1953
07435,145342,1961
07436,161971,1960
07438,123271,1981
07439,105551,1965
07440,147188,1961
07442,124454,1963
07444,117959,1975
07446,160996,1968
07450,208211,1950
07452,215096,1952
07456,152414,1964
07457,102950,1996
07458,244022,1979
07460,145081,1964
07461,106981,1976
07462,95945,1981
07463,177962,1956
07465,115159,1974
07470,153056,1967
07480,132676,1968
07481,203988,1965
07501,44300,1970
07502,76790,1954
07503,60443,1961
07504,76659,1938
07505,36326,1954
07506,110237,1953
07508,95806,1958
07512,113563,1958
07513,68630,1950
07514,70205,1953
07522,48058,1938
07524,49103,1938
07601,84277,1969
07603,103299,1938
07604,123734,1955
07605,129219,1946
07606,84527,1968
07607,117912,1951
07608,24904,1958
07620,246944,1982
07621,130045,1954
07624,190469,1959
07626,170376,1964
07627,208036,1967
07628,126071,1952
07630,155536,1960
07631,102571,1959
07632,230611,1969
07640,180500,1962
07641,236765,1954
07642,186688,1959
07643,85750,1964
07644,89305,1958
07645,178269,1968
07646,114889,1954
07647,128542,1968
07648,178311,1986
07649,221322,1956
07650,94743,1976
07652,144349,1963
07656,171029,1966
07657,118059,1957
07660,100718,1948
07661,159028,1954
07662,110380,1956
07663,129073,1958
07666,144075,1950
07670,208200,1958
07675,183154,1968
07676,180133,1962
07677,213981,1967
07701,112143,1963
07702,178958,1969
07703,-666666666,-666666666
07704,250001,1955
07711,112404,1938
07712,96725,1973
07716,126591,1973
07717,122635,1952
07718,131531,1962
07719,119828,1968
07720,97005,1962
07721,123060,1987
07722,198994,1982
07723,160000,1947
07724,102756,1973
07726,149197,1985
07727,129931,1990
07728,114072,1981
07730,125338,1966
07731,134056,1984
07732,91875,1975
07733,166849,1988
07734,82029,1959
07735,97536,1960
07737,139318,1967
07738,189000,1970
07739,240853,1958
07740,79870,1970
07746,207689,1986
07747,124383,1976
07748,152981,1969
07750,150188,1976
07751,181205,1989
07753,95712,1978
07755,134338,1962
07756,89286,1938
07757,126094,1971
07758,115298,1973
07760,226635,1972
07762,116295,1971
07764,114271,1966
07801,84517,1958
07803,119583,1966
07820,-666666666,-666666666
07821,141860,1972
07822,114545,1983
07823,85522,1971
07825,123785,1977
07826,116598,1968
07827,101444,1980
07828,103320,1975
07830,180852,1973
07831,-666666666,-666666666
07832,106424,1975
07833,-666666666,1938
07834,156902,1963
07836,151915,1978
07838,121599,1984
07840,105866,1982
07842,-666666666,-666666666
07843,108651,1964
07844,80221,1954
07846,99792,1938
07847,85327,1942
07848,128317,1983
07849,117298,1964
07850,106806,1967
07851,108419,1959
07852,119539,1996
07853,175792,1977
07856,92466,1993
07857,85898,1955
07860,110045,1969
07863,94167,1958
07865,108056,1971
07866,131403,1969
07869,169497,1977
07870,-666666666,-666666666
07871,167654,1974
07874,132500,1968
07876,161304,1969
07878,116445,1938
07880,-666666666,-666666666
07881,-666666666,-666666666
07882,107567,1971
07885,100716,1966
07901,179701,1954
07920,192857,1986
07921,123104,1986
07922,202944,1967
07924,236042,1960
07926,250001,1971
07927,170400,1980
07928,220982,1963
07930,240954,1981
07931,201078,1984
07932,156458,1984
07933,-666666666,1964
07934,245429,1964
07935,106979,1954
07936,149583,1976
07939,-666666666,-666666666
07940,172708,1961
07945,250001,1974
07946,208587,1971
07950,153762,1971
07960,160334,1969
07961,-666666666,-666666666
07970,250001,1990
07974,172894,1962
07976,247697,1947
07977,150875,1977
07979,-666666666,-666666666
07980,162955,1975
07981,149893,1974
08001,134583,1963
08002,100951,1966
08003,155059,1976
08004,111738,1977
08005,93584,1996
08006,125417,1980
08007,99565,1962
08008,120054,1976
08009,101184,1978
08010,88037,1966
08011,-666666666,-666666666
08012,95451,1975
08014,-666666666,1960
08015,80889,1973
08016,98463,1976
08019,172500,1984
08020,134490,1978
08021,68044,1974
08022,117679,1999
08023,65944,1953
08026,100313,1965
08027,92128,1962
08028,89130,1988
08029,98184,1959
08030,63384,1942
08031,76654,1959
08032,198274,1938
08033,151181,1952
08034,114012,1963
08035,131528,1947
08036,142899,2000
08037,81312,1973
08038,90179,1938
08039,-666666666,-666666666
08041,99688,1977
08042,170912,2003
08043,105473,1983
08045,71607,1965
08046,98178,1964
08048,113440,1990
08049,103191,1961
08050,115676,1992
08051,92071,1983
08052,79087,1969
08053,118670,1986
08054,118802,1987
08055,155710,1978
08056,171389,2000
08057,158770,1969
08059,89375,1957
08060,109292,1983
08061,150658,2004
08062,157009,1995
08063,83074,1953
08064,-666666666,-666666666
08065,89574,1957
08066,65070,1959
08067,111912,1967
08068,83194,1967
08069,71942,1959
08070,75697,1962
08071,100085,1948
08072,68203,1938
08073,-666666666,-666666666
08074,-666666666,-666666666
08075,94407,1968
08077,128271,1966
08078,86741,1958
08079,54641,1951
08080,122262,1987
08081,105800,1989
08083,96653,1968
08084,98427,1961
08085,134762,2001
08086,97413,1993
08087,91677,1987
08088,110000,1977
08089,115117,1976
08090,115701,1962
08091,75238,1970
08092,110509,1986
08093,64104,1964
08094,96699,1982
08095,-666666666,-666666666
08096,89013,1965
08097,119042,1963
08098,110913,1969
08102,33852,1949
08103,36793,1944
08104,38170,1951
08105,45974,1953
08106,111002,1941
08107,80833,1947
08108,108151,1945
08109,90242,1959
08110,83729,1955
08201,71321,1983
08202,146071,1988
08203,97250,1979
08204,82466,1976
08205,93370,1988
08210,90013,1985
08212,86125,1967
08215,80893,1974
08217,-666666666,-666666666
08221,156354,1969
08223,107131,1978
08224,96250,1955
08225,111599,1965
08226,101782,1984
08230,115152,1987
08232,53899,1966
08234,98217,1993
08240,-666666666,-666666666
08241,123438,1985
08242,93250,1994
08243,108359,1992
08244,70255,1969
08245,-666666666,-666666666
08246,-666666666,1938
08247,167917,1980
08248,108953,1959
08251,83637,1966
08260,79699,1975
08270,99592,1976
08302,65516,1965
08310,42442,1982
08311,86324,1958
08312,89294,1974
08314,88077,1966
08316,79306,1938
08317,106696,1977
08318,92558,1973
08319,100278,1987
08320,-666666666,-666666666
08321,105074,1967
08322,121686,1983
08323,83125,1954
08324,89950,1960
08326,79583,1959
08327,61528,1955
08328,101583,1974
08329,65694,1938
08330,77167,1989
08332,67496,1972
08340,62750,1977
08341,68830,1972
08343,141842,1979
08344,85938,1974
08345,67250,1961
08346,80381,1977
08348,-666666666,2002
08349,64861,1947
08350,158271,1944
08352,64688,1970
08353,70625,1951
08360,65359,1967
08361,99050,1979
08401,41126,1963
08402,121800,1970
08403,110625,1975
08406,69099,1962
08501,146182,1992
08502,227242,1993
08505,112845,1974
08510,225966,1992
08511,80952,1979
08512,118587,1982
08514,134038,1989
08515,208836,2004
08518,97045,1972
08520,118010,1975
08525,165324,1958
08527,115487,1989
08528,-666666666,1943
08530,120467,1965
08533,113583,1988
08534,175573,1980
08535,209732,1991
08536,137607,1986
08540,176983,1986
08542,105524,1938
08544,-666666666,-666666666
08550,224213,1987
08551,162617,1981
08553,148056,1960
08554,89242,1938
08555,110000,1938
08558,236016,1995
08559,179600,1974
08560,128516,1964
08561,-666666666,1960
08562,103493,1983
08608,61201,1977
08609,68238,1959
08610,83906,1957
08611,56788,1946
08618,50390,1956
08619,105946,1966
08620,105368,1966
08628,108158,1977
08629,82646,1948
08638,66875,1961
08640,92303,2003
08641,74071,2004
08648,125514,1979
08690,127339,1974
08691,132520,1995
08701,64959,1994
08720,224671,1960
08721,105273,1982
08722,106858,1976
08723,108643,1976
08724,103127,1977
08730,172250,1964
08731,98582,1981
08732,110000,1954
08733,85750,1967
08734,116000,1985
08735,76974,1971
08736,174097,1967
08738,250001,1976
08740,69397,1956
08741,143094,1965
08742,123152,1968
08750,134167,1964
08751,77448,1969
08752,78750,1959
08753,105224,1975
08755,87575,1990
08757,58319,1979
08758,96900,1993
08759,52178,1979
08801,149839,1987
08802,135689,1981
08804,107333,1972
08805,93341,1959
08807,168696,1982
08809,131250,1980
08810,151902,1988
08812,118316,1960
08816,143586,1976
08817,110808,1970
08820,171363,1983
08821,155833,1938
08822,137788,1983
08823,115597,1992
08824,174776,1978
08825,101774,1966
08826,123750,1978
08827,135625,1970
08828,98952,1984
08829,112467,1971
08830,109500,1959
08831,109042,1994
08832,-666666666,1977
08833,172454,1978
08835,93333,1956
08836,229726,1969
08837,102605,1967
08840,146635,1959
08844,153556,1985
08846,105000,1965
08848,138614,1973
08850,141601,1963
08852,133209,1990
08853,220725,1988
08854,127806,1975
08857,109312,1974
08858,-666666666,-666666666
08859,99882,1971
08861,64491,1960
08863,115861,1957
08865,79949,1956
08867,204583,1982
08869,107672,1969
08872,97489,1975
08873,124972,1984
08876,122884,1969
08879,92786,1960
08880,112961,1966
08882,96147,1962
08884,104702,1967
08886,161168,1995
08887,109333,1984
08889,157781,1981
08890,-666666666,-666666666
08901,65810,1968
08902,121071,1982
08904,104694,1962
10001,129852,1970
10002,48386,1953
10003,154262,1938
10004,250001,1938
10005,190233,1938
10006,190170,1938
10007,250001,1992
10009,92876,1946
10010,144969,1954
10011,145987,1938
10012,137106,1938
10013,161154,1938
10014,176395,1938
10016,140381,1968
10017,136705,1960
10018,145958,2005
10019,128559,1969
10020,-666666666,-666666666
10021,158677,1962
10022,172026,1959
10023,159874,1956
10024,181560,1938
10025,108940,1938
10026,81244,1952
10027,59587,1945
10028,175121,1957
10029,38695,1960
10030,39802,1938
10031,65283,1938
10032,56829,1938
10033,75040,1938
10034,67754,1938
10035,45121,1967
10036,95638,1985
10037,49153,1958
10038,105419,1966
10039,45371,1961
10040,65516,1938
10044,103347,1980
10065,155331,1959
10069,233636,2005
10075,155902,1959
10103,-666666666,-666666666
10110,-666666666,-666666666
10111,-666666666,-666666666
10112,-666666666,-666666666
10115,-666666666,-666666666
10119,-666666666,-666666666
10128,147772,1959
10152,-666666666,2004
10153,-666666666,-666666666
10154,-666666666,-666666666
10162,114139,1966
10165,-666666666,-666666666
10167,-666666666,-666666666
10168,-666666666,-666666666
10169,-666666666,-666666666
10170,-666666666,-666666666
10171,-666666666,-666666666
10172,-666666666,-666666666
10173,-666666666,-666666666
10174,-666666666,-666666666
10177,-666666666,-666666666
10199,-666666666,-666666666
10271,-666666666,-666666666
10278,-666666666,-666666666
10279,250001,-666666666
10280,206299,1985
10282,250001,2001
10301,85609,1953
10302,78263,1950
10303,83947,1980
10304,71561,1966
10305,83413,1972
10306,96866,1968
10307,147184,1990
10308,125850,1974
10309,116098,1988
10310,106250,1951
10311,-666666666,-666666666
10312,110719,1982
10314,104613,1976
10451,38770,1968
10452,41288,1956
10453,33186,1959
10454,24086,1966
10455,36115,1963
10456,34954,1965
10457,42683,1963
10458,40800,1938
10459,38006,1986
10460,36309,1968
10461,67028,1951
10462,60966,1943
10463,74974,1955
10464,103125,1938
10465,87985,1958
10466,65969,1951
10467,49330,1948
10468,46233,1938
10469,76020,1953
10470,90046,1944
10471,103046,1959
10472,41039,1947
10473,52462,1965
10474,41586,1953
10475,62712,1966
10501,220449,1973
10502,250001,1958
10503,243036,1938
10504,250001,1977
10505,153426,2005
10506,250001,1968
10507,107270,1968
10509,116831,1972
10510,220771,1970
10511,128218,1959
10512,117701,1972
10514,250001,1964
10516,140225,1965
10517,117009,1943
10518,250001,1983
10519,-666666666,-666666666
10520,142791,1960
10522,165417,1955
10523,118438,1966
10524,146250,1961
10526,250001,1968
10527,250001,1974
10528,154416,1962
10530,121722,1961
10532,141157,1955
10533,174038,1957
10535,66189,1959
10536,250001,1964
10537,132117,1944
10538,207969,1938
10540,-666666666,-666666666
10541,138617,1967
10542,-666666666,-666666666
10543,126417,1954
10545,-666666666,-666666666
10546,206750,1976
10547,162605,1971
10548,142273,1958
10549,133988,1968
10550,60701,1956
10552,96717,1950
10553,84478,1951
10560,193906,1964
10562,115697,1963
10566,85954,1963
10567,144194,1967
10570,183833,1959
10573,105686,1957
10576,250001,1970
10577,250001,1984
10578,250001,1938
10579,132500,1967
10580,250001,1956
10583,250001,1953
10588,178977,1968
10589,129214,1984
10590,211734,1972
10591,104984,1954
10594,163542,1960
10595,123438,1961
10596,98091,1946
10597,244853,1977
10598,173573,1968
10601,85859,1966
10603,121026,1963
10604,117014,1964
10605,148982,1956
10606,112270,1962
10607,168603,1957
10701,64776,1967
10703,89773,1957
10704,106786,1953
10705,67918,1955
10706,190833,1944
10707,130957,1960
10708,126343,1945
10709,170417,1956
10710,108845,1960
10801,85573,1957
10803,215208,1938
10804,250001,1952
10805,102109,1956
10901,108041,1972
10910,-666666666,-666666666
10911,-666666666,-666666666
10913,175357,1960
10914,160132,1972
10915,-666666666,-666666666
10916,135556,1983
10917,121944,1955
10918,140550,1982
10919,108859,1955
10920,145567,1973
10921,115221,1977
10922,123406,1974
10923,100469,1972
10924,110938,1976
10925,80321,1950
10926,94279,1985
10927,75167,1962
10928,102347,1953
10930,120098,1983
10931,83365,1938
10932,-666666666,-666666666
10933,-666666666,1963
10940,87080,1972
10941,99238,1978
10950,78931,1992
10952,64332,1981
10953,-666666666,-666666666
10954,116332,1974
10956,177952,1969
10958,147898,1978
10960,125789,1961
10962,148500,1969
10963,82989,1972
10964,187396,1958
10965,132660,1960
10968,145000,1973
10969,126875,1950
10970,120186,1979
10973,117167,1985
10974,117596,1959
10975,81250,1975
10976,85893,1965
10977,74451,1974
10979,-666666666,-666666666
10980,126284,1972
10983,160170,1964
10984,121250,1976
10985,-666666666,-666666666
10986,-666666666,1957
10987,152031,1961
10988,117321,1974
10989,134267,1971
10990,125870,1980
10992,112353,1985
10993,66189,1966
10994,170307,1961
10996,135333,1972
10998,129348,1993
11001,150000,1941
11003,124115,1952
11004,115360,1954
11005,89931,1974
11010,142321,1954
11020,167148,1955
11021,120230,1955
11023,141003,1952
11024,175300,1956
11030,234966,1950
11040,154696,1953
11042,-666666666,-666666666
11050,154225,1959
11096,93421,1947
11101,121062,2011
11102,96617,1954
11103,93324,1942
11104,80709,1941
11105,102012,1944
11106,84867,1949
11109,204885,2010
11201,173136,1956
11203,67897,1938
11204,69479,1938
11205,93887,1949
11206,61430,1964
11207,56523,1957
11208,62077,1946
11209,93854,1938
11210,83692,1941
11211,107506,1957
11212,41355,1957
11213,65127,1938
11214,65895,1944
11215,185865,1938
11216,101277,1938
11217,162863,1938
11218,97366,1941
11219,58347,1938
11220,69883,1938
11221,85736,1938
11222,125734,1938
11223,63368,1942
11224,43648,1967
11225,88568,1938
11226,81014,1938
11228,83665,1938
11229,70603,1948
11230,70027,1941
11231,139930,1938
11232,90891,1938
11233,62411,1938
11234,97479,1952
11235,59661,1955
11236,81464,1957
11237,85196,1938
11238,134523,1938
11239,38015,1977
11249,123047,2001
11354,66010,1962
11355,55326,1961
11356,86730,1962
11357,96988,1957
11358,88165,1951
11359,-666666666,-666666666
11360,98875,1966
11361,105932,1955
11362,122090,1958
11363,125015,1951
11364,98359,1956
11365,81258,1955
11366,135373,1952
11367,75061,1956
11368,72270,1959
11369,80297,1950
11370,76009,1954
11371,-666666666,-666666666
11372,78606,1945
11373,71480,1955
11374,90631,1955
11375,105904,1952
11377,73073,1952
11378,85830,1943
11379,93558,1951
11385,88838,1938
11411,116458,1947
11412,97979,1940
11413,118440,1952
11414,95051,1962
11415,86394,1948
11416,81188,1938
11417,87006,1947
11418,90156,1938
11419,93399,1938
11420,100006,1943
11421,90685,1938
11422,114697,1956
11423,80054,1950
11424,-666666666,-666666666
11426,103533,1950
11427,88980,1952
11428,91296,1938
11429,102880,1942
11430,-666666666,-666666666
11432,74096,1958
11433,77519,1957
11434,77598,1961
11435,79710,1953
11436,88047,1949
11439,-666666666,-666666666
11451,-666666666,-666666666
11501,137665,1954
11507,164028,1957
11509,168537,1963
11510,147319,1948
11514,151964,1954
11516,104331,1955
11518,117052,1950
11520,121748,1954
11530,228143,1951
11542,93242,1960
11545,182528,1961
11547,95972,1938
11548,122250,1967
11549,-666666666,-666666666
11550,92677,1957
11552,155154,1953
11553,121127,1953
11554,133971,1957
11556,-666666666,-666666666
11557,176274,1953
11558,111032,1963
11559,142830,1962
11560,163750,1953
11561,141629,1960
11563,136887,1943
11565,148049,1940
11566,177079,1955
11568,250001,1968
11569,81635,1938
11570,157163,1946
11572,148790,1957
11575,126146,1952
11576,216250,1962
11577,182674,1954
11579,193590,1938
11580,137402,1953
11581,142233,1954
11590,152960,1956
11596,163833,1943
11598,190074,1954
11691,56135,1965
11692,49720,1973
11693,68449,1963
11694,111011,1960
11697,122667,1974
11701,117033,1970
11702,137652,1956
11703,137158,1961
11704,129195,1962
11705,164300,1964
11706,119603,1965
11709,149191,1966
11710,173054,1958
11713,108173,1975
11714,120172,1957
11715,163125,1961
11716,128889,1970
11718,218000,1945
11719,126250,1969
11720,134898,1969
11721,197179,1957
11722,114049,1969
11724,250001,1961
11725,168281,1964
11726,128425,1966
11727,103287,1979
11729,136939,1963
11730,145652,1957
11731,161132,1961
11732,148965,1959
11733,173281,1969
11735,139443,1958
11738,140121,1973
11739,164286,1962
11740,152386,1964
11741,144346,1975
11742,125162,1977
11743,183187,1959
11746,164589,1965
11747,159540,1981
11749,116313,1969
11751,116559,1965
11752,151917,1964
11753,175781,1962
11754,123393,1967
11755,119364,1970
11756,146019,1951
11757,127889,1959
11758,154110,1957
11762,169624,1956
11763,120783,1976
11764,146813,1978
11765,196902,1957
11766,153235,1985
11767,152985,1975
11768,172570,1961
11769,123558,1968
11770,123571,1954
11771,157923,1960
11772,105245,1969
11776,120573,1973
11777,150505,1972
11778,126349,1964
11779,112180,1971
11780,144577,1974
11782,147672,1966
11783,176993,1957
11784,104369,1969
11786,163466,1975
11787,143101,1967
11788,149726,1969
11789,131528,1957
11790,171133,1965
11791,202962,1959
11792,146174,1982
11793,167068,1956
11794,-666666666,-666666666
11795,177269,1961
11796,173472,1956
11797,192609,1980
11801,145788,1954
11803,187514,1958
11804,190469,1958
11901,85061,1979
11930,123257,1977
11931,-666666666,-666666666
11932,173672,1994
11933,74195,1985
11934,170801,1977
11935,143750,1971
11937,129883,1981
11939,102500,1961
11940,138639,1978
11941,123750,1988
11942,93710,1982
11944,85298,1957
11946,133918,1977
11947,-666666666,-666666666
11948,148398,1974
11949,138864,1991
11950,97661,1979
11951,110862,1970
11952,120139,1967
11953,86206,1981
11954,142961,1978
11955,79844,1995
11956,130875,1947
11957,94261,1972
11958,-666666666,1980
11959,88542,1989
11960,240313,1991
11961,76216,1979
11962,-666666666,1994
11963,127746,1978
11964,134620,1982
11965,-666666666,1974
11967,111617,1975
11968,156219,1988
11970,-666666666,1967
11971,129507,1971
11972,-666666666,1994
11973,-666666666,-666666666
11975,131042,1990
11976,180250,1995
11977,151375,1985
11978,125179,1985
11980,102600,1992
12007,200078,1997
12008,125859,1938
12009,120101,1973
12010,63696,1947
12015,91845,1982
12017,-666666666,1954
12018,126620,1975
12019,112420,1979
12020,107112,1989
12022,96875,1955
12023,112885,1972
12024,-666666666,2003
12025,74352,1970
12027,120000,1966
12028,96891,1981
12029,103542,1953
12031,87143,1951
12032,65789,1948
12033,98569,1966
12035,98375,1959
12036,41823,1951
12037,89844,1950
12040,57955,1983
12041,122143,1938
12042,-666666666,1938
12043,64583,1973
12045,-666666666,1938
12046,80707,1963
12047,66071,1960
12051,91786,1954
12052,118424,1974
12053,91991,1973
12054,129583,1961
12056,132150,1994
12057,68306,1970
12058,85469,1976
12059,106506,1968
12060,101548,1963
12061,110962,1981
12062,87679,1980
12063,90855,1956
12064,63500,1957
12065,113873,1986
12066,78571,1960
12067,125521,1977
12068,72788,1953
12069,90179,1938
12070,86989,1951
12071,99375,1981
12072,81063,1982
12074,94583,1983
12075,98047,1972
12076,84583,1979
12077,118257,1989
12078,58367,1948
12082,-666666666,-666666666
12083,83537,1974
12084,91063,1976
12085,-666666666,1977
12086,78155,1956
12087,91458,1971
12090,68056,1954
12092,58615,1938
12093,65321,1977
12094,92266,1984
12095,69469,1946
12106,75714,1963
12108,55625,1970
12110,105024,1974
12115,91875,1988
12116,78986,1978
12117,66000,1962
12118,92710,1984
12120,78917,1972
12121,100461,1973
12122,55875,1970
12123,108878,1968
12124,85461,1992
12125,55625,1962
12130,104286,1954
12131,71563,1978
12132,-666666666,1938
12134,77928,1967
12136,148750,1962
12137,83879,1979
12138,75833,1981
12139,71563,1962
12140,138393,1983
12143,95101,1973
12144,90738,1971
12147,85875,1974
12148,141984,1991
12149,50608,1981
12150,79776,1966
12151,98309,1943
12153,89861,1975
12154,106136,1978
12155,62361,1957
12156,108274,1954
12157,75997,1974
12158,97419,1984
12159,128306,1989
12160,69750,1952
12161,123750,1957
12164,62083,1973
12165,65368,1971
12166,94821,1962
12167,53047,1967
12168,88830,1981
12169,43936,1978
12170,102857,1980
12172,86587,1938
12173,76607,1977
12174,51131,1938
12175,90250,1981
12176,63565,1965
12177,92444,1938
12180,75851,1948
12182,56984,1948
12183,59406,1938
12184,98622,1976
12185,110625,1976
12186,112446,1975
12187,78149,1985
12188,92279,1964
12189,65276,1955
12190,74286,1972
12192,106213,1982
12193,108438,1970
12194,91250,1978
12195,148815,2003
12196,110889,1977
12197,77778,1944
12198,113083,1965
12202,52868,1938
12203,83147,1961
12204,74841,1969
12205,91020,1966
12206,41548,1949
12207,58998,1969
12208,70413,1954
12209,89390,1938
12210,55843,1938
12211,156605,1966
12222,-666666666,2021
12226,-666666666,-666666666
12302,98163,1960
12303,84375,1957
12304,69235,1956
12305,53326,1940
12306,83202,1957
12307,24758,1958
12308,63434,1938
12309,125274,1965
12401,69305,1952
12404,77214,1973
12405,97500,1981
12406,71208,1975
12407,63438,1938
12409,116280,1971
12410,-666666666,1957
12411,97880,1938
12412,82195,1979
12413,60363,1967
12414,73036,1953
12416,-666666666,1950
12417,120417,1984
12418,98472,1976
12419,121776,1970
12420,120559,1942
12421,100819,1978
12422,91667,1938
12423,75511,1978
12424,54141,1977
12427,-666666666,1958
12428,63145,1954
12429,-666666666,-666666666
12430,68250,1975
12431,80694,1982
12432,48193,1944
12433,96250,1968
12434,48656,1962
12435,112813,1963
12436,108056,1938
12438,78512,1938
12439,102989,1983
12440,106553,1953
12441,55893,1975
12442,36912,1977
12443,104412,1959
12444,77708,1983
12446,85979,1974
12448,-666666666,1942
12449,93750,1972
12450,-666666666,1985
12451,56477,1961
12452,-666666666,-666666666
12453,-666666666,1938
12454,88750,1982
12455,85926,1977
12456,63833,1959
12457,90667,1983
12458,64851,1951
12459,-666666666,1943
12460,109750,1954
12461,112273,1978
12463,-666666666,1951
12464,-666666666,1953
12465,-666666666,1938
12466,78182,1960
12468,51875,1977
12469,99722,1971
12470,86349,1978
12471,-666666666,-666666666
12472,70559,1938
12473,103542,1980
12474,57428,1975
12475,103412,1979
12477,80861,1962
12480,66491,1941
12481,124286,1965
12482,-666666666,1968
12483,2499,1981
12484,119779,1980
12485,67165,1960
12486,96964,1958
12487,95230,1962
12489,-666666666,1960
12490,-666666666,-666666666
12491,100257,1968
12492,150833,1977
12493,105617,1976
12494,145303,1985
12495,-666666666,1958
12496,59286,1985
12498,94210,1962
12501,75104,1947
12502,85192,1976
12503,117935,1985
12504,-666666666,-666666666
12507,116198,1938
12508,92461,1963
12512,99025,1938
12513,60951,1959
12514,120439,1974
12515,103500,1982
12516,128750,1975
12517,153958,1982
12518,101208,1961
12520,136797,1952
12521,75652,1972
12522,76157,1974
12523,54235,1971
12524,99034,1979
12525,110268,1979
12526,97679,1966
12527,-666666666,-666666666
12528,92462,1976
12529,70750,1960
12530,-666666666,-666666666
12531,129028,1978
12533,141585,1983
12534,72741,1964
12538,86230,1968
12540,111320,1983
12542,121378,1983
12543,75583,1976
12544,-666666666,-666666666
12545,101354,1958
12546,84455,1975
12547,88778,1986
12548,132083,1986
12549,122734,1976
12550,85697,1960
12553,92757,1977
12561,92288,1976
12563,98415,1965
12564,111324,1972
12565,56563,1938
12566,112831,1978
12567,103750,1959
12569,100846,1981
12570,128906,1987
12571,118967,1976
12572,94859,1971
12574,-666666666,1938
12575,142530,1983
12577,124028,1970
12578,108194,1965
12580,134583,1979
12581,80640,1959
12582,133328,1978
12583,79583,1970
12585,99648,1962
12586,87194,1964
12589,120815,1982
12590,102285,1971
12592,71696,1979
12594,144202,1986
12601,63652,1961
12603,103538,1966
12604,-666666666,-666666666
12701,57222,1973
12719,79921,1968
12720,66597,1999
12721,103214,1984
12722,-666666666,-666666666
12723,77313,1971
12724,-666666666,1995
12725,90893,1973
12726,77149,1968
12729,66982,1974
12732,50125,1966
12733,56056,2004
12734,56740,1955
12736,44330,1979
12737,87939,1983
12738,95481,1985
12740,103462,1973
12741,68897,1976
12742,148160,1938
12743,86053,1975
12745,-666666666,1938
12746,69906,1973
12747,71563,1962
12748,86927,1952
12749,175083,1965
12750,-666666666,1955
12751,53549,1976
12752,-666666666,1960
12754,67624,1968
12758,68958,1973
12759,41506,1983
12760,90938,1973
12762,87381,1970
12763,55741,1965
12764,67778,1968
12765,-666666666,1981
12766,-666666666,1956
12767,-666666666,1958
12768,34708,1975
12769,141779,1952
12770,108452,1971
12771,68136,1956
12775,112600,1977
12776,84211,1973
12777,137500,1980
12778,50959,1946
12779,47688,1973
12780,74468,1971
12781,-666666666,2001
12783,67778,1986
12784,-666666666,-666666666
12785,140397,1975
12786,-666666666,1962
12787,43102,1938
12788,62768,1976
12789,71729,1985
12790,79193,1957
12791,74744,1941
12792,-666666666,1987
12801,67577,1938
12803,82057,1972
12804,89127,1983
12808,110192,1975
12809,83938,1959
12810,56250,1987
12811,65865,1991
12812,155536,1954
12814,104489,1967
12815,76302,1970
12816,75966,1957
12817,93393,1981
12819,64688,1968
12820,-666666666,1944
12821,-666666666,1975
12822,83349,1966
12823,118783,1981
12824,108533,1974
12827,81424,1982
12828,76019,1981
12831,100024,1994
12832,68929,1970
12833,102832,1986
12834,81205,1958
12835,66992,1973
12836,80221,1972
12837,81583,1986
12838,62348,1938
12839,71423,1960
12841,63348,1957
12842,58702,1976
12843,61304,1980
12844,133750,1952
12845,100774,1974
12846,46344,1967
12847,70962,1968
12849,-666666666,1994
12850,92083,1985
12851,73750,1960
12852,108750,1964
12853,57950,1983
12854,-666666666,-666666666
12855,77292,1970
12856,59200,1973
12857,68500,1971
12858,124167,1944
12859,71250,1994
12860,95625,1973
12861,92031,1969
12862,-666666666,1950
12863,96679,1965
12864,-666666666,1944
12865,71983,1957
12866,101901,1982
12870,72628,1978
12871,96024,1968
12872,-666666666,1938
12873,103239,1938
12874,158500,1957
12878,63657,1969
12883,65865,1958
12884,37045,1938
12885,59429,1969
12886,127649,1983
12887,56709,1957
12901,60942,1973
12903,77733,1967
12910,53021,1977
12911,-666666666,-666666666
12912,70046,1972
12913,81250,1979
12914,32778,1964
12915,78750,1938
12916,69833,1976
12917,62750,1979
12918,91951,1982
12919,80931,1966
12920,79773,1977
12921,101302,1981
12922,88333,1945
12923,50833,1975
12924,-666666666,1943
12926,56424,1978
12927,68125,1963
12928,82813,1975
12929,62411,1938
12930,68603,1984
12932,56771,1956
12933,-666666666,-666666666
12934,77734,1981
12935,57542,1974
12936,77321,1938
12937,55417,1969
12939,51635,1980
12941,68625,1978
12942,115000,1983
12943,-666666666,1938
12944,72207,1971
12945,80227,1938
12946,77548,1979
12950,82794,1977
12952,52841,1959
12953,68799,1955
12955,78487,1963
12956,69692,1984
12957,54572,1979
12958,63977,1988
12959,54981,1993
12960,64702,1963
12961,-666666666,-666666666
12962,77847,1976
12964,99688,1948
12965,66477,1938
12966,65893,1979
12967,75781,1974
12969,65469,1941
12970,84250,1938
12972,125373,1983
12973,104091,1938
12974,47278,1938
12975,-666666666,1984
12976,61406,1971
12977,-666666666,-666666666
12978,98958,1938
12979,45850,1949
12980,60938,1967
12981,76450,1963
12983,65985,1947
12985,76090,1975
12986,67883,1956
12987,127083,1983
12989,84464,1972
12992,82685,1983
12993,80139,1948
12996,69766,1957
12997,82344,1978
12998,-666666666,1938
13020,92813,1938
13021,60712,1953
13024,-666666666,-666666666
13026,96324,1951
13027,91797,1983
13028,61645,1972
13029,103878,1986
13030,68306,1968
13031,88224,1966
13032,81171,1961
13033,93092,1969
13034,104154,1974
13035,109394,1969
13036,83648,1982
13037,83963,1978
13039,107500,1985
13040,70167,1971
13041,120188,1985
13042,86587,1971
13044,64313,1976
13045,69961,1958
13051,-666666666,-666666666
13052,76750,1964
13053,83021,1981
13054,94100,1959
13057,80900,1962
13060,64448,1980
13061,75250,1956
13062,-666666666,1955
13063,84063,1973
13065,-666666666,-666666666
13066,122088,1967
13068,80043,1978
13069,63113,1960
13071,85972,1938
13072,48611,1953
13073,71452,1971
13074,81563,1983
13076,95889,1985
13077,72266,1960
13078,119191,1980
13080,83882,1967
13081,93558,1965
13082,82964,1975
13083,71667,1980
13084,91389,1984
13087,97125,1961
13088,75378,1971
13090,88492,1981
13092,78056,1981
13101,63587,1953
13102,-666666666,1938
13103,80000,1984
13104,127933,1978
13108,94327,1963
13110,93438,1965
13111,59063,1971
13112,96615,1957
13113,35313,1940
13114,65561,1977
13115,72857,1938
13116,95506,1971
13117,63250,1978
13118,67651,1964
13119,-666666666,-666666666
13120,55682,1946
13121,-666666666,-666666666
13122,81500,1988
13123,-666666666,-666666666
13124,90000,1959
13126,65346,1960
13131,70286,1977
13132,72473,1979
13134,72188,1938
13135,87041,1967
13136,51667,1970
13138,95083,1938
13140,61977,1970
13141,80208,1956
13142,73854,1973
13143,61674,1954
13144,64073,1974
13145,60625,1982
13146,61842,1964
13147,74934,1946
13148,65313,1955
13152,104211,1960
13153,158688,1954
13154,-666666666,1938
13155,66563,1970
13156,64063,1953
13157,45481,1951
13158,85208,1975
13159,101250,1975
13160,86029,1957
13162,-666666666,1938
13163,78125,1960
13164,84808,1986
13165,59981,1961
13166,78108,1976
13167,85294,1987
13202,27000,1958
13203,46997,1951
13204,45351,1938
13205,38497,1953
13206,63136,1946
13207,60720,1942
13208,44712,1941
13209,68138,1957
13210,41738,1960
13211,66724,1953
13212,81085,1960
13214,98000,1956
13215,113864,1978
13219,85149,1958
13224,76500,1957
13244,-666666666,1995
13290,-666666666,-666666666
13301,126397,1976
13302,55341,1978
13303,89940,1968
13304,108587,1954
13305,-666666666,1938
13308,87651,1974
13309,74767,1976
13310,101250,1956
13312,72266,1962
13313,36597,1963
13314,37000,1938
13315,65921,1975
13316,66760,1964
13317,72500,1938
13318,84211,1972
13319,73571,1962
13320,86204,1949
13321,68438,1994
13322,91369,1964
13323,78224,1967
13324,86176,1975
13325,58750,1971
13326,80040,1953
13327,66875,1967
13328,105000,1968
13329,60104,1954
13331,61250,1956
13332,79737,1953
13333,42813,1938
13334,58125,1944
13335,65000,1945
13337,99375,1938
13338,58333,1967
13339,56047,1953
13340,69821,1960
13342,83333,1978
13343,70478,1978
13345,48750,1987
13346,60600,1967
13348,80245,1954
13350,56157,1944
13352,-666666666,-666666666
13353,82000,1958
13354,101733,1973
13355,53988,1983
13357,63678,1938
13360,107750,1964
13361,92000,1957
13363,94432,1974
13364,80160,1953
13365,66307,1943
13367,67873,1971
13368,62159,1962
13402,74375,1951
13403,86300,1973
13404,-666666666,1938
13406,102692,1938
13407,69846,1951
13408,68750,1972
13409,72333,1969
13410,-666666666,1938
13411,55357,1960
13413,95261,1965
13415,83750,1966
13416,85128,1970
13417,59453,1958
13418,91250,1968
13420,109351,1966
13421,65752,1950
13424,84844,1958
13425,65243,1973
13428,76295,1982
13431,76000,1965
13433,50806,1970
13435,46971,1938
13436,73409,1971
13437,48438,1982
13438,69797,1974
13439,65761,1951
13440,68207,1958
13441,-666666666,2021
13450,119167,2003
13452,60327,1955
13454,122669,1938
13455,-666666666,-666666666
13456,93510,1963
13457,45833,1938
13459,65893,1953
13460,61587,1975
13461,88750,1954
13464,56953,1975
13468,62727,1938
13469,94185,1972
13470,75313,1971
13471,70455,1983
13472,-666666666,1976
13473,103598,1940
13475,53750,1938
13476,62798,1955
13477,71111,1982
13478,83986,1969
13480,85435,1941
13482,58864,1955
13483,115341,1960
13484,-666666666,-666666666
13485,62337,1979
13486,60217,1965
13488,52159,1938
13489,89271,1974
13490,135302,1987
13491,72917,1962
13492,82173,1959
13493,63125,1988
13494,104688,1971
13495,66995,1952
13501,52548,1938
13502,57835,1954
13601,58791,1955
13602,-666666666,-666666666
13603,62500,2004
13605,70045,1970
13606,88977,1976
13607,66500,1968
13608,73643,1950
13611,70139,1938
13612,85658,1976
13613,58846,1974
13614,39000,1950
13615,101563,1938
13616,45962,1970
13617,71663,1973
13618,61494,1978
13619,63120,1971
13620,70087,1973
13621,77703,1981
13622,81065,1955
13623,-666666666,1962
13624,87988,1975
13625,80417,1973
13626,64495,1982
13628,58125,1941
13630,63333,1938
13632,132857,1984
13633,65625,1975
13634,92109,1978
13635,71316,1965
13636,58882,1938
13637,57103,1992
13638,62955,1945
13639,21346,1996
13640,118026,1982
13641,61458,1992
13642,49728,1955
13643,100625,2013
13645,-666666666,-666666666
13646,72212,1959
13647,-666666666,-666666666
13648,60735,1973
13649,156250,1986
13650,94318,1969
13651,116705,1938
13652,67946,1972
13654,74125,1947
13655,52309,1997
13656,72500,1987
13658,69055,1983
13659,63125,1970
13660,68482,1978
13661,82297,1970
13662,59106,1956
13664,78750,1953
13665,51250,1984
13666,38438,1953
13667,59849,1974
13668,63393,1966
13669,70304,1951
13670,36250,1957
13672,76216,1962
13673,81167,1983
13674,-666666666,1938
13675,208182,2011
13676,56170,1970
13678,-666666666,-666666666
13679,101932,1974
13680,80625,1976
13681,46250,1958
13682,79821,1971
13683,-666666666,-666666666
13684,57465,1982
13685,79469,1982
13687,44833,1965
13690,62000,1956
13691,79943,1983
13692,190250,1938
13693,72396,1984
13694,75179,1980
13695,123036,1979
13696,-666666666,1985
13697,75953,1977
13699,-666666666,-666666666
13730,53348,1963
13731,73750,1979
13732,88750,1970
13733,60759,1965
13734,63523,1980
13736,65880,1972
13738,-666666666,-666666666
13739,64219,1982
13740,80625,1980
13743,51364,1971
13744,61086,1984
13746,62993,1975
13747,-666666666,-666666666
13748,62125,1958
13750,62344,1985
13751,-666666666,1993
13752,66302,1978
13753,70000,1970
13754,61000,1960
13755,64375,1975
13756,71765,1968
13757,73523,1972
13760,66095,1959
13774,70638,1981
13775,78750,1971
13776,80750,1938
13777,65625,1982
13778,73850,1967
13780,77262,1971
13782,62961,1980
13783,51510,1960
13784,76446,1978
13786,54688,1967
13787,66222,1981
13788,100313,1965
13790,59045,1952
13795,56743,1972
13796,88750,1977
13797,67316,1983
13801,69375,1973
13802,-666666666,1938
13803,63713,1970
13804,45000,1971
13806,-666666666,1938
13807,77083,1980
13808,67071,1958
13809,52167,1980
13810,93819,1966
13811,78418,1973
13812,82679,1961
13813,107813,1938
13814,-666666666,-666666666
13815,61469,1963
13820,65953,1947
13825,76875,1971
13826,-666666666,1969
13827,72769,1958
13830,62400,1966
13832,78125,1990
13833,60409,1980
13834,37153,1948
13835,66620,1983
13838,53306,1955
13839,54271,1972
13841,58229,1965
13842,88500,1964
13843,79018,1964
13844,61071,1967
13846,32857,1938
13847,-666666666,-666666666
13849,57917,1962
13850,83403,1968
13856,48958,1963
13859,53846,1938
13860,143315,1963
13861,57847,1962
13862,63487,1975
13863,73333,1976
13864,60389,1983
13865,73623,1973
13901,55523,1960
13902,-666666666,-666666666
13903,66278,1954
13904,53984,1956
13905,53362,1942
14001,75107,1976
14004,90839,1965
14005,105082,1956
14006,65972,1955
14008,77702,1938
14009,62761,1978
14011,74946,1941
14012,72083,1964
14013,72768,1938
14020,62655,1956
14024,86833,1981
14025,115188,1967
14026,88750,1958
14027,-666666666,1981
14028,89188,1963
14029,145000,1938
14030,78182,1951
14031,103750,1984
14032,168711,1996
14033,87431,1965
14034,62412,1953
14035,91250,1938
14036,88466,1959
14037,93594,1959
14039,62917,1938
14040,88779,1968
14041,75938,1945
14042,47431,1976
14043,74112,1966
14047,78816,1970
14048,56431,1945
14051,135663,1987
14052,99970,1960
14054,79286,1956
14055,51089,1972
14056,58176,2003
14057,92410,1960
14058,102750,1957
14059,113555,1972
14060,62000,1982
14061,111250,1938
14062,83125,1972
14063,57937,1957
14065,61058,1976
14066,64750,1938
14067,95671,1964
14068,98750,1984
14069,85469,1969
14070,53310,1949
14072,115991,1975
14075,83383,1972
14080,76786,1967
14081,65778,1964
14082,93571,1938
14083,91806,1966
14085,129563,1988
14086,99499,1981
14091,82833,1978
14092,72218,1972
14094,75427,1969
14098,91042,1956
14101,73116,1976
14102,119327,1971
14103,69926,1938
14105,92405,1941
14108,76345,1965
14109,-666666666,-666666666
14111,90700,1952
14112,-666666666,-666666666
14113,102798,1950
14120,74871,1960
14125,70294,1945
14126,167723,1987
14127,109386,1976
14129,68542,1962
14130,70114,1938
14131,85909,1965
14132,97210,1959
14134,-666666666,1975
14135,80833,1949
14136,69567,1948
14138,56868,1938
14139,86402,1967
14141,80906,1964
14143,95893,1952
14145,85114,1961
14150,71406,1956
14166,101629,1945
14167,67132,1970
14168,-666666666,2003
14169,61782,1976
14170,116746,1968
14171,75625,1966
14172,81330,1943
14173,-666666666,1944
14174,79695,1965
14201,40512,1938
14202,56528,1954
14203,56141,1938
14204,28182,1973
14206,50450,1938
14207,39753,1938
14208,48476,1938
14209,50046,1938
14210,54197,1938
14211,36300,1938
14212,44020,1938
14213,53870,1938
14214,58228,1938
14215,44955,1938
14216,69629,1938
14217,73800,1947
14218,54748,1953
14219,78569,1962
14220,70963,1938
14221,101615,1970
14222,81652,1938
14223,84161,1953
14224,80052,1967
14225,67237,1956
14226,84325,1953
14227,68928,1971
14228,74871,1979
14260,-666666666,-666666666
14261,-666666666,-666666666
14301,34549,1943
14302,-666666666,-666666666
14303,45646,1938
14304,66660,1959
14305,51004,1951
14411,55641,1956
14413,-666666666,-666666666
14414,72006,1968
14415,114028,1938
14416,80430,1968
14418,65577,1977
14420,75577,1976
14422,91786,1938
14423,80807,1969
14424,79778,1980
14425,94609,1989
14427,56490,1962
14428,91558,1979
14432,78017,1959
14433,66587,1951
14435,71865,1976
14437,66332,1961
14441,70833,1938
14445,73625,1946
14450,109466,1977
14453,-666666666,-666666666
14454,77857,1975
14456,81310,1950
14462,78194,1961
14463,46250,1938
14464,78600,1976
14466,108085,1960
14467,88653,1972
14468,98693,1978
14469,74521,1976
14470,65938,1967
14471,78405,1974
14472,129655,1976
14475,123917,1976
14476,90536,1963
14477,96607,1957
14478,86853,1982
14479,34572,1938
14480,57152,1993
14481,79135,1975
14482,74216,1958
14485,80341,1975
14486,131875,1938
14487,89688,1975
14489,68250,1951
14502,83330,1986
14504,65750,1964
14505,80382,1975
14506,126786,1978
14507,77273,1975
14510,61713,1949
14511,75375,1957
14512,77130,1972
14513,65309,1959
14514,86493,1991
14515,-666666666,1938
14516,76000,1954
14517,56088,1949
14519,85532,1980
14521,67198,1957
14522,75116,1956
14525,77102,1966
14526,118777,1978
14527,70758,1963
14529,74479,1938
14530,64576,1938
14532,81923,1938
14533,68170,1981
14534,143694,1977
14536,63125,1974
14537,-666666666,1938
14539,-666666666,1938
14541,77375,1961
14542,-666666666,-666666666
14543,122654,1966
14544,61118,1963
14545,100000,1938
14546,95046,1965
14548,83571,1963
14549,-666666666,1950
14550,52321,1951
14551,59167,1962
14555,81042,1952
14556,-666666666,-666666666
14557,-666666666,1938
14559,94794,1976
14560,75257,1971
14561,77857,1955
14564,115625,1995
14568,102604,1981
14569,61059,1968
14571,80833,1946
14572,72557,1967
14580,98310,1988
14585,-666666666,1996
14586,124457,2000
14588,-666666666,-666666666
14589,86885,1964
14590,55682,1955
14591,85804,1955
14592,85000,1938
14604,52105,1947
14605,21201,1955
14606,55807,1964
14607,59787,1938
14608,40646,1938
14609,64603,1945
14610,85961,1944
14611,31376,1938
14612,82800,1975
14613,37778,1938
14614,62500,1952
14615,51262,1962
14616,66499,1959
14617,90192,1952
14618,125098,1957
14619,68333,1938
14620,61783,1945
14621,35383,1951
14622,75439,1955
14623,65342,1970
14624,87989,1972
14625,110865,1966
14626,78204,1980
14627,-666666666,-666666666
14642,-666666666,-666666666
14701,49685,1942
14706,73236,1973
14707,46250,1938
14708,69286,1945
14709,53889,1976
14710,66120,1958
14711,65938,1967
14712,86083,1965
14714,115230,1945
14715,55640,1950
14716,60278,1951
14717,83542,1968
14718,56250,1962
14719,62188,1948
14720,51875,1938
14721,40250,1981
14722,-666666666,1963
14723,68261,1973
14724,83063,1973
14726,55156,1971
14727,63257,1971
14728,67875,1972
14729,64276,1979
14731,67583,1984
14732,31250,1938
14733,63068,1953
14735,69891,1977
14736,92917,1972
14737,60270,1973
14738,80103,1970
14739,57794,1974
14740,64853,1971
14741,70962,1989
14742,78750,1959
14743,57244,1978
14744,77750,1974
14747,56667,1971
14748,47917,1974
14750,66622,1962
14752,-666666666,1938
14753,55000,1965
14754,62750,1976
14755,66103,1963
14756,-666666666,1948
14757,67115,1958
14760,54929,1941
14767,67607,1982
14769,49267,1951
14770,56910,1963
14772,79583,1957
14774,39250,1938
14775,49961,1944
14777,57500,1975
14778,-666666666,-666666666
14779,42593,1938
14781,61625,1970
14782,71250,1973
14783,-666666666,1975
14784,77750,1982
14785,-666666666,-666666666
14787,53587,1947
14788,66000,1938
14801,63125,1968
14802,40489,1953
14803,51694,1970
14804,83173,1971
14805,65000,1960
14806,74688,1959
14807,64408,1972
14808,33203,1938
14809,63875,1968
14810,51950,1968
14812,62073,1969
14813,63750,1956
14814,98783,1963
14815,56875,1975
14816,63487,1955
14817,77228,1971
14818,69107,1969
14819,50000,1975
14820,64306,1974
14821,77609,1971
14822,66771,1970
14823,63140,1965
14824,61061,1969
14825,61250,1961
14826,69464,1962
14827,-666666666,-666666666
14830,73263,1953
14836,74130,1958
14837,65845,1969
14838,73884,1976
14839,79861,1941
14840,84792,1964
14841,89821,1978
14842,74821,1976
14843,57874,1943
14845,76832,1968
14846,73587,1975
14847,73594,1954
14850,71445,1973
14853,-666666666,-666666666
14854,-666666666,1938
14855,76500,1948
14856,-666666666,-666666666
14858,81750,1976
14859,98750,1981
14860,78170,1975
14861,64904,1974
14864,63667,1960
14865,53846,1967
14867,75507,1984
14869,80481,1965
14870,84476,1974
14871,72484,1963
14872,62708,1986
14873,68239,1985
14874,90500,1944
14877,57750,1964
14878,-666666666,1938
14879,53750,1976
14880,58750,1964
14881,89063,1964
14882,91960,1979
14883,68750,1978
14884,48750,1981
14885,75500,1985
14886,82000,1973
14889,61944,1963
14891,61875,1962
14892,54043,1967
14893,-666666666,-666666666
14894,51250,1977
14895,63910,1956
14897,66458,1966
14898,58824,1983
14901,40989,1938
14903,67012,1954
14904,53174,1944
14905,90825,1944
15001,70985,1959
15003,59550,1942
15004,-666666666,1946
15005,73354,1958
15006,79417,1938
15007,-666666666,1947
15009,88294,1956
15010,71200,1956
15012,60172,1965
15014,53551,1938
15015,155208,1959
15017,86937,1976
15018,37000,1938
15019,32926,1967
15020,76250,1938
15021,75000,1959
15022,58387,1948
15024,79647,1964
15025,76531,1958
15026,115556,1986
15027,65466,1959
15028,48750,1938
15030,56094,1945
15031,35404,1963
15033,39921,1941
15034,51715,1948
15035,65907,1955
15037,77579,1963
15038,31824,1945
15042,75742,1977
15043,87672,1979
15044,136723,1989
15045,47803,1947
15046,81992,1963
15047,45792,1953
15049,60595,1959
15050,91406,1968
15051,62563,1938
15052,73352,1965
15053,89931,1938
15054,74167,1938
15055,71719,1994
15056,67292,1938
15057,120821,1986
15059,66231,1948
15060,56118,1965
15061,73010,1963
15062,52889,1953
15063,65179,1953
15064,-666666666,1938
15065,67803,1955
15066,63836,1953
15067,52352,1959
15068,63426,1959
15071,102328,1991
15072,-666666666,1941
15074,54063,1953
15075,-666666666,1938
15076,50573,1938
15077,64583,1962
15078,82303,1973
15081,54107,1943
15082,113750,1945
15083,64750,1959
15084,63090,1951
15085,82456,1958
15086,130688,1996
15087,-666666666,1938
15088,55000,1956
15089,60533,1958
15090,160576,1990
15101,114634,1972
15102,108966,1965
15104,40104,1942
15106,77247,1955
15108,100859,1973
15110,44180,1946
15112,47730,1949
15116,94352,1962
15120,55714,1951
15122,72485,1957
15123,-666666666,-666666666
15126,99693,1987
15129,99519,1976
15131,61744,1956
15132,35397,1947
15133,65938,1952
15135,82632,1957
15136,69099,1963
15137,53632,1960
15139,92782,1963
15140,36419,1957
15142,119667,2002
15143,132674,1972
15144,67520,1953
15145,49628,1946
15146,79300,1968
15147,66757,1958
15148,37179,1944
15201,93231,1938
15202,68287,1942
15203,67345,1938
15204,59420,1946
15205,70991,1957
15206,72920,1942
15207,57427,1938
15208,63086,1938
15209,85542,1956
15210,52169,1938
15211,79758,1938
15212,64077,1938
15213,31069,1959
15214,61645,1951
15215,99071,1953
15216,80313,1938
15217,95668,1938
15218,67960,1938
15219,34897,1962
15220,75611,1964
15221,55028,1951
15222,114167,1969
15223,61083,1951
15224,66993,1938
15225,61094,1949
15226,73321,1946
15227,75448,1954
15228,123681,1950
15229,90703,1959
15232,66582,1952
15233,78750,1938
15234,78366,1955
15235,67240,1958
15236,90767,1958
15237,109895,1971
15238,116575,1972
15239,101045,1970
15241,153936,1971
15243,116200,1956
15260,-666666666,-666666666
15275,-666666666,1996
15282,-666666666,-666666666
15290,-666666666,-666666666
15301,70473,1966
15310,44063,1985
15311,75050,1973
15312,73542,1962
15313,64792,1938
15314,59356,1958
15315,48362,1938
15316,66875,1948
15317,108044,1979
15320,64213,1967
15321,117656,1979
15322,87635,1947
15323,78947,1967
15324,-666666666,1938
15325,71615,1938
15327,70296,1969
15329,92917,1976
15330,111680,1979
15331,58750,1938
15332,66578,1967
15333,89333,1951
15334,96842,1975
15337,64375,1969
15338,67981,1956
15340,82431,1966
15341,98125,1972
15342,92402,1967
15344,73886,1974
15345,59375,1938
15346,46012,1938
15347,48839,1946
15348,-666666666,-666666666
15349,68125,1966
15350,58117,1938
15351,27557,1938
15352,63750,1963
15353,145341,1938
15357,89453,1954
15358,103789,1938
15359,79135,1938
15360,85341,1964
15361,-666666666,1938
15362,105685,1980
15363,63281,1952
15364,62125,1960
15365,71944,1938
15366,41550,1938
15367,135542,1995
15368,-666666666,1938
15370,65511,1963
15376,86607,1954
15377,80625,1971
15378,-666666666,-666666666
15379,75625,1938
15380,85313,1966
15401,53925,1956
15410,76667,1943
15411,68125,1974
15412,40625,1938
15413,-666666666,1942
15416,119583,1969
15417,55395,1946
15419,43813,1964
15420,81875,1938
15421,250001,1956
15422,92727,1938
15423,77857,1959
15424,56190,1969
15425,53160,1957
15427,54250,1938
15428,70368,1966
15429,49583,1938
15430,71184,1938
15431,62202,1967
15432,74500,1960
15433,49051,1948
15434,83224,1940
15435,-666666666,-666666666
15436,62917,1972
15437,64813,1978
15438,53917,1955
15440,66250,1938
15442,57246,1942
15443,-666666666,1938
15444,59077,1963
15445,47955,1966
15446,-666666666,-666666666
15447,60750,1938
15448,47011,1938
15449,53510,1994
15450,53500,1942
15451,34861,1982
15454,-666666666,1938
15455,54554,1982
15456,58828,1972
15458,61979,1968
15459,71250,1982
15460,25000,1938
15461,57596,1953
15462,-666666666,-666666666
15463,-666666666,1938
15464,46250,1987
15465,45000,1974
15466,46429,1938
15467,60313,1938
15468,69375,1938
15469,56301,1972
15470,80750,1979
15472,82852,1952
15473,69438,1963
15474,62500,1938
15475,54706,1938
15476,-666666666,1956
15477,72716,1950
15478,67449,1966
15479,63852,1965
15480,47375,1947
15482,41042,1947
15483,52422,1942
15484,98579,1978
15486,66250,1975
15488,-666666666,1964
15489,-666666666,1938
15490,49408,1988
15492,-666666666,1971
15501,59245,1970
15502,80694,1986
15510,-666666666,-666666666
15520,-666666666,1996
15521,53947,1975
15522,57029,1964
15530,59205,1970
15531,60855,1967
15532,-666666666,1943
15533,49570,1983
15534,49191,1981
15535,57212,1976
15536,61458,1978
15537,62538,1970
15538,75833,1973
15539,45893,1955
15540,70875,1983
15541,62992,1978
15542,58393,1955
15544,89536,1938
15545,56757,1964
15546,-666666666,1938
15547,64716,1959
15550,53750,1971
15551,67727,1964
15552,65551,1952
15554,50500,1980
15555,76250,1955
15557,61042,1971
15558,64038,1947
15559,61902,1973
15560,65000,1938
15561,92813,1946
15562,84844,1962
15563,62411,1957
15564,56250,1971
15565,98750,1938
15601,78555,1971
15610,72938,1975
15611,64125,1962
15612,59018,1971
15613,71988,1970
15615,88750,1944
15616,115648,1986
15617,73125,1941
15618,61579,1959
15619,-666666666,1938
15620,59967,1960
15622,46583,1983
15623,57335,1957
15624,-666666666,1938
15625,-666666666,-666666666
15626,61103,1978
15627,59398,1961
15628,64219,1996
15629,55278,1938
15631,52727,1938
15632,93664,1977
15633,113623,1955
15634,62000,1949
15635,-666666666,1938
15636,145492,1993
15637,70461,1955
15638,-666666666,1945
15639,79843,1982
15640,83000,1938
15641,65536,1955
15642,97706,1968
15644,64684,1957
15646,-666666666,1972
15647,-666666666,-666666666
15650,63305,1960
15655,31635,1944
15656,68311,1959
15658,82771,1961
15660,-666666666,1938
15661,80564,1942
15662,83715,1938
15663,76250,1955
15665,82375,1964
15666,68102,1962
15668,124494,1977
15670,79345,1971
15671,65556,1966
15672,66840,1973
15673,66629,1951
15674,86827,1956
15675,76406,1945
15676,-666666666,1943
15677,51579,1953
15678,66389,1962
15679,77099,1982
15680,46332,1938
15681,73130,1963
15682,88438,1976
15683,51913,1962
15684,63500,1949
15686,49977,1969
15687,54798,1980
15688,80938,1961
15689,-666666666,1938
15690,55457,1946
15691,168289,1983
15692,71574,1938
15693,49118,1938
15695,44167,1938
15696,65250,1938
15697,64961,1961
15698,49375,1938
15701,56311,1973
15705,-666666666,-666666666
15710,-666666666,1967
15711,47083,1951
15712,-666666666,1966
15713,58365,1961
15714,52500,1954
15715,60625,1940
15716,30547,1968
15717,61304,1965
15720,69722,1960
15721,41875,1938
15722,68068,1956
15723,-666666666,1964
15724,67500,1971
15725,78375,1972
15727,64063,1942
15728,60143,1967
15729,54625,1945
15730,66696,1938
15731,58281,1952
15732,62000,1968
15733,-666666666,1938
15734,-666666666,1958
15736,66429,1973
15737,-666666666,1938
15738,59250,1938
15739,68125,1938
15741,57500,1938
15742,52375,1954
15744,111875,1947
15745,66458,1938
15746,42321,1958
15747,54938,1978
15748,70474,1967
15750,-666666666,1963
15752,67813,1938
15753,58125,1977
15754,56434,1938
15756,47500,1950
15757,56176,1966
15759,57132,1971
15760,80938,2013
15761,-666666666,1991
15762,67188,1972
15763,50625,1968
15764,66250,1970
15765,73646,1974
15767,50589,1961
15770,43250,1957
15771,63750,1967
15772,62727,1961
15773,54821,1947
15774,80375,1976
15775,72321,1946
15776,25625,1938
15777,-666666666,-666666666
15778,72500,1938
15779,92250,1946
15780,89583,1938
15781,53000,1941
15783,62000,1948
15784,82500,1938
15801,67583,1971
15821,55313,1971
15823,51125,1973
15824,64623,1961
15825,64130,1960
15827,83125,1938
15828,36250,1971
15829,64167,1973
15831,-666666666,-666666666
15832,38125,1967
15834,50609,1957
15840,57344,1964
15841,31071,1938
15845,68347,1951
15846,70662,1979
15847,125139,1938
15848,66250,1985
15849,60096,1967
15851,63158,1964
15853,59344,1954
15856,61985,1971
15857,67662,1962
15860,65774,1970
15861,68750,1965
15863,-666666666,1948
15864,65859,1951
15865,45313,1952
15866,82708,1952
15868,70395,1969
15870,63750,1965
15901,27121,1948
15902,44215,1944
15904,67394,1969
15905,69212,1953
15906,43284,1944
15909,61016,1955
15920,76012,1973
15921,44545,1941
15922,-666666666,1947
15923,57167,1966
15924,52240,1943
15925,56944,1940
15926,62019,1962
15927,98633,1938
15928,87237,1957
15929,-666666666,1938
15930,146114,1988
15931,64780,1972
15934,-666666666,-666666666
15935,61941,1938
15936,58396,1946
15937,83917,1938
15938,71250,1963
15940,88274,1977
15942,84875,1961
15943,56200,1954
15944,69076,1969
15945,68203,1947
15946,55582,1954
15948,55972,1938
15949,72375,1943
15951,58104,1938
15952,-666666666,1974
15953,37014,1938
15954,43958,1969
15955,59327,1964
15956,52448,1938
15957,71250,1977
15958,66250,1974
15960,59583,1938
15961,61538,1953
15962,55469,1946
15963,61566,1958
16001,63635,1961
16002,90305,1972
16020,74135,1988
16022,76250,1941
16023,86042,1986
16024,72500,1938
16025,71722,1969
16027,84531,1944
16028,62750,1958
16029,61607,1956
16030,61719,1954
16033,108071,1976
16034,88300,1985
16035,53750,1938
16036,69375,1938
16037,93077,1989
16038,72850,1973
16040,84792,1973
16041,67167,1967
16045,72600,1938
16046,151560,2002
16048,71250,1941
16049,62650,1963
16050,56708,1962
16051,88958,1984
16052,81739,1979
16053,76054,1993
16054,71500,1949
16055,90950,1981
16056,75893,1981
16057,58288,1978
16059,110828,1984
16061,74464,1982
16063,95893,1976
16066,124189,1996
16101,51128,1955
16102,56053,1952
16105,65855,1959
16110,81250,1968
16111,70074,1980
16112,74821,1955
16113,60000,1973
16114,69500,1976
16115,68571,1959
16116,69559,1973
16117,73045,1950
16120,65750,1965
16121,42595,1956
16123,102500,1977
16124,55455,1964
16125,54787,1961
16127,72429,1966
16130,58750,1969
16131,59659,1982
16132,57650,1944
16133,76713,1977
16134,63519,1972
16136,73750,1947
16137,71250,1975
16140,-666666666,1969
16141,73910,1976
16142,84205,1971
16143,85375,1972
16145,67321,1967
16146,45670,1947
16148,70490,1970
16150,56334,1957
16151,73958,1938
16153,63750,1963
16154,57870,1974
16155,-666666666,1978
16156,69054,1972
16157,60345,1958
16159,69391,1968
16160,44510,1964
16161,40536,1955
16172,-666666666,-666666666
16201,72556,1963
16210,49107,1978
16211,-666666666,1950
16212,73750,1938
16213,71667,1938
16214,57521,1971
16217,56250,1974
16218,71000,1982
16220,-666666666,1997
16222,64688,1972
16223,60521,1961
16224,74643,1966
16226,63750,1956
16228,70833,1950
16229,81731,1963
16230,46932,1947
16232,65525,1963
16233,91159,1972
16235,77798,1963
16236,49057,1938
16238,77885,1938
16239,52121,1972
16240,58281,1959
16242,55677,1951
16244,47614,1951
16245,48438,1938
16246,47188,1938
16248,65272,1952
16249,68214,1965
16250,57841,1938
16253,45833,1942
16254,56563,1972
16255,56058,1959
16256,60398,1981
16258,55188,1976
16259,59861,1963
16260,52870,1980
16262,69375,1975
16263,-666666666,1953
16301,57596,1947
16311,70938,1978
16312,-666666666,-666666666
16313,53947,1963
16314,70389,1973
16316,62750,1970
16317,57768,1974
16319,65900,1972
16321,-666666666,1994
16322,23854,1953
16323,62562,1956
16326,78750,1991
16327,76146,1971
16328,60000,1949
16329,64250,1956
16331,-666666666,1972
16332,-666666666,1941
16333,44405,1961
16334,71875,1962
16335,57591,1960
16340,57446,1970
16341,61818,1965
16342,63750,1971
16343,83264,1938
16344,58382,1943
16345,95192,1974
16346,59718,1973
16347,58125,1960
16350,69792,1976
16351,51515,1967
16352,40357,1962
16353,56034,1972
16354,48963,1958
16360,71528,1971
16361,108750,1938
16362,65833,1980
16364,74886,1967
16365,59206,1948
16370,35833,1970
16371,57514,1964
16372,46458,1972
16373,63047,1964
16374,57829,1973
16401,70052,1969
16402,54213,1975
16403,69851,1965
16404,65972,1977
16405,73125,1958
16406,65911,1966
16407,58606,1963
16410,83977,1966
16411,66779,1979
16412,71590,1979
16415,108214,1976
16416,75093,1975
16417,88041,1977
16420,53750,1971
16421,64091,1963
16422,45750,1964
16423,74635,1973
16424,56186,1969
16426,80135,1984
16427,61250,1956
16428,78675,1965
16430,-666666666,1987
16433,68542,1973
16434,59420,1977
16435,59938,1961
16436,47500,1974
16438,65000,1959
16440,77500,1961
16441,81117,1981
16442,73571,1980
16443,70344,1961
16444,-666666666,-666666666
16475,-666666666,-666666666
16501,16394,1966
16502,38566,1938
16503,32340,1938
16504,56622,1958
16505,72938,1958
16506,81060,1979
16507,33361,1938
16508,56391,1949
16509,68846,1975
16510,66450,1969
16511,74102,1956
16546,-666666666,-666666666
16550,-666666666,-666666666
16563,-666666666,-666666666
16601,58070,1950
16602,55046,1951
16611,70887,1971
16613,73785,1981
16616,28542,1949
16617,52609,1953
16619,85357,1966
16620,57857,1981
16621,70577,1977
16622,34000,1963
16623,61667,1974
16624,58438,1974
16625,55274,1973
16627,64013,1972
16630,58315,1968
16631,-666666666,1964
16633,90556,1938
16634,58750,1950
16635,69760,1980
16636,89821,1975
16637,56083,1970
16638,86500,1938
16639,75165,1973
16640,54286,1989
16641,65417,1955
16645,68750,1938
16646,66359,1953
16647,88333,1981
16648,81540,1965
16650,62426,1973
16651,66357,1954
16652,68339,1968
16654,-666666666,-666666666
16655,66823,1976
16656,48071,1951
16657,63353,1981
16659,72656,1965
16661,58021,1952
16662,73828,1976
16664,76364,1973
16665,66250,1954
16666,63262,1956
16667,74167,1974
16668,58750,1949
16669,78977,1974
16670,45625,1938
16671,78750,1938
16672,91458,1966
16673,70464,1959
16674,64145,1971
16675,40104,1938
16677,-666666666,1988
16678,55234,1970
16679,50893,1959
16680,81827,1947
16682,75121,1938
16683,90625,1951
16684,34107,1953
16685,140313,1956
16686,69008,1956
16689,60000,1968
16691,67250,1974
16692,74028,1977
16693,62898,1960
16694,75469,1952
16695,71667,1966
16699,-666666666,-666666666
16701,65102,1948
16720,49479,1968
16724,-666666666,1938
16725,83750,1952
16726,71750,1958
16727,-666666666,1965
16729,57574,1949
16730,-666666666,1938
16731,61991,1961
16732,73393,1961
16733,48750,1972
16734,65789,1938
16735,57489,1949
16738,66971,1973
16740,48500,1952
16743,54083,1955
16744,-666666666,1955
16745,48929,1958
16746,51125,1970
16748,61250,1970
16749,72250,1963
16750,122689,1995
16801,61836,1979
16802,-666666666,-666666666
16803,73532,1989
16820,83900,1986
16821,-666666666,-666666666
16822,71635,1975
16823,76245,1978
16825,54844,1941
16826,60938,1974
16827,103558,1983
16828,76468,1977
16829,61750,1973
16830,58304,1962
16832,38456,1976
16833,65809,1973
16834,118204,1988
16835,60114,1938
16836,62841,1982
16837,58063,1965
16838,57917,1972
16839,63000,1938
16840,46540,1983
16841,69233,1977
16843,43365,1972
16844,85147,1985
16845,72770,1958
16847,53438,1945
16848,62321,1962
16849,-666666666,1946
16851,100768,1989
16852,57917,1975
16853,-666666666,1938
16854,78625,1952
16855,71667,1944
16856,-666666666,-666666666
16858,56655,1982
16859,55938,1980
16860,75393,1938
16861,21949,1945
16863,66071,1971
16864,-666666666,1938
16865,77717,1971
16866,49968,1964
16868,180412,1962
16870,121528,1993
16871,51250,1975
16872,72708,1965
16874,79375,1973
16875,71250,1983
16876,70000,1971
16877,68500,1985
16878,62169,1977
16879,80417,1945
16881,66458,1974
16882,55455,1961
16901,67146,1971
16910,47500,1938
16911,101528,1958
16912,69982,1938
16914,68558,1970
16915,61781,1971
16917,62321,1979
16920,60000,1947
16921,52969,1975
16922,67063,1964
16923,73864,1970
16925,64792,1975
16926,83424,1980
16927,60625,1976
16928,69155,1945
16929,62813,1977
16930,71111,1974
16932,81458,1978
16933,65096,1970
16935,63125,1977
16936,62895,1970
16937,57917,1960
16938,75000,1976
16939,-666666666,1938
16940,-666666666,-666666666
16941,-666666666,1978
16942,53250,1962
16943,58500,1975
16946,54792,1974
16947,59872,1971
16948,46116,1972
16950,52009,1973
17002,69750,1966
17003,92209,1974
17004,65068,1972
17005,61429,1938
17006,64722,1966
17007,117130,1983
17009,73088,1952
17010,-666666666,1996
17011,92556,1963
17013,71042,1967
17014,-666666666,1970
17015,86981,1988
17016,56933,1964
17017,82396,1972
17018,72188,1969
17019,94423,1988
17020,73396,1975
17021,61000,1973
17022,86767,1982
17023,79435,1973
17024,79292,1985
17025,91285,1985
17026,102663,1988
17027,86513,1983
17028,59554,1990
17029,76080,1973
17030,-666666666,1938
17032,81250,1978
17033,72945,1972
17034,52700,1960
17035,47500,1981
17036,115533,1986
17037,75000,1970
17038,75417,1978
17039,-666666666,-666666666
17040,78824,1974
17041,86397,1986
17042,74831,1966
17043,61173,1952
17044,59935,1952
17045,76800,1978
17046,62221,1963
17047,87578,1976
17048,73993,1938
17049,70109,1973
17050,113720,1995
17051,64079,1971
17052,67115,1967
17053,82269,1976
17054,78523,1938
17055,99077,1983
17056,-666666666,-666666666
17057,73407,1974
17058,49125,1976
17059,64970,1973
17060,67159,1962
17061,55611,1964
17062,90893,1975
17063,75444,1969
17064,130417,1938
17065,86406,1968
17066,50765,1958
17067,76183,1979
17068,82888,1980
17069,80000,1976
17070,88000,1966
17071,46667,1961
17073,91452,1985
17074,81964,1971
17075,70625,1938
17076,-666666666,-666666666
17077,52656,1960
17078,93135,1979
17080,73438,1938
17081,73977,1981
17082,75000,1970
17084,80197,1971
17086,61875,1963
17087,93150,1965
17088,113933,1938
17090,78281,1987
17093,75926,1938
17094,66375,1975
17097,69063,1938
17098,63041,1938
17099,62250,1952
17101,50878,1943
17102,54573,1938
17103,39825,1945
17104,46510,1952
17109,71833,1964
17110,80699,1974
17111,86385,1982
17112,103876,1986
17113,68244,1956
17120,-666666666,-666666666
17201,61234,1973
17202,96318,1986
17210,62344,1984
17211,53750,1985
17212,84205,1978
17213,76506,1978
17214,62188,1963
17215,69773,1960
17217,75208,1974
17219,-666666666,1976
17220,66359,1982
17221,62109,1974
17222,80000,1979
17223,38355,1962
17224,114779,1980
17225,88457,1983
17228,67438,1978
17229,70313,1974
17232,-666666666,-666666666
17233,61296,1974
17235,-666666666,1953
17236,79271,1971
17237,80903,1972
17238,65189,1974
17239,69107,1974
17240,91429,1979
17241,75500,1977
17243,42381,1977
17244,70729,1974
17246,74713,1938
17247,52159,1986
17249,74107,1948
17250,-666666666,-666666666
17251,92955,1938
17252,73629,1974
17253,71143,1959
17254,140100,1970
17255,66667,1971
17257,71181,1981
17260,45324,1981
17261,-666666666,-666666666
17262,87708,1972
17263,88835,1974
17264,53382,1979
17265,44844,1949
17266,66667,1953
17267,77788,1979
17268,73161,1975
17271,93075,1960
17301,84712,1989
17302,82200,1973
17303,81905,1953
17304,84885,1983
17306,75000,1952
17307,88571,1971
17309,84917,1971
17311,77500,1938
17313,70176,1970
17314,96047,1977
17315,82884,1987
17316,90664,1984
17317,88906,1940
17318,-666666666,1965
17319,99778,1983
17320,90076,1988
17321,114205,1987
17322,103152,1985
17323,-666666666,1963
17324,77824,1974
17325,80948,1977
17327,101106,1975
17329,121309,1982
17331,79488,1977
17339,96583,1983
17340,90030,1979
17342,92019,1938
17343,-666666666,-666666666
17344,65833,1976
17345,92821,1981
17347,98261,1979
17349,120618,1986
17350,79401,1987
17352,125750,1956
17353,100150,1976
17355,-666666666,1938
17356,86561,1982
17360,97896,1980
17361,104958,1987
17362,98702,1977
17363,107386,1991
17364,75677,1983
17365,91742,1977
17366,83448,1969
17368,92694,1973
17370,89895,1985
17371,106856,1943
17372,82313,1977
17401,42826,1938
17402,81166,1978
17403,75384,1958
17404,78506,1964
17406,83521,1972
17407,122625,1975
17408,94565,1983
17501,78182,1971
17502,72776,1991
17504,88542,1938
17505,96583,1964
17506,-666666666,1944
17507,-666666666,-666666666
17508,104597,1982
17509,77238,1975
17512,66684,1959
17516,103942,1975
17517,99202,1983
17518,64875,1982
17519,96250,1979
17520,93235,1967
17522,74828,1982
17527,94788,1982
17529,80050,1979
17532,84562,1987
17534,-666666666,-666666666
17535,108774,1997
17536,76042,1982
17538,86719,1981
17540,91895,1976
17543,97435,1988
17545,84704,1976
17547,92199,1990
17550,-666666666,1957
17551,68661,1984
17552,97683,1990
17554,98431,1988
17555,116429,1986
17557,82491,1978
17560,62169,1984
17562,108462,1982
17563,94167,1978
17565,125313,1978
17566,78108,1979
17568,-666666666,-666666666
17569,96313,1978
17570,90833,1961
17572,80804,1963
17576,-666666666,-666666666
17578,81990,1983
17579,91621,1981
17581,-666666666,1938
17582,100263,1974
17584,108723,1988
17601,102435,1980
17602,75862,1964
17603,77084,1959
17606,-666666666,1979
17701,53237,1954
17702,70210,1958
17720,70300,1983
17721,59073,1979
17723,77500,1960
17724,55817,1961
17727,49464,1943
17728,77165,1977
17729,48333,1967
17730,-666666666,-666666666
17731,98750,1969
17737,70131,1971
17739,55417,1938
17740,70236,1964
17742,71250,1975
17744,72500,1979
17745,58555,1963
17747,71731,1973
17748,70417,1981
17749,74500,1953
17750,147723,1980
17751,75072,1973
17752,71118,1971
17754,72633,1968
17756,77043,1973
17758,59167,1972
17760,66528,1971
17762,95625,1957
17763,57083,1946
17764,41173,1950
17765,88553,1985
17768,54583,1978
17769,130000,1956
17771,71016,1977
17772,81146,1971
17774,70556,1967
17776,67500,1966
17777,67188,1972
17778,56250,1970
17779,54311,1938
17801,60664,1953
17810,77232,1976
17812,59338,1966
17813,64792,1974
17814,65089,1975
17815,67510,1972
17820,67685,1965
17821,76971,1975
17822,-666666666,-666666666
17823,78864,1970
17824,118176,1975
17827,61806,1957
17829,80417,1938
17830,73942,1966
17832,52569,1938
17834,56167,1952
17835,48611,1938
17836,91250,1938
17837,88975,1971
17840,-666666666,1971
17841,63269,1977
17842,62940,1978
17844,68314,1978
17845,66510,1967
17846,66591,1972
17847,58775,1970
17850,51429,1972
17851,53637,1938
17853,63787,1981
17855,88929,1966
17856,91661,1981
17857,67298,1969
17858,81250,1996
17859,75515,1978
17860,92000,1987
17861,66607,1938
17862,52868,1962
17864,79881,1969
17865,37083,1964
17866,51010,1938
17867,75833,1938
17868,76250,1954
17870,70339,1971
17872,48750,1938
17876,70972,1965
17878,68125,1971
17880,61667,1953
17881,54122,1938
17884,55909,1938
17885,92917,1969
17886,47574,1952
17887,-666666666,1969
17888,-666666666,1951
17889,89063,1981
17901,62484,1947
17920,-666666666,1971
17921,71141,1938
17922,99260,1980
17923,32857,1938
17925,79821,1938
17929,73424,1938
17930,49500,1938
17931,56507,1950
17933,-666666666,1943
17934,69659,1938
17935,50202,1938
17936,92837,1938
17938,93722,1964
17941,63750,1970
17943,-666666666,-666666666
17944,64844,1938
17945,24813,1938
17946,125100,1961
17948,47813,1938
17949,54250,1938
17951,153559,1938
17952,68281,1938
17953,75000,1938
17954,53806,1938
17957,106250,1951
17959,52361,1938
17960,73281,1980
17961,94941,1971
17963,79118,1969
17964,77656,1970
17965,61284,1938
17967,77321,1964
17968,111500,1938
17970,67703,1938
17972,68558,1959
17974,111488,1974
17976,57587,1938
17978,65577,1967
17979,178661,1938
17980,71210,1938
17981,73261,1938
17982,71071,1938
17983,72411,1953
17985,71979,1973
18011,104449,1983
18012,-666666666,-666666666
18013,78847,1958
18014,82027,1977
18015,60800,1957
18017,91173,1973
18018,75417,1952
18020,126166,1986
18030,68173,1938
18031,113625,2003
18032,81098,1941
18034,153200,1991
18035,-666666666,-666666666
18036,129123,1974
18037,83542,1974
18038,117121,1968
18040,107016,2000
18041,98615,1973
18042,77556,1938
18045,114528,1986
18046,-666666666,-666666666
18049,93694,1961
18051,139506,1991
18052,75665,1967
18053,83370,1976
18054,101920,1977
18055,90234,1965
18056,104844,1984
18058,73041,1980
18059,167961,1991
18062,110675,1995
18063,64963,1944
18064,103393,1975
18065,-666666666,1938
18066,109115,1985
18067,93652,1971
18069,117895,1988
18070,74638,1955
18071,70217,1966
18072,80716,1953
18073,115766,1989
18074,130462,1978
18076,79615,1982
18077,97917,1944
18078,120857,1983
18079,96071,1938
18080,74522,1966
18081,-666666666,-666666666
18083,99688,1938
18085,112813,1958
18086,69179,1954
18087,72917,1974
18088,82083,1978
18091,80464,1973
18092,112721,1973
18101,44773,1970
18102,43085,1938
18103,72895,1964
18104,94601,1972
18106,92813,1988
18109,58031,1963
18195,-666666666,-666666666
18201,47802,1953
18202,55153,1967
18210,70683,1991
18211,78806,1970
18212,-666666666,-666666666
18214,82375,1958
18216,49350,1938
18218,59250,1938
18219,52566,1962
18220,48750,1938
18221,71250,1938
18222,108581,1992
18223,-666666666,-666666666
18224,69620,1945
18225,-666666666,-666666666
18229,66875,1978
18230,-666666666,1938
18231,49539,1938
18232,44713,1938
18234,30949,1938
18235,72571,1971
18237,47174,1947
18239,-666666666,-666666666
18240,63608,1944
18241,83750,1938
18242,165720,1938
18244,68750,1938
18245,69219,1938
18246,112250,1972
18248,58625,1947
18249,97593,1978
18250,65268,1938
18252,65257,1941
18254,87813,1956
18255,69034,1962
18256,57750,1948
18301,90522,1985
18302,79736,1988
18321,100481,1983
18322,121421,1978
18323,-666666666,1981
18324,67344,1988
18325,103500,1983
18326,85352,1978
18327,96094,1947
18328,86561,1983
18330,93733,1989
18331,-666666666,1978
18332,91912,1986
18333,-666666666,-666666666
18334,90729,1990
18335,116947,2004
18336,71295,1968
18337,93149,1986
18340,-666666666,1982
18342,68843,1988
18343,80491,1981
18344,83707,1984
18346,56750,1977
18347,84389,1982
18349,-666666666,1938
18350,115913,1979
18351,52679,1938
18353,79071,1983
18354,85588,1978
18355,96364,1991
18356,-666666666,1977
18357,-666666666,1938
18360,71481,1977
18370,143250,1984
18371,102679,2002
18372,123344,1986
18403,77521,1973
18405,72472,1978
18407,59652,1959
18411,98824,1975
18413,-666666666,1990
18414,93065,1974
18415,90852,1990
18417,63333,1980
18419,61402,1972
18420,73333,1973
18421,68256,1970
18424,61315,1983
18425,71083,1980
18426,63219,1981
18428,76538,1984
18430,92083,1938
18431,56779,1972
18433,75000,1966
18434,62922,1955
18435,100162,1988
18436,69498,1983
18437,55833,1974
18438,60972,1976
18439,71964,1973
18440,250001,1943
18441,85938,1972
18443,98490,1977
18444,84246,1980
18445,53429,1986
18446,71157,1972
18447,66677,1961
18451,155238,1984
18452,56438,1945
18453,85110,1985
18454,61250,1963
18455,57115,1947
18456,69750,1970
18457,-666666666,1990
18458,96635,1976
18460,51500,1956
18461,42321,1975
18462,69667,1958
18463,100972,1989
18464,77277,1984
18465,67578,1977
18466,80169,1987
18469,92386,1971
18470,73654,1983
18471,140536,1952
18472,61094,1981
18473,27004,1938
18503,36107,1938
18504,55036,1938
18505,52398,1947
18507,75395,1966
18508,49895,1938
18509,51062,1938
18510,53235,1938
18512,64708,1946
18517,77120,1964
18518,71812,1960
18519,58500,1945
18602,160962,1966
18603,60352,1964
18610,67656,1992
18612,93750,1976
18614,68864,1974
18615,76184,1975
18616,62857,1972
18617,52527,1938
18618,83500,1973
18619,66250,1970
18621,71964,1977
18622,63750,1946
18623,74798,1981
18624,-666666666,1986
18625,62500,1941
18626,75250,1971
18627,-666666666,-666666666
18628,81667,1944
18629,59464,1975
18630,89464,1981
18631,46125,1967
18632,92644,1956
18634,61439,1947
18635,73480,1968
18636,57132,1975
18640,60862,1961
18641,75708,1951
18642,61250,1952
18643,63125,1961
18644,70026,1956
18651,41990,1943
18655,72571,1972
18656,76804,1983
18657,75317,1975
18660,80568,1974
18661,75057,1981
18701,33329,1968
18702,56378,1951
18704,64444,1954
18705,59344,1942
18706,58558,1958
18707,109567,1985
18708,98545,1974
18709,42135,1950
18801,70510,1975
18810,58750,1962
18812,89688,1978
18814,60000,1966
18816,103333,1938
18817,67875,1981
18818,62917,1981
18820,-666666666,1938
18821,52857,1969
18822,60132,1970
18823,-666666666,1949
18824,72250,1971
18825,72679,1980
18826,88958,1973
18828,56667,1968
18829,84667,1940
18830,67969,1979
18831,82132,1974
18832,52961,1965
18833,71691,1974
18834,70323,1977
18837,71131,1977
18840,59214,1958
18842,82969,1982
18843,-666666666,1966
18844,92750,1981
18845,58036,1982
18846,86042,1982
18847,57386,1970
18848,59861,1961
18850,71739,1975
18851,78333,1973
18853,67250,1975
18854,77917,1984
18901,118256,1975
18902,161267,1994
18912,250001,1938
18913,-666666666,1980
18914,148824,1985
18915,141696,2002
18917,84250,1976
18920,152813,1973
18921,-666666666,1960
18923,79722,1977
18925,207609,2002
18927,-666666666,-666666666
18929,179380,1992
18930,127072,1976
18932,-666666666,1961
18933,226083,1938
18935,113214,1973
18936,250001,1978
18938,184833,1984
18940,157414,1987
18942,100417,1965
18944,130997,1981
18946,189333,1965
18947,140783,1985
18950,225795,1938
18951,98268,1982
18954,159857,1978
18955,78750,1969
18960,109028,1984
18962,94536,1965
18964,96143,1973
18966,128838,1974
18969,108995,1976
18970,114688,1949
18972,80208,1961
18974,103779,1974
18976,123285,1989
18977,211719,1982
18980,145278,1965
19001,108042,1955
19002,143600,1973
19003,119861,1941
19004,149232,1960
19006,128295,1967
19007,65511,1956
19008,119698,1959
19009,137188,1970
19010,144471,1960
19012,125625,1952
19013,41261,1950
19014,96781,1971
19015,82450,1965
19017,166917,1985
19018,73522,1956
19020,83223,1975
19021,70199,1959
19022,48969,1954
19023,46463,1950
19025,188490,1985
19026,89234,1950
19027,106066,1954
19029,53451,1956
19030,96603,1964
19031,134592,1958
19032,61306,1960
19033,114400,1957
19034,165354,1968
19035,250001,1968
19036,79144,1956
19038,117683,1951
19040,114293,1958
19041,151989,1959
19043,95377,1957
19044,88173,1979
19046,109818,1954
19047,109530,1981
19050,60859,1946
19052,88831,1938
19053,107780,1973
19054,104713,1958
19055,92476,1957
19056,111594,1957
19057,93738,1957
19060,185043,1997
19061,82005,1960
19063,127368,1970
19064,136893,1955
19066,250001,1938
19067,133630,1976
19070,95795,1956
19072,172550,1945
19073,134839,1976
19074,96134,1951
19075,120813,1953
19076,64231,1949
19078,94681,1955
19079,67454,1956
19081,134135,1954
19082,57108,1944
19083,124523,1949
19085,250001,1963
19086,148920,1961
19087,171179,1968
19090,99928,1961
19094,64150,1957
19095,97727,1961
19096,186277,1953
19102,102093,1971
19103,99644,1957
19104,38814,1948
19106,121047,1964
19107,69105,1940
19108,193654,1938
19109,-666666666,-666666666
19111,61138,1957
19112,-666666666,-666666666
19113,-666666666,-666666666
19114,77708,1969
19115,70054,1967
19116,67535,1970
19118,109649,1947
19119,92651,1938
19120,54000,1945
19121,38516,1961
19122,63676,1992
19123,102106,1991
19124,45314,1943
19125,109554,1938
19126,53176,1942
19127,102106,1948
19128,93173,1961
19129,80606,1953
19130,112037,1957
19131,48393,1949
19132,32823,1938
19133,31034,1938
19134,44066,1938
19135,53138,1951
19136,56687,1955
19137,76739,1938
19138,57744,1943
19139,40947,1938
19140,36226,1938
19141,43998,1941
19142,38376,1938
19143,43244,1938
19144,53161,1938
19145,71965,1940
19146,103059,1945
19147,105755,1938
19148,82605,1938
19149,58496,1954
19150,66936,1955
19151,54634,1942
19152,59408,1960
19153,55213,1965
19154,95027,1966
19301,167348,1972
19310,82371,1983
19311,155771,2000
19312,204384,1969
19316,-666666666,-666666666
19317,174408,1987
19319,-666666666,1938
19320,90601,1980
19330,109779,1983
19333,173107,1970
19335,143249,1987
19341,121680,1991
19342,132688,1995
19343,160256,1987
19344,86890,1990
19345,-666666666,-666666666
19348,123526,1982
19350,144375,1991
19352,165365,1997
19355,169417,1984
19358,71875,1943
19362,89302,1992
19363,107067,1990
19365,104728,1983
19367,-666666666,-666666666
19369,132730,-666666666
19372,115438,1990
19373,192708,1990
19374,-666666666,1955
19375,250001,1938
19380,122899,1981
19382,132091,1979
19383,23514,1993
19390,128858,1994
19401,69908,1960
19403,104071,1978
19405,83859,1962
19406,116847,1977
19422,158288,1984
19425,211739,2001
19426,151748,1993
19428,122835,1968
19435,111667,1967
19436,77159,1969
19437,215817,1982
19438,138134,1988
19440,99408,1978
19442,-666666666,-666666666
19444,147418,1975
19446,106310,1978
19453,80583,1958
19454,118177,1985
19456,205500,1957
19457,-666666666,-666666666
19460,124050,1983
19462,137535,1966
19464,79787,1961
19465,107825,1976
19468,108534,1992
19472,113056,1966
19473,138819,1989
19474,-666666666,1994
19475,97146,1971
19477,-666666666,-666666666
19490,-666666666,1984
19492,58233,1981
19501,110179,1953
19503,77411,1961
19504,98859,1978
19505,95500,1970
19506,106422,1984
19507,93177,1976
19508,84826,1975
19510,117719,1997
19511,50357,1938
19512,79885,1968
19516,83000,1938
19518,114181,1988
19520,100088,1978
19522,97507,1980
19523,-666666666,2012
19525,140403,1996
19526,69483,1974
19529,94286,1966
19530,71554,1974
19533,105179,1975
19534,80357,1976
19535,-666666666,-666666666
19536,55347,1938
19538,48884,1938
19539,107656,1975
19540,100000,1979
19541,107625,1986
19543,112750,2001
19544,106563,1957
19545,90188,1938
19547,89948,1981
19549,61563,1938
19550,58958,1963
19551,90504,1972
19554,81850,1956
19555,89583,1962
19559,100227,1938
19560,80769,1963
19562,80407,1959
19564,101571,1938
19565,96325,1981
19567,91458,1977
19601,40973,1938
19602,34582,1938
19604,52905,1938
19605,92648,1969
19606,85557,1975
19607,81346,1970
19608,110173,1991
19609,82576,1958
19610,87374,1976
19611,63331,1943
19701,111198,1995
19702,92446,1993
19703,76939,1963
19706,83681,1963
19707,172696,1984
19709,132956,2005
19710,-666666666,-666666666
19711,95403,1978
19713,76493,1972
19716,-666666666,-666666666
19717,-666666666,-666666666
19720,75403,1972
19730,112083,1945
19731,71282,1938
19732,236000,1979
19733,82604,1938
19734,127803,2004
19735,-666666666,-666666666
19736,-666666666,-666666666
19801,52810,1960
19802,53812,1951
19803,135218,1960
19804,79701,1957
19805,60221,1948
19806,88855,1954
19807,153341,1967
19808,94234,1971
19809,81288,1957
19810,112775,1968
19901,66388,1986
19902,-666666666,-666666666
19904,66908,1990
19930,125491,1988
19931,99375,1950
19933,60703,1998
19934,87125,1997
19936,34135,1980
19938,99596,1999
19939,89806,1998
19940,65024,1992
19941,75139,1996
19943,73925,1993
19944,121250,1985
19945,87638,2005
19946,80459,1995
19947,71229,1994
19950,75305,1990
19951,95546,2005
19952,76791,1993
19953,81792,1991
19954,60345,1975
19955,44634,2002
19956,65603,1990
19958,97197,2003
19960,67200,1993
19962,104260,2004
19963,71108,1989
19964,99402,2002
19966,78305,2003
19967,98301,2015
19968,87163,2005
19970,94103,2004
19971,102146,1994
19973,64387,1987
19975,88568,2003
19977,76826,2002
19979,72361,1981
19980,85272,1974
20001,138059,1986
20002,120337,1951
20003,159846,2003
20004,184792,1994
20005,116724,1970
20006,35011,1968
20007,140996,1949
20008,125212,1953
20009,146664,1938
20010,114126,1938
20011,110309,1945
20012,121418,1950
20015,250001,1941
20016,178920,1952
20017,106300,1956
20018,90639,1957
20019,58296,1958
20020,54032,1963
20024,107411,1972
20032,49139,1966
20036,99832,1965
20037,111153,1976
20045,-666666666,-666666666
20052,-666666666,-666666666
20057,-666666666,-666666666
20059,-666666666,-666666666
20064,-666666666,-666666666
20105,219123,2012
20106,108469,1990
20109,89962,1989
20110,118486,1986
20111,113879,1993
20112,195467,1995
20115,142981,1983
20117,146120,1981
20119,115757,1985
20120,152563,1992
20121,129947,1991
20124,221060,1988
20129,250001,1996
20130,92560,1954
20132,181875,1999
20135,114219,1981
20136,183750,2004
20137,191974,1979
20141,210563,2002
20143,176250,1984
20144,192614,1987
20147,163904,2003
20148,233494,2011
20151,158271,1988
20152,197156,2006
20155,164279,2005
20158,211522,1992
20164,135660,1982
20165,183076,1994
20166,133401,2007
20169,203051,2006
20170,159466,1984
20171,171372,1996
20175,174854,1996
20176,168299,2002
20180,151483,2000
20181,164167,1987
20184,50278,1938
20186,97801,1987
20187,176435,1991
20190,134746,1991
20191,151185,1978
20194,170988,1990
20197,190703,1993
20198,106518,1982
20204,-666666666,-666666666
20220,-666666666,-666666666
20230,-666666666,-666666666
20240,-666666666,-666666666
20245,-666666666,-666666666
20250,-666666666,-666666666
20260,-666666666,-666666666
20317,-666666666,-666666666
20319,-666666666,-666666666
20373,-666666666,-666666666
20388,-666666666,-666666666
20390,-666666666,-666666666
20408,-666666666,-666666666
20415,-666666666,-666666666
20418,-666666666,-666666666
20422,-666666666,-666666666
20427,-666666666,-666666666
20431,-666666666,-666666666
20510,-666666666,-666666666
20515,-666666666,-666666666
20520,-666666666,-666666666
20530,-666666666,-666666666
20535,-666666666,-666666666
20540,-666666666,-666666666
20542,-666666666,-666666666
20551,-666666666,-666666666
20560,-666666666,-666666666
20565,-666666666,-666666666
20566,-666666666,-666666666
20591,-666666666,-666666666
20601,117480,1989
20602,107360,1984
20603,137946,1997
20606,88262,1973
20607,151427,1998
20608,82083,1963
20609,118102,1986
20611,151607,1987
20612,41118,1954
20613,151422,2004
20615,-666666666,1978
20616,128177,1997
20617,104036,1983
20618,105508,1977
20619,119432,2002
20620,165972,1990
20621,-666666666,1975
20622,124063,1985
20623,146058,1996
20624,104545,1989
20625,-666666666,1938
20626,-666666666,1967
20628,-666666666,1977
20629,87389,2002
20630,233411,1985
20632,-666666666,1984
20634,139375,1995
20636,163690,1993
20637,160121,1996
20639,161422,1991
20640,100593,1976
20645,191429,1996
20646,131974,1988
20650,143116,1997
20653,103048,1994
20656,-666666666,-666666666
20657,115748,1990
20658,104375,1968
20659,121654,1988
20660,-666666666,-666666666
20661,-666666666,-666666666
20662,86699,1982
20664,88438,1975
20667,-666666666,1993
20670,70371,1994
20674,171985,1973
20675,127269,1982
20676,156657,1986
20677,165764,1987
20678,125732,1993
20680,-666666666,1962
20684,180060,1998
20685,119135,1986
20686,-666666666,-666666666
20687,-666666666,1966
20688,102950,1997
20689,161833,1985
20690,122750,1990
20692,201250,1995
20693,126033,1976
20695,141959,2008
20701,85594,2015
20705,110351,1976
20706,104523,1972
20707,107706,1984
20708,83367,1976
20710,63810,1973
20711,113576,1988
20712,68846,1957
20714,91099,1986
20715,143732,1966
20716,125034,1987
20720,158997,1997
20721,163105,1995
20722,91875,1951
20723,138113,1992
20724,118115,1992
20732,140304,1989
20733,126797,1982
20735,126196,1988
20736,159851,1991
20737,86951,1961
20740,77317,1975
20742,-666666666,-666666666
20743,76466,1968
20744,124190,1977
20745,75236,1974
20746,79330,1975
20747,76298,1970
20748,83162,1966
20751,123951,1964
20754,167371,1986
20755,103261,1998
20758,240847,1980
20759,250001,2011
20762,87407,1986
20763,76842,1960
20764,118857,1977
20765,149545,1950
20769,139773,1994
20770,84096,1974
20771,-666666666,-666666666
20772,139403,1993
20774,128259,1994
20776,149300,1985
20777,226146,1984
20778,205974,1990
20779,178452,1973
20781,86018,1962
20782,90205,1964
20783,86737,1963
20784,86509,1962
20785,85994,1975
20794,116406,1991
20812,213750,1938
20814,150996,1977
20815,194971,1963
20816,232656,1959
20817,249332,1969
20818,245982,1982
20832,168524,1986
20833,204375,1980
20837,174063,1989
20838,250001,1968
20839,160329,1969
20841,184688,2003
20842,204013,1979
20850,125950,1996
20851,126411,1959
20852,122472,1984
20853,159080,1966
20854,250001,1978
20855,149110,1983
20860,-666666666,1988
20861,163438,1994
20862,189667,1975
20866,140308,1985
20868,143333,1958
20871,177523,2010
20872,141050,1983
20874,115022,1989
20876,119731,1991
20877,92800,1984
20878,144313,1987
20879,112104,1985
20880,134583,1952
20882,184136,1984
20886,98542,1980
20889,-666666666,-666666666
20892,-666666666,-666666666
20894,-666666666,-666666666
20895,173625,1958
20896,250001,1952
20899,24417,1986
20901,131386,1957
20902,114486,1963
20903,80768,1965
20904,96025,1983
20905,159740,1981
20906,97521,1977
20910,112134,1967
20912,83870,1955
21001,83238,1982
21005,125208,1983
21009,121660,1993
21010,99410,1938
21012,139432,1980
21013,171354,1979
21014,116970,1985
21015,137281,1991
21017,106831,1991
21023,84474,2012
21028,137586,1973
21029,243542,1998
21030,89015,1978
21031,-666666666,-666666666
21032,168653,1987
21034,78047,1977
21035,188347,1983
21036,218036,1984
21037,145787,1985
21040,81704,1981
21042,190061,1987
21043,148125,1995
21044,135057,1985
21045,118563,1978
21046,127813,1985
21047,157500,1979
21048,131921,1981
21050,125208,1993
21051,232721,1967
21052,77300,1993
21053,89497,1973
21054,163825,2001
21056,250001,1960
21057,145924,1970
21060,104715,1982
21061,87751,1972
21071,213500,1938
21074,108536,1985
21075,135303,2000
21076,146869,2009
21077,-666666666,1968
21078,106667,1988
21082,145571,1961
21084,121509,1978
21085,113714,1974
21087,129188,1972
21090,138119,1959
21093,125528,1976
21102,135069,1982
21104,191804,1995
21105,-666666666,-666666666
21108,151324,1981
21111,136304,1979
21113,125639,2000
21114,141344,1983
21117,101831,1993
21120,162052,1987
21122,127587,1980
21128,128069,2000
21130,17336,2014
21131,197619,1975
21132,132288,1977
21133,80480,1977
21136,118500,1981
21140,170156,1981
21144,136684,1992
21146,172122,1977
21152,121350,1985
21153,220179,1976
21154,97658,1987
21155,123158,1967
21156,-666666666,1977
21157,104966,1978
21158,109827,1985
21160,106181,1982
21161,108094,1978
21162,157813,1984
21163,134672,2001
21201,45640,1967
21202,59377,1963
21204,99606,1975
21205,43176,1938
21206,64531,1956
21207,67060,1961
21208,90131,1971
21209,91437,1974
21210,112428,1953
21211,82828,1938
21212,96685,1949
21213,51344,1938
21214,86366,1938
21215,51587,1950
21216,42031,1938
21217,38409,1938
21218,62488,1938
21219,110438,1969
21220,81817,1982
21221,67340,1966
21222,64141,1955
21223,45840,1938
21224,89017,1940
21225,54020,1953
21226,82635,1983
21227,85986,1958
21228,112656,1969
21229,60047,1952
21230,91842,1945
21231,85254,1938
21233,-666666666,-666666666
21234,83517,1963
21236,95149,1980
21237,91693,1980
21239,62650,1956
21240,-666666666,-666666666
21244,85114,1977
21250,-666666666,-666666666
21251,-666666666,-666666666
21252,-666666666,-666666666
21285,-666666666,-666666666
21286,93808,1964
21287,-666666666,-666666666
21401,123381,1985
21402,80893,1947
21403,123329,1979
21405,160703,1947
21409,147151,1981
21502,60725,1957
21520,59852,1980
21521,64194,1964
21523,59063,1950
21524,76417,1974
21529,37240,1962
21530,63542,1971
21531,63750,1983
21532,63690,1963
21536,64205,1984
21538,61250,1960
21539,57708,1953
21540,81250,1938
21541,82955,1986
21542,-666666666,1971
21543,-666666666,1971
21545,60264,1947
21550,64921,1980
21555,53266,1975
21557,34936,1964
21560,-666666666,-666666666
21561,73858,1983
21562,47500,1956
21601,83680,1985
21607,91250,1988
21610,86250,1950
21612,117794,1973
21613,53890,1969
21617,116898,1998
21619,107639,1989
21620,80530,1980
21622,68750,1969
21623,78345,1998
21624,89375,1938
21625,83250,1984
21626,-666666666,1976
21627,96250,1969
21628,115417,2001
21629,73956,1985
21631,73864,1983
21632,61316,1976
21634,83250,1955
21635,101618,1982
21636,73426,1992
21638,140086,1995
21639,62772,1977
21640,53558,1986
21641,66875,1938
21643,67219,1984
21644,-666666666,-666666666
21645,86118,1963
21647,113472,1978
21648,-666666666,1974
21649,68542,1978
21650,-666666666,1963
21651,74063,1987
21652,127930,1954
21653,-666666666,1975
21654,82772,1975
21655,90385,1979
21657,104940,1973
21658,128274,1986
21659,73750,1984
21660,80469,1990
21661,90492,1976
21662,137404,1981
21663,89775,1980
21664,82721,1973
21665,-666666666,1996
21666,123645,1988
21667,64122,1954
21668,78672,1985
21669,116500,1985
21671,45125,1964
21672,83269,1948
21673,68194,1982
21675,-666666666,1946
21676,-666666666,1972
21677,-666666666,1973
21678,71023,1988
21679,119821,1996
21701,106577,1986
21702,106983,1990
21703,106334,1995
21704,161063,2007
21705,-666666666,-666666666
21710,163864,1996
21711,91250,1974
21713,96199,1977
21714,161806,1983
21715,-666666666,-666666666
21716,109382,1978
21717,158413,1938
21718,93500,1938
21719,65809,1954
21722,88232,1979
21723,241250,2002
21727,95236,1977
21733,109896,1973
21734,61392,1954
21737,250001,2002
21738,250001,1992
21740,62873,1971
21742,86288,1980
21746,-666666666,-666666666
21750,60625,1973
21754,182188,1991
21755,137417,1991
21756,101786,1991
21757,100500,1962
21758,111528,1979
21762,-666666666,-666666666
21766,62054,1995
21767,57940,1976
21769,151563,1983
21770,183571,1988
21771,157302,1988
21773,161908,1983
21774,171103,1998
21776,133409,1983
21777,159708,1999
21778,76458,1979
21779,-666666666,1984
21780,83785,1953
21781,-666666666,-666666666
21782,94130,1979
21783,100750,1976
21784,139395,1986
21787,91682,1987
21788,98856,1978
21790,77656,1991
21791,93015,1964
21793,121971,1982
21794,231466,1994
21795,87864,1972
21797,189241,1985
21798,116607,1990
21801,71313,1984
21804,73156,1982
21810,-666666666,-666666666
21811,90082,1993
21813,121472,1993
21814,-666666666,1966
21817,55720,1971
21821,60341,1969
21822,84479,1994
21824,90288,1938
21826,64946,1985
21829,71359,1938
21830,112991,1998
21835,47083,1989
21837,62880,1993
21838,88438,1978
21840,-666666666,1964
21841,-666666666,1988
21842,79876,1983
21849,71211,1979
21850,79665,1995
21851,53162,1975
21853,69697,1994
21856,88045,1983
21861,86027,1938
21862,-666666666,-666666666
21863,61975,1973
21864,82917,1979
21865,83155,1938
21866,95250,1977
21867,-666666666,1938
21869,62045,1956
21871,50524,1977
21872,117888,2000
21874,78393,1985
21875,83665,1995
21890,-666666666,-666666666
21901,113719,1996
21902,-666666666,-666666666
21903,78962,1981
21904,88136,1987
21911,104673,1988
21912,69868,1989
21913,87813,1976
21914,66806,1941
21915,95875,1975
21917,96750,1987
21918,84587,1987
21919,106500,1981
21920,124146,1983
21921,85775,1986
21930,-666666666,-666666666
22003,138794,1968
22015,172563,1980
22025,150306,1989
22026,124318,2001
22027,250001,1991
22030,139831,1992
22031,134577,1980
22032,178394,1977
22033,143454,1990
22035,-666666666,-666666666
22039,250001,1988
22041,92636,1973
22042,138255,1964
22043,145881,1975
22044,101034,1967
22046,168882,1969
22060,105605,1998
22066,250001,1985
22079,148134,1996
22101,250001,1975
22102,153949,1990
22124,218380,1984
22125,161364,1993
22134,70268,1997
22150,123114,1978
22151,156015,1962
22152,165906,1975
22153,174228,1981
22172,109956,1996
22180,177111,1976
22181,211911,1979
22182,205108,1987
22191,109316,1999
22192,127177,1987
22193,117337,1985
22201,145000,1991
22202,133762,1986
22203,140135,1992
22204,107941,1966
22205,201094,1951
22206,140877,1964
22207,245745,1959
22209,120515,1986
22211,238750,1938
22213,199306,1970
22214,-666666666,-666666666
22301,194819,1953
22302,123539,1964
22303,103656,1977
22304,101600,1977
22305,113537,1959
22306,97132,1977
22307,141667,1958
22308,212545,1964
22309,107376,1973
22310,166061,1982
22311,87626,1974
22312,109272,1974
22314,148451,1986
22315,159805,1991
22401,86230,1986
22405,128259,1991
22406,129167,2003
22407,111129,1994
22408,110112,1999
22427,81488,1982
22432,56250,1987
22433,79563,1980
22435,50809,1986
22436,-666666666,1991
22437,130139,1964
22438,87188,1945
22443,64810,1984
22448,96000,1992
22454,49480,1982
22460,65685,1975
22469,58500,1978
22472,-666666666,-666666666
22473,68021,1993
22476,53100,1977
22480,88438,1983
22482,47308,1986
22485,117560,2001
22488,45313,1981
22503,74051,1977
22504,93421,1955
22508,111357,2000
22509,19449,1979
22511,48988,1975
22514,78792,1971
22520,71487,1994
22529,-666666666,1938
22534,105469,2000
22535,160259,1997
22538,-666666666,1973
22539,89200,1988
22542,108031,2001
22546,89247,1999
22548,-666666666,2002
22551,110370,1998
22553,135856,1999
22554,151480,1998
22556,137287,1993
22560,61082,1982
22567,112813,2001
22572,67542,1978
22576,104948,1984
22578,80783,1984
22580,93603,1991
22601,64258,1970
22602,101398,1995
22603,75104,1994
22610,81500,1991
22611,120381,1981
22620,99896,1978
22623,67813,1992
22624,104375,1984
22625,95515,1989
22627,97054,1981
22630,84631,1987
22637,81132,1993
22639,87344,1978
22640,115673,1986
22641,136167,1991
22642,114282,1993
22643,-666666666,2003
22644,75606,1983
22645,90875,1985
22646,-666666666,-666666666
22650,72226,1978
22652,81722,1991
22654,74721,2001
22655,109169,1996
22656,107135,2010
22657,63975,1985
22660,67917,1977
22663,135046,1980
22664,73530,1983
22701,97892,1996
22709,81912,1986
22711,69625,1959
22712,103618,1995
22713,90795,1989
22714,122105,1995
22715,87353,1973
22716,141458,1980
22718,83438,1972
22719,81603,1968
22720,139500,1990
22722,205250,1976
22723,-666666666,1975
22724,143182,1995
22725,-666666666,-666666666
22726,80703,1988
22727,84857,1980
22728,120789,1983
22729,-666666666,1992
22730,-666666666,1972
22731,80208,1975
22732,-666666666,1985
22733,74180,1976
22734,80389,1982
22735,67536,1985
22736,100156,1993
22737,99177,1992
22738,85139,1987
22740,65938,1971
22741,142823,1991
22742,103447,1988
22743,46500,1946
22746,-666666666,1993
22747,90625,1978
22749,-666666666,1978
22801,72067,1995
22802,66423,1982
22807,-666666666,-666666666
22810,72679,1983
22811,51477,1977
22812,85941,1983
22815,74899,1986
22820,-666666666,1938
22821,84603,1977
22824,63594,1976
22827,70519,1977
22830,61038,1977
22831,44559,1952
22832,64766,1969
22834,99926,1984
22835,52939,1974
22840,95667,1997
22841,92862,1984
22842,60134,1979
22843,89141,1986
22844,65974,1980
22845,-666666666,-666666666
22846,115491,1993
22847,88906,2001
22849,67261,1975
22850,91583,1983
22851,53329,1974
22853,67083,1980
22901,92145,1984
22902,93463,1982
22903,69340,1979
22904,250001,1998
22908,-666666666,-666666666
22911,128235,1997
22920,88028,1991
22922,60125,1980
22923,118125,1997
22931,108438,1938
22932,115545,2004
22935,118073,1981
22936,142338,1989
22937,86979,1976
22938,108571,1986
22939,84209,1999
22940,204706,1985
22942,87826,1994
22943,80875,1938
22946,115655,2002
22947,136250,1998
22948,53007,2007
22949,52679,1982
22952,75333,1987
22957,-666666666,-666666666
22958,98284,1988
22959,95461,1989
22960,85391,1984
22963,104259,1997
22964,-666666666,1966
22967,87337,1977
22968,88929,1996
22969,94659,1988
22971,79135,1987
22972,-666666666,1972
22973,76964,1986
22974,112344,1994
22976,42622,1970
22980,63943,1977
22989,-666666666,1963
23002,71813,1993
23004,66131,1990
23005,89335,1988
23009,98581,1998
23011,128606,2001
23015,113771,1991
23021,-666666666,-666666666
23022,-666666666,2001
23023,-666666666,2002
23024,100962,1996
23025,71563,1976
23027,95407,1990
23030,81250,1988
23032,108646,1975
23035,68438,1974
23038,87083,1986
23039,156250,1988
23040,52819,1991
23043,70625,1973
23045,-666666666,1989
23047,81136,1987
23050,39439,1996
23055,54082,1989
23056,79205,1941
23059,157897,2004
23060,104468,1994
23061,91626,1990
23062,58750,1970
23063,81553,1995
23065,92577,1991
23066,84375,1972
23068,115733,2004
23069,83453,1985
23070,122813,1995
23071,86500,1994
23072,74559,1984
23075,55567,1970
23076,106367,1983
23079,63750,1978
23081,-666666666,-666666666
23083,82096,1993
23084,40833,1979
23085,98802,2001
23086,89583,2004
23089,108802,1992
23091,80481,1992
23092,98625,1995
23093,72798,1992
23102,126635,2001
23103,145234,1999
23106,59028,1989
23108,-666666666,-666666666
23109,79196,1972
23110,69911,1969
23111,98969,1988
23112,116465,1994
23113,142344,1992
23114,112738,2001
23116,141711,1994
23117,89241,1993
23119,67083,1977
23120,158667,2012
23123,50203,1974
23124,132060,2009
23126,61875,2001
23128,-666666666,1977
23129,142708,1993
23130,-666666666,1958
23138,78475,1974
23139,110349,1996
23140,97500,1998
23141,119535,1990
23146,119583,1991
23147,-666666666,-666666666
23148,67266,1986
23149,70743,1986
23150,79050,1980
23153,122096,2004
23156,36179,1991
23160,-666666666,-666666666
23161,-666666666,1991
23163,51818,1938
23168,137481,2001
23169,71964,1977
23173,-666666666,-666666666
23175,66858,1971
23176,76467,1990
23177,95255,1991
23180,73542,1992
23181,95699,1973
23185,105431,1990
23188,103160,2002
23192,110642,1988
23219,57507,1947
23220,61381,1947
23221,99816,1943
23222,61345,1953
23223,55731,1973
23224,50475,1968
23225,62949,1971
23226,126655,1953
23227,69187,1968
23228,70260,1971
23229,107854,1965
23230,74763,1979
23231,76505,1989
23233,125665,1993
23234,66619,1977
23235,96083,1978
23236,110499,1983
23237,79606,1984
23238,101523,1984
23250,-666666666,-666666666
23284,28500,1964
23294,64164,1980
23298,-666666666,-666666666
23301,46680,1978
23302,-666666666,-666666666
23303,107143,1986
23304,118393,1954
23306,108438,1979
23307,-666666666,1993
23308,73750,1973
23310,62500,1980
23314,104029,2002
23315,71523,1976
23316,74167,1982
23320,84305,1993
23321,101568,1989
23322,134880,1991
23323,108730,1992
23324,57045,1970
23325,69909,1975
23336,63464,1983
23337,64762,1982
23347,146648,2001
23350,48712,1980
23354,206375,1990
23356,101855,2005
23357,-666666666,1990
23358,66250,1985
23359,71329,1938
23389,-666666666,-666666666
23395,-666666666,1997
23398,-666666666,-666666666
23401,36705,1938
23405,59663,1979
23407,70975,1995
23408,-666666666,-666666666
23409,66500,1991
23410,54050,1978
23413,56250,1992
23414,-666666666,-666666666
23415,46836,1984
23416,16688,1952
23417,66450,1965
23418,54375,1971
23420,52831,1971
23421,52759,1983
23422,-666666666,1938
23423,55662,1968
23426,-666666666,1968
23427,-666666666,1958
23430,104065,1991
23432,94306,1986
23433,140114,1981
23434,79877,1988
23435,111700,2004
23436,202708,1990
23437,80833,1987
23438,93750,1989
23440,35991,1978
23441,-666666666,-666666666
23442,29583,1975
23451,100697,1984
23452,79085,1975
23453,93838,1986
23454,102796,1985
23455,94069,1980
23456,130533,1995
23457,116250,1990
23459,-666666666,-666666666
23460,-666666666,-666666666
23461,-666666666,-666666666
23462,69040,1983
23464,92468,1982
23480,57868,1947
23486,92543,1948
23487,74243,1992
23488,76731,1967
23502,63208,1967
23503,67649,1964
23504,44659,1971
23505,58579,1961
23507,104295,1938
23508,74885,1956
23509,72816,1955
23510,73524,1981
23511,62946,1959
23513,68380,1965
23517,67375,1952
23518,77594,1968
23523,35533,1968
23551,-666666666,1957
23601,71279,1967
23602,79475,1986
23603,88246,1985
23604,80047,2003
23605,53815,1966
23606,72874,1982
23607,42334,1963
23608,71126,1984
23651,97500,1938
23661,65446,1954
23662,120972,1977
23663,54336,1968
23664,87412,1980
23665,80000,2006
23666,72568,1984
23667,-666666666,-666666666
23668,-666666666,-666666666
23669,71222,1970
23681,-666666666,-666666666
23690,80644,1998
23691,-666666666,-666666666
23692,109066,1987
23693,124433,1994
23696,142788,1974
23701,62349,1966
23702,48835,1956
23703,78707,1978
23704,49583,1963
23707,48926,1954
23708,-666666666,-666666666
23709,-666666666,-666666666
23801,82563,2005
23803,57813,1974
23805,60807,1978
23821,46336,1980
23824,55599,1978
23827,62727,1975
23828,63684,1965
23829,88800,1991
23830,118030,1999
23831,95750,1994
23832,111684,1994
23833,99495,1991
23834,84338,1976
23836,100921,1994
23837,66645,1985
23838,134651,2000
23839,59405,1984
23840,82153,1983
23841,70670,1984
23842,103364,1987
23843,70481,1972
23844,-666666666,1983
23845,73393,1986
23846,94441,1993
23847,51168,1973
23850,87986,1991
23851,70122,1975
23856,46932,1984
23857,79583,1991
23860,62141,1974
23866,62000,1993
23867,61155,1984
23868,45458,1969
23870,-666666666,-666666666
23872,75913,1992
23874,58628,1969
23875,74543,1990
23876,55469,1991
23878,87077,1973
23879,51250,1981
23881,109531,1990
23882,63030,1981
23883,76719,1978
23884,-666666666,-666666666
23885,103849,1985
23887,77614,1990
23888,66558,1976
23889,49730,1994
23890,64063,1984
23891,-666666666,-666666666
23893,56444,1990
23894,41071,1977
23897,83942,1976
23898,80282,1983
23899,59792,1974
23901,55886,1975
23909,-666666666,-666666666
23915,50815,1981
23917,73965,1991
23919,66750,1996
23920,64135,1980
23921,67955,1992
23922,62425,1974
23923,65536,1987
23924,44291,1972
23927,70938,1984
23930,68255,1968
23934,99922,1976
23936,57880,1988
23937,42818,1983
23938,48167,1963
23942,51505,1989
23943,-666666666,-666666666
23944,59321,1968
23947,51800,1979
23950,41010,1978
23952,-666666666,1988
23954,77756,1987
23955,-666666666,-666666666
23958,53650,1984
23959,78750,1971
23960,63533,1983
23962,76806,1988
23963,68250,1992
23964,45833,1978
23966,57177,1985
23967,73264,1991
23968,43571,1972
23970,65170,1984
23974,51409,1962
23976,-666666666,1956
24011,54986,1938
24012,52973,1968
24013,51290,1938
24014,70381,1968
24015,69831,1951
24016,46512,1941
24017,47360,1960
24018,90885,1980
24019,77870,1980
24020,-666666666,-666666666
24022,-666666666,-666666666
24053,63646,1976
24054,53910,1984
24055,45227,1974
24058,60625,1956
24059,73237,1979
24060,67675,1986
24061,-666666666,-666666666
24064,73583,1978
24065,63240,1987
24066,63333,1978
24067,49353,1979
24069,51575,1979
24070,66188,1976
24072,109500,1993
24073,76800,1986
24076,43776,1987
24077,88194,1991
24078,53665,1972
24079,72292,1985
24082,56319,1995
24083,109207,2002
24084,63146,1978
24085,53633,1976
24086,126354,1992
24087,41204,1989
24088,41769,1987
24089,51458,1958
24090,90521,1982
24091,51319,1989
24092,64388,1992
24093,-666666666,1972
24095,80246,1990
24101,87112,1992
24102,76250,1987
24104,65738,1988
24105,90114,1980
24112,48770,1968
24120,46901,1966
24121,81006,1994
24122,66563,1985
24124,62854,1953
24127,67620,1981
24128,78512,1982
24129,-666666666,-666666666
24131,-666666666,1981
24132,-666666666,1949
24133,61964,1983
24134,65401,1972
24136,70854,1979
24137,65361,1989
24138,62400,1996
24139,35077,1966
24141,62969,1979
24142,-666666666,-666666666
24147,61667,1956
24148,59428,1976
24149,69753,1994
24150,62031,1993
24151,65223,1981
24153,74260,1973
24161,46579,1965
24162,73348,1979
24165,49250,1980
24167,-666666666,1989
24168,78229,1938
24171,57778,1980
24174,54052,1989
24175,82314,1982
24176,98250,1994
24179,67565,1975
24184,68909,1995
24185,50156,1978
24201,48764,1966
24202,60905,1980
24210,62734,1982
24211,85747,1990
24216,37795,1952
24217,44663,1980
24219,55252,1977
24220,50560,1975
24221,47788,1989
24224,49894,1982
24225,27826,1967
24226,54191,1985
24228,49116,1982
24230,48573,1980
24236,28983,1978
24237,33095,1972
24239,-666666666,-666666666
24243,52308,1989
24244,40423,1980
24245,36008,1973
24246,-666666666,-666666666
24248,78281,1982
24250,43465,1988
24251,44505,1972
24256,48788,1985
24258,44659,1981
24260,46250,1975
24263,39364,1976
24265,42727,1947
24266,59875,1985
24269,-666666666,1992
24270,45417,1984
24271,58625,1975
24272,31313,1948
24273,41978,1976
24277,31737,1976
24279,43602,1980
24280,72647,1979
24281,46806,1973
24282,31369,1952
24283,40402,1977
24290,60923,1966
24292,36134,1974
24293,63413,1987
24301,57718,1970
24311,48516,1977
24312,48235,1983
24313,43672,1984
24314,85417,1973
24315,62708,1987
24316,-666666666,-666666666
24317,38412,1978
24318,60815,1972
24319,52721,1978
24322,48482,1967
24323,52167,1985
24324,80066,1981
24325,70938,1986
24326,42400,1973
24327,-666666666,-666666666
24328,56659,1981
24330,47478,1956
24333,47730,1976
24340,70950,1983
24343,58252,1980
24347,55156,1983
24348,44829,1975
24350,54219,1979
24351,-666666666,1961
24352,50321,1989
24354,44502,1971
24360,54792,1992
24361,70556,1979
24363,47708,1975
24366,33148,1985
24368,73614,1985
24370,48787,1969
24374,-666666666,1972
24375,53571,1980
24377,57115,1984
24378,49157,1982
24380,57778,1984
24381,65109,1983
24382,57509,1976
24401,66300,1967
24411,-666666666,-666666666
24412,250001,1955
24413,65893,1978
24415,-666666666,-666666666
24416,54882,1973
24421,98125,1985
24422,48750,1951
24426,55138,1967
24430,45000,1959
24431,78856,1992
24432,89259,1945
24433,79444,1981
24435,70114,1971
24437,87200,1980
24439,47219,1981
24440,46178,1984
24441,82083,1989
24442,69750,1955
24445,51500,1972
24448,70833,1961
24450,76587,1976
24457,47634,1970
24458,54145,1980
24459,94500,1977
24460,46711,1976
24464,33879,2001
24465,61379,1971
24467,93851,1988
24469,-666666666,-666666666
24471,97396,1971
24472,51429,1988
24473,67813,1979
24474,-666666666,1941
24476,-666666666,1938
24477,84260,1993
24479,80583,1983
24482,75866,1977
24483,77500,1956
24484,55000,1987
24485,60250,1974
24486,80990,1996
24487,54803,1986
24501,42222,1971
24502,68872,1980
24503,89137,1972
24504,52571,1948
24515,-666666666,-666666666
24517,53201,1968
24520,42841,1986
24521,73571,1982
24522,60503,1978
24523,73957,1980
24526,85729,1976
24527,73715,1982
24528,58343,1972
24529,27243,1985
24530,36165,1989
24531,43333,1972
24534,41038,1971
24536,-666666666,2011
24538,71224,1985
24539,57686,1981
24540,47924,1972
24541,51427,1963
24549,55186,1982
24550,69025,1989
24551,91067,1996
24553,50385,1983
24554,56667,1977
24555,56080,1965
24556,87250,1985
24557,44755,1978
24558,61019,1975
24562,58884,1990
24563,47247,1974
24565,41683,1979
24566,65508,1988
24569,50179,1974
24570,-666666666,-666666666
24571,32218,1975
24572,62030,1976
24574,69133,1988
24577,50362,1980
24578,68355,1947
24579,45944,1974
24580,54853,1972
24581,-666666666,-666666666
24586,53962,1992
24588,73231,1982
24589,77593,1982
24590,105911,1987
24592,51547,1972
24593,79018,1990
24594,43819,1986
24595,92850,1938
24597,62917,1974
24598,61985,1966
24599,62648,2002
24601,-666666666,-666666666
24602,45150,1992
24603,56204,1981
24604,26733,1942
24605,52653,1964
24606,-666666666,1961
24607,92361,1983
24609,53958,1979
24612,19083,1974
24613,-666666666,1982
24614,41328,1978
24620,30129,1985
24622,32049,1971
24630,57254,1979
24631,43980,1979
24634,31453,1974
24635,49231,1954
24637,57112,1982
24639,55591,1979
24641,35531,1973
24646,47330,1984
24649,39345,1979
24651,44072,1976
24656,43646,1980
24657,-666666666,1959
24701,50455,1964
24712,80625,1983
24714,-666666666,1971
24715,76875,1938
24716,25461,1955
24719,-666666666,1938
24724,-666666666,1938
24726,-666666666,1994
24729,2499,1938
24731,-666666666,1947
24733,-666666666,1994
24736,-666666666,1954
24737,31330,1956
24738,-666666666,-666666666
24739,61436,1984
24740,44793,1973
24747,48203,1977
24801,29330,1950
24808,-666666666,1952
24811,-666666666,1953
24813,-666666666,1972
24815,-666666666,1969
24816,-666666666,2003
24817,25363,1966
24818,47718,1982
24822,-666666666,1985
24823,130020,1997
24826,-666666666,1945
24827,55059,1983
24828,17424,1949
24830,42037,1938
24831,57652,1950
24834,59397,1976
24836,36250,1938
24839,39355,1980
24843,-666666666,-666666666
24844,25756,1972
24845,-666666666,1983
24846,2499,1985
24847,61875,1938
24848,27065,1977
24849,-666666666,1978
24850,-666666666,-666666666
24851,44234,1986
24853,13092,1989
24854,28385,1938
24855,-666666666,1975
24857,41011,1969
24860,-666666666,1985
24861,-666666666,1938
24862,30389,1978
24866,38852,1938
24867,-666666666,-666666666
24868,30259,1951
24869,42188,1993
24870,45011,1972
24871,64167,1974
24872,40293,1974
24873,-666666666,1970
24874,54596,1972
24878,33113,1983
24879,-666666666,1975
24880,67921,1976
24881,-666666666,1957
24882,86733,1986
24884,-666666666,-666666666
24887,-666666666,-666666666
24888,36813,1956
24892,36707,1947
24894,24423,1959
24895,-666666666,-666666666
24898,-666666666,1953
24901,53403,1982
24910,38502,1976
24915,44000,1981
24916,76404,1985
24918,63594,1982
24920,-666666666,1970
24924,53056,1989
24925,67550,1990
24927,-666666666,1982
24931,43333,1989
24934,40301,1982
24935,37135,1978
24938,77946,1983
24941,62600,1978
24943,91250,-666666666
24944,61989,1967
24945,51848,1978
24946,60625,1980
24951,70559,1982
24954,37899,1974
24957,-666666666,2000
24962,-666666666,1938
24963,55179,1974
24966,52396,1982
24970,44118,1972
24974,21446,1984
24976,46383,1991
24977,73750,1990
24981,-666666666,1940
24983,51667,1975
24984,38889,1982
24985,75104,1970
24986,50610,1974
24991,55088,1978
24993,-666666666,-666666666
25002,-666666666,-666666666
25003,64631,1970
25005,43750,2000
25007,38177,1973
25008,-666666666,1975
25009,66042,1977
25011,94375,1967
25015,56681,1960
25019,32102,1981
25021,-666666666,1938
25022,-666666666,-666666666
25024,-666666666,1977
25025,-666666666,1938
25028,52944,1971
25030,72614,1979
25031,40048,1953
25033,81761,1987
25035,33995,1957
25036,59167,1938
25039,45417,1971
25040,-666666666,1938
25043,-666666666,1982
25044,57750,1976
25045,52025,1975
25047,39250,1981
25048,41179,1970
25049,62450,1976
25051,48672,1982
25053,58667,1985
25054,95952,1938
25057,-666666666,1955
25059,105920,1992
25060,-666666666,2003
25061,55962,1957
25062,-666666666,1995
25063,61731,1986
25064,57263,1957
25067,72875,1965
25070,78578,1975
25071,59710,1983
25075,68083,1938
25076,-666666666,1985
25081,108125,1990
25082,53582,1980
25083,32792,1979
25085,30945,1957
25086,54032,1972
25088,41042,1973
25090,37569,1945
25093,-666666666,2001
25102,105150,1966
25103,23264,1959
25106,-666666666,1983
25107,-666666666,1976
25108,85388,1979
25109,28876,1973
25110,56037,1991
25111,56591,1992
25112,-666666666,-666666666
25113,-666666666,1987
25114,-666666666,1973
25115,-666666666,-666666666
25118,-666666666,1940
25119,-666666666,1945
25121,58422,1987
25123,55000,1983
25124,50597,1996
25125,59875,1994
25126,-666666666,1948
25130,53294,1968
25132,47250,1982
25133,35114,1982
25134,150366,1964
25136,28173,1969
25139,-666666666,2010
25140,-666666666,1970
25141,57321,1987
25142,86146,1938
25143,53205,1962
25148,69115,1979
25149,-666666666,1948
25152,-666666666,1973
25154,67243,1977
25156,-666666666,1965
25159,56517,1982
25160,44066,1983
25161,51397,1956
25162,63558,1965
25164,58375,1982
25165,48102,1971
25168,101660,1991
25169,40417,1979
25173,-666666666,1944
25174,-666666666,1975
25177,55046,1964
25180,-666666666,2000
25181,46705,1977
25183,-666666666,1977
25185,-666666666,-666666666
25186,47563,1949
25187,41944,1974
25193,74286,1957
25201,-666666666,-666666666
25202,96328,1979
25203,-666666666,1976
25204,13684,1946
25205,78516,1974
25206,54250,1979
25208,41406,1956
25209,48674,1955
25211,19659,1979
25213,100711,1993
25214,70956,1974
25231,-666666666,-666666666
25234,42813,1980
25235,52070,1964
25239,80446,1977
25241,57336,1986
25243,48977,1974
25244,65667,1981
25245,82232,1998
25247,52969,1979
25248,67652,1991
25251,54741,1985
25252,44763,1987
25253,62756,1985
25259,35417,1976
25260,49167,1970
25261,-666666666,2001
25262,73914,1979
25264,66150,1980
25265,51827,1959
25266,71250,1978
25267,-666666666,1982
25268,50993,1981
25270,44129,1990
25271,52150,1978
25275,64632,1980
25276,44805,1972
25285,53125,1986
25286,45250,1989
25287,99458,1997
25301,25417,1958
25302,55210,1952
25303,75872,1957
25304,80931,1953
25305,-666666666,-666666666
25306,71654,1974
25309,57937,1971
25311,62800,1962
25312,57246,1979
25313,64385,1975
25314,94556,1967
25315,55083,1960
25320,58629,1979
25387,43063,1956
25401,51909,1964
25403,87512,2003
25404,70633,1996
25405,92536,2002
25411,71349,1986
25413,100556,2001
25414,105500,1997
25419,89284,1998
25420,98785,1988
25421,-666666666,-666666666
25422,52047,1988
25425,94048,1986
25427,87184,1993
25428,82885,2002
25430,86806,1987
25431,68917,1953
25432,46397,1951
25434,64487,1990
25437,-666666666,2000
25438,81875,1993
25442,111419,1991
25443,111593,1986
25444,132614,2000
25446,119853,1995
25501,42188,1983
25502,78079,1995
25503,-666666666,1994
25504,62530,1978
25505,-666666666,1992
25506,44013,1987
25507,49245,1965
25508,48144,1987
25510,72894,1985
25511,43846,1993
25512,36964,1972
25514,53929,1988
25515,46904,1993
25517,44696,1979
25520,51875,1977
25521,61375,1990
25523,66563,1973
25524,40194,1989
25526,85176,1991
25529,55769,1988
25530,70508,1970
25534,-666666666,1976
25535,72446,1983
25537,68385,1988
25540,2499,2004
25541,62782,1992
25544,-666666666,-666666666
25545,92813,1987
25547,-666666666,1976
25550,49497,1968
25555,66853,1981
25557,30804,1990
25559,34727,1979
25560,103160,1989
25564,-666666666,1995
25565,34966,1989
25567,51797,1977
25570,48947,1978
25571,49201,1980
25573,-666666666,1992
25601,47333,1968
25606,63056,1983
25607,26857,1979
25608,82961,1991
25611,-666666666,1990
25612,-666666666,1992
25617,-666666666,1979
25621,51563,1986
25624,14339,1955
25625,90417,1980
25628,-666666666,1984
25630,-666666666,1976
25632,-666666666,2005
25634,102303,1995
25635,52583,1964
25637,51926,1971
25638,90333,1984
25639,24902,1949
25644,88493,1981
25646,37500,1944
25647,-666666666,1950
25649,53262,1978
25650,-666666666,-666666666
25651,-666666666,1996
25652,48026,1982
25653,-666666666,1959
25654,-666666666,1963
25661,25014,1971
25666,14519,1992
25667,-666666666,1984
25669,43333,1989
25670,32961,1990
25671,42679,1979
25672,-666666666,1990
25674,38495,1986
25676,47639,1991
25678,36486,1984
25685,63947,1993
25688,-666666666,1986
25690,63533,1986
25692,23234,1974
25696,48077,1977
25699,-666666666,1995
25701,56292,1958
25702,40708,1954
25703,24139,1970
25704,53189,1962
25705,61329,1970
25755,-666666666,-666666666
25801,56836,1972
25810,-666666666,-666666666
25811,-666666666,-666666666
25812,43646,1967
25813,54364,1982
25817,-666666666,1974
25818,85938,1992
25820,135568,2009
25823,-666666666,1960
25825,57795,1980
25826,-666666666,1945
25827,41198,1968
25831,46800,1994
25832,74184,1991
25836,-666666666,1974
25837,79286,1938
25839,-666666666,1989
25840,67628,1974
25841,-666666666,1981
25843,86767,1984
25844,30526,1985
25845,-666666666,1975
25846,-666666666,-666666666
25848,-666666666,1956
25849,-666666666,1985
25851,-666666666,-666666666
25853,-666666666,-666666666
25854,52143,1977
25855,30335,1941
25857,-666666666,-666666666
25862,107763,2001
25864,76250,1953
25865,38173,1989
25866,69050,1994
25868,-666666666,2002
25870,-666666666,-666666666
25871,31250,1967
25873,26788,1967
25875,83849,1966
25876,73894,1979
25878,25878,1974
25879,60800,1979
25880,36264,1979
25882,57500,1954
25901,51735,1975
25902,-666666666,1956
25904,39455,1982
25907,70714,1968
25908,-666666666,-666666666
25909,86484,1955
25911,41706,1938
25913,-666666666,1959
25915,39292,1973
25916,-666666666,-666666666
25917,60407,1957
25918,79323,1996
25920,-666666666,-666666666
25921,35451,1974
25922,2499,1977
25928,-666666666,2003
25932,-666666666,-666666666
25936,-666666666,1938
25938,59833,1982
25942,-666666666,-666666666
25943,-666666666,-666666666
25951,35918,1964
25958,26667,1958
25962,44004,1972
25966,60550,1975
25969,60250,1974
25971,74439,1987
25972,-666666666,1943
25976,41169,1981
25977,-666666666,1968
25978,73913,1979
25979,50132,1978
25981,37639,1980
25984,27183,1979
25985,55491,1971
25986,100128,1975
25989,-666666666,1993
26003,57703,1956
26030,33125,1942
26031,46797,1948
26032,58750,1952
26033,55972,1960
26034,56556,1956
26035,60000,1974
26036,-666666666,1977
26037,59508,1971
26038,76875,1964
26039,57800,1977
26040,39444,1938
26041,54419,1961
26047,58641,1975
26050,50139,1957
26055,49821,1965
26056,54286,1961
26058,-666666666,-666666666
26059,67094,1975
26060,69716,1973
26062,60702,1959
26070,52359,1959
26074,50000,1956
26075,53750,1938
26101,48710,1958
26104,54331,1971
26105,61674,1969
26133,74917,1985
26134,48406,1973
26136,42788,1973
26137,26098,1979
26138,115729,1997
26141,43500,1964
26142,62941,1982
26143,55402,1985
26146,37147,1981
26147,43082,1974
26148,44177,1967
26149,71786,1974
26150,61786,1986
26151,40781,1960
26152,-666666666,-666666666
26155,64485,1966
26159,66190,1955
26160,48992,1987
26161,-666666666,1977
26162,-666666666,-666666666
26164,45104,1972
26167,57470,1965
26169,57813,1978
26170,68125,1975
26175,56875,1966
26178,35139,1945
26180,70625,1982
26181,73977,1975
26184,62550,1993
26187,83226,1975
26201,53832,1977
26202,75801,1974
26203,26343,1991
26205,37378,1977
26206,44042,1976
26208,49922,1981
26209,36250,1988
26210,-666666666,1984
26215,83750,1989
26217,-666666666,1994
26218,58646,1986
26222,48438,1956
26224,23000,1970
26228,-666666666,-666666666
26230,-666666666,1980
26234,61250,1975
26236,-666666666,-666666666
26237,81313,1987
26238,47951,1973
26241,50538,1973
26250,47682,1978
26253,65843,1980
26254,74444,1983
26257,79375,1999
26259,65658,1996
26260,95690,1987
26261,33750,1953
26263,-666666666,1983
26264,57868,1982
26266,-666666666,-666666666
26267,96406,1991
26268,-666666666,1988
26269,66042,1972
26270,60304,1979
26271,41111,1987
26273,39688,1990
26275,-666666666,1967
26276,63257,1973
26278,54604,1991
26280,46335,1978
26282,-666666666,1980
26283,75556,1989
26285,-666666666,1938
26287,51855,1980
26288,34801,1973
26289,-666666666,-666666666
26291,-666666666,2005
26292,53250,1952
26293,-666666666,1938
26294,48542,1985
26296,-666666666,-666666666
26298,-666666666,1938
26301,49816,1954
26320,70476,1956
26321,103967,1981
26323,-666666666,1956
26325,-666666666,1949
26327,-666666666,1994
26330,88962,1982
26335,51513,1973
26337,49306,1975
26338,87301,1985
26339,80208,1990
26342,31192,1984
26343,45560,1985
26346,73641,1980
26347,61250,1977
26348,-666666666,1974
26349,53942,1948
26351,55742,1973
26354,52742,1969
26361,82697,1938
26362,53125,1976
26366,-666666666,-666666666
26369,-666666666,1963
26372,194286,2004
26374,57321,1983
26376,34811,1985
26377,51198,1948
26378,71546,1988
26384,-666666666,1971
26385,82625,1977
26386,75720,1976
26404,16472,1947
26405,68798,1983
26408,72819,1977
26410,50607,1974
26411,50000,1983
26412,-666666666,1979
26415,56848,1975
26416,54741,1975
26419,47443,1959
26421,41250,1989
26422,-666666666,1954
26424,-666666666,1986
26425,47667,1956
26426,56163,1979
26430,47903,1977
26431,61023,1968
26435,-666666666,-666666666
26436,-666666666,1996
26437,-666666666,1985
26438,78669,1938
26440,92824,1986
26443,61953,1938
26444,44004,1990
26447,64688,1988
26448,32955,1961
26451,73846,1973
26452,51695,1972
26456,58000,1963
26463,75000,1979
26501,63529,1970
26505,45536,1984
26506,-666666666,-666666666
26508,90041,1998
26519,54328,1984
26520,-666666666,1982
26521,80625,1968
26524,110855,1994
26525,82114,1991
26534,31413,1971
26537,59844,1977
26541,73444,1993
26542,54375,1982
26543,-666666666,-666666666
26544,-666666666,-666666666
26546,49656,2011
26547,76084,1993
26554,69712,1965
26559,73229,1963
26560,6875,1938
26562,55603,1971
26563,-666666666,1950
26568,61914,1972
26570,71048,1973
26571,84167,1957
26572,86136,1963
26574,64688,1938
26575,39676,1963
26576,98953,1938
26581,-666666666,1938
26582,52083,1952
26585,62333,1974
26586,-666666666,1966
26587,-666666666,1943
26588,60990,1974
26590,101513,1987
26591,61071,1973
26601,50469,1976
26610,37165,1986
26611,-666666666,1958
26615,16181,1959
26617,56250,2008
26619,36366,1971
26621,43092,1978
26623,60761,1994
26624,47083,1964
26627,63750,1994
26629,-666666666,1977
26631,-666666666,1985
26636,40938,1985
26638,106875,2004
26651,62955,1984
26656,78068,1957
26660,-666666666,-666666666
26662,-666666666,1978
26667,-666666666,1990
26671,51050,1984
26676,21100,1974
26678,64375,1994
26679,53459,1983
26680,-666666666,1983
26681,50786,1984
26684,-666666666,2002
26690,-666666666,1977
26691,85420,1986
26704,74314,1988
26705,40500,1972
26707,33462,1956
26710,78516,1978
26711,71212,1990
26714,72159,1996
26716,80375,1978
26717,74712,1984
26719,54167,1975
26720,51771,1955
26722,75625,1981
26726,70944,1975
26731,-666666666,1967
26739,42000,1971
26743,61331,1984
26750,42500,1944
26753,73694,1985
26755,-666666666,1981
26757,57212,1981
26761,25139,1977
26763,68384,1991
26764,61010,1978
26767,92073,1973
26801,56429,1986
26802,43750,1979
26804,31000,1974
26807,66750,1975
26808,70313,1992
26810,-666666666,1982
26812,64375,1986
26814,77050,1977
26815,60104,1982
26817,68750,1989
26818,42173,1990
26823,-666666666,1948
26833,72012,1996
26836,47770,1981
26838,-666666666,-666666666
26845,64583,2003
26847,52139,1977
26851,49776,1979
26852,63221,1981
26855,67500,1985
26865,50833,1985
26866,92378,1979
26884,71615,1975
26886,56563,1974
27006,96580,1993
27007,77163,1985
27009,76469,1996
27011,65698,1978
27012,96250,1995
27013,66301,1991
27014,44625,1938
27016,57273,1984
27017,59329,1986
27018,73438,1988
27019,59176,1980
27020,50489,1982
27021,63552,1983
27022,43281,1979
27023,107924,1991
27024,62813,1991
27025,56682,1991
27027,45469,1969
27028,69137,1990
27030,46377,1976
27040,92601,1988
27041,78700,1985
27042,46510,1972
27043,74783,1984
27045,71086,1982
27046,64464,1976
27047,71146,1985
27048,60015,1980
27050,88750,1986
27051,74804,1987
27052,59024,1982
27053,67974,1978
27054,92560,1992
27055,65970,1986
27101,44198,1972
27103,67012,1979
27104,81529,1981
27105,44080,1973
27106,68568,1985
27107,60729,1985
27109,-666666666,-666666666
27110,-666666666,-666666666
27127,61926,1992
27201,55250,1938
27202,-666666666,-666666666
27203,46336,1976
27205,65167,1989
27207,70211,1984
27208,58947,1971
27209,45861,1979
27212,57108,1977
27213,-666666666,-666666666
27214,82655,1997
27215,68825,1984
27217,51950,1975
27229,51436,1981
27231,64471,1984
27233,83819,1990
27235,101173,2000
27239,63630,1983
27242,-666666666,1984
27243,84348,1995
27244,75323,1992
27247,-666666666,-666666666
27248,72219,1984
27249,80880,1986
27252,50435,1976
27253,62774,1989
27256,-666666666,-666666666
27258,78079,1992
27259,-666666666,1938
27260,42308,1973
27262,65006,1966
27263,55801,1982
27265,73981,1997
27268,-666666666,-666666666
27278,105887,1996
27281,74547,1993
27282,91512,1994
27283,90402,1979
27284,82461,1992
27288,52594,1971
27291,89610,1993
27292,57264,1979
27295,63961,1985
27298,69421,1986
27299,65621,1989
27301,83824,1999
27302,79819,1998
27305,59541,1990
27306,57934,1984
27310,165898,1999
27311,39044,1983
27312,103104,1998
27313,80875,1985
27314,-666666666,1985
27315,65272,1979
27316,56727,1982
27317,65988,1991
27320,56647,1979
27325,54898,1978
27326,79375,1981
27330,61300,1987
27332,78447,1995
27340,-666666666,-666666666
27341,58159,1991
27342,116731,1967
27343,79931,1984
27344,57320,1988
27349,68807,1998
27350,69306,1984
27351,-666666666,-666666666
27355,65911,1986
27356,55347,1985
27357,75287,1997
27358,138717,1998
27360,61983,1983
27370,69039,1984
27371,63516,1977
27374,-666666666,1996
27376,74598,1992
27377,90181,2005
27379,38472,1977
27401,47972,1973
27403,57917,1956
27405,47431,1981
27406,59563,1982
27407,59427,1986
27408,83862,1961
27409,60281,1992
27410,85291,1989
27411,-666666666,-666666666
27412,-666666666,-666666666
27455,94349,1995
27501,73336,1997
27502,143922,2005
27503,114425,1986
27504,66724,1994
27505,79462,1996
27506,-666666666,-666666666
27507,120849,1988
27508,50368,1972
27509,73136,1982
27510,61837,1984
27511,107860,1982
27513,121989,1995
27514,92875,1986
27516,106353,1996
27517,128683,1998
27518,123488,1998
27519,165586,2008
27520,86322,2002
27521,61590,1983
27522,77094,1995
27523,135625,2008
27524,75827,1991
27525,73036,2002
27526,110017,2005
27527,115035,2010
27529,85716,2001
27530,54504,1977
27531,-666666666,-666666666
27533,-666666666,-666666666
27534,62574,1987
27536,39985,1967
27537,57834,1991
27539,145947,2004
27540,128989,2007
27541,75305,1986
27542,66038,1989
27544,66304,1990
27545,91527,2005
27546,66746,1997
27549,67879,1993
27551,59375,1990
27553,43952,1994
27555,44531,1983
27556,-666666666,1987
27557,71541,1992
27559,74490,1991
27560,118417,2008
27562,172955,2013
27563,36287,1987
27565,56432,1982
27568,66071,1967
27569,78850,1992
27570,-666666666,-666666666
27571,131139,2012
27572,90724,1995
27573,45736,1968
27574,66206,1984
27576,66831,1990
27577,62758,1985
27581,59492,2003
27582,54375,1971
27583,71484,1999
27584,2499,1946
27587,133743,2006
27589,46730,1986
27591,85224,1999
27592,104252,2001
27593,-666666666,-666666666
27594,-666666666,-666666666
27596,95940,2004
27597,84625,1999
27599,-666666666,-666666666
27601,71350,2005
27603,90484,2000
27604,70375,1991
27605,71096,1989
27606,78371,1991
27607,96775,1996
27608,162188,1970
27609,83065,1982
27610,67932,1999
27612,95988,1993
27613,123966,1994
27614,128834,2003
27615,112754,1989
27616,83565,2005
27617,110034,2006
27695,-666666666,-666666666
27697,-666666666,-666666666
27701,69740,1975
27703,89317,2005
27704,69668,1987
27705,73066,1987
27707,74406,1985
27708,-666666666,-666666666
27709,-666666666,-666666666
27712,91331,1989
27713,100676,1999
27801,44884,1973
27803,60124,1982
27804,61359,1985
27805,52679,1986
27806,45809,1983
27807,80382,1987
27808,90472,1983
27809,88750,1987
27810,51277,1978
27812,53268,1969
27813,49267,1984
27814,77368,1986
27815,-666666666,-666666666
27816,33718,1989
27817,77017,1992
27818,58478,1977
27819,38776,1982
27820,50909,1973
27821,-666666666,1995
27822,63703,1987
27823,34940,1981
27824,42589,1988
27825,43750,1983
27826,-666666666,1980
27827,96144,1945
27828,49940,1983
27829,58277,1973
27830,54129,1978
27831,36136,1981
27832,52194,1986
27834,48935,1996
27837,69830,1996
27839,48094,1985
27840,37857,1966
27841,21667,2002
27842,91202,1998
27843,69306,1981
27844,39076,1990
27845,48707,1973
27846,55147,1983
27847,62205,1981
27849,46594,1980
27850,65672,1989
27851,66750,1984
27852,55921,1991
27853,-666666666,1992
27855,42938,1979
27856,66510,1992
27857,61389,1978
27858,59713,1992
27860,62083,1976
27861,28681,1975
27862,53333,1975
27863,77933,1998
27864,64201,1989
27865,72708,1973
27866,63036,1998
27869,43301,1976
27870,49502,1978
27871,46172,1969
27872,39167,1976
27873,25625,1972
27874,33250,1971
27875,21991,1994
27876,51040,1976
27877,-666666666,-666666666
27878,53382,1988
27879,32500,1980
27880,79375,2002
27881,-666666666,1938
27882,52691,1981
27883,61185,1982
27884,64306,1991
27885,59784,1970
27886,52850,1978
27888,55167,1980
27889,53179,1979
27890,36875,1958
27891,67942,1987
27892,48223,1975
27893,42810,1978
27896,75696,1995
27897,56694,1971
27909,66732,1988
27910,43144,1977
27915,35365,1988
27916,79329,1988
27917,-666666666,1989
27919,102883,1971
27920,-666666666,1995
27921,94473,1998
27922,49250,1985
27923,69289,1975
27924,72469,1979
27925,41522,1981
27926,57333,1994
27927,120568,1997
27928,65625,1988
27929,132713,2002
27932,53490,1980
27935,82115,1995
27936,43846,1989
27937,70086,1993
27938,65217,1987
27939,62463,1995
27941,50893,1990
27942,44271,1980
27943,57188,1997
27944,67938,1992
27946,74421,1983
27947,78125,2001
27948,86193,1986
27949,120662,1988
27950,88250,1995
27953,53250,1987
27954,80587,1994
27956,-666666666,2002
27957,36875,1985
27958,112177,2005
27959,91264,1987
27960,77583,1978
27962,41774,1973
27964,-666666666,1988
27965,63542,1979
27966,78507,1994
27967,-666666666,1982
27968,-666666666,1996
27969,-666666666,1996
27970,37578,1978
27972,-666666666,1990
27973,86375,1997
27974,80395,2001
27976,91314,1998
27978,60192,1974
27979,63170,1977
27980,66111,1985
27981,88750,1987
27982,-666666666,2002
27983,44441,1979
27985,63233,1985
27986,49784,1979
28001,54804,1972
28006,51932,1980
28007,60648,1975
28009,53145,1938
28012,83391,1997
28016,57147,1979
28017,-666666666,-666666666
28018,50727,1991
28019,-666666666,-666666666
28020,59978,1975
28021,63429,1980
28023,62257,1983
28024,-666666666,-666666666
28025,79545,1990
28027,92219,2001
28031,113368,2002
28032,60924,1980
28033,78458,1991
28034,62083,1987
28036,156496,2005
28037,111703,2004
28039,-666666666,1984
28040,58816,1979
28041,-666666666,-666666666
28042,20833,1938
28043,42276,1975
28052,49643,1967
28054,61035,1979
28056,90427,1988
28071,93354,1988
28072,93125,1990
28073,52557,1984
28074,-666666666,-666666666
28075,144288,2004
28076,-666666666,1952
28077,31366,1983
28078,120831,2004
28079,100516,2004
28080,71997,1996
28081,71665,1986
28083,66257,1974
28086,62414,1983
28088,59872,1992
28089,75000,1938
28090,57714,1982
28091,52917,1971
28092,60984,1986
28097,76594,2001
28098,53000,1971
28101,111042,2011
28102,-666666666,1966
28103,76924,1980
28104,138017,2001
28105,108190,1996
28107,105122,2002
28108,-666666666,-666666666
28109,31208,1955
28110,83480,1996
28112,80495,1986
28114,60500,1983
28115,87787,2000
28117,112976,2004
28119,50194,1978
28120,78231,1990
28124,80778,1983
28125,85739,1997
28127,69125,1987
28128,53818,1971
28129,69906,1980
28133,46549,1967
28134,85681,2001
28135,66920,1988
28136,83304,1965
28137,67163,1985
28138,66896,1988
28139,56558,1990
28144,52568,1968
28146,69279,1987
28147,65060,1990
28150,55832,1975
28152,57806,1980
28159,63036,1952
28160,40868,1959
28163,72386,1990
28164,79728,1991
28166,93511,1999
28167,59732,1989
28168,61220,1986
28169,-666666666,1957
28170,39548,1973
28173,150597,2006
28174,71136,1985
28202,105889,2007
28203,104696,2008
28204,92054,2010
28205,75622,1972
28206,61818,2000
28207,217204,1971
28208,55431,1974
28209,101873,1989
28210,100824,1984
28211,132917,1983
28212,52723,1981
28213,58146,1999
28214,86447,1999
28215,71162,1994
28216,65795,2000
28217,64028,1997
28223,-666666666,-666666666
28226,118606,1986
28227,77115,1988
28244,-666666666,-666666666
28262,69231,2004
28269,81517,2000
28270,131667,1992
28273,87350,2004
28274,-666666666,-666666666
28277,128627,2001
28278,125470,2009
28280,-666666666,-666666666
28282,-666666666,-666666666
28301,39198,1972
28303,58223,1976
28304,58563,1981
28305,78148,1957
28306,67544,1994
28307,51420,1977
28308,-666666666,-666666666
28310,-666666666,-666666666
28311,62170,1987
28312,67754,1992
28314,62249,1992
28315,77418,2000
28318,56439,1987
28320,57500,1977
28323,69095,2000
28325,54375,1955
28326,75431,2003
28327,87434,1995
28328,52942,1985
28330,-666666666,-666666666
28331,-666666666,1994
28332,77250,1985
28333,50188,1985
28334,53036,1983
28337,36227,1984
28338,58532,1981
28339,50313,1975
28340,39746,1982
28341,57431,1978
28342,138125,1981
28343,29306,1990
28344,48737,1994
28345,40957,1972
28347,39110,1993
28348,66129,1998
28349,54139,1985
28350,-666666666,1966
28351,50156,1990
28352,43728,1979
28355,-666666666,-666666666
28356,72150,1995
28357,49116,1992
28358,48467,1983
28359,-666666666,-666666666
28360,46598,1990
28362,36667,1965
28363,53269,1994
28364,34178,1986
28365,52174,1978
28366,53310,1989
28367,-666666666,1963
28368,-666666666,-666666666
28369,40000,1988
28371,67257,1996
28372,36552,1990
28373,81538,1988
28374,111311,1996
28375,74327,1969
28376,66471,2002
28377,37326,1980
28378,-666666666,-666666666
28379,49149,1976
28382,68854,1983
28383,39214,1987
28384,51167,1989
28385,66860,1991
28386,31777,1990
28387,74830,1987
28390,62972,1998
28391,72955,1994
28392,-666666666,1976
28393,37544,1980
28394,79643,1995
28395,84375,1991
28396,63250,1984
28398,47458,1983
28399,33512,1995
28401,57968,1958
28403,54547,1989
28405,70274,1993
28409,111048,1991
28411,97387,2000
28412,71636,2000
28420,53935,1989
28421,60025,1992
28422,69412,2004
28423,52250,1987
28424,48875,1993
28425,66478,1990
28428,93241,1988
28429,72337,1993
28430,68356,1980
28431,40888,1982
28432,90815,1985
28433,36944,1991
28434,49643,1977
28435,46429,1990
28436,64297,1991
28438,59199,1988
28439,32361,1977
28441,51250,1992
28442,60964,1980
28443,90477,2003
28444,44330,1994
28445,84016,2002
28447,77134,1987
28448,53378,1992
28449,107563,1996
28450,69554,1979
28451,81481,2009
28452,-666666666,1993
28453,61165,1990
28454,73015,1998
28455,37760,1989
28456,49670,1980
28457,78178,2001
28458,40338,1989
28460,88908,2003
28461,82692,2004
28462,60349,1993
28463,45239,1979
28464,60130,1992
28465,86194,1996
28466,65558,1983
28467,75341,2003
28468,83358,1999
28469,90684,2001
28470,65030,1999
28472,42003,1981
28478,73388,1992
28479,80391,2006
28480,172500,1979
28501,35118,1966
28504,53583,1979
28508,34567,1992
28509,-666666666,-666666666
28510,58839,1987
28511,55978,1955
28512,91488,1984
28513,57285,1990
28515,31715,1978
28516,66057,1988
28518,54127,1991
28519,38988,1983
28520,80859,2010
28521,47813,1994
28523,45452,1983
28524,74219,1944
28525,59191,1989
28526,39110,1989
28527,74190,1985
28528,64000,1989
28529,65060,1984
28530,37361,1984
28531,60000,1980
28532,60605,1990
28533,-666666666,-666666666
28537,-666666666,2008
28538,56953,1988
28539,66976,1999
28540,65625,1986
28542,125491,2014
28543,50649,2006
28544,52354,1989
28546,63561,1999
28547,67588,1980
28551,49092,1992
28552,63841,1973
28553,88984,1982
28554,-666666666,1974
28555,69236,1991
28556,-666666666,1995
28557,68528,1987
28560,65411,1984
28562,75012,1995
28570,70229,1996
28571,63393,1992
28572,55660,1987
28573,63554,1984
28574,67416,2003
28575,-666666666,1986
28577,96563,1996
28578,69900,1988
28579,64519,1982
28580,50028,1982
28581,-666666666,1995
28582,89348,1999
28584,87414,1999
28585,60855,1992
28586,57041,1989
28587,35833,1996
28589,-666666666,-666666666
28590,83880,2000
28594,89773,1989
28601,67817,1981
28602,62048,1982
28604,76319,1988
28605,76477,1988
28606,56600,1979
28607,46639,1988
28609,77679,1982
28610,65722,1989
28611,-666666666,1995
28612,54934,1984
28613,58707,1989
28615,51653,1973
28616,-666666666,1972
28617,62204,1983
28618,59653,1987
28619,34881,1985
28621,53616,1973
28622,44028,1978
28623,53384,1988
28624,51836,1973
28625,64060,1992
28626,73675,1988
28627,46474,1978
28628,74375,1938
28629,-666666666,-666666666
28630,63835,1987
28631,-666666666,1983
28634,60426,1983
28635,44901,1985
28636,65435,1985
28637,67500,1967
28638,67135,1981
28640,53155,1986
28641,-666666666,-666666666
28642,44543,1973
28643,44509,1975
28644,52798,1977
28645,51650,1977
28646,76736,1983
28649,47016,1988
28650,74922,1991
28651,61623,1982
28652,-666666666,1978
28653,-666666666,-666666666
28654,57438,1984
28655,57713,1981
28657,59702,1984
28658,72042,1980
28659,50280,1976
28660,77278,1995
28662,-666666666,1984
28663,80457,1996
28664,-666666666,1954
28665,45685,1987
28666,-666666666,-666666666
28667,26354,1961
28668,-666666666,1989
28669,47358,1980
28670,49567,1973
28671,73929,1970
28672,163210,1994
28673,99688,1998
28675,44560,1978
28676,60833,1977
28677,62406,1982
28678,74845,1995
28679,65246,1984
28681,60977,1984
28682,129390,2002
28683,45423,1988
28684,69307,1994
28685,46406,1982
28689,70565,1989
28690,67000,1972
28692,43103,1989
28693,62596,1987
28694,58486,1979
28697,52988,1980
28698,54402,1990
28701,108125,1998
28702,37275,1995
28704,81096,2001
28705,54858,1976
28707,-666666666,1980
28708,70435,1989
28709,-666666666,1985
28710,-666666666,-666666666
28711,74761,1986
28712,63045,1982
28713,50882,1989
28714,58998,1989
28715,71716,1994
28716,63141,1975
28717,76085,1997
28718,74031,1992
28719,60658,1988
28720,63438,1971
28721,62279,1990
28722,67760,1987
28723,45568,1997
28725,57750,1971
28726,54152,1980
28729,84413,1986
28730,102900,1992
28731,66309,1993
28732,81852,1999
28733,150300,1978
28734,54021,1987
28735,-666666666,1984
28736,70855,1989
28739,73582,1984
28740,48214,1983
28741,70392,1985
28742,99007,1989
28743,58011,1990
28745,117824,1962
28746,70469,1991
28747,66000,1986
28748,59013,1997
28749,-666666666,-666666666
28751,69057,1990
28752,55783,1982
28753,52304,1985
28754,68750,1987
28755,-666666666,-666666666
28756,63663,1993
28757,115568,1962
28758,-666666666,-666666666
28759,107609,1997
28761,54869,1993
28762,66410,1983
28763,72269,1985
28766,57708,1992
28768,71383,1984
28770,-666666666,-666666666
28771,49407,1988
28772,74583,1992
28773,70703,1990
28774,154635,1996
28775,-666666666,1995
28777,63378,1980
28778,73408,1987
28779,57727,1985
28781,62045,2002
28782,72946,1975
28783,51350,1984
28785,61769,1992
28786,59371,1977
28787,78604,1994
28788,80938,1963
28789,51713,1993
28790,97042,1992
28791,78827,1983
28792,55522,1991
28801,58438,1963
28803,76662,1994
28804,88312,1983
28805,75151,1985
28806,63273,1988
28901,44792,1985
28902,88456,1980
28904,56480,1991
28905,57708,1996
28906,55759,1996
28909,80875,1988
29001,65250,1987
29003,52624,1975
29006,50379,1984
29009,57857,1979
29010,43500,1982
29014,62422,1990
29015,43977,1981
29016,95082,2006
29018,49167,1985
29020,64648,1983
29030,80313,1987
29031,61143,1982
29032,58168,1991
29033,61237,1969
29036,113986,2004
29037,72768,1984
29038,43563,1990
29039,53382,1989
29040,65978,1992
29042,41047,1979
29044,57297,1988
29045,87366,2005
29046,-666666666,-666666666
29047,48571,1987
29048,41774,1984
29051,71250,1980
29052,52775,1988
29053,56703,1994
29054,91099,1995
29055,37401,1966
29056,47031,1987
29058,52383,1982
29059,38698,1984
29061,60307,1986
29062,-666666666,-666666666
29063,91973,1997
29065,49225,1995
29067,52077,1973
29069,48393,1989
29070,65865,1992
29072,106382,2002
29073,77229,1998
29074,-666666666,1983
29075,75884,1988
29078,67727,1995
29079,-666666666,-666666666
29080,36467,1985
29081,38147,1984
29082,42833,1973
29101,56750,1988
29102,47441,1990
29104,67096,1987
29105,94444,2006
29107,47399,1986
29108,53558,1977
29111,76250,1984
29112,50195,1983
29113,48857,1979
29114,56579,1972
29115,37751,1976
29117,-666666666,-666666666
29118,64167,1987
29122,138472,1978
29123,59317,1994
29125,62778,1989
29126,73702,1987
29127,67164,1992
29128,43571,1989
29129,61103,1993
29130,63963,1991
29133,36987,1976
29135,49396,1983
29137,41116,1984
29138,44579,1986
29142,54028,1991
29145,67778,1981
29146,34318,1981
29148,56300,1991
29150,50965,1982
29152,73592,2012
29153,60071,1988
29154,62772,1989
29160,61964,1991
29161,50517,1986
29162,61979,1987
29163,33971,1985
29164,49440,1992
29166,45652,1971
29168,43911,1993
29169,57122,1977
29170,74902,1991
29172,64430,1980
29175,73801,1994
29177,-666666666,-666666666
29178,60241,1960
29180,43330,1983
29201,32297,1996
29203,46054,1974
29204,50189,1964
29205,64231,1956
29206,91847,1968
29207,-666666666,-666666666
29208,-666666666,-666666666
29209,58772,1985
29210,50871,1977
29212,77142,1986
29223,62408,1989
29225,-666666666,-666666666
29229,74043,2004
29301,57805,1984
29302,80819,1975
29303,48295,1979
29306,41356,1974
29307,65850,1977
29316,74735,2004
29320,54353,1978
29321,34464,1978
29322,69656,1993
29323,63263,1991
29324,-666666666,-666666666
29325,60259,1976
29329,35972,1958
29330,48243,1979
29331,-666666666,1983
29332,59091,1990
29333,-666666666,1938
29334,81413,2006
29335,52670,1984
29338,-666666666,-666666666
29340,44123,1978
29341,58029,1991
29346,30673,1938
29349,76168,1998
29351,49414,1958
29353,64494,1975
29355,58500,1968
29356,64514,1986
29360,53941,1980
29364,25089,1938
29365,76966,2000
29368,-666666666,1974
29369,82924,1998
29370,80104,1977
29372,46739,1974
29373,62143,1938
29374,78397,1987
29375,158971,1965
29376,70645,1993
29377,-666666666,1976
29378,32356,1986
29379,40879,1971
29384,51384,1990
29385,58249,1996
29388,79828,1992
29401,99667,1938
29403,66944,1964
29404,54716,2004
29405,56600,1964
29406,49815,1991
29407,85367,1971
29409,-666666666,-666666666
29410,87984,1986
29412,101509,1990
29414,99529,2001
29418,64583,1988
29420,72661,1999
29424,-666666666,-666666666
29425,-666666666,-666666666
29426,64087,1998
29429,112244,2007
29431,58571,1994
29432,54826,1989
29434,-666666666,1990
29435,58813,1995
29436,58434,1992
29437,61821,1994
29438,86979,1991
29439,137396,1990
29440,56124,1984
29445,81594,1991
29446,-666666666,1985
29448,71967,1987
29449,56929,1995
29450,57269,2001
29451,156979,1986
29452,113164,1985
29453,71328,1978
29455,121372,2001
29456,78361,2004
29458,86431,1987
29461,82666,2001
29464,111907,1992
29466,133357,2007
29468,27032,1984
29469,-666666666,1991
29470,86410,1997
29471,38500,1988
29472,75325,1999
29474,40781,1978
29475,39769,1990
29477,53894,1980
29479,51397,1988
29481,46719,1990
29482,192813,1981
29483,85750,2002
29485,82987,2001
29486,89578,2012
29487,105592,1991
29488,49876,1985
29492,110509,2011
29493,-666666666,1973
29501,71671,1986
29505,67343,1994
29506,40311,1983
29510,55058,1988
29511,69507,1996
29512,34734,1975
29516,57639,1979
29518,61923,1986
29519,13777,1955
29520,42308,1981
29525,28618,1973
29526,68825,1998
29527,52069,2001
29530,44012,1990
29532,44482,1980
29536,46120,1983
29540,53155,1987
29541,52067,1992
29543,55658,1968
29544,78401,2000
29545,42083,1989
29546,32043,1991
29547,55472,1997
29550,51491,1985
29554,55100,1984
29555,43011,1987
29556,42365,1984
29560,46601,1979
29563,46013,1977
29564,40000,1991
29565,44871,1985
29566,64878,2001
29567,30893,1995
29568,62653,2005
29569,46840,1995
29570,30768,1983
29571,37395,1978
29572,85247,1988
29574,34112,1983
29575,71447,1990
29576,70691,2001
29577,50955,1995
29579,79644,2007
29580,50156,1978
29581,54701,1982
29582,71723,1996
29583,34931,1983
29584,45625,1989
29585,81946,1998
29588,70739,2003
29589,-666666666,-666666666
29590,31115,1991
29591,65000,1986
29592,42649,1992
29593,40568,1978
29594,53125,1964
29596,34682,1982
29601,76136,2000
29605,65648,1974
29607,74503,2000
29609,65342,1975
29611,51565,1975
29613,-666666666,-666666666
29614,-666666666,-666666666
29615,76117,1984
29617,55403,1983
29620,53288,1981
29621,74256,1988
29624,30549,1972
29625,61960,1986
29626,56196,1991
29627,59167,1980
29628,39444,1974
29630,55264,1991
29631,48800,1988
29634,-666666666,1961
29635,71844,1993
29638,65000,1975
29639,53050,1975
29640,62207,1985
29642,78221,1994
29643,80517,1998
29644,70301,1996
29645,59842,1992
29646,44441,1974
29649,54585,1980
29650,94522,1999
29651,82705,1996
29653,64722,1986
29654,58079,1976
29655,51395,1987
29657,64833,1993
29658,67750,1994
29659,-666666666,1964
29661,55099,1991
29662,81749,1988
29664,51705,1991
29665,45407,1938
29666,73571,1976
29667,83077,1974
29669,65903,1985
29670,72445,1991
29671,61749,1986
29672,90650,1993
29673,71444,1991
29676,92798,1994
29678,52550,1989
29680,86716,2004
29681,114986,2002
29682,83808,1999
29683,44299,1972
29684,58889,1993
29685,116742,2002
29686,58313,1987
29687,80051,1987
29689,72951,1992
29690,69956,1992
29691,49639,1981
29692,47068,1971
29693,54503,1989
29696,78468,1995
29697,68764,1990
29702,49705,1984
29704,74303,1990
29706,51230,1975
29707,118295,2011
29708,132018,2007
29709,54784,1982
29710,96563,2003
29712,62656,1994
29714,70475,1989
29715,109689,2008
29717,68235,1992
29718,59464,1990
29720,62969,1986
29724,-666666666,-666666666
29726,88750,1996
29727,47904,1993
29728,45250,1987
29729,53618,1994
29730,68543,1991
29732,84937,1994
29733,-666666666,-666666666
29741,45000,1986
29742,52775,1994
29743,86064,1993
29745,79117,1995
29801,59573,1983
29803,86023,1995
29805,56185,1995
29809,55234,1969
29810,26835,1975
29812,51870,1982
29816,47459,1984
29817,41579,1982
29819,55417,1981
29821,81000,1994
29824,56396,1984
29826,-666666666,1980
29827,40844,1980
29828,-666666666,1947
29829,84228,2003
29831,53790,1980
29832,42500,1976
29834,26339,1938
29835,57574,1987
29836,-666666666,1989
29838,97500,1985
29840,43504,1976
29841,71606,1977
29842,57949,1983
29843,35986,1981
29844,-666666666,1957
29845,50673,1980
29847,56713,1991
29848,61042,1977
29849,89583,1959
29851,70953,1990
29853,44983,1988
29856,50395,1994
29860,97268,2000
29899,-666666666,-666666666
29902,69752,1984
29904,-666666666,-666666666
29905,-666666666,-666666666
29906,68174,1998
29907,97446,2001
29909,91294,2005
29910,98912,2007
29911,57143,1977
29912,-666666666,-666666666
29915,156090,2005
29916,70982,1991
29918,42665,1983
29920,77744,1995
29921,72375,1980
29922,28750,1979
29923,31389,1983
29924,43542,1985
29926,97948,1993
29927,72821,2005
29928,97576,1985
29929,58267,1990
29932,-666666666,1994
29934,88397,1989
29935,76544,1991
29936,48986,2001
29939,-666666666,1998
29940,54177,1999
29941,119886,2004
29943,68875,1977
29944,59620,1982
29945,55449,1987
30002,89750,1974
30004,156100,2002
30005,176957,1997
30008,74877,1987
30009,126510,1999
30011,86402,2000
30012,66153,1988
30013,74691,1995
30014,72254,1993
30016,79527,2001
30017,99917,2003
30018,-666666666,1988
30019,116583,2003
30021,52278,1978
30022,153294,1994
30024,143879,2002
30025,95757,1994
30028,138011,2007
30030,126830,1978
30032,62765,1965
30033,111616,1980
30034,63517,1984
30035,66799,1986
30038,73694,1997
30039,93701,1995
30040,137211,2005
30041,152564,2003
30043,94096,1996
30044,77321,1994
30045,104350,2004
30046,67268,1990
30047,88652,1986
30052,93764,2002
30054,76427,1993
30055,84760,1996
30056,68494,1994
30058,61684,1995
30060,67510,1976
30062,132631,1985
30064,122195,1990
30066,116074,1987
30067,83568,1982
30068,150101,1981
30070,59583,1938
30071,64515,1989
30072,78750,1952
30075,157335,1989
30076,118170,1987
30078,98257,1990
30079,82500,2002
30080,91957,1989
30082,120372,1989
30083,55307,1980
30084,81304,1983
30087,96491,1987
30088,70325,1983
30090,-666666666,-666666666
30092,79309,1989
30093,48404,1987
30094,88530,1990
30096,74656,1992
30097,124890,1999
30101,110774,2000
30102,97676,1993
30103,78071,1995
30104,70559,1983
30105,99375,1985
30106,68881,1987
30107,110811,2000
30108,70035,1977
30110,85036,1988
30111,-666666666,-666666666
30113,72417,1987
30114,98902,2004
30115,113089,2003
30116,77030,1990
30117,61842,1986
30118,-666666666,-666666666
30120,86581,1992
30121,78366,1997
30122,69257,1993
30124,65078,1977
30125,58192,1982
30126,101891,1993
30127,110904,1996
30132,109914,2005
30134,76574,1995
30135,94526,1997
30137,78629,1982
30139,69096,1991
30141,86824,2000
30143,82193,1997
30144,88560,1995
30145,80352,1996
30147,61351,1972
30148,90357,1991
30149,-666666666,-666666666
30152,126578,2000
30153,57377,1991
30157,93625,2001
30161,61667,1973
30165,68089,1979
30168,64059,1990
30170,90962,1983
30171,73409,1995
30173,63932,1982
30175,69737,2001
30176,64705,1987
30177,-666666666,1938
30178,68916,1990
30179,76571,1998
30180,88514,2000
30182,60184,1993
30183,94567,1996
30184,110694,1999
30185,72304,1990
30187,101702,1994
30188,106844,2002
30189,114130,1995
30204,62805,1979
30205,105700,1990
30206,88205,1997
30213,94125,2006
30214,89912,1988
30215,118436,1996
30216,73295,1989
30217,55938,1985
30218,68250,1991
30220,72091,1997
30222,64151,1988
30223,59054,1984
30224,70216,1986
30228,82619,2004
30229,25859,1938
30230,65732,1986
30233,74222,1995
30234,56905,1989
30236,66973,1986
30238,62185,1990
30240,61584,1986
30241,49053,1986
30248,83823,2004
30250,-666666666,-666666666
30251,67866,1987
30252,100770,2003
30253,81892,2003
30256,73571,1986
30257,67941,1993
30258,58777,1990
30259,104375,2000
30260,52666,1979
30263,78992,1994
30265,108144,2001
30268,91349,1995
30269,113807,1993
30272,-666666666,-666666666
30273,73502,1995
30274,52209,1985
30275,-666666666,-666666666
30276,107525,2004
30277,120379,1997
30281,71213,1995
30284,-666666666,-666666666
30285,84732,1998
30286,55087,1976
30288,51511,2000
30289,250001,2021
30290,121380,1997
30291,48184,2001
30292,87394,1996
30293,59365,1973
30294,79762,1999
30295,81667,1990
30296,63292,1987
30297,45124,1967
30303,-666666666,1967
30305,106907,1991
30306,123077,1956
30307,140677,1968
30308,85693,2001
30309,114072,2002
30310,53037,1957
30311,50649,1968
30312,82779,2002
30313,84960,2003
30314,42089,1966
30315,50822,1976
30316,102891,1976
30317,107955,1960
30318,83116,2001
30319,130648,1996
30322,-666666666,-666666666
30324,92122,1998
30326,121984,2007
30327,189250,1984
30328,112111,1989
30329,76579,1985
30331,62623,1992
30332,-666666666,-666666666
30334,-666666666,-666666666
30336,53900,2003
30337,51388,1973
30338,135148,1983
30339,103277,2001
30340,62748,1980
30341,86313,1984
30342,124111,1992
30344,68380,1967
30345,112054,1974
30346,95000,2003
30349,67023,1996
30350,88118,1986
30354,63189,1975
30360,97543,1978
30363,123667,2006
30401,53071,1983
30410,68036,1980
30411,30238,1988
30412,72708,1965
30413,68558,1983
30414,-666666666,1958
30415,76895,1998
30417,53958,1985
30420,40563,1978
30421,57338,1993
30423,-666666666,1995
30425,73889,1971
30426,83908,1982
30427,52958,1986
30428,49441,1992
30429,93214,1978
30434,51323,1979
30436,55827,1986
30439,52071,1988
30441,41220,1975
30442,43624,1978
30445,32392,1985
30446,75521,1981
30448,29167,1995
30449,-666666666,1991
30450,60900,1991
30451,49063,2014
30452,61389,1991
30453,42013,1986
30454,53229,1959
30455,39076,1972
30456,53014,1978
30457,43664,1989
30458,52038,1993
30460,-666666666,-666666666
30461,80224,1998
30464,-666666666,1991
30467,46909,1983
30470,76800,1986
30471,42236,1983
30473,49565,1994
30474,55295,1984
30477,46161,1983
30501,64175,1981
30504,75885,1995
30506,97413,1994
30507,71703,1995
30510,52019,1994
30511,88432,1987
30512,66642,1995
30513,56331,1998
30516,77818,1981
30517,118034,2007
30518,96936,2001
30519,102553,2005
30520,56532,1989
30521,54121,1990
30522,73533,1997
30523,80185,1993
30525,65150,1990
30527,103281,1995
30528,70873,1994
30529,62168,1988
30530,55392,1988
30531,53762,1989
30533,74035,1997
30534,95341,2000
30535,58510,1989
30536,80000,1995
30537,50000,1988
30538,51055,1988
30539,26950,1961
30540,72578,2000
30541,66579,1987
30542,99648,2002
30543,67407,1995
30545,86591,1993
30546,59234,1993
30547,94936,2001
30548,111257,2008
30549,96195,2004
30552,66316,1991
30553,52833,1989
30554,91619,1996
30555,49375,1983
30557,64722,1990
30558,62417,1993
30559,57389,1997
30560,66016,2000
30562,48529,1977
30563,84561,1994
30564,76188,1988
30565,75179,1995
30566,66456,1996
30567,97181,2008
30568,75948,1982
30571,62917,1993
30572,65281,1985
30573,-666666666,1978
30575,84750,1992
30576,81417,1991
30577,53818,1983
30581,-666666666,-666666666
30582,59360,1997
30597,-666666666,-666666666
30598,-666666666,-666666666
30601,39219,1986
30602,-666666666,-666666666
30605,50062,1988
30606,63328,1986
30607,65361,1989
30609,-666666666,-666666666
30619,78250,1991
30620,84098,2005
30621,117917,2000
30622,133563,2000
30623,61786,1984
30624,51988,1988
30625,88534,1996
30627,75000,1984
30628,70139,1997
30629,55259,1988
30630,57813,1986
30631,52232,1978
30633,61901,1992
30634,53333,1994
30635,57487,1975
30639,-666666666,-666666666
30641,70491,1997
30642,95527,2000
30643,61596,1986
30646,67308,1991
30648,73464,1986
30650,71599,1993
30655,69148,1994
30656,93428,1999
30660,54234,1982
30662,53487,1982
30663,69417,1995
30664,-666666666,-666666666
30665,-666666666,1976
30666,95000,2003
30667,49063,1980
30668,49107,1978
30669,65852,1974
30673,51748,1976
30677,110250,1994
30678,48529,1992
30680,80956,2001
30683,88198,1990
30701,63921,1987
30705,69036,1993
30707,74360,1987
30708,88600,2000
30710,78819,1991
30711,70462,1992
30720,69369,1984
30721,62094,1988
30724,-666666666,-666666666
30725,49699,1987
30726,-666666666,-666666666
30728,55455,1977
30730,47760,1977
30731,51473,1990
30733,57569,1982
30734,66917,1998
30735,64095,1983
30736,83821,1994
30738,66080,1992
30739,76600,2000
30740,79671,1992
30741,58834,1973
30742,49323,1983
30746,81696,1986
30747,51356,1977
30750,107917,1984
30751,-666666666,1989
30752,59391,1987
30753,51204,1977
30755,74167,1987
30756,-666666666,-666666666
30757,60947,1974
30802,85625,1993
30803,58854,1980
30805,52676,1995
30807,65405,1992
30808,39375,1985
30809,125272,2002
30810,54429,1982
30812,-666666666,-666666666
30813,86923,2008
30814,74129,1991
30815,70202,1991
30816,44559,1988
30817,57089,1985
30818,54784,1993
30820,51146,1986
30821,53545,1977
30822,-666666666,-666666666
30823,61607,1983
30824,60234,1985
30828,36444,1978
30830,53385,1978
30833,44139,1976
30901,25163,1962
30904,46696,1955
30905,74688,1981
30906,45999,1975
30907,81912,1986
30909,71364,1992
30912,-666666666,-666666666
31001,52917,1986
31002,60149,1982
31003,-666666666,1974
31004,-666666666,-666666666
31005,110461,2003
31006,42750,1980
31007,52132,1972
31008,83992,1998
31009,65250,1980
31011,46875,1982
31012,70391,1984
31014,54362,1984
31015,44452,1984
31016,-666666666,1981
31017,59167,1987
31018,48024,1988
31019,47944,1992
31020,69720,1983
31021,55697,1987
31022,63875,1995
31023,52021,1982
31024,65971,1992
31025,133839,1999
31027,53048,1990
31028,76342,2000
31029,76334,1995
31030,59313,1978
31031,54542,1985
31032,82934,1995
31033,68942,1992
31034,-666666666,1959
31035,41563,1986
31036,50482,1986
31037,55794,1982
31038,49826,1974
31039,-666666666,-666666666
31041,27436,1983
31042,36569,1984
31044,35152,1980
31045,-666666666,-666666666
31046,95644,1999
31047,117332,2006
31049,76429,1984
31050,49340,1996
31051,30208,2000
31052,84846,1993
31054,53929,1986
31055,45885,1973
31057,23601,1976
31058,40655,1993
31060,49643,1982
31061,54263,1986
31062,-666666666,-666666666
31063,52381,1975
31064,60217,1992
31065,-666666666,1997
31066,61875,1986
31067,58942,1977
31068,30352,1983
31069,74501,1993
31070,54743,1961
31071,44609,1971
31072,62794,1977
31075,52350,1993
31076,44706,1990
31077,54688,1985
31078,54688,1983
31079,69083,1978
31081,133083,1984
31082,57308,1978
31083,-666666666,1976
31084,-666666666,-666666666
31085,46375,1985
31087,37679,1991
31088,83082,1993
31089,36094,1979
31090,77625,1979
31091,72386,1985
31092,61197,1985
31093,45991,1978
31094,51688,1977
31096,46282,1986
31097,64214,1987
31098,87720,1978
31201,29420,1938
31204,38784,1962
31206,30042,1964
31207,-666666666,-666666666
31210,78447,1991
31211,49202,1976
31213,-666666666,-666666666
31216,72452,1991
31217,44809,1974
31220,88434,1995
31301,65417,1995
31302,68998,1988
31303,75968,1989
31305,43138,1996
31307,105679,2006
31308,73061,1999
31309,100450,1995
31312,101750,2005
31313,60233,1993
31314,-666666666,-666666666
31315,53500,1994
31316,74766,2004
31318,78036,1986
31320,77195,2000
31321,68472,1996
31322,91344,2007
31323,47782,1993
31324,122378,2007
31326,83145,2000
31327,-666666666,-666666666
31328,109631,1984
31329,78483,2001
31331,61336,1999
31333,30962,1988
31401,52509,1938
31404,53303,1960
31405,65710,1978
31406,67120,1979
31407,81124,2010
31408,45839,1976
31409,-666666666,-666666666
31410,97807,1986
31411,137375,1990
31415,37109,1959
31419,69635,1994
31421,-666666666,-666666666
31501,37314,1972
31503,55895,1984
31510,45958,1978
31512,49547,1990
31513,46203,1986
31516,63203,1990
31518,92563,1994
31519,36834,1987
31520,40071,1966
31522,108632,1989
31523,88988,1998
31524,-666666666,-666666666
31525,69493,1991
31527,-666666666,1967
31532,48520,1990
31533,42802,1983
31535,65629,1994
31537,64461,1986
31539,38737,1986
31542,50938,1993
31543,50181,1993
31544,60682,1968
31545,48302,1991
31546,66912,1978
31547,-666666666,-666666666
31548,75804,1997
31549,51402,1991
31550,-666666666,1977
31551,45565,1987
31552,58032,1988
31553,52665,1994
31554,53504,1990
31555,70516,1992
31556,-666666666,1945
31557,47083,1990
31558,74268,1993
31560,42540,1992
31561,250001,1983
31562,35694,1989
31563,62917,1984
31564,-666666666,-666666666
31565,61778,2001
31566,60703,1999
31567,52558,1994
31568,84028,1996
31569,65915,1990
31599,-666666666,-666666666
31601,36111,1984
31602,56939,1988
31605,79156,2000
31606,50303,1992
31620,51597,1987
31622,51522,1987
31623,-666666666,1981
31624,50903,1987
31625,84526,2002
31626,52026,1991
31627,29500,1991
31629,63702,1990
31630,27411,1994
31631,72990,1976
31632,83946,2003
31634,46332,1980
31635,45414,1994
31636,63672,1995
31637,65391,1982
31638,93516,1983
31639,54159,1986
31641,59783,1998
31642,41574,1990
31643,37043,1986
31645,70833,1996
31647,52396,1984
31648,43750,1976
31649,93980,1996
31650,45106,1990
31698,-666666666,-666666666
31699,-666666666,-666666666
31701,35025,1967
31704,-666666666,-666666666
31705,42972,1975
31707,50862,1975
31709,41531,1977
31711,57031,1992
31712,85162,1984
31714,33287,1980
31716,60953,1987
31719,42905,1985
31720,29821,1988
31721,77177,1989
31722,54167,1979
31727,-666666666,-666666666
31730,58500,1978
31733,48903,1979
31735,60000,1979
31738,69950,1987
31743,41667,1973
31744,60000,1973
31747,56364,1984
31749,38487,1995
31750,42249,1981
31753,-666666666,1993
31756,77375,1997
31757,79593,1996
31763,88312,2000
31764,86573,1995
31765,42083,1980
31768,46858,1980
31771,62978,1992
31772,42115,1995
31773,80125,1995
31774,50833,1983
31775,57128,1983
31778,74593,1982
31779,47530,1977
31780,39290,1970
31781,52991,1990
31783,53571,1977
31784,56607,1977
31787,92554,1988
31788,47325,1992
31789,55720,1992
31790,63365,1975
31791,61530,1983
31792,50460,1980
31793,83693,1995
31794,46056,1979
31795,40962,1988
31796,45833,1975
31798,58480,1991
31801,53799,1996
31803,45189,1991
31804,103095,1999
31805,56544,1989
31806,58875,1992
31807,109345,2002
31808,109294,1999
31810,-666666666,1965
31811,90385,1998
31812,47500,1975
31814,-666666666,-666666666
31815,45417,1981
31816,50663,1973
31820,114468,2004
31821,-666666666,1992
31822,66302,1993
31823,71420,1975
31824,31742,1984
31825,28698,1991
31826,85376,1980
31827,34946,1988
31829,109764,1994
31830,61250,1980
31831,98214,2002
31832,65809,1984
31833,61348,1980
31836,46771,1978
31901,51424,1949
31903,32401,1965
31904,66291,1975
31905,75236,2000
31906,44965,1963
31907,54453,1978
31909,69166,1990
32003,116611,2001
32008,59681,1992
32009,72792,1996
32011,76677,1998
32013,-666666666,-666666666
32024,60811,1995
32025,55004,1987
32026,-666666666,-666666666
32033,86185,2003
32034,98583,1997
32038,65753,1997
32040,84095,1999
32043,84145,2000
32044,46338,1991
32046,71563,1991
32052,52103,1988
32053,44519,1993
32054,65870,1995
32055,61111,1984
32058,65641,1992
32059,55909,1995
32060,57510,1991
32061,-666666666,1938
32062,58313,1997
32063,75683,1993
32064,50984,1978
32065,97455,2003
32066,63086,1988
32068,84431,1998
32071,57261,1998
32072,-666666666,2005
32073,76455,1980
32079,41094,1953
32080,92531,1987
32081,131624,2015
32082,124558,1990
32083,55313,1985
32084,73837,1998
32086,76512,1995
32087,67097,1997
32091,62852,1983
32092,131020,2009
32094,64271,1994
32095,136038,2014
32096,49912,1992
32097,93161,2010
32102,57588,1979
32110,57485,1997
32112,39890,1982
32113,63066,1986
32114,41736,1980
32117,56419,1979
32118,61266,1976
32119,56862,1981
32124,92616,2015
32127,71676,1984
32128,95831,2003
32129,67924,1987
32130,60563,1989
32131,69416,1985
32132,52181,1981
32133,161198,1992
32134,45760,1980
32136,78818,1989
32137,83923,2001
32139,58438,1988
32140,35474,1987
32141,63936,1991
32145,75557,2001
32147,-666666666,1993
32148,45420,1985
32157,22111,1981
32159,58518,1995
32162,74119,2006
32163,96775,2015
32164,76399,2004
32168,77083,1992
32169,110968,1985
32174,71011,1989
32176,78410,1973
32177,47796,1981
32179,46512,1985
32180,77394,1985
32181,47101,1987
32182,-666666666,-666666666
32187,51982,1993
32189,42920,1986
32190,92222,1983
32192,-666666666,-666666666
32193,56528,1987
32195,57000,1993
32202,34825,1966
32203,-666666666,-666666666
32204,65063,1956
32205,64789,1952
32206,39242,1947
32207,65234,1964
32208,41324,1960
32209,30514,1964
32210,61050,1972
32211,57021,1967
32212,51422,1986
32214,-666666666,-666666666
32216,61821,1984
32217,73832,1971
32218,69638,2001
32219,72184,1999
32220,81792,1992
32221,82969,1997
32222,85649,2012
32223,95347,1987
32224,88259,1997
32225,90559,1992
32226,110179,2004
32227,85833,1965
32228,-666666666,-666666666
32233,89185,1986
32234,87331,2003
32244,62204,1991
32246,80963,1997
32250,117724,1984
32254,34953,1958
32256,73570,2002
32257,75780,1986
32258,102204,2005
32259,150736,2009
32266,119294,1973
32277,61554,1978
32301,50942,1982
32303,62275,1984
32304,32348,1989
32305,48045,1989
32306,-666666666,-666666666
32307,-666666666,-666666666
32308,77967,1989
32309,113412,1988
32310,38288,1980
32311,81243,2004
32312,123032,1993
32313,-666666666,-666666666
32317,128690,1996
32320,46713,1979
32321,56875,1991
32322,61955,1992
32323,42534,1946
32324,40164,1972
32327,84138,1999
32328,80877,1994
32330,47572,1973
32331,50905,1990
32332,31917,1967
32333,60816,1987
32334,60781,1991
32336,45481,1987
32337,-666666666,-666666666
32340,40972,1986
32343,62955,2004
32344,61199,1987
32346,61700,1983
32347,44183,1983
32348,54182,1986
32350,35625,1999
32351,38967,1976
32352,42500,1980
32355,62321,2003
32356,14221,1995
32358,75179,1989
32359,51125,1992
32360,-666666666,1997
32361,64063,1971
32399,-666666666,-666666666
32401,52523,1964
32403,118594,2009
32404,74708,1993
32405,73373,1987
32407,80831,2002
32408,80822,1989
32409,64516,1999
32410,63606,2004
32413,80039,1999
32420,48446,1988
32421,48719,1992
32423,46591,1981
32424,51398,1983
32425,46667,1981
32426,33802,1980
32427,62625,1988
32428,57493,1990
32430,60197,1992
32431,55293,1986
32432,-666666666,-666666666
32433,52199,1994
32435,65313,1987
32437,46477,1983
32438,50000,1998
32439,83227,2006
32440,59246,1981
32442,45500,1984
32443,47663,1989
32444,83160,1994
32445,61336,1974
32446,55125,1981
32448,43862,1992
32449,25457,1973
32455,50952,1988
32456,64681,2001
32459,107821,2006
32460,51497,1978
32461,145706,2009
32462,50662,1989
32463,64643,1992
32464,57524,1991
32465,54538,1991
32466,60337,1995
32501,44139,1961
32502,67207,1977
32503,71411,1968
32504,72672,1979
32505,44783,1971
32506,62486,1984
32507,73540,1988
32508,71607,1967
32509,-666666666,-666666666
32511,-666666666,-666666666
32512,-666666666,-666666666
32514,66644,1985
32526,75098,1994
32530,-666666666,2021
32531,84992,2000
32533,86087,1992
32534,58992,1988
32535,38618,1983
32536,78119,2001
32539,74369,1999
32541,95124,1995
32542,77900,2013
32544,47865,2016
32547,70711,1985
32548,65342,1980
32550,101250,1997
32561,115799,1979
32563,100396,1998
32564,59875,1995
32565,84432,1987
32566,105551,2002
32567,76500,1991
32568,79279,1990
32569,77718,1985
32570,77222,1991
32571,87617,1999
32577,73998,1992
32578,108972,1989
32579,104510,1982
32580,91645,1974
32583,85440,1999
32601,30352,1975
32603,13408,1977
32605,86714,1978
32606,87953,1992
32607,45987,1988
32608,61588,1993
32609,49406,1979
32610,-666666666,-666666666
32612,-666666666,-666666666
32615,85701,1997
32616,-666666666,-666666666
32617,66667,1987
32618,54585,1991
32619,60795,2001
32621,56630,2000
32622,72639,1987
32625,60298,1985
32626,60433,1989
32628,44567,1981
32631,-666666666,1991
32634,-666666666,-666666666
32639,-666666666,1986
32640,60208,1985
32641,35223,1974
32643,83386,2000
32648,63482,1994
32653,93913,1988
32656,74213,1985
32658,53568,1966
32664,69375,1975
32666,68765,1985
32667,81659,1985
32668,58299,1995
32669,99548,2006
32680,50306,1990
32681,53640,1981
32683,63023,1982
32686,49821,1992
32692,-666666666,1979
32693,67083,1995
32694,43537,1977
32696,61020,1994
32697,28000,1983
32701,62198,1979
32702,50935,1983
32703,72880,1991
32707,69113,1985
32708,93628,1988
32709,73224,1995
32712,108734,1997
32713,88500,1993
32714,70955,1983
32720,68830,1982
32723,-666666666,-666666666
32724,73592,1989
32725,73152,1987
32726,63152,1984
32730,47500,1975
32732,119205,1991
32735,68441,1998
32736,96542,1998
32738,80224,1990
32744,112599,1985
32746,104775,1996
32750,86125,1981
32751,95387,1979
32754,75364,1989
32757,77216,1992
32759,61671,1990
32763,66716,1991
32764,86224,1989
32765,102167,1996
32766,147552,2002
32767,71714,1984
32768,-666666666,-666666666
32771,77868,2001
32773,70442,1991
32775,-666666666,-666666666
32776,100573,2000
32778,63472,1993
32779,121826,1983
32780,67690,1985
32784,72201,1984
32789,106671,1977
32792,69200,1982
32796,67491,1980
32798,63178,1985
32801,80871,2003
32803,107592,1965
32804,113231,1964
32805,40515,1966
32806,89046,1967
32807,59971,1979
32808,49700,1978
32809,57879,1974
32810,60799,1986
32811,54082,1986
32812,73149,1983
32814,140274,2007
32816,-666666666,-666666666
32817,80711,1990
32818,63061,1987
32819,98109,1990
32820,106859,2005
32821,69348,2001
32822,56540,1988
32824,84841,2004
32825,81651,1994
32826,64755,1994
32827,117483,2012
32828,101767,2002
32829,99213,2004
32830,250001,2021
32831,67917,1988
32832,118856,2013
32833,98733,2001
32835,71418,1994
32836,111987,2001
32837,88848,1995
32839,47313,1989
32899,-666666666,-666666666
32901,54651,1984
32903,104906,1982
32904,90673,2001
32905,56411,1984
32907,75311,1992
32908,79596,2003
32909,79977,2002
32920,66955,1985
32922,44469,1966
32925,76250,1990
32926,70735,1986
32927,86075,1989
32931,89457,1976
32934,104369,1993
32935,64588,1980
32937,101184,1975
32940,110495,2003
32948,60945,1995
32949,130651,1997
32950,115781,1995
32951,98420,1987
32952,102726,1975
32953,87262,1982
32955,86457,1995
32958,66840,1992
32959,-666666666,-666666666
32960,54682,1978
32962,66664,1986
32963,149923,1985
32966,66771,1994
32967,78058,2004
32968,94113,2003
32970,43750,1970
32976,46712,1987
33001,-666666666,1986
33004,52574,1978
33009,52079,1975
33010,46553,1966
33012,51450,1971
33013,60658,1960
33014,77338,1976
33015,77339,1988
33016,58479,1988
33018,89639,1997
33019,96497,1974
33020,56473,1964
33021,71318,1972
33022,-666666666,-666666666
33023,74709,1966
33024,80061,1974
33025,68743,1995
33026,89306,1985
33027,76561,1998
33028,119091,1996
33029,146237,1996
33030,46202,1981
33031,109945,1987
33032,73429,2008
33033,69635,2001
33034,47170,1994
33035,68354,2003
33036,86032,1983
33037,86533,1983
33039,-666666666,-666666666
33040,86586,1974
33042,103041,1990
33043,110491,1986
33050,94898,1983
33051,94231,1985
33054,45710,1961
33055,62286,1974
33056,68583,1972
33060,64819,1972
33062,83582,1973
33063,62918,1980
33064,71301,1972
33065,74226,1981
33066,57051,1982
33067,131216,1993
33068,64051,1978
33069,59683,1981
33070,75436,1981
33071,106149,1987
33073,97412,1998
33076,176641,2003
33101,-666666666,-666666666
33109,250001,1987
33122,99583,2014
33125,44979,1969
33126,58210,1977
33127,41230,1960
33128,42722,1979
33129,113367,1978
33130,61009,2004
33131,144138,2005
33132,109109,2008
33133,103420,1977
33134,99766,1962
33135,40567,1960
33136,44843,1986
33137,94036,2008
33138,75051,1970
33139,69793,1970
33140,107063,1968
33141,68738,1972
33142,39608,1966
33143,83008,1975
33144,60907,1962
33145,73995,1956
33146,131500,1981
33147,50704,1963
33149,181505,1977
33150,40873,1960
33154,89563,1975
33155,81158,1959
33156,137076,1973
33157,81589,1975
33158,201597,1970
33160,67040,1980
33161,58325,1965
33162,60692,1962
33165,85200,1965
33166,81581,1972
33167,62846,1960
33168,65777,1956
33169,62562,1972
33170,73958,1991
33172,63023,1983
33173,88271,1976
33174,59185,1978
33175,77841,1982
33176,86354,1977
33177,82682,1992
33178,96653,2006
33179,65211,1977
33180,91055,1990
33181,63275,1973
33182,99385,1995
33183,70218,1981
33184,79784,1984
33185,114206,2001
33186,93462,1986
33187,115206,1996
33189,69420,1983
33190,82533,2004
33193,77839,1990
33194,126250,2004
33196,94961,1995
33301,124812,2006
33304,84920,1976
33305,92485,1974
33306,95542,1967
33308,93879,1972
33309,77321,1976
33311,53973,1969
33312,75952,1968
33313,46305,1974
33314,66100,1988
33315,88309,1973
33316,96641,1976
33317,93603,1971
33319,58388,1977
33321,62066,1984
33322,71755,1979
33323,113481,1995
33324,85000,1987
33325,100553,1990
33326,117373,1990
33327,159388,1999
33328,126380,1987
33330,145212,1988
33331,142636,1993
33332,172730,1999
33334,75361,1968
33351,77363,1985
33388,-666666666,-666666666
33401,67967,1992
33403,70646,1980
33404,65063,1977
33405,87341,1956
33406,77075,1979
33407,59993,1978
33408,92216,1976
33409,67073,1988
33410,94530,1990
33411,92591,1995
33412,130225,2001
33413,91131,1998
33414,112241,1994
33415,61274,1984
33417,51605,1980
33418,125497,1995
33426,74223,1986
33428,88543,1987
33430,46523,1981
33431,107896,1981
33432,107045,1980
33433,84091,1985
33434,77269,1983
33435,67979,1976
33436,75789,1988
33437,80710,1996
33438,-666666666,1957
33440,56341,1987
33441,58594,1973
33442,53254,1979
33444,72925,1983
33445,78163,1983
33446,80187,1992
33449,153586,2003
33455,70389,1986
33458,109729,1994
33460,62090,1968
33461,61963,1977
33462,73997,1981
33463,73865,1988
33467,95739,1991
33469,106265,1979
33470,122163,2000
33471,39150,1989
33472,101959,1997
33473,145691,2014
33476,36652,1972
33477,104992,1986
33478,139091,1993
33480,150633,1972
33483,116115,1980
33484,62151,1984
33486,105540,1977
33487,96066,1984
33493,53083,1974
33496,114885,1991
33498,146765,1991
33503,138553,1966
33510,74245,1986
33511,81301,1991
33513,67597,1987
33514,80286,1992
33521,62188,1968
33523,64826,1984
33525,69068,1991
33527,80464,1994
33530,-666666666,-666666666
33534,80484,2004
33538,48921,1985
33540,56387,1994
33541,56579,1992
33542,49316,1982
33543,107349,2006
33544,104573,2004
33545,118889,2010
33547,123258,2007
33548,129857,1994
33549,89343,1990
33550,-666666666,-666666666
33556,149722,2005
33558,116090,2000
33559,80185,1995
33563,60131,1981
33565,73414,1988
33566,72393,1993
33567,85643,1997
33569,105275,2002
33570,72172,2005
33572,122130,2007
33573,72834,1996
33574,-666666666,-666666666
33576,76388,2007
33578,85921,2006
33579,116134,2012
33584,72267,1985
33585,83125,1997
33592,68802,1989
33594,96628,1995
33596,116465,1993
33597,62898,1989
33598,97520,2014
33602,97320,2007
33603,74081,1956
33604,58766,1963
33605,36975,1966
33606,120729,1991
33607,69694,1986
33609,115844,1984
33610,54209,1982
33611,90910,1986
33612,47199,1974
33613,44032,1985
33614,50232,1980
33615,69274,1982
33616,93210,2002
33617,50948,1979
33618,84788,1983
33619,66134,1995
33620,-666666666,-666666666
33621,107188,2002
33624,87760,1986
33625,93133,1993
33626,127118,2002
33629,164355,1973
33634,74291,1979
33635,86894,1996
33637,63323,1988
33647,109285,2003
33701,73542,1975
33702,67463,1974
33703,95224,1969
33704,107889,1955
33705,73027,1966
33706,104359,1971
33707,69951,1970
33708,82500,1975
33709,53501,1971
33710,78611,1960
33711,66540,1971
33712,60450,1970
33713,74707,1958
33714,47487,1968
33715,102782,1985
33716,75226,1991
33744,-666666666,-666666666
33755,62886,1967
33756,61872,1972
33759,67492,1983
33760,69596,1984
33761,74728,1982
33762,87461,1985
33763,54794,1978
33764,67256,1975
33765,69199,1976
33767,117425,1981
33770,59815,1973
33771,59993,1979
33772,73586,1973
33773,76867,1981
33774,79139,1976
33776,105337,1978
33777,86375,1977
33778,65355,1978
33781,57785,1976
33782,66461,1978
33785,101356,1981
33786,163125,1977
33801,53061,1976
33803,65807,1973
33805,62661,1987
33809,70066,1989
33810,69986,1997
33811,90263,1998
33812,103052,2000
33813,99497,1989
33815,37487,1977
33823,71485,1989
33825,46949,1985
33827,54556,1978
33830,63918,1984
33834,60817,1985
33835,-666666666,2006
33837,81276,2009
33838,50766,1995
33839,70000,1992
33840,-666666666,-666666666
33841,39384,1978
33843,50503,1987
33844,63650,1994
33847,67955,1957
33848,74750,1980
33849,-666666666,2002
33850,61622,1987
33851,62284,1974
33852,54284,1987
33853,44474,1976
33854,29250,1975
33855,-666666666,-666666666
33856,37622,1965
33857,80313,1983
33858,27061,1996
33859,57760,1999
33860,65710,1990
33865,67818,1992
33867,-666666666,1994
33868,74289,1997
33870,49942,1981
33872,69578,1994
33873,54444,1985
33875,77482,1991
33876,55564,1989
33877,-666666666,1947
33880,56390,1981
33881,57024,1985
33884,70443,1995
33890,86831,1991
33896,74668,2009
33897,70982,2004
33898,57224,1987
33901,51816,1979
33903,56993,1984
33904,71190,1982
33905,71987,1990
33907,52478,1985
33908,75396,1997
33909,73053,2004
33912,103194,1999
33913,110373,2008
33914,83503,1999
33916,52586,1997
33917,55000,1986
33919,80451,1986
33920,98571,2007
33921,-666666666,1992
33922,71164,1989
33924,-666666666,1986
33928,102624,2004
33930,140335,1996
33931,79018,1984
33935,57009,1993
33936,51417,1979
33944,38692,1987
33946,85848,1998
33947,80091,2001
33948,62744,1987
33950,76369,1996
33952,61382,1977
33953,83070,2003
33954,78288,1997
33955,76943,1998
33956,69534,1986
33957,108644,1983
33960,39417,1997
33965,26354,2013
33966,84965,2005
33967,90519,1994
33971,77723,2005
33972,73819,2003
33973,60530,2004
33974,72192,2005
33976,72679,2005
33980,63591,1992
33981,84098,2001
33982,72443,2000
33983,71856,1996
33990,70665,1993
33991,84470,2005
33993,90577,2006
34101,-666666666,-666666666
34102,130929,1979
34103,116875,1981
34104,71686,1995
34105,92214,1996
34108,119212,1990
34109,92259,1998
34110,97564,1999
34112,69842,1989
34113,81674,2002
34114,89334,2006
34116,73958,1988
34117,110614,2000
34119,113391,2005
34120,93861,2007
34134,130719,1995
34135,91380,2002
34137,-666666666,-666666666
34138,98495,1991
34139,85000,1998
34140,-666666666,1982
34141,106591,1975
34142,62333,2001
34145,101523,1987
34201,124863,2002
34202,121659,2007
34203,70761,1992
34205,52525,1972
34207,45010,1973
34208,60504,1988
34209,81728,1984
34210,64244,1983
34211,119911,2016
34212,125486,2009
34215,77857,1985
34216,103561,1974
34217,80972,1975
34219,113773,2010
34221,77712,1995
34222,64355,1989
34223,76016,1983
34224,57281,1987
34228,158030,1980
34229,103657,1997
34231,69925,1977
34232,80795,1981
34233,75394,1988
34234,57288,1977
34235,78958,1985
34236,95881,1989
34237,66762,1975
34238,97926,1998
34239,80923,1964
34240,130148,2003
34241,116412,1993
34242,115967,1976
34243,81219,1994
34250,188319,1995
34251,92005,2002
34266,50972,1988
34267,-666666666,-666666666
34268,29512,1987
34269,58636,1999
34275,89369,1992
34285,68301,1977
34286,80553,2004
34287,63464,1989
34288,84211,2006
34289,83411,2006
34291,93425,2004
34292,80101,2002
34293,90038,1997
34420,60680,1987
34428,50779,1988
34429,55395,1988
34431,56534,1987
34432,50446,1998
34433,58946,1999
34434,68939,1994
34436,55802,1984
34442,57259,1996
34445,-666666666,2003
34446,58802,1994
34448,45916,1988
34449,43656,1989
34450,48763,1984
34452,58608,1985
34453,57568,1993
34461,63418,1994
34465,54869,1989
34470,52083,1980
34471,65789,1981
34472,64208,1995
34473,72366,2003
34474,65291,1996
34475,30174,1982
34476,65860,1999
34479,54283,1983
34480,77557,1991
34481,57324,2000
34482,65901,1998
34484,92582,2002
34487,-666666666,-666666666
34488,43438,1986
34491,66679,2000
34498,60865,1974
34601,60440,1982
34602,77215,1993
34604,84833,2003
34606,57337,1987
34607,66422,1988
34608,64345,1989
34609,79442,2000
34610,77396,1996
34613,58596,1990
34614,83800,2005
34637,115214,2009
34638,123899,2008
34639,101486,2002
34652,56931,1976
34653,49563,1983
34654,73947,1990
34655,85470,2000
34661,-666666666,1982
34667,51280,1985
34668,47401,1980
34669,58638,1994
34677,93474,1988
34679,-666666666,1982
34681,-666666666,1988
34683,92885,1985
34684,72145,1985
34685,94688,1992
34688,112091,1991
34689,74854,1984
34690,49401,1976
34691,50288,1978
34695,95238,1984
34698,74078,1976
34705,74063,1992
34711,90245,2004
34714,75392,2003
34715,105262,2007
34729,-666666666,-666666666
34731,66300,1984
34734,78309,1991
34736,90545,2008
34737,66563,2002
34739,101319,1986
34741,52409,1992
34743,62992,1991
34744,74537,2001
34746,70998,2004
34747,77755,2004
34748,58192,1992
34753,83868,2004
34756,108500,1998
34758,66339,2003
34759,69373,2006
34760,93804,2000
34761,96415,1999
34762,-666666666,2021
34769,67148,1986
34771,97415,2010
34772,97868,2007
34773,80524,2009
34785,66136,2004
34786,134214,2006
34787,120365,2011
34788,54147,1986
34797,130227,1992
34945,87568,1992
34946,40315,1978
34947,51811,1981
34949,94949,1991
34950,30400,1974
34951,63122,1991
34952,61628,1989
34953,85667,2004
34956,64526,1985
34957,70403,1986
34972,61040,1989
34974,53013,1988
34981,71136,1999
34982,54082,1982
34983,75489,1993
34984,80725,1998
34986,80047,2004
34987,90201,2016
34990,129560,1993
34994,62533,1982
34996,83929,1979
34997,78136,1987
35004,87652,2003
35005,59125,1972
35006,68982,1977
35007,88505,1992
35010,51338,1984
35013,122917,1992
35014,70688,1989
35016,63685,1984
35019,62083,1989
35020,35362,1958
35022,81846,1998
35023,69863,1974
35031,54345,1985
35032,30156,1946
35033,51139,1992
35034,36002,1983
35035,65695,1993
35036,-666666666,1962
35040,84554,2005
35042,46509,1986
35043,121356,2008
35044,56425,1981
35045,65907,1982
35046,79286,1985
35049,65644,1985
35051,80061,1991
35052,-666666666,-666666666
35053,56167,1993
35054,77929,1995
35055,58405,1976
35057,83781,1992
35058,62146,1988
35060,-666666666,1938
35061,69432,1959
35062,73393,1984
35063,61138,1989
35064,48692,1963
35068,73750,1994
35070,66786,1971
35071,82074,1986
35072,51028,1980
35073,54886,1959
35074,-666666666,-666666666
35077,48276,1991
35078,75056,1992
35079,82938,1996
35080,118344,2000
35082,-666666666,-666666666
35083,55335,1987
35085,70862,1985
35087,67043,1991
35089,56213,1990
35091,100375,2003
35094,74625,1984
35096,66913,1994
35097,58056,1995
35098,80517,1991
35111,86463,2000
35112,76010,1994
35114,98355,2004
35115,57372,1992
35116,88274,1994
35117,92730,1986
35118,64375,1976
35119,-666666666,-666666666
35120,74352,2003
35121,60177,1984
35124,99726,1997
35125,59891,1988
35126,83732,1988
35127,70317,1983
35128,83990,1993
35130,40690,1978
35131,43738,1987
35133,50313,1984
35135,68681,1991
35136,50114,1987
35143,72500,1988
35146,86614,2001
35147,91739,2003
35148,56574,1977
35149,-666666666,-666666666
35150,45768,1977
35151,68239,1989
35160,52838,1978
35171,71875,1991
35172,39844,1991
35173,117105,1998
35175,74600,1986
35176,49348,1995
35178,55299,1992
35179,72956,1991
35180,74832,1991
35181,-666666666,-666666666
35183,69167,1973
35184,54756,1992
35185,-666666666,-666666666
35186,102615,1998
35188,73438,1996
35203,47434,1938
35204,35420,1951
35205,51158,1961
35206,42549,1958
35207,31486,1960
35208,38561,1954
35209,71439,1974
35210,73061,1976
35211,34884,1966
35212,36633,1960
35213,159824,1964
35214,56383,1972
35215,52793,1975
35216,74525,1977
35217,40486,1961
35218,30739,1951
35221,33472,1956
35222,84066,1958
35223,168278,1967
35224,42639,1957
35226,124516,1984
35228,50815,1960
35229,-666666666,-666666666
35233,60336,2012
35234,26831,1956
35235,63295,1981
35242,117047,1998
35243,99645,1991
35244,113450,1996
35249,-666666666,-666666666
35254,-666666666,-666666666
35401,29152,1979
35404,48932,1985
35405,62301,1993
35406,119250,1997
35441,49375,1981
35442,44503,1975
35443,21389,1981
35444,69207,1997
35446,39313,1998
35447,40000,1983
35452,70962,1992
35453,68533,1995
35456,56574,1992
35457,-666666666,-666666666
35458,64688,2001
35459,36850,1983
35460,31250,1988
35461,47375,1978
35462,31528,1980
35463,59464,1990
35464,15625,1979
35466,53083,1988
35469,-666666666,1979
35470,29475,1980
35473,69657,1991
35474,87933,1999
35475,108559,2002
35476,61154,1973
35477,-666666666,1979
35480,88200,2001
35481,45207,1977
35487,-666666666,-666666666
35490,87813,2004
35491,-666666666,-666666666
35501,54726,1974
35503,63508,1986
35504,66835,1992
35540,65192,1991
35541,57143,1993
35542,44674,1986
35543,29196,1980
35544,56131,1993
35545,63750,1968
35546,69531,1990
35548,43958,1975
35549,47818,1983
35550,42216,1980
35552,95759,1973
35553,63207,1990
35554,49250,1975
35555,47020,1977
35559,26023,1991
35563,52576,1975
35564,44096,1994
35565,45598,1978
35570,63639,1978
35571,35750,1970
35572,70911,1995
35573,-666666666,-666666666
35574,41818,1973
35575,45938,1985
35576,72292,1975
35577,-666666666,1955
35578,55754,1980
35579,46968,1983
35580,52135,1979
35581,43555,1987
35582,48235,1973
35584,26750,1974
35585,92679,1984
35586,38286,1981
35587,54773,1988
35592,45526,1978
35593,54559,1985
35594,44732,1980
35601,51429,1968
35603,81490,1992
35610,98188,1986
35611,57377,1985
35613,100845,2002
35614,56967,1991
35615,-666666666,-666666666
35616,48720,1971
35618,50750,1983
35619,65863,1995
35620,78247,1993
35621,78633,1997
35622,66506,1985
35630,46304,1971
35632,-666666666,-666666666
35633,76637,1985
35634,71452,1986
35640,76620,1985
35643,59076,1993
35645,87958,1989
35646,71217,1985
35647,90139,1990
35648,79500,1988
35649,144000,1938
35650,67416,1987
35651,79310,1993
35652,66798,1989
35653,52600,1981
35654,60674,1987
35660,40065,1962
35661,74310,1990
35670,51864,1988
35671,86163,1989
35672,61925,1986
35673,80842,1993
35674,64706,1985
35677,51964,1987
35739,70354,1996
35740,46148,1976
35741,124650,1995
35744,54868,1991
35745,33945,1973
35746,50357,1993
35747,76420,1995
35748,103563,1993
35749,103901,2004
35750,68389,1992
35751,49813,1993
35752,58977,1989
35754,96071,1987
35755,41964,1995
35756,129852,2013
35757,106175,2007
35758,117380,1999
35759,102880,2009
35760,71622,1989
35761,79440,1997
35763,123497,2006
35764,43603,1991
35765,64009,1991
35766,-666666666,1964
35768,52959,1978
35769,55687,1987
35771,51875,1987
35772,39313,1982
35773,74511,1998
35774,96250,2001
35775,51409,1983
35776,54458,1987
35801,105585,1965
35802,76324,1980
35803,100846,1987
35805,35385,1969
35806,86768,2006
35808,142273,1993
35810,51233,1969
35811,90812,1991
35816,40242,1977
35824,103619,2006
35896,-666666666,-666666666
35901,48876,1968
35903,53122,1972
35904,43771,1961
35905,67042,1979
35906,56420,1989
35907,76390,1987
35950,57329,1983
35951,54229,1987
35952,48361,1986
35953,73750,1993
35954,59479,1974
35956,61290,1982
35957,51406,1984
35958,50885,1993
35959,52356,1989
35960,52619,1982
35961,46224,1981
35962,60392,1986
35963,59926,1983
35966,43883,1987
35967,47051,1980
35968,43539,1979
35971,58528,1981
35972,42457,1977
35973,44608,1989
35974,52054,1978
35975,48225,1983
35976,72643,1987
35978,55509,1982
35979,51833,1988
35980,57277,1991
35981,45556,1990
35983,63793,1990
35984,44135,1985
35986,68056,1992
35987,78906,1990
35988,53684,1985
35989,43580,1987
35990,-666666666,1982
36003,42554,1979
36005,47250,1984
36006,-666666666,2005
36008,-666666666,-666666666
36009,38995,1975
36010,41503,1979
36013,174659,2002
36016,41131,1981
36017,41167,1979
36020,61161,1987
36022,89459,2000
36024,57595,1993
36025,54414,1990
36026,87300,1994
36027,47825,1983
36028,48750,1984
36029,49594,1998
36030,51667,1984
36031,50476,1981
36032,35256,1993
36033,37975,1977
36034,56094,1995
36035,53125,1985
36036,47557,1989
36037,45677,1979
36038,53250,1978
36039,38375,1992
36040,37872,1987
36041,60903,1986
36042,61120,1989
36043,73571,1989
36046,41974,1993
36047,50441,1994
36048,44158,1988
36049,51126,1981
36051,66726,1985
36052,147656,2000
36053,49357,1984
36054,68438,1995
36057,-666666666,-666666666
36064,119853,2008
36066,86278,1999
36067,65593,1991
36069,53750,1995
36071,86324,1987
36075,53505,1984
36078,69289,1982
36079,59405,1995
36080,70703,1990
36081,44375,1985
36082,-666666666,-666666666
36083,46024,1981
36088,35125,1972
36089,24109,1985
36091,61214,1994
36092,78094,1994
36093,120693,2001
36101,-666666666,-666666666
36104,33823,1955
36105,41486,1958
36106,69087,1977
36107,32492,1952
36108,33291,1971
36109,59193,1971
36110,47315,1967
36111,61259,1968
36112,-666666666,1968
36113,127558,1938
36114,-666666666,-666666666
36115,63672,1979
36116,55160,1982
36117,74720,1994
36130,-666666666,-666666666
36201,37614,1962
36203,69485,1985
36205,24734,1979
36206,51116,1976
36207,67969,1977
36250,83406,1989
36251,50466,1984
36255,84792,1986
36256,64167,1980
36258,58993,1985
36260,73007,1985
36262,68611,1995
36263,36824,1979
36264,49814,1985
36265,55294,1990
36266,48924,1990
36267,-666666666,-666666666
36268,55625,1991
36269,44618,1991
36271,68250,1990
36272,51635,1978
36273,90278,1992
36274,50621,1981
36276,52471,1974
36277,62610,1977
36278,58214,1996
36279,53024,1993
36280,72813,1985
36301,50125,1981
36303,54147,1978
36305,84302,1998
36310,34744,1981
36311,51563,1991
36312,56994,1986
36313,-666666666,1996
36314,62047,1992
36316,77016,1989
36317,97688,1994
36318,49826,1971
36319,62159,1982
36320,50000,1983
36321,64267,1995
36322,47276,1983
36323,45819,1979
36330,75765,1990
36340,50111,1973
36343,47188,1986
36344,60377,1976
36345,71453,1985
36346,56458,1982
36350,55366,1991
36351,69583,1984
36352,71997,1992
36353,66318,1979
36360,51181,1979
36362,74541,1988
36370,51765,1990
36371,50625,1978
36373,55800,1980
36374,-666666666,1992
36375,57656,1988
36376,49700,1984
36401,40792,1982
36420,49347,1975
36421,65801,1987
36425,37750,1983
36426,51417,1983
36432,40962,1982
36435,63355,1972
36436,-666666666,1995
36439,-666666666,1985
36441,50349,1984
36442,62847,1979
36444,60144,1999
36445,39421,1986
36446,58571,1967
36451,54417,1978
36453,54485,1977
36454,-666666666,-666666666
36455,32125,1963
36456,66150,1981
36460,41008,1982
36467,41708,1975
36470,-666666666,-666666666
36471,40921,1977
36473,81563,1996
36474,44141,1980
36475,45039,1983
36476,-666666666,1977
36477,50517,1979
36480,49342,1986
36481,33125,1970
36482,69671,1986
36483,53571,1981
36502,44360,1984
36503,-666666666,-666666666
36505,97344,1989
36507,50120,1985
36509,33488,1976
36511,87607,1996
36512,-666666666,-666666666
36513,-666666666,1985
36518,87768,1987
36521,76688,1991
36522,52984,1986
36523,61607,1985
36524,45962,1975
36525,66719,1982
36526,88750,1997
36527,120189,2004
36528,67206,1993
36529,76339,1984
36530,63393,1995
36532,89694,1999
36535,66714,2002
36538,37181,1980
36539,55625,1974
36540,29609,1981
36541,66236,1991
36542,79639,2000
36543,-666666666,-666666666
36544,54169,1989
36545,46553,1982
36547,-666666666,-666666666
36548,78676,1977
36549,63019,1994
36550,-666666666,1992
36551,76354,2000
36553,51897,1990
36555,86705,1982
36556,-666666666,1978
36558,63967,1985
36559,-666666666,-666666666
36560,43426,1980
36561,98295,2000
36562,38094,1996
36564,-666666666,-666666666
36567,66432,1997
36568,-666666666,-666666666
36569,55774,1980
36571,62047,1981
36572,99773,1983
36574,50915,1996
36575,75884,1996
36576,81048,1996
36578,53490,1995
36579,74375,1986
36580,62802,1999
36581,-666666666,1973
36582,64763,1989
36583,48438,1986
36584,30639,1986
36585,106607,1993
36587,72657,1992
36602,41420,1974
36603,26879,1963
36604,66357,1947
36605,43538,1965
36606,51303,1963
36607,42772,1956
36608,61146,1979
36609,49830,1981
36610,30529,1959
36611,46559,1963
36612,38056,1967
36613,52080,1982
36615,-666666666,-666666666
36617,40900,1964
36618,61550,1978
36619,64755,1979
36652,-666666666,-666666666
36663,-666666666,-666666666
36688,-666666666,2004
36693,68933,1978
36695,76040,1997
36701,39815,1976
36703,32227,1977
36720,17917,1994
36722,95313,1994
36723,51667,1989
36726,46030,1981
36727,31548,1993
36728,17679,1994
36732,42216,1977
36736,55759,1989
36738,34583,1988
36740,44737,1984
36741,-666666666,-666666666
36742,31231,1992
36744,30518,1980
36748,42826,1978
36749,39167,1981
36750,49345,1982
36751,47011,1995
36752,44153,1993
36753,-666666666,-666666666
36754,39583,1989
36756,38527,1988
36758,-666666666,1979
36759,30441,1990
36761,26743,1978
36763,89000,1968
36764,-666666666,-666666666
36765,51875,1989
36766,-666666666,1995
36767,41429,1991
36768,35735,1982
36769,36884,1990
36773,40208,1998
36775,-666666666,1969
36776,16765,1988
36782,51429,1983
36783,47917,1979
36784,48434,1981
36785,29619,1982
36786,33375,1980
36790,-666666666,1994
36792,43295,1982
36793,50208,1993
36801,62414,1988
36804,61880,1997
36830,70188,1998
36832,42717,2002
36849,-666666666,-666666666
36850,42000,1980
36851,-666666666,-666666666
36852,71071,1992
36853,73594,1994
36854,55973,1988
36855,46765,1989
36856,75381,2011
36858,-666666666,1975
36860,43451,1986
36861,65577,1991
36862,37719,1980
36863,51130,1975
36865,-666666666,2012
36866,49028,1982
36867,48026,1979
36869,50061,1986
36870,72500,1997
36871,51490,1977
36874,66986,1998
36875,55896,1990
36877,78103,1996
36879,93029,1998
36901,52585,1975
36904,44250,1976
36907,45444,1982
36908,68125,1986
36910,-666666666,-666666666
36912,39926,1983
36913,-666666666,-666666666
36915,37105,1988
36916,29483,1987
36919,59091,1990
36921,40481,1992
36922,-666666666,1999
36925,29342,1973
37010,118179,2000
37012,49265,1986
37013,72755,1996
37014,105125,1998
37015,79092,1992
37016,64821,1971
37018,63091,1996
37019,47083,1980
37020,86034,2000
37022,79375,1996
37023,75391,1996
37025,77846,1993
37026,43005,1995
37027,154578,1996
37028,77656,1975
37029,97222,1995
37030,61800,1978
37031,98114,2001
37032,88157,1992
37033,68284,1982
37034,88275,1999
37035,94068,1995
37036,73102,1985
37037,102645,2004
37040,67745,2001
37042,70393,1998
37043,95219,1998
37046,178228,2011
37047,64688,1985
37048,100446,1993
37049,90048,1997
37050,56927,1988
37051,69545,1997
37052,69423,1991
37055,69821,1986
37057,78940,1975
37058,58871,1988
37059,49510,1982
37060,97386,1997
37061,59670,1984
37062,91750,1995
37064,127771,1998
37066,81614,2002
37067,111759,2004
37069,157939,1993
37072,78123,1988
37073,89065,1995
37074,71914,1991
37075,101850,1989
37076,74663,1991
37078,54219,1973
37079,86804,1993
37080,87963,1987
37082,98361,1992
37083,61843,1990
37085,119405,2001
37086,78857,2001
37087,82143,1997
37090,84299,2006
37091,62184,1985
37095,64792,1980
37096,63782,1986
37097,50658,1989
37098,63371,1990
37101,78043,1985
37110,52932,1978
37115,54566,1977
37118,74592,1978
37122,112967,2003
37127,91401,2001
37128,93665,2008
37129,91259,1999
37130,62706,1991
37132,-666666666,-666666666
37134,78884,1976
37135,148819,2012
37137,55893,1994
37138,85149,1983
37140,62232,1991
37141,76250,1977
37142,59083,1993
37143,96929,1990
37144,64620,1992
37145,69150,1990
37146,110938,2001
37148,81633,1996
37149,78345,1992
37150,33047,1980
37151,102168,1997
37153,99143,2001
37160,64800,1988
37165,36000,1994
37166,52797,1988
37167,84351,1998
37171,118045,1990
37172,72168,1990
37174,105181,2010
37175,53125,1982
37178,72692,1978
37179,136188,2006
37180,96500,2000
37181,78625,1983
37183,81126,1988
37184,83125,1995
37185,51314,1977
37186,59545,1989
37187,76228,1988
37188,90856,2001
37189,87047,1984
37190,64792,1987
37191,91455,1991
37201,114229,2002
37203,71281,2013
37204,109580,1993
37205,139152,1971
37206,96169,1969
37207,61744,1978
37208,65556,2003
37209,81423,1997
37210,50284,1976
37211,71399,1980
37212,95145,1969
37213,-666666666,-666666666
37214,72012,1983
37215,155863,1980
37216,86701,1960
37217,62796,1978
37218,61919,1977
37219,105476,2006
37220,180417,1962
37221,97751,1991
37228,60378,2014
37232,-666666666,-666666666
37238,-666666666,-666666666
37301,35417,1993
37302,128885,2000
37303,62078,1978
37305,61167,1981
37306,39375,1993
37307,73854,1991
37308,80394,1999
37309,63699,1990
37310,81645,1993
37311,47153,1979
37312,78261,1990
37313,43218,1990
37315,-666666666,-666666666
37316,-666666666,-666666666
37317,72371,1979
37318,52125,1970
37321,54684,1988
37322,57929,1992
37323,68768,1988
37324,50417,1983
37325,66204,1991
37326,-666666666,1968
37327,60584,1991
37328,64550,1981
37329,71375,1983
37330,70952,1990
37331,55662,1973
37332,59479,1991
37333,26786,1991
37334,62525,1980
37335,66316,1992
37336,66739,1995
37337,48359,1980
37338,49592,1997
37339,49063,1980
37340,12791,1990
37341,92120,1987
37342,68487,1989
37343,82227,1983
37345,58750,1977
37347,62831,1985
37348,39542,1991
37350,201000,1952
37351,50250,1938
37352,68438,1989
37353,74252,1986
37354,54550,1990
37355,63357,1989
37356,59026,1994
37357,59268,1991
37359,77941,1995
37360,87782,1983
37361,84545,1990
37362,52019,1984
37363,97399,2003
37365,54907,1980
37366,58616,1977
37367,55154,1991
37369,59408,1977
37370,61125,1997
37373,54974,1992
37374,67826,1994
37375,71204,1983
37376,-666666666,1971
37377,119636,1983
37379,88875,1993
37380,59304,1980
37381,56869,1991
37383,-666666666,-666666666
37385,60472,1991
37387,46944,1986
37388,59537,1980
37391,39464,1996
37394,48523,1971
37396,26023,1976
37397,54750,1984
37398,63730,1987
37402,24214,1976
37403,81136,1976
37404,56637,1947
37405,81337,1981
37406,44850,1970
37407,35845,1955
37408,81250,2011
37409,74754,1941
37410,28708,1975
37411,56579,1957
37412,62508,1964
37415,70972,1972
37416,70705,1975
37419,74787,1982
37421,82517,1989
37450,-666666666,-666666666
37601,50686,1981
37604,52345,1980
37614,-666666666,-666666666
37615,77525,1995
37616,67662,1989
37617,64764,1983
37618,63851,1982
37620,56128,1973
37640,55402,1991
37641,66570,1987
37642,59484,1988
37643,51831,1972
37645,68866,1978
37650,50654,1974
37656,63617,1979
37657,73108,1987
37658,37995,1976
37659,71110,1989
37660,49191,1978
37663,76007,1977
37664,63653,1974
37665,50991,1956
37680,48324,1975
37681,65857,1985
37682,-666666666,-666666666
37683,55979,1982
37686,84264,1997
37687,49914,1982
37688,53333,1972
37690,74286,1996
37691,13976,1959
37692,53531,1983
37694,81250,1991
37701,66132,1973
37705,79262,1989
37708,42152,1990
37709,75799,1994
37710,28362,1983
37711,42406,1987
37713,54000,1986
37714,56172,1988
37715,26413,1977
37716,64915,1984
37719,-666666666,1987
37721,64892,1993
37722,55000,1993
37723,60526,1983
37724,31941,1990
37725,68385,1995
37726,66875,1996
37727,47652,1990
37729,42772,1982
37730,44688,1994
37731,53105,1994
37732,-666666666,-666666666
37733,-666666666,-666666666
37737,81706,1995
37738,57330,1989
37742,88983,1993
37743,54566,1981
37745,57159,1980
37748,64883,1976
37752,60028,1983
37753,49375,1993
37754,75774,1991
37755,46238,1990
37756,35025,1986
37757,63346,1989
37760,66190,1985
37762,42392,1980
37763,81000,1987
37764,70989,1995
37765,23289,1970
37766,50063,1981
37769,61250,1977
37770,47835,1992
37771,66938,1983
37772,100711,1997
37774,87718,1995
37777,75648,1986
37779,51357,1993
37801,73508,1996
37803,83446,1988
37804,79025,1980
37806,59605,1982
37807,62673,1990
37809,50192,1986
37810,32917,1980
37811,52047,1992
37813,48011,1975
37814,55650,1980
37818,49618,1988
37819,-666666666,1974
37820,66616,1990
37821,44161,1983
37825,49625,1992
37826,63431,1995
37828,78750,1968
37829,90691,1989
37830,72269,1965
37840,75881,1979
37841,50998,1986
37843,58021,1992
37845,15486,1947
37846,71786,1991
37847,35066,1991
37848,-666666666,1956
37849,84275,1993
37851,-666666666,-666666666
37852,36639,1993
37853,69075,1982
37854,55856,1973
37857,54536,1984
37860,73875,1997
37861,52265,1993
37862,59792,1995
37863,53191,1994
37865,88231,1993
37866,77091,2003
37869,39331,1983
37870,55516,1988
37871,70938,1988
37872,58906,1980
37873,44390,1985
37874,53605,1990
37876,58277,1998
37877,77624,1987
37878,54821,1992
37879,47864,1987
37880,65208,1993
37881,37443,1989
37882,69012,1995
37885,78793,2001
37886,82009,1996
37887,65137,1979
37888,45669,1984
37890,59355,1984
37891,47288,1993
37892,42734,1994
37902,50161,1962
37909,66984,1983
37912,47416,1979
37914,59856,1966
37915,26379,1981
37916,14925,1997
37917,54423,1950
37918,69752,1986
37919,72645,1977
37920,66362,1976
37921,60013,1978
37922,132807,1998
37923,73699,1985
37924,80112,1990
37929,-666666666,-666666666
37931,92150,1997
37932,119703,2004
37934,132264,1991
37938,84135,1994
38001,53438,1975
38002,116895,2002
38004,92928,2002
38006,70047,1989
38007,-666666666,-666666666
38008,43789,1980
38011,70150,1991
38012,45974,1976
38015,69141,1979
38016,76569,1998
38017,138677,1998
38018,90004,1997
38019,61826,1981
38021,-666666666,-666666666
38023,78568,1994
38024,57061,1977
38028,151389,1996
38029,-666666666,-666666666
38030,123750,1978
38034,47241,1985
38036,-666666666,1977
38037,51976,1980
38039,39020,1978
38040,49833,1976
38041,41042,1988
38042,46875,1977
38044,46471,1993
38046,-666666666,1938
38047,58438,1983
38049,59500,1992
38050,65403,1971
38052,50588,1981
38053,58194,1980
38054,-666666666,-666666666
38057,90340,1989
38058,83750,1993
38059,62281,1980
38060,92338,2005
38061,38047,1992
38063,49403,1981
38066,107660,2001
38067,57689,1989
38068,64732,1989
38069,60989,1982
38070,61062,2004
38075,44444,1989
38076,77917,1987
38077,-666666666,-666666666
38079,27500,1978
38080,30313,1972
38103,76278,1999
38104,58117,1949
38105,34015,1970
38106,30232,1954
38107,35265,1954
38108,36257,1956
38109,37496,1964
38111,52589,1956
38112,55207,1950
38113,-666666666,-666666666
38114,34206,1955
38115,45636,1981
38116,42183,1966
38117,85633,1958
38118,43446,1973
38119,89289,1979
38120,123538,1976
38122,48710,1956
38125,86162,1996
38126,30071,1979
38127,36901,1966
38128,47645,1975
38131,-666666666,-666666666
38132,-666666666,-666666666
38133,81659,1993
38134,60622,1979
38135,97282,1993
38138,136297,1979
38139,178661,1989
38141,60817,1985
38152,-666666666,-666666666
38201,48466,1977
38220,46791,1975
38221,52714,1981
38222,54471,1994
38224,58182,1970
38225,50545,1970
38226,-666666666,1981
38229,58715,1984
38230,55365,1969
38231,37188,1984
38232,46272,1988
38233,60000,1968
38235,63750,1962
38236,63598,1983
38237,51670,1981
38240,53095,1975
38241,64125,1983
38242,47938,1979
38251,54449,1979
38253,69954,1993
38254,-666666666,-666666666
38255,45990,1971
38256,56023,1993
38257,58849,1974
38258,50921,1971
38259,39896,1966
38260,49139,1982
38261,55876,1973
38301,43227,1971
38305,68977,1992
38310,50232,1987
38311,68203,2003
38313,85625,1994
38315,50089,1988
38316,50700,1973
38317,41545,1972
38318,107845,1991
38320,56096,1977
38321,56474,1993
38326,49026,1993
38327,39773,1987
38328,104758,1996
38329,53052,1981
38330,60688,1969
38332,-666666666,1985
38333,40417,1988
38334,66563,1990
38337,63575,1973
38338,56250,1945
38339,68646,1987
38340,63700,1987
38341,48944,1989
38342,38466,1973
38343,58260,1979
38344,54395,1978
38345,48333,1979
38347,58189,1958
38348,52604,1992
38351,54709,1988
38352,36976,1994
38355,108982,2002
38356,60594,1988
38357,56224,1986
38358,62639,1977
38359,-666666666,1978
38361,60097,1992
38362,60714,1995
38363,43704,1979
38365,-666666666,-666666666
38366,58802,1989
38367,58571,1986
38368,65441,1993
38369,50417,1972
38370,66218,1997
38371,45714,1976
38372,51053,1982
38374,38389,1985
38375,53597,1979
38376,46484,1985
38379,41136,1980
38380,61319,1995
38381,51313,1986
38382,63894,1972
38387,61477,1997
38388,59519,1996
38389,70625,1938
38390,48021,1985
38391,77153,1989
38392,51477,1977
38401,68475,1987
38425,51516,1975
38449,62083,1994
38450,42887,1977
38451,90163,1988
38452,54236,1986
38453,75208,1999
38454,61914,1991
38455,158125,1976
38456,49643,1986
38457,53333,1958
38459,96429,1993
38460,101914,1990
38461,66406,1993
38462,58946,1986
38463,58059,1989
38464,50853,1981
38468,61887,1986
38469,67566,1979
38471,65774,1986
38472,69861,1989
38473,54526,1984
38474,59724,1984
38475,55795,1986
38476,83654,1999
38477,60542,1981
38478,61295,1980
38481,49567,1974
38482,90272,1997
38483,61293,1998
38485,52933,1981
38486,48953,1985
38487,104458,1972
38488,77875,1995
38501,52145,1991
38503,-666666666,-666666666
38504,43542,1995
38505,-666666666,-666666666
38506,70279,1992
38541,41151,1982
38542,-666666666,-666666666
38543,87917,1992
38544,69823,1994
38545,59512,1986
38547,80843,1997
38548,-666666666,1970
38549,49617,1992
38550,-666666666,-666666666
38551,39821,1985
38552,71250,1983
38553,63500,1986
38554,31771,1995
38555,56818,1990
38556,45443,1986
38558,72819,1997
38559,43961,1988
38560,77986,1983
38562,39398,1986
38563,50313,1988
38564,88947,1996
38565,51635,1994
38567,100368,1992
38568,61556,1983
38569,-666666666,2002
38570,41785,1976
38571,58498,1995
38572,56609,1997
38573,49583,1984
38574,52223,1991
38575,39323,1981
38577,52578,1982
38578,54063,1985
38579,51940,1992
38580,70081,1991
38581,55985,1978
38582,93333,1996
38583,54644,1984
38585,48015,1979
38587,51500,1977
38588,44583,1988
38589,58750,2008
38601,47941,1994
38603,43676,1976
38606,54539,1990
38610,51675,1982
38611,58830,1996
38614,37383,1965
38617,19861,1988
38618,66244,1991
38619,35379,1984
38620,45539,1990
38621,36685,1975
38622,30400,1979
38623,-666666666,1965
38625,43906,1995
38626,65000,2003
38627,62826,2002
38629,69135,1987
38631,29583,1985
38632,93583,2001
38633,33029,1989
38635,55625,1987
38637,53311,1991
38639,35313,1981
38641,96208,1995
38642,59388,1983
38643,19976,1970
38644,-666666666,1978
38645,46806,1978
38646,38618,1965
38647,62820,1999
38650,65000,1984
38651,98760,2002
38652,54980,1983
38654,103092,2001
38655,68235,2000
38658,78125,1995
38659,39593,1995
38661,69276,1996
38663,52141,1985
38664,40791,1999
38665,80223,1996
38666,36892,1984
38668,71827,1991
38670,38342,1993
38671,61843,1992
38672,116184,2008
38673,92350,2010
38674,66049,1982
38676,33943,1986
38677,-666666666,-666666666
38680,59503,1997
38683,39107,1986
38685,41210,1986
38701,40854,1972
38703,44291,1970
38720,62639,1984
38721,31385,1979
38722,21818,1975
38723,-666666666,-666666666
38725,47115,1977
38726,31929,1986
38730,73938,1970
38731,-666666666,-666666666
38732,44705,1976
38733,-666666666,-666666666
38736,-666666666,1998
38737,28343,1976
38738,-666666666,-666666666
38740,49172,1999
38744,22547,2000
38745,-666666666,2014
38746,-666666666,1988
38748,44615,1978
38751,44699,1972
38753,59000,1977
38754,38173,1979
38756,45625,1974
38759,77083,1980
38760,37679,1977
38761,33625,1980
38762,27000,1977
38764,26042,1994
38765,67344,1974
38767,-666666666,-666666666
38768,-666666666,-666666666
38769,20104,1981
38771,33547,1976
38772,181375,1972
38773,30661,1981
38774,19811,1972
38776,-666666666,-666666666
38778,40179,1984
38781,2499,1978
38801,62946,1984
38804,64420,1981
38821,58834,1979
38824,48151,1987
38826,75862,1995
38827,59226,1972
38828,65025,1989
38829,51859,1980
38833,52917,1975
38834,50356,1980
38838,46528,1982
38839,40536,1976
38841,54007,1999
38843,56028,1981
38844,65734,1992
38846,60078,1986
38847,50353,1985
38848,80962,1981
38849,76019,1995
38850,52807,1983
38851,45365,1980
38852,52942,1982
38855,68307,1986
38856,66686,1986
38857,93021,1992
38858,56037,1987
38859,41389,1987
38860,41293,1976
38862,52750,1990
38863,49528,1987
38864,54130,1982
38865,55380,1985
38866,78791,1998
38868,41030,1986
38869,62955,1977
38870,70667,1974
38871,63906,1989
38873,54107,1986
38876,37462,1993
38878,42472,1986
38879,-666666666,1987
38901,48848,1980
38913,21387,1985
38914,46250,1990
38915,44375,1977
38916,48094,1981
38917,60432,1985
38920,42014,1971
38921,37326,1981
38922,36473,1979
38923,62391,1995
38924,43750,1979
38925,41217,1991
38927,48611,1982
38928,35438,1969
38929,68202,1986
38930,35453,1973
38940,64048,1994
38941,38705,1975
38943,43242,1982
38944,39934,1975
38946,-666666666,1988
38947,-666666666,1967
38948,29400,1988
38949,-666666666,2003
38950,-666666666,1984
38951,40568,1976
38952,68958,1973
38953,36454,1991
38954,38293,1982
38957,41181,1969
38961,46792,1991
38962,-666666666,1975
38963,45128,1974
38964,-666666666,-666666666
38965,58258,1981
38966,32208,1984
38967,39663,1981
39038,33538,1974
39039,60175,1992
39040,61250,1983
39041,41137,1984
39042,88597,1995
39044,74417,1992
39045,39021,1988
39046,49132,1993
39047,100347,2000
39051,48547,1982
39054,-666666666,1984
39056,75110,1982
39057,62349,1991
39058,-666666666,-666666666
39059,49946,1986
39061,-666666666,-666666666
39062,32292,1970
39063,30967,1972
39066,46458,1992
39067,67250,1975
39069,38324,1987
39071,54700,1985
39073,66829,1992
39074,46030,1988
39078,-666666666,1975
39079,16914,1984
39082,58242,1978
39083,44930,1984
39086,25833,1985
39088,-666666666,-666666666
39090,48036,1978
39092,31937,1991
39094,56422,1986
39095,43077,1983
39096,48864,1992
39097,21622,1986
39108,51938,1988
39110,125506,2002
39111,49140,1984
39113,15179,1982
39114,60286,1984
39115,-666666666,1946
39116,72109,1985
39117,58438,1987
39119,49766,1990
39120,43632,1972
39140,43938,1980
39144,-666666666,1982
39145,64318,1992
39146,31436,1985
39148,-666666666,-666666666
39149,67880,1995
39150,35265,1981
39152,42096,1991
39153,60833,1983
39154,72783,1991
39156,56933,1978
39157,66068,1991
39159,45995,1977
39160,58933,1993
39162,119922,1973
39166,58833,1989
39167,-666666666,-666666666
39168,45298,1985
39169,36231,1987
39170,66638,1994
39173,-666666666,-666666666
39174,-666666666,-666666666
39175,46488,1983
39176,47195,1983
39177,55167,1976
39179,33500,1983
39180,56837,1977
39183,73946,1982
39189,49083,1984
39191,56883,1984
39192,48750,1983
39193,-666666666,-666666666
39194,32260,1980
39201,59063,1967
39202,38554,1956
39203,26569,1960
39204,30237,1968
39206,42686,1968
39208,65480,1985
39209,36344,1967
39210,-666666666,-666666666
39211,69426,1976
39212,50722,1972
39213,29541,1967
39216,43750,1970
39217,-666666666,-666666666
39218,65327,1994
39232,82931,2001
39269,-666666666,-666666666
39272,71962,2001
39301,41766,1976
39305,67712,1978
39307,30413,1972
39309,-666666666,-666666666
39320,70852,1995
39322,37218,1992
39323,56944,2002
39324,-666666666,-666666666
39325,88112,1994
39326,58789,1976
39327,57667,1990
39328,42930,1981
39330,58462,1989
39332,65286,1977
39335,85804,1989
39336,38750,1993
39337,61750,1987
39338,50085,1986
39339,48911,1978
39341,45535,1979
39342,45298,1997
39345,40105,1978
39346,62439,1976
39347,49265,1992
39348,22200,1979
39350,54779,1985
39352,68801,1979
39354,66758,1984
39355,50022,1982
39356,35000,1993
39358,51786,1979
39359,39688,1976
39360,31714,1988
39361,30877,1989
39362,40417,1985
39363,31875,1969
39364,65294,1992
39365,57069,1981
39366,-666666666,1985
39367,37409,1983
39401,41127,1982
39402,75220,1995
39406,-666666666,-666666666
39421,54844,1991
39422,51670,1986
39423,54583,1993
39425,69525,2004
39426,73571,1996
39427,31860,1993
39428,46466,1989
39429,46401,1980
39437,56240,1988
39439,34250,1992
39440,46947,1970
39443,59388,1986
39451,67576,1985
39452,59865,1989
39455,54206,1993
39456,41818,1985
39459,53581,1989
39461,56375,1994
39462,44513,2000
39464,71875,1992
39465,74035,1989
39466,52765,1984
39470,52929,1990
39474,35586,1985
39475,63887,1999
39476,58919,1986
39477,52750,1975
39478,47686,1983
39479,47426,1990
39480,74853,1988
39481,61458,1993
39482,64321,1999
39483,36992,1982
39501,34758,1975
39503,62641,1998
39507,54657,1983
39520,62176,1998
39525,87407,1997
39529,-666666666,-666666666
39530,41117,1968
39531,54218,1985
39532,68710,2000
39534,-666666666,-666666666
39540,66016,2003
39553,57460,1982
39556,60739,1994
39560,69769,1987
39561,90469,2001
39562,61159,1983
39563,44243,1968
39564,78596,1990
39565,87739,2001
39567,62254,1968
39571,70430,2002
39572,44786,2004
39573,69456,2001
39574,70094,1996
39576,70217,2004
39577,50938,1991
39581,37927,1975
39595,-666666666,-666666666
39601,43936,1982
39629,68724,1987
39630,25484,1975
39631,36790,1979
39633,42228,1977
39635,-666666666,-666666666
39638,37185,1982
39641,65010,1989
39643,56042,1979
39645,40231,1983
39647,67639,1978
39648,42737,1983
39652,42966,1983
39653,53689,1980
39654,41370,1980
39656,41786,1978
39657,-666666666,1994
39661,63125,1985
39662,-666666666,1991
39663,46484,1987
39664,42500,1986
39665,32875,1980
39666,45482,1989
39667,44934,1981
39668,39040,1985
39669,27364,1982
39701,32599,1970
39702,54650,1982
39705,68487,1987
39730,43336,1979
39735,51820,1977
39736,19402,1979
39737,-666666666,1985
39739,24831,1983
39740,83240,1989
39741,53348,1990
39743,51654,1991
39744,44548,1983
39745,46778,1979
39746,58125,1988
39747,57522,1983
39750,49402,1980
39751,74226,1987
39752,78750,1983
39753,-666666666,-666666666
39755,29922,1988
39756,57782,2001
39759,46398,1994
39762,-666666666,-666666666
39766,65707,1986
39767,-666666666,1984
39769,69079,1987
39771,59583,1977
39772,44318,1984
39773,40019,1981
39776,50909,1993
39813,47634,1979
39815,45800,1978
39817,53065,1990
39819,55426,1981
39823,55441,1985
39824,49353,1997
39825,65254,1992
39826,46875,1974
39827,61172,1992
39828,53901,1991
39832,-666666666,-666666666
39834,47708,1986
39836,-666666666,1986
39837,52596,1981
39840,22540,1984
39841,66500,1979
39842,43871,1978
39845,50130,1980
39846,36661,1974
39851,48382,1984
39854,41536,1990
39859,-666666666,1992
39861,39965,1986
39862,46458,1983
39866,31023,1978
39867,48077,1972
39870,50938,1978
39877,51250,1977
39885,-666666666,1987
39886,35395,1980
39897,54639,1983
40003,97681,1993
40004,66578,1992
40006,59477,1991
40007,64417,1954
40008,66486,1986
40009,63889,1988
40010,196125,2007
40011,70881,1977
40012,105033,1997
40013,100226,1998
40014,121189,1994
40019,60761,1976
40020,90712,1972
40022,98333,1996
40023,144635,2006
40025,250001,1972
40026,134254,1986
40031,98513,1994
40033,57647,1978
40036,-666666666,1970
40037,70000,1987
40040,-666666666,1967
40041,153214,2014
40045,76607,1979
40046,66000,1995
40047,99124,1999
40049,-666666666,-666666666
40050,44688,1973
40051,80337,1987
40052,45750,1989
40055,97939,1997
40056,134115,1982
40057,77866,1974
40058,66635,1971
40059,152727,1999
40060,45313,1993
40061,-666666666,-666666666
40062,52941,2001
40063,-666666666,-666666666
40065,77869,1991
40067,97684,1995
40068,80750,1995
40069,70788,1978
40070,-666666666,1972
40071,98528,1999
40075,64375,1985
40076,91786,1990
40077,73333,1979
40078,54435,1986
40104,71111,1991
40107,60398,1988
40108,77559,1990
40109,75495,1992
40110,46756,1978
40111,41576,1981
40115,74722,2000
40117,58696,1987
40118,59316,1970
40119,65500,1997
40121,82663,1976
40140,81708,1999
40142,81037,1986
40143,59475,1985
40144,41711,1996
40145,34237,1996
40146,54167,1983
40150,65500,1980
40152,71406,1979
40155,60508,1968
40157,58750,1986
40160,58506,1982
40161,74348,1938
40162,84720,1997
40165,79540,1993
40170,-666666666,1990
40171,45929,2010
40175,77509,1996
40176,62422,2001
40177,50577,1963
40178,53576,1991
40202,35584,1969
40203,30794,1955
40204,71116,1938
40205,99966,1945
40206,75798,1957
40207,101898,1960
40208,39560,1940
40209,-666666666,1954
40210,35347,1947
40211,31749,1949
40212,35753,1938
40213,55897,1956
40214,54931,1964
40215,43725,1955
40216,56441,1963
40217,69114,1942
40218,58811,1971
40219,55720,1972
40220,78434,1975
40221,-666666666,-666666666
40222,82511,1979
40223,96607,1981
40228,79404,1992
40229,79936,1989
40231,-666666666,-666666666
40241,94078,1995
40242,75417,1976
40243,77587,1981
40245,122948,2003
40258,68162,1971
40272,69940,1970
40280,-666666666,-666666666
40291,81267,1993
40299,89440,1994
40310,56477,1958
40311,61348,1971
40312,42564,1984
40313,65409,1992
40316,21618,1988
40322,52794,1986
40324,85110,2000
40328,44770,1984
40330,63992,1978
40334,-666666666,-666666666
40336,46367,1982
40337,54128,1992
40339,130625,1967
40342,74408,1989
40346,31023,1986
40347,85270,1976
40348,41979,1959
40350,-666666666,-666666666
40351,51835,1991
40353,57329,1984
40355,-666666666,1987
40356,74495,1993
40357,11750,1966
40358,92143,1993
40359,62542,1983
40360,55193,1984
40361,63333,1980
40363,-666666666,1991
40370,94234,1994
40371,62917,1983
40372,74205,1994
40374,43607,1978
40376,-666666666,2003
40379,62228,1981
40380,37734,1986
40383,85213,1985
40385,63103,1989
40387,45391,1993
40390,73767,1989
40391,64144,1979
40402,56250,1995
40403,61771,1993
40404,-666666666,-666666666
40409,52619,1991
40419,56549,1993
40422,59615,1977
40434,-666666666,-666666666
40437,53775,1986
40440,54500,1980
40442,-666666666,1980
40444,62463,1987
40445,39449,1973
40447,34693,1988
40448,-666666666,-666666666
40456,46907,1990
40460,35417,1986
40461,71212,1975
40464,66932,1987
40468,64081,1978
40472,41328,1969
40475,63050,1993
40481,50417,1987
40484,52609,1985
40486,64917,1993
40489,56034,1984
40502,76948,1965
40503,76482,1967
40504,46055,1969
40505,58206,1965
40507,41329,1968
40508,29440,1966
40509,94804,2002
40510,161938,1985
40511,79540,2003
40513,128013,1995
40514,95914,1995
40515,86268,1992
40516,84510,1992
40517,53670,1980
40526,-666666666,-666666666
40536,-666666666,-666666666
40601,65732,1977
40701,47204,1987
40729,47077,1991
40734,42500,1988
40737,47096,1988
40740,63701,1995
40741,64552,1991
40744,64369,1991
40759,34909,1992
40763,-666666666,2000
40769,43878,1990
40771,-666666666,1986
40801,-666666666,-666666666
40803,-666666666,-666666666
40806,59837,1979
40807,49118,1938
40808,-666666666,-666666666
40810,40066,1986
40813,81204,1975
40815,68155,1987
40816,-666666666,-666666666
40818,-666666666,1964
40819,31799,1983
40820,-666666666,1980
40823,35402,1975
40824,49667,1991
40826,42795,1978
40827,53388,1993
40828,41354,1976
40829,56154,2002
40830,21815,1976
40831,35404,1978
40840,-666666666,1989
40843,-666666666,1978
40844,-666666666,1988
40845,23450,1975
40847,-666666666,-666666666
40849,-666666666,-666666666
40854,55250,1971
40855,29891,1938
40856,47880,1981
40858,-666666666,1993
40862,41992,1974
40863,49578,1972
40865,56820,1978
40868,41932,1984
40870,51452,1984
40873,33359,1982
40874,-666666666,-666666666
40902,-666666666,1996
40903,60833,1981
40906,23375,1980
40913,51023,1991
40914,26502,1995
40915,41822,1987
40921,-666666666,1985
40923,47865,1991
40927,52381,1964
40935,23157,1988
40939,-666666666,2004
40940,-666666666,1992
40941,-666666666,2001
40943,67143,1985
40946,-666666666,-666666666
40949,54688,1974
40953,16375,1985
40958,48721,1985
40962,42852,1989
40964,-666666666,1946
40965,28685,1976
40972,41250,1983
40977,37917,1980
40979,-666666666,-666666666
40981,-666666666,-666666666
40982,16442,1985
40983,16801,1985
40988,38125,1986
40995,36188,1996
40997,-666666666,1997
41001,102447,1993
41002,68047,1972
41003,79625,1986
41004,66176,1990
41005,112083,1997
41006,76921,1988
41007,100924,1985
41008,59844,1979
41010,71204,1991
41011,69970,1956
41014,61382,1938
41015,65683,1956
41016,71172,1938
41017,97274,1980
41018,68605,1974
41030,83488,1996
41031,64883,1981
41033,100260,1994
41034,71538,1985
41035,68138,1992
41039,59250,1983
41040,49147,1973
41041,42772,1982
41042,79712,1988
41043,87695,1981
41044,54406,1991
41045,53824,1993
41046,63250,1990
41048,137398,2002
41049,52969,1989
41051,104201,1999
41052,70842,2002
41055,64967,1998
41056,47141,1974
41059,58553,1973
41063,80469,1983
41064,51094,1985
41071,59976,1959
41073,71166,1938
41074,66087,1943
41075,104875,1955
41076,73283,1991
41080,120833,1975
41083,53088,2000
41085,77757,1938
41086,61824,1994
41091,136307,2005
41092,85625,1993
41093,60350,1992
41094,96515,1998
41095,66905,1991
41097,77524,1978
41098,33125,1985
41101,53889,1966
41102,67879,1974
41121,51314,1988
41124,55139,1982
41129,60885,1977
41132,34471,1975
41135,62344,1994
41139,59034,1976
41141,36508,1980
41142,-666666666,-666666666
41143,49257,1988
41144,60413,1980
41146,52653,1973
41149,40313,1970
41159,45096,1989
41164,53579,1984
41166,60543,1974
41168,84338,1993
41169,66473,1969
41171,42609,1986
41174,56357,1978
41175,42419,1975
41179,39217,1986
41180,41538,1981
41181,-666666666,-666666666
41183,65609,1965
41189,52712,1993
41201,107905,1996
41203,-666666666,1999
41204,48636,1996
41214,32039,1980
41216,47542,1993
41219,48365,1985
41222,40859,1982
41224,38816,1981
41226,26250,1996
41230,45239,1989
41231,60875,1990
41232,11049,1998
41234,70288,1974
41238,47273,1984
41240,38041,1979
41250,40286,1988
41254,-666666666,1995
41255,57697,1996
41256,60583,1978
41257,35469,1993
41260,-666666666,1982
41262,44107,1987
41263,58125,2000
41264,66250,1993
41265,35833,1980
41267,-666666666,1983
41268,67009,1980
41271,29712,1997
41274,-666666666,1987
41301,33984,1991
41310,-666666666,-666666666
41311,39158,1988
41314,25911,1990
41317,18906,1991
41332,66591,1979
41339,34764,1989
41348,34732,1994
41351,-666666666,-666666666
41352,56250,1996
41360,23438,1991
41364,13284,1991
41365,-666666666,1991
41366,-666666666,1997
41367,-666666666,-666666666
41385,-666666666,1990
41386,-666666666,-666666666
41390,-666666666,1978
41397,-666666666,1989
41408,-666666666,1990
41421,26500,2001
41425,43917,1991
41464,-666666666,1982
41465,33772,1986
41472,47412,1990
41501,47349,1988
41503,56484,1981
41512,37708,1979
41513,53992,1968
41514,39545,1987
41517,-666666666,2001
41519,51957,1990
41522,37331,1983
41524,-666666666,1983
41526,-666666666,-666666666
41527,90260,2003
41528,73419,1990
41531,63333,1977
41534,-666666666,1976
41535,31284,1981
41537,35673,1979
41538,-666666666,1974
41539,65033,1992
41540,64250,1995
41543,18286,1979
41544,32500,1983
41547,12410,1980
41548,22755,1969
41553,-666666666,1979
41554,29353,1986
41555,90551,1973
41557,57031,1985
41558,50511,1987
41559,28279,2012
41560,80833,1969
41562,40104,1976
41563,46250,1990
41564,56548,2001
41566,-666666666,1971
41567,35192,1938
41568,27933,1987
41571,45972,2000
41572,40028,1985
41601,75227,1982
41602,116806,1938
41603,62986,1980
41604,-666666666,1993
41605,32050,1956
41606,28068,1974
41607,36635,1991
41612,-666666666,1945
41615,88633,1981
41616,-666666666,1991
41619,-666666666,1983
41621,-666666666,1994
41622,30139,1990
41630,42417,1974
41631,-666666666,1987
41632,27143,1991
41635,41292,1990
41636,67663,1988
41640,33398,1983
41642,95625,1989
41643,24732,1993
41645,76827,1988
41647,36234,1984
41649,36023,1984
41650,25921,1984
41651,9242,1981
41653,40542,1981
41655,-666666666,1978
41659,36143,1992
41660,74107,2010
41663,14036,1976
41666,61302,1976
41667,40197,1959
41669,36042,1955
41701,39439,1984
41712,-666666666,2003
41713,-666666666,-666666666
41714,-666666666,1997
41719,-666666666,1995
41721,-666666666,1978
41722,29568,1992
41723,28000,1978
41725,65439,1974
41727,59676,2003
41729,40769,1957
41731,52353,1988
41735,45893,1975
41739,-666666666,-666666666
41740,-666666666,1991
41745,30667,1979
41746,103065,1997
41749,34934,1983
41751,-666666666,1994
41754,72927,1980
41759,-666666666,1960
41760,-666666666,1964
41762,-666666666,1996
41763,70167,1992
41764,34556,1972
41766,20522,1986
41772,-666666666,1989
41773,50089,1987
41774,47083,1980
41775,-666666666,1969
41776,-666666666,1977
41777,29976,1992
41778,-666666666,-666666666
41804,-666666666,1952
41810,-666666666,1974
41812,-666666666,1987
41815,24706,1976
41817,52417,1972
41819,-666666666,1981
41821,-666666666,1986
41822,24638,1981
41824,-666666666,1974
41825,51750,1990
41826,60500,1984
41828,-666666666,1984
41831,53068,1977
41832,29063,1996
41833,-666666666,1992
41834,53112,1960
41835,24286,1938
41836,63625,1978
41837,41652,1980
41838,42962,1956
41839,-666666666,1978
41840,58428,1972
41843,94375,2013
41844,31690,1977
41845,-666666666,1993
41847,-666666666,1981
41848,-666666666,-666666666
41849,65221,1985
41855,59132,1977
41858,45933,1983
41859,46406,1976
41861,28906,1983
41862,68969,1983
42001,71365,1976
42003,55791,1978
42020,64838,1996
42021,56477,1981
42022,92176,1938
42023,63229,1977
42024,46925,1978
42025,70067,1983
42027,58056,1988
42028,51250,1973
42029,64083,1977
42031,57097,1976
42032,34706,1959
42035,55515,1981
42036,97904,1987
42037,-666666666,-666666666
42038,65056,1988
42039,70726,1983
42040,51141,1982
42041,36045,1969
42044,57333,1992
42045,50549,1984
42047,2499,1993
42048,55714,1983
42049,52917,1976
42050,41800,1973
42051,76000,1987
42053,80765,1987
42054,58911,1978
42055,63456,1990
42056,56776,1980
42058,66852,1977
42060,-666666666,1957
42061,-666666666,-666666666
42064,47107,1974
42066,48664,1975
42069,48929,1979
42071,50198,1982
42076,36250,1992
42078,56397,1976
42079,59375,1965
42081,92868,1982
42082,67000,1993
42083,53864,1975
42085,57679,1974
42086,77591,1989
42087,58802,1983
42088,52745,1976
42101,48217,1991
42103,87689,1994
42104,75164,1996
42120,64958,1998
42122,113705,1992
42123,61010,1992
42124,-666666666,1974
42127,42893,1987
42129,53609,1986
42130,-666666666,1981
42131,-666666666,-666666666
42133,62353,1984
42134,59113,1978
42140,46813,1974
42141,52896,1984
42151,108056,1992
42153,-666666666,-666666666
42154,58036,1991
42156,98000,1985
42157,101250,1978
42159,66756,1972
42160,49364,1984
42163,-666666666,-666666666
42164,60106,1991
42166,49783,1987
42167,48497,1976
42170,96111,1985
42171,70191,1994
42202,62656,1976
42204,61452,1980
42206,66815,1983
42207,45463,1984
42210,48333,1988
42211,59804,1985
42214,47188,1995
42215,83098,1992
42217,65357,1985
42220,60965,1986
42223,61598,1989
42232,90265,1978
42234,58259,1976
42236,68819,1979
42240,51534,1978
42252,-666666666,-666666666
42254,47250,1973
42256,58794,1978
42259,33566,1990
42261,52953,1986
42262,51975,1998
42265,-666666666,1989
42266,71250,1988
42273,59745,1998
42274,80704,1985
42275,45391,1979
42276,57144,1978
42280,-666666666,1997
42285,53500,1981
42286,65938,1992
42301,66885,1975
42303,64773,1977
42320,54730,1985
42321,53750,1976
42322,-666666666,-666666666
42323,53438,1977
42324,77898,1987
42325,78750,1982
42326,42167,1985
42327,66836,1980
42328,57679,1978
42330,50226,1977
42332,-666666666,-666666666
42333,33969,1979
42337,36875,1980
42338,-666666666,-666666666
42339,46667,1976
42343,52679,1988
42344,40972,1990
42345,62222,1978
42347,60900,1979
42348,56500,1983
42349,58601,1985
42350,103875,1975
42351,76213,1977
42352,53750,1972
42354,65625,1989
42355,60125,1979
42356,-666666666,-666666666
42361,43750,1980
42366,87672,1990
42367,51397,1974
42368,76208,1992
42369,62750,1974
42370,-666666666,-666666666
42371,130250,1964
42372,48090,1980
42374,41534,1975
42376,76098,1991
42378,73419,1988
42404,61293,1974
42406,62470,1978
42408,60900,1973
42409,60000,1981
42410,38194,1952
42411,61063,1979
42413,95417,1989
42420,57053,1975
42431,54905,1976
42436,70694,1994
42437,65256,1976
42440,-666666666,1970
42441,54219,1993
42442,58190,1978
42444,-666666666,-666666666
42445,55096,1974
42450,54710,1971
42451,57100,1969
42452,80069,1980
42453,53939,1958
42455,68324,1981
42456,59500,1989
42458,58839,1957
42459,51563,1968
42461,47746,1979
42462,66373,1983
42463,36250,1982
42464,45893,1980
42501,48965,1978
42503,54707,1992
42516,43375,1984
42518,54103,1979
42519,41964,1984
42528,50227,1994
42533,41000,1974
42539,40862,1983
42541,43232,1978
42544,60895,1991
42553,52737,1984
42565,70692,1990
42566,60156,1995
42567,46526,1983
42602,44375,1984
42603,53229,2001
42629,36484,1991
42631,-666666666,-666666666
42633,46040,1985
42634,31250,1979
42635,24412,1990
42638,11595,1982
42642,52633,1990
42647,31927,1982
42649,38382,1998
42653,42656,1986
42701,69619,1989
42712,45870,1990
42713,60000,1984
42715,-666666666,1994
42716,72125,1988
42717,42978,1986
42718,57243,1979
42721,49583,1986
42722,60110,2001
42724,73465,1995
42726,60078,1992
42728,51623,1982
42729,54706,1992
42732,73148,1995
42733,81250,1984
42740,88066,1983
42741,78269,2003
42742,-666666666,-666666666
42743,49457,1974
42746,50000,1976
42748,65691,1981
42749,45500,1976
42753,54565,1988
42754,48737,1984
42757,52467,1981
42758,-666666666,-666666666
42759,-666666666,-666666666
42762,-666666666,1973
42764,73929,1979
42765,59688,1984
42776,58771,1990
42782,39193,1992
42784,68699,1990
42788,-666666666,1981
43001,93804,1983
43002,102153,2011
43003,69852,1976
43004,101175,2004
43005,72910,1938
43006,63152,1972
43007,-666666666,1938
43008,88558,1980
43009,102841,1991
43010,68500,1955
43011,90121,1983
43013,131528,1993
43014,66481,1970
43015,105322,1995
43016,109972,2002
43017,135922,1989
43018,110481,1938
43019,68104,1970
43021,167941,2003
43022,94712,1974
43023,142852,1989
43025,87381,1973
43026,111440,1995
43027,-666666666,-666666666
43028,91186,1996
43029,107744,1938
43030,213021,1988
43031,110930,1989
43032,-666666666,-666666666
43033,75833,1946
43035,154683,2005
43036,77813,1938
43037,69625,1951
43040,99321,1995
43044,76397,1970
43045,99181,1954
43046,86864,1972
43047,-666666666,-666666666
43050,64108,1964
43054,148100,2005
43055,63974,1966
43056,80014,1985
43060,62014,1981
43061,157568,1994
43062,105968,1996
43064,139591,2003
43065,154481,1997
43066,129012,1980
43067,95903,1988
43068,70477,1986
43070,-666666666,-666666666
43071,78824,1979
43072,76375,1968
43074,119296,1999
43076,91085,1990
43077,104545,1948
43078,73816,1967
43080,87301,1984
43081,92422,1986
43082,147972,2000
43084,78008,1971
43085,112517,1973
43101,39107,1947
43102,90781,1990
43103,83291,1991
43105,98583,1978
43106,82813,1978
43107,78482,1972
43109,56940,1942
43110,77442,2000
43111,46694,1994
43112,91613,1978
43113,67231,1971
43115,94265,1982
43116,113229,2007
43117,-666666666,-666666666
43119,91224,1994
43123,91008,1994
43125,84043,1984
43126,63333,1938
43127,67500,1984
43128,50915,1968
43130,72153,1970
43135,72823,1987
43136,114375,2004
43137,49145,1985
43138,68051,1978
43140,83644,1977
43142,55833,1962
43143,100333,1972
43144,34732,1946
43145,73500,1968
43146,81191,1985
43147,126534,1996
43148,72072,1970
43149,57500,1982
43150,75284,1981
43151,62292,1938
43152,-666666666,1990
43153,90417,1938
43154,91250,1986
43155,90337,1970
43156,93542,1962
43157,62188,1969
43158,-666666666,1938
43160,61740,1970
43162,76250,1970
43164,68000,1969
43201,43731,1973
43202,69524,1951
43203,47572,1958
43204,59266,1959
43205,60181,1938
43206,75806,1938
43207,63310,1965
43209,89713,1956
43210,34423,1962
43211,42579,1951
43212,77257,1966
43213,54704,1972
43214,94183,1955
43215,74087,2004
43217,61356,1960
43218,-666666666,-666666666
43219,52094,1979
43220,74298,1975
43221,118768,1966
43222,32321,1938
43223,46911,1964
43224,53321,1961
43227,48159,1960
43228,61713,1986
43229,57561,1972
43230,91424,1987
43231,73986,1978
43232,51417,1975
43235,86666,1987
43240,82895,2007
43302,55057,1963
43310,68388,1975
43311,67914,1971
43314,49183,1970
43315,73770,1984
43316,78828,1956
43317,56875,1938
43318,91520,1973
43319,136141,1956
43320,51603,1967
43321,48125,1972
43322,56250,1955
43323,56667,1947
43324,56466,1971
43325,-666666666,-666666666
43326,63785,1965
43330,65625,1938
43331,60980,1975
43332,81382,1938
43333,-666666666,1981
43334,100825,1993
43336,-666666666,-666666666
43337,70833,1959
43338,72311,1980
43340,72446,1964
43341,54836,1970
43342,84803,1971
43343,63438,1972
43344,80909,1968
43345,90821,1959
43346,57130,1971
43347,93893,1977
43348,51426,1979
43350,70583,1955
43351,67606,1971
43356,92870,1964
43357,92448,1975
43358,89121,1964
43359,69167,1940
43360,105795,1992
43402,52426,1980
43403,-666666666,-666666666
43406,71597,1969
43407,68835,1938
43408,61719,1950
43410,52500,1974
43412,107885,1964
43413,80069,1955
43414,-666666666,-666666666
43416,88611,1959
43420,61331,1958
43430,73807,1956
43431,77526,1954
43432,152411,1968
43433,-666666666,-666666666
43434,72083,1938
43435,89000,1957
43436,-666666666,1938
43437,68750,1953
43438,82917,1987
43439,-666666666,-666666666
43440,74818,1981
43442,61667,1938
43443,97917,1950
43445,82670,1971
43446,-666666666,1983
43447,89643,1982
43449,71083,1972
43450,84375,1965
43451,62167,1978
43452,67490,1978
43456,72969,1982
43457,54583,1956
43458,78906,1955
43460,73882,1971
43462,88000,1974
43463,69668,1951
43464,41471,1954
43465,71311,1976
43466,87438,1969
43467,98333,1938
43468,130533,1945
43469,86410,1956
43501,68203,1938
43502,74925,1966
43504,91731,1961
43505,-666666666,1953
43506,60234,1967
43510,-666666666,-666666666
43511,66250,1952
43512,71841,1970
43515,69536,1973
43516,89000,1965
43517,58578,1962
43518,86200,1971
43519,78114,1938
43520,-666666666,-666666666
43521,60550,1950
43522,76583,1976
43523,-666666666,-666666666
43524,60882,1944
43525,108672,2000
43526,66912,1970
43527,58821,1956
43528,93986,1991
43529,84167,1961
43530,-666666666,-666666666
43531,36200,1938
43532,88074,1977
43533,64342,1974
43534,81094,1977
43535,67083,1963
43536,68625,1938
43537,82752,1979
43540,119583,1977
43541,63438,1944
43542,148657,1995
43543,56236,1963
43545,78548,1962
43547,99851,1975
43548,96875,1963
43549,84189,1970
43551,95846,1990
43553,88750,1938
43554,52917,1959
43555,83109,1938
43556,73125,1972
43557,84950,1965
43558,74173,1974
43560,109486,1981
43565,59167,1962
43566,105985,1993
43567,70417,1973
43569,70898,1966
43570,68500,1965
43571,108143,1982
43604,20734,1950
43605,39118,1938
43606,66917,1953
43607,41335,1956
43608,29275,1938
43609,42313,1943
43610,46469,1938
43611,62042,1959
43612,50728,1952
43613,64384,1955
43614,58961,1963
43615,57713,1977
43616,81829,1971
43617,127019,1985
43619,76537,1974
43620,23483,1938
43623,71171,1968
43701,57565,1969
43711,-666666666,-666666666
43713,53927,1977
43716,63036,1977
43717,48333,1946
43718,92576,1991
43719,49091,1972
43720,52500,1980
43721,-666666666,-666666666
43722,-666666666,1993
43723,51474,1974
43724,64688,1971
43725,57835,1966
43727,57373,1984
43728,66000,1975
43730,45313,1983
43731,55581,1960
43732,72500,1978
43733,-666666666,-666666666
43734,113000,1979
43735,-666666666,1938
43736,66875,1965
43738,83750,1946
43739,99120,1996
43740,66806,1955
43746,43636,1993
43747,77115,1977
43748,75644,1973
43749,65565,1981
43750,-666666666,1950
43754,75568,1973
43755,68581,1978
43756,63365,1979
43758,61397,1983
43759,63750,1938
43760,79783,1997
43761,-666666666,-666666666
43762,80709,1973
43764,62083,1967
43766,65625,1982
43767,75580,1979
43768,64063,1963
43771,52708,1967
43772,47344,1966
43773,52826,1988
43777,53906,1973
43778,65556,1986
43779,-666666666,1993
43780,66080,1982
43782,54844,1938
43783,67016,1979
43786,48750,1960
43787,45880,1971
43788,-666666666,1987
43791,-666666666,-666666666
43793,49234,1972
43802,71875,1997
43804,71488,1988
43805,-666666666,1938
43811,35897,1945
43812,52904,1962
43821,65427,1983
43822,60266,1981
43824,54757,1987
43830,88346,1983
43832,58333,1963
43836,51250,1941
43837,58929,1989
43840,63750,1961
43842,73328,1938
43843,61378,1966
43844,61076,1976
43845,54177,1972
43901,63603,1948
43902,-666666666,-666666666
43903,73281,1965
43905,81295,1957
43906,46380,1955
43907,46941,1962
43908,62841,1961
43909,-666666666,-666666666
43910,71396,1977
43912,55668,1952
43913,43914,1946
43914,-666666666,-666666666
43915,74405,1983
43917,59280,1949
43920,50251,1958
43925,-666666666,-666666666
43926,45938,1971
43928,90855,1949
43930,68382,1974
43931,78241,1974
43932,54531,1962
43933,59881,1979
43934,-666666666,1938
43935,45923,1949
43938,55446,1955
43939,46250,1938
43940,45952,1938
43942,51023,1970
43943,54784,1962
43944,69228,1969
43945,62500,1972
43946,62832,1973
43947,58269,1960
43948,142606,1938
43950,76175,1975
43951,-666666666,1978
43952,47624,1953
43953,74107,1968
43961,39500,1946
43962,90833,1941
43963,56813,1947
43964,60365,1960
43967,-666666666,-666666666
43968,59200,1959
43971,49327,1956
43972,29182,1938
43973,72600,1972
43974,70750,1953
43976,41651,1957
43977,57216,1965
43981,56458,1974
43983,30714,1972
43985,65625,1953
43986,54375,1950
43988,67174,1964
44001,90139,1974
44003,56429,1978
44004,51034,1954
44010,80455,1971
44011,135915,2001
44012,115567,1989
44017,75231,1959
44021,82008,1963
44022,145882,1965
44023,147383,1986
44024,107000,1979
44026,111761,1969
44028,87595,1977
44030,63533,1954
44032,55188,1984
44035,56408,1966
44039,96485,1995
44040,228942,1963
44041,60662,1962
44044,88333,1974
44045,79408,1943
44046,80625,1970
44047,60625,1972
44048,78690,1964
44049,68929,1938
44050,103611,1991
44052,45023,1953
44053,67484,1977
44054,75572,1970
44055,40636,1956
44056,101285,1990
44057,75615,1976
44060,87599,1975
44062,73960,1985
44064,73750,1972
44065,95442,1966
44067,86364,1977
44068,57863,1952
44070,84363,1966
44072,107146,1970
44074,80801,1970
44076,52500,1976
44077,85056,1981
44080,-666666666,-666666666
44081,96500,1979
44082,51687,1968
44084,73288,1992
44085,66136,1984
44086,92143,1975
44087,99270,1991
44089,70495,1974
44090,76906,1975
44092,70801,1960
44093,74808,1968
44094,78772,1976
44095,71543,1961
44099,92895,1977
44101,-666666666,-666666666
44102,42714,1938
44103,27047,1938
44104,24111,1953
44105,40906,1938
44106,43170,1938
44107,68970,1938
44108,34745,1938
44109,42872,1938
44110,31928,1941
44111,57252,1941
44112,28799,1938
44113,71941,1940
44114,44002,1960
44115,22056,1963
44116,93799,1962
44117,43013,1956
44118,77555,1940
44119,44077,1945
44120,47126,1938
44121,76767,1951
44122,101230,1959
44123,55676,1956
44124,82392,1962
44125,57363,1955
44126,79269,1957
44127,32572,1938
44128,43993,1958
44129,70651,1956
44130,69655,1964
44131,100594,1965
44132,47969,1958
44133,83717,1983
44134,68625,1958
44135,53848,1954
44136,94648,1978
44137,53918,1955
44138,96603,1988
44139,138425,1980
44140,132254,1960
44141,133875,1973
44142,71332,1961
44143,81268,1969
44144,60223,1955
44145,112200,1983
44146,54925,1964
44147,103125,1984
44149,118173,1986
44201,79459,1974
44202,118750,1991
44203,63759,1957
44212,91441,1985
44214,84861,1978
44215,80893,1959
44216,98776,1970
44217,73603,1975
44221,63342,1956
44223,90335,1962
44224,94287,1978
44230,79526,1978
44231,78609,1973
44232,-666666666,-666666666
44233,136915,1984
44234,75547,1983
44235,76634,1991
44236,168595,1984
44240,57627,1974
44241,88517,1989
44243,-666666666,-666666666
44250,66328,1954
44251,118750,1978
44253,91500,1991
44254,65865,1971
44255,78099,1974
44256,99923,1990
44260,82444,1969
44262,81214,1976
44264,101852,1995
44266,64918,1975
44270,63650,1968
44272,83173,1979
44273,96431,1977
44274,-666666666,1938
44275,93785,1978
44276,86583,1970
44278,90120,1971
44280,130167,1985
44281,89131,1979
44285,106429,1948
44286,112778,1979
44287,73816,1981
44288,69205,1974
44301,51321,1938
44302,42400,1938
44303,69743,1945
44304,41763,1976
44305,52768,1950
44306,41688,1952
44307,27697,1972
44308,11956,1938
44310,41066,1952
44311,24369,1959
44312,65480,1962
44313,75671,1966
44314,47468,1950
44319,79221,1964
44320,41241,1954
44321,119178,1994
44325,-666666666,-666666666
44333,131821,1974
44401,71953,1976
44402,75539,1975
44403,60874,1972
44404,55972,1954
44405,42644,1958
44406,98693,1984
44408,74028,1973
44410,70385,1978
44411,77560,1978
44412,102726,1979
44413,50999,1959
44415,-666666666,-666666666
44417,52763,1971
44418,121378,1980
44420,61707,1960
44423,80583,1968
44424,97500,1955
44425,61568,1961
44427,-666666666,1982
44428,59375,1962
44429,82397,1971
44430,51380,1957
44431,68750,1959
44432,61125,1972
44436,69514,1955
44437,76842,1963
44438,40877,1947
44439,87868,1949
44440,64904,1971
44441,144412,1979
44442,61528,1976
44443,56957,1976
44444,61441,1959
44445,85188,1968
44446,50468,1964
44449,62188,1967
44450,51723,1972
44451,61250,1965
44452,61602,1978
44454,74857,1954
44455,71050,1980
44460,57423,1965
44470,63882,1971
44471,54571,1951
44473,72978,1971
44481,63654,1976
44483,49017,1956
44484,63630,1969
44485,35195,1957
44490,38906,1971
44491,67589,1976
44493,-666666666,1975
44502,31170,1943
44503,12274,1938
44504,45299,1946
44505,37538,1961
44506,21018,1941
44507,29176,1941
44509,36570,1950
44510,20000,1980
44511,56880,1957
44512,63317,1968
44514,79808,1968
44515,53252,1971
44555,-666666666,-666666666
44601,61965,1955
44606,76350,1979
44607,-666666666,1971
44608,56875,1948
44609,58221,1961
44610,26824,1974
44611,68809,1994
44612,85208,1981
44613,58125,1957
44614,83671,1977
44615,63793,1974
44618,74403,1979
44619,-666666666,1944
44620,76827,1977
44621,54717,1966
44622,70780,1972
44624,110972,1986
44625,75060,1964
44626,78929,1967
44627,84010,1989
44628,61518,1972
44629,81625,1956
44630,-666666666,-666666666
44632,91061,1976
44633,64688,1990
44634,80136,1964
44637,65625,1968
44638,64318,1981
44639,70625,1938
44640,83603,1938
44641,80303,1969
44643,84773,1976
44644,64637,1976
44645,84756,1978
44646,69179,1968
44647,67140,1958
44651,60000,1957
44652,-666666666,1986
44653,71389,1938
44654,79345,1989
44656,58852,1974
44657,62941,1969
44659,81406,1951
44660,41094,1976
44661,50000,1938
44662,73098,1975
44663,61551,1966
44665,-666666666,1987
44666,101310,1962
44667,75616,1976
44669,82411,1960
44670,82917,1963
44671,128917,1957
44672,50779,1961
44675,83179,1977
44676,75738,1977
44677,75435,1967
44678,-666666666,-666666666
44680,69509,1976
44681,85769,1977
44682,86250,1992
44683,54237,1961
44685,102773,1983
44687,60714,2004
44688,66444,1956
44689,85714,1938
44690,-666666666,-666666666
44691,69920,1975
44693,120313,1938
44695,75051,1964
44697,52396,1938
44699,50250,1994
44702,12411,1967
44703,31957,1938
44704,31812,1941
44705,43439,1957
44706,58228,1960
44707,44943,1956
44708,63706,1958
44709,57842,1961
44710,47305,1945
44714,55905,1960
44718,88113,1979
44720,82594,1977
44721,98210,1977
44730,70232,1964
44802,80000,1970
44804,95469,1938
44805,68299,1964
44807,87356,1938
44809,-666666666,1966
44811,70060,1966
44813,77846,1975
44814,68702,1967
44815,74688,1950
44817,64565,1964
44818,63922,1938
44820,58223,1959
44822,72159,1978
44824,79803,1967
44825,39643,1938
44826,70076,1973
44827,56757,1961
44828,-666666666,1938
44830,62990,1958
44833,60151,1962
44836,79299,1973
44837,66650,1972
44838,55833,1942
44839,87181,1974
44840,83021,1976
44841,53295,1947
44842,72737,1962
44843,90366,1972
44844,83556,1974
44846,93333,1965
44847,76060,1938
44849,69902,1952
44850,69904,1941
44851,66408,1962
44853,90281,1955
44854,70357,1941
44855,63125,1949
44856,38750,1938
44857,64297,1972
44859,88750,1977
44861,-666666666,-666666666
44864,66250,1975
44865,76875,1965
44866,70208,1969
44867,72716,1958
44870,62082,1962
44874,71667,1938
44875,61276,1960
44878,74821,1963
44880,69505,1995
44881,33313,1938
44882,73529,1973
44883,62692,1962
44887,85793,1964
44889,86500,1977
44890,68587,1966
44901,-666666666,-666666666
44902,31343,1938
44903,67215,1965
44904,62364,1975
44905,57955,1961
44906,52624,1969
44907,48008,1963
45001,50417,1965
45002,81229,1991
45003,71250,1950
45005,75399,1973
45011,91873,1991
45013,73633,1969
45014,75661,1978
45015,48312,1953
45030,98598,1989
45032,66618,1959
45033,42500,1957
45034,151875,1995
45036,99128,1992
45039,108794,1998
45040,133240,1998
45041,-666666666,-666666666
45042,69520,1963
45044,73732,1977
45050,104282,2001
45051,66932,1976
45052,101165,1984
45053,109148,1984
45054,99583,1991
45055,-666666666,1952
45056,49233,1983
45062,52917,1954
45064,102531,1981
45065,104795,2006
45066,131250,1996
45067,81605,1990
45068,96147,1985
45069,114631,1990
45070,50417,1938
45101,40714,1978
45102,76763,1994
45103,79793,1989
45105,-666666666,-666666666
45106,71433,1974
45107,71510,1977
45111,100893,1952
45112,51875,1952
45113,104750,1991
45115,49844,1938
45118,97963,1991
45119,125260,1990
45120,50446,1989
45121,60188,1977
45122,83342,1975
45123,62404,1967
45130,83382,1973
45131,53125,1943
45132,35417,1973
45133,61842,1981
45135,79629,1991
45140,114827,1992
45142,66844,1977
45144,41489,1979
45146,71184,1993
45147,-666666666,1938
45148,78438,1985
45150,93595,1981
45152,123366,1997
45153,57176,1978
45154,74087,1992
45155,72813,1938
45156,63542,1972
45157,100407,1987
45158,81336,1977
45159,82961,1991
45160,-666666666,1975
45162,84722,1978
45164,48750,1956
45166,-666666666,-666666666
45167,68750,1964
45168,74167,1965
45169,52405,1959
45171,73838,1989
45172,107951,1971
45174,193750,1954
45176,67727,1981
45177,74051,1981
45202,95633,1938
45203,21973,1978
45204,31236,1954
45205,43682,1946
45206,62648,1944
45207,49801,1938
45208,137600,1938
45209,93420,1949
45211,53868,1958
45212,72422,1938
45213,76356,1938
45214,27852,1938
45215,69372,1957
45216,44099,1938
45217,62200,1954
45218,71000,1956
45219,35657,1950
45220,53440,1941
45223,49312,1941
45224,56471,1959
45225,20348,1958
45226,97558,1947
45227,71646,1951
45229,32263,1940
45230,89516,1967
45231,71353,1964
45232,28367,1948
45233,110742,1974
45236,84037,1959
45237,44913,1956
45238,66277,1962
45239,60324,1960
45240,71947,1971
45241,103585,1981
45242,124567,1976
45243,171172,1967
45244,109287,1982
45245,80147,1985
45246,65370,1967
45247,94603,1981
45248,84510,1973
45249,105804,1986
45251,74614,1972
45252,84963,1991
45255,92035,1981
45267,-666666666,-666666666
45301,-666666666,1938
45302,91602,1978
45303,65556,1956
45304,78125,1964
45305,123045,1983
45306,86354,1971
45307,72500,1938
45308,70435,1954
45309,75409,1969
45310,77917,1962
45311,68555,1973
45312,91842,1970
45314,84844,1974
45315,92333,1983
45316,83125,1938
45317,61429,1938
45318,73867,1964
45319,67708,1938
45320,64903,1978
45321,69135,1938
45322,75349,1974
45323,80781,1965
45324,64979,1972
45325,81250,1965
45326,93472,1962
45327,94741,1969
45328,63125,1943
45330,76964,1974
45331,53801,1963
45332,77250,1970
45333,63906,1959
45334,70595,1977
45335,81690,1973
45336,87500,1938
45337,108162,1974
45338,74776,1962
45339,97750,1972
45340,118000,1976
45341,56470,1961
45342,84907,1984
45344,78471,1967
45345,80280,1967
45346,77083,1958
45347,63025,1963
45348,120170,1974
45349,76750,1938
45350,102500,1938
45351,101875,1971
45352,62500,1949
45353,101736,1938
45354,66625,1938
45356,69188,1957
45358,60625,1938
45359,77083,1955
45360,56250,1954
45361,66250,1938
45362,61687,1973
45363,95268,1976
45365,67051,1973
45368,60850,1972
45369,88578,1976
45370,122000,1982
45371,93599,1985
45372,70500,1944
45373,75742,1973
45377,77398,1973
45378,73000,1942
45380,84135,1965
45381,62263,1970
45382,95652,1938
45383,66620,1971
45384,67019,1968
45385,76564,1973
45387,96042,1963
45388,86996,1938
45389,62250,1938
45390,52150,1962
45402,48401,1941
45403,38323,1948
45404,38874,1950
45405,43973,1947
45406,41796,1954
45409,87283,1950
45410,46651,1938
45414,54485,1966
45415,81176,1969
45416,46174,1959
45417,36945,1956
45419,92264,1949
45420,60588,1954
45423,-666666666,-666666666
45424,80605,1976
45426,51908,1967
45428,-666666666,-666666666
45429,80210,1962
45430,115461,1976
45431,83175,1976
45432,83115,1960
45433,89615,1976
45434,135948,1976
45435,-666666666,-666666666
45439,52035,1969
45440,82383,1971
45449,63800,1972
45458,110150,1990
45459,89592,1978
45469,-666666666,-666666666
45501,-666666666,-666666666
45502,88988,1979
45503,59595,1968
45504,69960,1954
45505,43819,1951
45506,42104,1951
45601,59748,1971
45612,53500,1991
45613,30703,1978
45614,60000,1985
45616,67614,1985
45617,-666666666,-666666666
45618,-666666666,-666666666
45619,58453,1975
45620,76646,1976
45621,46932,1967
45622,48556,1993
45623,57118,1984
45624,-666666666,-666666666
45628,72587,1984
45629,60592,1986
45630,-666666666,-666666666
45631,56835,1976
45634,51477,1969
45636,73940,1985
45638,52728,1962
45640,59566,1979
45642,-666666666,-666666666
45644,74219,1981
45645,64632,1993
45646,-666666666,2001
45647,69966,1981
45648,72126,1984
45650,-666666666,1983
45651,56294,1984
45652,42708,1978
45653,82125,1985
45654,46111,1984
45656,59395,1981
45657,63459,1980
45658,64162,1988
45659,59844,1989
45660,57252,1982
45661,52633,1986
45662,36504,1954
45663,48613,1964
45669,67500,1978
45671,51442,1959
45672,49231,1987
45673,64438,1956
45674,20865,1984
45677,-666666666,-666666666
45678,62992,1979
45679,55028,1986
45680,54523,1981
45681,49510,1981
45682,56250,1972
45684,50688,1982
45685,61700,1986
45686,55030,1988
45688,-666666666,1981
45690,54333,1974
45692,55301,1978
45693,43977,1981
45694,59876,1977
45695,50063,1984
45696,-666666666,1989
45697,71439,1981
45698,-666666666,1938
45699,-666666666,-666666666
45701,53075,1977
45710,80170,1984
45711,79464,1988
45714,56574,1971
45715,47176,1967
45716,63750,1970
45719,35200,1954
45720,-666666666,-666666666
45721,-666666666,-666666666
45723,57222,1982
45724,58500,1987
45727,22564,1971
45729,82110,1984
45732,60605,1966
45734,48676,1991
45735,51364,1976
45739,-666666666,1999
45740,65417,1938
45741,30625,1989
45742,78194,1978
45743,73603,1979
45744,69148,1959
45745,44250,1978
45746,65161,1938
45750,60229,1969
45760,46905,1971
45761,48750,1987
45764,51806,1969
45766,72518,1992
45767,42813,1974
45768,84286,1978
45769,50952,1974
45770,-666666666,1992
45771,43750,1979
45772,52064,1984
45773,69848,1980
45775,47036,1963
45776,43856,1993
45778,57128,1995
45779,44375,1982
45780,60557,1985
45782,47337,1946
45783,-666666666,1965
45784,82713,1983
45786,70917,1979
45788,100682,1978
45789,81649,1970
45801,51731,1959
45804,44911,1960
45805,68842,1966
45806,82587,1974
45807,70725,1974
45808,81875,1938
45809,-666666666,1938
45810,63451,1974
45812,44045,1975
45813,65054,1968
45814,91115,1971
45815,60000,1960
45816,76719,1938
45817,76848,1964
45819,67500,1938
45820,83125,1951
45821,76648,1975
45822,70200,1975
45826,101250,1975
45827,85400,1984
45828,72703,1976
45830,80897,1959
45831,71473,1972
45832,83000,1958
45833,65000,1965
45835,76042,1955
45836,56250,1938
45838,91181,1975
45840,68083,1975
45841,96544,1938
45843,71541,1970
45844,88792,1974
45845,95078,1982
45846,91736,1971
45848,77813,1963
45849,77841,1965
45850,84886,1977
45851,76157,1954
45853,87500,1980
45854,53125,1938
45855,90000,1968
45856,86494,1963
45858,74709,1975
45859,51250,1963
45860,111269,1968
45861,93269,1973
45862,45556,1959
45863,56989,1965
45864,81875,1964
45865,89000,1977
45866,80833,1947
45867,101250,1972
45868,95875,1938
45869,88277,1967
45870,162813,1990
45871,87500,1957
45872,62298,1952
45873,62162,1979
45874,68521,1953
45875,93144,1976
45876,71125,1983
45877,68665,1957
45879,64013,1971
45880,69500,1963
45881,73775,1962
45882,74625,1956
45883,113967,1980
45884,-666666666,1992
45885,78550,1959
45886,65750,1955
45887,68409,1969
45888,88237,1991
45889,93750,1968
45890,99079,1954
45891,64272,1961
45893,-666666666,1938
45894,81360,1954
45895,74783,1974
45896,62449,1958
45897,56528,1979
45898,53783,1948
45899,50625,1938
46001,70962,1966
46011,76391,1962
46012,58041,1967
46013,49310,1969
46016,36029,1942
46017,75011,1968
46030,90536,1977
46031,76438,1944
46032,132085,1999
46033,153143,1993
46034,91466,1985
46035,73357,1955
46036,62074,1953
46037,141810,2004
46038,106886,1997
46039,-666666666,1951
46040,147500,2004
46041,63157,1956
46044,81402,1972
46045,160912,1974
46047,-666666666,-666666666
46048,72102,1997
46049,83594,1938
46050,74531,1941
46051,78333,1973
46052,68930,1976
46055,113784,2007
46056,72423,1968
46057,53173,1956
46058,77719,1967
46060,91918,2001
46062,120100,2001
46063,48750,1952
46064,94609,1992
46065,80104,1978
46068,98708,1968
46069,76990,1980
46070,57667,1943
46071,85000,1957
46072,72375,1970
46074,126724,2010
46075,117002,2013
46076,73889,1963
46077,177679,2002
46102,64500,1943
46103,93750,1953
46104,61146,1957
46105,87736,1980
46106,120072,2002
46107,56799,1962
46110,68714,1972
46111,74167,1957
46112,112565,1999
46113,84463,2000
46115,61406,1963
46117,91250,1981
46118,78298,1974
46120,59970,1984
46121,89409,1991
46122,99531,1988
46123,103485,2001
46124,64466,1971
46125,-666666666,-666666666
46126,70607,1970
46127,52639,1938
46128,86466,1978
46130,124427,1980
46131,85076,1991
46133,57589,1945
46135,73677,1974
46140,83056,1988
46142,89001,1982
46143,91496,2000
46144,108333,1954
46146,75417,1938
46147,80707,1969
46148,63914,1961
46149,88750,1977
46150,52463,1949
46151,78812,1976
46154,-666666666,-666666666
46155,-666666666,1938
46156,83320,1949
46157,86250,1993
46158,81096,1981
46160,76445,1973
46161,78603,1976
46162,117969,1992
46163,113106,1991
46164,85735,1978
46165,86488,1970
46166,86042,1994
46167,122723,1998
46168,90000,1996
46170,-666666666,-666666666
46171,83607,1997
46172,85912,1976
46173,67456,1953
46175,74125,1983
46176,65182,1971
46180,90208,1968
46181,91337,1992
46182,89567,1971
46183,-666666666,1943
46184,99865,1990
46186,70714,1966
46201,49195,1938
46202,63506,1969
46203,57393,1957
46204,86396,2009
46205,72417,1943
46206,-666666666,-666666666
46208,60062,1938
46214,59178,1982
46216,53161,1997
46217,92029,1990
46218,38063,1955
46219,60803,1957
46220,108050,1959
46221,65280,1976
46222,50783,1955
46224,55986,1968
46225,55190,1938
46226,50325,1966
46227,53629,1971
46228,91156,1968
46229,61388,1978
46231,71825,2000
46234,83190,1994
46235,58951,1988
46236,115664,1993
46237,79078,1995
46239,100331,2002
46240,75156,1979
46241,53653,1966
46250,67328,1983
46254,60287,1988
46256,93847,1985
46259,129345,2001
46260,72504,1974
46268,68631,1990
46278,158648,1992
46280,91152,1987
46290,-666666666,2002
46301,119948,1973
46302,56875,1938
46303,84211,1995
46304,91326,1985
46307,107800,1990
46310,73789,1990
46311,116652,1996
46312,42125,1938
46319,74662,1965
46320,37158,1945
46321,110187,1973
46322,78062,1967
46323,59688,1960
46324,63052,1952
46327,47288,1947
46340,58717,1998
46341,89559,1981
46342,75521,1971
46345,-666666666,1972
46346,57830,1958
46347,95348,1979
46348,64375,1958
46349,82306,1976
46350,74307,1971
46356,89217,1990
46360,59266,1964
46365,98047,1995
46366,60182,1969
46368,76368,1980
46371,99830,1988
46373,127146,2001
46374,91250,1979
46375,93160,1989
46376,64205,1956
46377,38958,1946
46379,-666666666,1957
46381,64821,1968
46382,95208,1979
46383,76224,1980
46385,98957,1987
46390,87639,1971
46391,82692,1994
46392,90912,1994
46393,56250,1952
46394,66176,1938
46402,33529,1945
46403,45991,1960
46404,42256,1958
46405,60881,1962
46406,35839,1962
46407,28526,1956
46408,47453,1954
46409,44667,1955
46410,64127,1979
46501,64172,1963
46502,-666666666,-666666666
46504,74567,1964
46506,79386,1973
46507,82683,1984
46508,55833,1938
46510,99420,1976
46511,58293,1974
46513,-666666666,-666666666
46514,65833,1977
46516,56492,1962
46517,56772,1974
46524,65987,1983
46526,67461,1982
46528,81529,1983
46530,122129,1991
46531,57786,1983
46532,84866,1956
46534,63138,1975
46536,78448,1973
46537,64063,1953
46538,89803,1982
46539,74079,1961
46540,96615,1990
46542,78606,1977
46543,104896,1998
46544,58829,1970
46545,56865,1975
46550,84084,1982
46552,91341,1973
46553,89417,1981
46554,88068,1953
46555,70399,1972
46556,-666666666,1996
46561,91711,1983
46562,68902,1969
46563,73293,1974
46565,96199,1992
46567,77103,1972
46570,54185,1969
46571,85500,1991
46572,125250,1938
46573,85750,1962
46574,76181,1971
46580,71687,1977
46582,66738,1992
46590,82188,1979
46595,-666666666,-666666666
46601,30789,1938
46613,42537,1938
46614,74153,1965
46615,62964,1953
46616,58537,1942
46617,74186,1959
46619,48081,1956
46624,-666666666,-666666666
46628,61759,1965
46635,81944,1968
46637,71462,1977
46701,78385,1971
46702,77727,1958
46703,74569,1983
46704,-666666666,1938
46705,67266,1968
46706,80965,1982
46710,84408,1992
46711,70656,1972
46714,66441,1970
46721,68580,1959
46723,84286,1974
46725,79526,1983
46730,116181,1967
46731,108036,1952
46732,58906,1981
46733,64483,1971
46737,74975,1983
46738,57545,1973
46740,58484,1970
46741,102281,1983
46742,78750,1978
46743,81406,1976
46745,89643,1973
46746,73244,1973
46747,75662,1980
46748,109375,2006
46750,63978,1962
46755,66717,1977
46759,56354,1964
46760,46992,1980
46761,71430,1978
46763,97054,1985
46764,62939,1960
46765,112328,1992
46766,85570,1945
46767,77317,1979
46770,66750,1974
46771,-666666666,-666666666
46772,80000,1971
46773,72813,1966
46774,76292,1975
46776,54801,1971
46777,72758,1981
46778,-666666666,-666666666
46779,86000,1971
46781,87768,1963
46783,101705,1995
46784,62102,1970
46785,63250,1971
46786,-666666666,-666666666
46787,62242,1959
46788,101553,1983
46789,-666666666,-666666666
46791,128542,1971
46792,72664,1973
46793,79949,1981
46794,63583,1949
46795,87175,1975
46796,-666666666,-666666666
46797,103566,1988
46798,81691,1951
46799,83125,1970
46802,46854,1952
46803,34381,1960
46804,85833,1986
46805,52154,1953
46806,47895,1958
46807,58685,1946
46808,53359,1955
46809,52253,1960
46814,147280,2003
46815,73239,1975
46816,45343,1975
46818,81066,1998
46819,63947,1972
46825,70544,1989
46835,77152,1982
46845,112676,2003
46901,60495,1962
46902,62126,1974
46910,69226,1965
46911,95122,1972
46913,91136,1960
46914,63902,1973
46915,70761,1962
46917,61643,1948
46919,83664,1979
46920,100074,1973
46922,-666666666,-666666666
46923,63553,1971
46926,68218,1955
46928,67412,1961
46929,56940,1957
46930,52679,1976
46931,46667,1952
46932,61579,1970
46933,56786,1965
46936,79900,1970
46937,-666666666,-666666666
46938,45884,1958
46939,69000,1959
46940,64089,1965
46941,66993,1983
46943,33750,1938
46945,-666666666,-666666666
46946,61346,1938
46947,54791,1956
46950,48816,1938
46951,55227,1955
46952,52880,1962
46953,46288,1961
46957,49444,1961
46958,87640,1955
46959,78750,1956
46960,45625,1975
46961,110400,1965
46962,67984,1954
46965,-666666666,-666666666
46967,-666666666,1948
46968,-666666666,1968
46970,57842,1958
46971,-666666666,-666666666
46974,61528,1957
46975,61185,1968
46978,78750,1949
46979,88832,1969
46980,-666666666,-666666666
46982,79688,1981
46984,-666666666,-666666666
46985,59063,1964
46986,79438,1963
46987,80893,1969
46988,44792,1972
46989,82074,1977
46990,78875,1953
46991,47692,1956
46992,66220,1959
46994,56563,1955
46996,64167,1969
46998,-666666666,1987
47001,75886,1973
47003,80179,1968
47006,72559,1980
47010,-666666666,1993
47011,67981,1993
47012,84958,1980
47016,69880,1951
47017,94926,1992
47018,61085,1970
47020,71875,1987
47021,-666666666,-666666666
47022,93633,1985
47023,68750,1983
47024,57316,1982
47025,92951,1989
47030,-666666666,1968
47031,70575,1978
47032,66950,1977
47033,-666666666,-666666666
47034,66667,1962
47035,36696,1938
47036,98300,1991
47037,73209,1969
47038,46101,1993
47040,75014,1975
47041,81016,1989
47042,75580,1980
47043,75123,1981
47060,86118,1988
47102,41583,1976
47104,-666666666,-666666666
47106,87344,1991
47108,59236,1980
47110,-666666666,1994
47111,95376,1997
47112,70903,1992
47114,103427,1978
47115,88229,1990
47116,63472,1983
47117,86853,1983
47118,41579,1988
47119,119410,1990
47120,42440,1989
47122,107500,1994
47123,20795,1948
47124,121188,1994
47125,73421,1984
47126,106875,2002
47129,56185,1968
47130,70290,1981
47135,48611,1988
47136,91333,1986
47137,65505,1982
47138,86335,1981
47140,65718,1975
47141,108523,1995
47142,89453,1987
47143,138382,2001
47145,48434,1990
47147,110556,1995
47150,62820,1970
47160,66250,1938
47161,79914,1991
47162,59444,1990
47163,59837,1986
47164,63389,1986
47165,79744,1990
47166,71875,1972
47167,60673,1975
47170,57634,1986
47172,82503,1995
47174,-666666666,1982
47175,-666666666,1986
47177,83542,1988
47201,83958,1983
47203,72112,1978
47220,69242,1979
47223,90505,1988
47224,61618,2002
47225,-666666666,-666666666
47226,58750,1965
47227,79398,1980
47229,62950,1971
47230,80729,1982
47231,42332,1982
47232,70938,1978
47234,101708,1965
47235,73963,1994
47236,-666666666,1952
47240,69985,1973
47243,65197,1974
47244,80278,1966
47246,94375,1967
47247,55179,1938
47250,61284,1972
47260,73370,1975
47263,68750,1971
47264,57917,1981
47265,68191,1980
47270,83387,2001
47272,75117,1971
47273,78670,1986
47274,71457,1979
47280,-666666666,1967
47281,96250,1987
47282,78750,1938
47283,74028,1972
47302,47837,1960
47303,47674,1966
47304,63215,1975
47305,36389,1938
47306,-666666666,-666666666
47320,69764,1967
47324,70893,1938
47325,66189,1991
47326,48438,1965
47327,68088,1955
47330,67250,1972
47331,58967,1962
47334,71815,1969
47335,43750,1947
47336,50633,1958
47337,57250,1960
47338,68239,1960
47339,70833,1989
47340,63205,1967
47341,81750,1961
47342,75030,1970
47344,-666666666,1938
47345,73750,1938
47346,70000,1956
47348,50426,1959
47351,57813,1955
47352,66250,1952
47353,76754,1967
47354,66566,1963
47355,73133,1958
47356,67049,1966
47357,99028,1948
47358,79063,1949
47359,71607,1966
47360,76250,1966
47361,53333,1938
47362,60258,1961
47366,-666666666,-666666666
47367,-666666666,1993
47368,73654,1972
47369,32917,1959
47370,40000,1938
47371,64000,1958
47373,51532,1962
47374,50766,1959
47380,57000,1956
47381,44464,1970
47382,48750,1938
47383,61250,1965
47384,74167,1953
47385,103406,1949
47386,79157,1973
47387,86818,1952
47388,48125,1951
47390,50417,1949
47392,107664,1966
47393,71111,1960
47394,59913,1957
47396,78125,1970
47401,66906,1988
47403,70582,1990
47404,61389,1987
47405,-666666666,-666666666
47406,-666666666,2013
47408,45644,1978
47420,113333,1984
47421,68108,1967
47424,72558,1980
47427,74920,1957
47429,92378,1987
47431,61948,1992
47432,65723,1971
47433,59520,1983
47434,-666666666,-666666666
47435,-666666666,-666666666
47436,75278,1983
47437,-666666666,-666666666
47438,56941,1973
47441,47636,1974
47443,58274,1975
47445,78548,1938
47446,50337,1986
47448,72537,1983
47449,50417,1973
47451,60938,1963
47452,74484,1979
47453,60417,1990
47454,52200,1980
47455,-666666666,-666666666
47456,69896,1979
47457,-666666666,-666666666
47458,-666666666,-666666666
47459,76061,1991
47460,68447,1979
47462,93785,1990
47464,64464,1938
47465,53750,1976
47467,-666666666,-666666666
47468,92880,1976
47469,63529,1983
47470,90750,1992
47471,69609,1963
47501,62982,1968
47512,57857,1938
47513,66615,1991
47514,163438,2001
47515,71016,1986
47516,76250,1970
47519,75588,1982
47520,50882,1972
47521,99821,1987
47522,46719,1955
47523,66548,1972
47524,-666666666,1938
47525,-666666666,1967
47527,91169,1981
47528,57692,1938
47529,69135,1959
47531,140595,1968
47532,84750,1977
47535,70236,1954
47537,49128,1988
47541,78409,1974
47542,77574,1978
47546,73659,1982
47550,80625,1971
47551,68859,1994
47552,146141,1997
47553,74234,1984
47557,84375,1967
47558,91184,1995
47561,45911,1975
47562,71250,1982
47564,58056,1973
47567,72665,1972
47568,53125,1959
47573,-666666666,-666666666
47574,-666666666,1978
47575,125625,1988
47576,121250,2001
47577,52208,1963
47578,56641,1974
47579,87926,1994
47580,-666666666,1964
47581,59776,1984
47584,53250,1938
47585,88141,1973
47586,60587,1972
47588,57315,1977
47590,104773,1984
47591,61803,1965
47596,93958,1962
47597,56953,1945
47598,68601,1964
47601,78663,1973
47610,78259,1976
47611,56875,1957
47612,73438,1946
47613,112112,1975
47615,66458,1975
47616,79375,1942
47619,64188,1975
47620,75681,1974
47630,94162,1992
47631,66058,1971
47633,68971,1975
47634,70781,1969
47635,66286,1978
47637,61298,1976
47638,93958,1986
47639,97930,1986
47640,67500,1966
47648,65000,1975
47649,63060,1972
47654,-666666666,1938
47660,57472,1966
47665,68625,1989
47666,63209,1976
47670,64907,1973
47683,-666666666,1985
47708,55377,1938
47710,47292,1963
47711,66320,1963
47712,68494,1969
47713,40873,1944
47714,55910,1958
47715,60897,1983
47720,75139,1968
47725,104088,2002
47802,57395,1977
47803,60565,1963
47804,40674,1946
47805,72411,1975
47807,24706,1950
47809,-666666666,-666666666
47831,-666666666,-666666666
47832,78125,1971
47833,67679,1991
47834,68578,1973
47836,-666666666,2001
47837,77500,1990
47838,61875,1973
47840,102991,1979
47841,71346,1965
47842,56750,1958
47845,-666666666,1959
47846,77228,1971
47847,53924,1943
47848,60581,1974
47849,68000,1993
47850,54050,1970
47851,-666666666,-666666666
47853,54583,1991
47854,86509,1973
47855,47102,1955
47857,60417,1969
47858,49473,1938
47859,74583,1991
47860,39706,1938
47861,56484,1983
47862,65625,1964
47863,-666666666,1956
47865,-666666666,-666666666
47866,81681,1963
47868,51409,1986
47869,-666666666,-666666666
47870,-666666666,-666666666
47871,77083,1956
47872,70781,1973
47874,50168,1972
47875,-666666666,-666666666
47876,-666666666,-666666666
47879,54750,1980
47880,-666666666,-666666666
47881,51146,1976
47882,57637,1971
47884,59167,1948
47885,67588,1970
47901,47206,1938
47904,51687,1951
47905,65861,1982
47906,53103,1999
47907,-666666666,-666666666
47909,68035,1991
47916,-666666666,1938
47917,66250,1944
47918,70317,1964
47920,90441,1976
47921,100455,1957
47922,61033,1952
47923,80205,1974
47924,-666666666,-666666666
47925,-666666666,-666666666
47926,77917,1967
47928,52275,1975
47929,73036,1950
47930,60719,1962
47932,59811,1971
47933,68130,1970
47940,70711,1949
47941,78553,1980
47942,84125,1955
47943,77857,2005
47944,55242,1952
47946,79457,1966
47948,59293,1938
47949,76429,1958
47950,49271,1981
47951,66156,1949
47952,53409,1977
47954,81364,1955
47955,71591,1962
47957,61002,1981
47958,86000,1974
47959,48750,1959
47960,65603,1971
47963,75000,1966
47964,49250,1973
47965,76607,1956
47966,62750,1945
47967,81563,1938
47968,83242,1956
47969,59167,1960
47970,74457,1983
47971,64375,1949
47974,89962,1961
47975,71250,1955
47977,80000,1958
47978,71616,1972
47980,60962,1960
47981,86023,1958
47982,73750,1969
47983,60756,1956
47986,-666666666,-666666666
47987,63333,1953
47989,104048,1938
47990,63198,1967
47991,105842,1973
47992,125526,1991
47993,72455,1968
47994,101891,1974
47995,80179,1944
47997,49861,1938
48001,69160,1973
48002,93948,1985
48003,90452,1989
48005,105734,1977
48006,71385,1990
48009,153401,1960
48014,66800,1985
48015,54703,1960
48017,88812,1958
48021,62325,1954
48022,96809,1987
48023,70469,1986
48025,185000,1960
48026,64354,1972
48027,90417,1991
48028,109730,1968
48030,67073,1955
48032,96875,1993
48033,61016,1972
48034,62938,1976
48035,73015,1970
48036,70071,1977
48038,78567,1987
48039,82755,1957
48040,66901,1978
48041,75677,1981
48042,126667,2002
48043,52161,1955
48044,117856,1998
48045,80366,1980
48047,94890,1992
48048,70938,2001
48049,84028,1978
48050,91136,1983
48051,90968,1997
48054,83241,1984
48059,80062,1979
48060,53018,1959
48062,82045,1980
48063,93844,1992
48064,87538,1977
48065,106053,1980
48066,62182,1961
48067,112840,1952
48069,171125,1938
48070,190150,1952
48071,69503,1961
48072,116239,1949
48073,91627,1958
48074,71047,1983
48075,65384,1966
48076,90058,1964
48079,79891,1978
48080,66986,1958
48081,82009,1957
48082,74806,1958
48083,90794,1976
48084,107098,1975
48085,146390,1977
48088,81601,1966
48089,52366,1962
48091,54230,1964
48092,73808,1967
48093,68218,1967
48094,98017,1998
48095,107393,1979
48096,117917,1972
48097,63659,1973
48098,164759,1982
48101,81655,1955
48103,116194,1977
48104,64231,1965
48105,94774,1984
48108,89355,1987
48109,14093,1986
48111,76595,1982
48114,124063,1987
48116,106763,1986
48117,78942,1979
48118,88278,1979
48120,66006,1966
48122,42185,1950
48124,81796,1953
48125,60195,1955
48126,42140,1950
48127,60742,1959
48128,101037,1949
48130,129254,1994
48131,85747,1995
48133,74388,1974
48134,92076,1995
48135,67294,1956
48137,78973,1977
48138,126582,1971
48139,47188,1951
48140,109257,1971
48141,39252,1957
48143,-666666666,-666666666
48144,101410,1983
48145,83204,1969
48146,58616,1954
48150,97997,1957
48152,88288,1971
48154,104867,1965
48157,61641,1959
48158,94784,1976
48159,74519,1955
48160,103453,1972
48161,67414,1969
48162,67876,1967
48164,107827,1992
48165,106220,1997
48166,69592,1995
48167,124630,1980
48168,187589,1999
48169,109329,1989
48170,114278,1975
48173,94094,1977
48174,67056,1975
48176,114206,1989
48177,81818,1960
48178,131558,1996
48179,77095,1978
48180,61081,1963
48182,84375,1979
48183,83508,1973
48184,59171,1958
48185,60854,1972
48186,65187,1964
48187,120321,1981
48188,122781,1996
48189,87145,1985
48190,76875,1938
48191,102833,1996
48192,71987,1951
48193,74566,1973
48195,66118,1963
48197,73737,1981
48198,63326,1970
48201,24749,1967
48202,43627,1938
48203,38404,1944
48204,34468,1938
48205,38966,1950
48206,45046,1938
48207,47831,1967
48208,36194,1938
48209,43161,1938
48210,37838,1938
48211,35725,1938
48212,38186,1938
48213,34003,1942
48214,33544,1938
48215,33812,1950
48216,44335,1938
48217,44447,1951
48218,41033,1941
48219,43655,1954
48220,89881,1947
48221,57878,1944
48223,44512,1951
48224,44856,1945
48225,61750,1955
48226,64860,1963
48227,36527,1945
48228,30680,1949
48229,40264,1954
48230,137310,1938
48233,-666666666,-666666666
48234,35322,1950
48235,39265,1953
48236,128242,1952
48237,71510,1958
48238,33315,1942
48239,71151,1955
48240,60390,1955
48242,-666666666,-666666666
48243,-666666666,-666666666
48301,167143,1962
48302,178103,1972
48304,143204,1970
48306,163684,1991
48307,106576,1984
48309,121007,1982
48310,78058,1977
48312,68061,1972
48313,88065,1977
48314,85889,1994
48315,100684,1994
48316,107776,1993
48317,72917,1977
48320,78150,1971
48322,113865,1982
48323,144457,1978
48324,142100,1977
48326,85190,1991
48327,74788,1978
48328,72299,1970
48329,85709,1966
48331,127633,1984
48334,102228,1971
48335,99439,1982
48336,88938,1967
48340,47891,1966
48341,51390,1956
48342,35253,1962
48346,101477,1982
48348,129410,1991
48350,110042,1987
48353,105964,1986
48356,103872,1975
48357,94954,1985
48359,93125,1992
48360,140865,1992
48362,115230,1977
48363,179375,1995
48367,110405,1990
48370,131111,1979
48371,111239,1995
48374,182827,2000
48375,112545,1982
48377,83104,2001
48380,131979,1990
48381,105213,1985
48382,137768,1987
48383,102072,1986
48386,89702,1982
48390,91381,1989
48393,65962,1984
48401,70536,1975
48410,55250,1938
48411,-666666666,-666666666
48412,79534,1975
48413,58346,1970
48414,68214,1971
48415,79067,1975
48416,66474,1976
48417,72422,1974
48418,74547,1981
48419,59485,1975
48420,66063,1973
48421,71114,1974
48422,57899,1978
48423,65079,1978
48426,62169,1964
48427,56842,1968
48428,100033,1984
48429,67725,1970
48430,100193,1986
48432,63661,1968
48433,81513,1974
48434,40938,1959
48435,86905,1979
48436,94487,1978
48437,40864,1978
48438,106796,1981
48439,88490,1983
48440,153173,1993
48441,50765,1962
48442,86575,1988
48444,71436,1980
48445,51645,1966
48446,66062,1977
48449,69545,1973
48450,52962,1963
48451,99943,1990
48453,53676,1968
48454,62639,1978
48455,103835,1984
48456,62321,1955
48457,71090,1972
48458,46797,1965
48460,80000,1971
48461,78453,1981
48462,105699,1980
48463,72500,1971
48464,81417,1969
48465,73750,1974
48466,59241,1973
48467,53750,1975
48468,63000,1971
48469,56023,1974
48470,58594,1957
48471,62844,1969
48472,61000,1967
48473,77921,1979
48475,61719,1972
48476,70000,1957
48502,50000,1938
48503,44411,1953
48504,38719,1955
48505,33283,1955
48506,47929,1958
48507,46554,1963
48509,64160,1957
48519,64351,1975
48529,41333,1959
48532,61998,1970
48601,38900,1958
48602,46984,1946
48603,66352,1978
48604,53042,1963
48607,37973,1938
48609,78218,1976
48610,59091,1982
48611,87963,1972
48612,55761,1981
48613,58846,1980
48614,63393,1977
48615,70000,1968
48616,66819,1971
48617,58321,1973
48618,61968,1978
48619,46422,1974
48620,99231,1993
48621,51304,1977
48622,56804,1979
48623,101250,1991
48624,55130,1980
48625,43030,1973
48626,84360,1975
48627,-666666666,1973
48628,93854,1983
48629,56520,1977
48630,62019,1956
48631,74398,1973
48632,57036,1985
48633,48261,1975
48634,87992,1967
48635,57500,1974
48636,65870,1968
48637,65865,1967
48638,69459,1972
48640,80574,1973
48642,77847,1976
48647,47281,1973
48649,72609,1977
48650,61911,1971
48651,43712,1975
48652,69766,1988
48653,65913,1979
48654,45202,1973
48655,66115,1971
48656,47750,1974
48657,72500,1983
48658,53750,1973
48659,58750,1978
48661,61377,1978
48662,70321,1968
48701,62969,1957
48703,64792,1976
48705,65104,1980
48706,62747,1965
48708,50518,1945
48710,-666666666,-666666666
48720,60250,1957
48721,60500,1984
48722,66473,1967
48723,55779,1973
48724,34512,1955
48725,60298,1970
48726,65087,1969
48727,64583,1970
48728,46250,1968
48729,60776,1978
48730,49823,1970
48731,53021,1962
48732,57903,1969
48733,60500,1957
48734,91032,1975
48735,61364,1963
48737,38000,1976
48738,63462,1971
48739,52802,1971
48740,54393,1974
48741,59107,1974
48742,66477,1975
48743,-666666666,1974
48744,67944,1973
48745,49844,1977
48746,67276,1970
48747,81458,1953
48748,58750,1971
48749,51544,1981
48750,45561,1971
48754,77500,1958
48755,61964,1967
48756,46008,1973
48757,73832,1964
48759,65222,1955
48760,54643,1964
48761,47188,1972
48762,73421,1975
48763,59677,1973
48765,45000,1972
48766,56583,1973
48767,77938,1952
48768,64413,1973
48770,49957,1975
48801,58750,1968
48806,61375,1961
48807,60825,1971
48808,78370,1990
48809,71071,1967
48811,70625,1964
48813,80429,1975
48815,85962,1982
48816,48978,1938
48817,55194,1968
48818,55924,1974
48819,110833,1977
48820,112526,1991
48821,107440,1980
48822,91299,1989
48823,52018,1980
48824,-666666666,-666666666
48825,-666666666,-666666666
48827,78257,1974
48829,63750,1970
48831,63299,1961
48832,73393,1974
48834,53958,1981
48835,81964,1955
48836,90592,1991
48837,96517,1978
48838,70176,1976
48840,73408,1979
48841,60156,1949
48842,88340,1985
48843,94577,1995
48845,86042,1949
48846,66742,1962
48847,66264,1959
48848,94519,1979
48849,80313,1965
48850,68047,1976
48851,65726,1962
48852,41875,1938
48853,51607,1938
48854,94716,1977
48855,108442,1995
48856,91413,1940
48857,75455,1986
48858,51267,1986
48859,-666666666,-666666666
48860,50600,1970
48861,89412,1963
48862,51563,1938
48864,121103,1984
48865,70039,1977
48866,65281,1970
48867,59825,1961
48870,34290,1938
48871,84803,1977
48872,79333,1980
48873,86250,1976
48874,75774,1938
48875,94216,1978
48876,74594,1988
48877,64653,1983
48878,57656,1975
48879,79129,1973
48880,59922,1969
48881,78607,1980
48883,65223,1979
48884,62750,1979
48885,71389,1968
48886,61667,1975
48888,57500,1976
48889,60200,1974
48890,79444,1973
48891,51429,1980
48892,89125,1976
48893,73108,1985
48894,101923,1970
48895,93418,1978
48896,136136,1954
48897,69531,1938
48906,64315,1957
48910,54712,1957
48911,56631,1973
48912,54429,1957
48915,54465,1938
48917,70990,1976
48933,33589,1954
49001,56432,1951
49002,73647,1974
49004,73453,1969
49006,43639,1974
49007,39344,1938
49008,74943,1959
49009,80930,1991
49010,74370,1974
49011,59722,1971
49012,73125,1971
49013,55349,1971
49014,69009,1963
49015,68821,1962
49017,60885,1960
49021,82959,1969
49022,39499,1961
49024,91105,1980
49026,68203,1982
49027,108333,1953
49028,60127,1963
49029,75188,1976
49030,69167,1963
49031,66944,1977
49032,66420,1976
49033,94750,1976
49034,73929,1975
49036,62259,1972
49037,42690,1958
49038,62636,1965
49040,64306,1963
49042,72910,1972
49043,36280,1977
49045,57436,1966
49046,86054,1972
49047,62963,1964
49048,60454,1964
49050,75089,1973
49051,74886,1978
49052,63889,1975
49053,85909,1980
49055,62083,1982
49056,63438,1977
49057,51345,1973
49058,68214,1969
49060,134861,1984
49061,79229,1972
49063,-666666666,-666666666
49064,68607,1970
49065,71447,1979
49066,69236,1951
49067,74583,1974
49068,80857,1965
49070,68750,1976
49071,108629,1994
49072,63875,1962
49073,67604,1971
49074,33750,1962
49075,105147,1938
49076,74440,1973
49078,77778,1970
49079,73333,1980
49080,74864,1978
49082,74063,1967
49083,105496,1987
49084,54375,1952
49085,104969,1969
49087,106250,1981
49088,100208,1974
49089,69286,1967
49090,68920,1975
49091,67333,1967
49092,64211,1953
49093,63118,1972
49094,65404,1962
49095,83393,1972
49096,73929,1974
49097,88208,1978
49098,59047,1968
49099,70307,1975
49101,75048,1977
49102,63000,1977
49103,65827,1972
49104,-666666666,-666666666
49106,72500,1973
49107,66289,1965
49111,70915,1965
49112,61785,1978
49113,59219,1965
49115,-666666666,1938
49116,127857,1968
49117,75114,1976
49119,56513,1938
49120,65148,1964
49125,79766,1965
49126,76875,1970
49127,93338,1977
49128,67398,1965
49129,106181,1961
49130,76667,1971
49201,74484,1974
49202,42632,1955
49203,56201,1955
49220,72500,1989
49221,65977,1968
49224,53144,1955
49227,53587,1972
49228,82703,1938
49229,94950,1970
49230,83458,1975
49232,56324,1974
49233,81250,1980
49234,110313,1964
49235,64219,1953
49236,79783,1971
49237,66956,1968
49238,75054,1945
49240,99681,1982
49241,81742,1969
49242,61029,1964
49245,62206,1963
49246,81908,1977
49247,59787,1956
49248,81250,1942
49249,82407,1987
49250,65744,1971
49251,85253,1972
49252,55762,1970
49253,89069,1968
49254,63750,1955
49255,51346,1966
49256,62880,1951
49258,-666666666,-666666666
49259,66500,1981
49261,91875,1958
49262,54423,1959
49263,-666666666,-666666666
49264,92188,1991
49265,77931,1983
49266,66173,1974
49267,97961,1965
49268,80833,1948
49269,86699,1977
49270,94840,1973
49271,56389,1962
49272,84107,1977
49274,58087,1972
49276,73750,1956
49277,91912,1986
49279,71364,1959
49282,34911,1999
49283,108464,1978
49284,57500,1963
49285,73375,1983
49286,72429,1976
49287,88068,1958
49288,66833,1938
49289,-666666666,1938
49301,183125,1993
49302,134722,1992
49303,78917,1983
49304,45991,1973
49305,51875,1976
49306,115039,1994
49307,60358,1976
49309,42566,1973
49310,64420,1982
49312,40694,1983
49315,113346,2000
49316,103238,2000
49318,81591,1965
49319,78951,1992
49320,63929,1977
49321,77870,1987
49322,73750,1954
49323,98745,1987
49325,90472,1981
49326,84000,1985
49327,69697,1985
49328,94340,1983
49329,74235,1993
49330,75794,1981
49331,91800,1986
49332,59509,1976
49333,89214,1993
49335,116466,1951
49336,54522,1983
49337,67526,1979
49338,69375,1983
49339,86611,1996
49340,54417,1982
49341,113989,1994
49342,53971,1981
49343,80408,1985
49344,84661,1975
49345,85463,1984
49346,72975,1988
49347,91477,1974
49348,82512,1991
49349,54028,1979
49401,74880,2003
49402,51324,1977
49403,85000,1970
49404,86096,1984
49405,70139,1974
49406,102500,1990
49408,73452,1985
49409,-666666666,-666666666
49410,61515,1977
49411,61857,1978
49412,66741,1971
49415,81908,1978
49417,83405,1981
49418,84846,1990
49419,98324,1989
49420,58841,1970
49421,53555,1979
49423,81858,1972
49424,85478,1990
49425,62841,1976
49426,112234,1997
49428,100225,1977
49430,-666666666,-666666666
49431,66336,1976
49434,178942,2002
49435,103432,1977
49436,67279,1981
49437,82805,1974
49440,46808,1953
49441,67427,1963
49442,48563,1963
49443,-666666666,-666666666
49444,53054,1961
49445,84877,1975
49446,65217,1981
49448,86458,1985
49449,80917,1978
49450,50102,1989
49451,71563,1982
49452,55441,1984
49453,110139,1990
49454,61280,1971
49455,63621,1975
49456,92672,1985
49457,78225,1991
49458,113077,1993
49459,55806,1981
49460,101966,1997
49461,83363,1979
49464,98319,1991
49503,64661,1938
49504,70119,1950
49505,74906,1957
49506,118131,1953
49507,61461,1941
49508,70120,1979
49509,65132,1960
49512,71329,1994
49519,73762,1974
49525,94037,1983
49534,81657,1988
49544,74390,1983
49546,99343,1980
49548,61636,1971
49601,63498,1977
49611,101304,1957
49612,85156,1976
49613,77955,1977
49614,72250,1977
49615,79469,1980
49616,57982,1977
49617,74207,1986
49618,53654,1981
49619,62574,1976
49620,75192,1993
49621,95446,1987
49622,70098,1977
49623,60147,1983
49625,52583,1986
49626,50208,1963
49627,56196,1974
49628,114375,1943
49629,65302,1968
49630,106375,1995
49631,47174,1976
49632,46696,1977
49633,73681,1980
49634,47083,1953
49635,72422,1975
49636,119688,1992
49637,75000,1989
49638,45625,1982
49639,64388,1982
49640,83214,1977
49642,26950,1975
49643,81222,1991
49644,54013,1983
49645,56300,1975
49646,64863,1978
49648,93272,1988
49649,74656,1989
49650,87500,1994
49651,66406,1980
49653,85787,1987
49654,136563,1969
49655,65556,1985
49656,56656,1976
49657,76250,1979
49659,62308,1985
49660,65205,1966
49663,55733,1984
49664,77500,1988
49665,54265,1976
49667,45500,1977
49668,57583,1982
49670,116133,1981
49674,124803,1983
49675,64844,1971
49676,75781,1984
49677,59112,1974
49679,62120,1978
49680,77216,1988
49682,97813,1990
49683,61250,1990
49684,80788,1982
49685,84590,1993
49686,71609,1983
49688,63875,1979
49689,64070,1978
49690,108712,1988
49696,94803,1990
49701,44583,1971
49705,77500,1984
49706,76906,1987
49707,51396,1966
49709,51154,1974
49710,77656,1959
49712,74033,1982
49713,82563,1979
49715,63494,1987
49716,100179,1991
49717,-666666666,2002
49718,48750,1977
49719,75156,1972
49720,77603,1980
49721,61174,1977
49722,87721,1995
49724,82321,1983
49725,55139,1977
49726,67232,1992
49727,70865,1984
49728,60909,1984
49729,77870,1969
49730,79679,1992
49733,66318,1987
49735,70819,1983
49736,49688,1977
49738,59708,1979
49740,89250,1984
49743,52969,1971
49744,77500,1975
49745,44063,1976
49746,47432,1977
49747,73233,1972
49748,56250,1987
49749,65608,1983
49751,62008,1976
49752,62460,1990
49753,57292,1975
49755,65789,1984
49756,53333,1977
49757,95000,1969
49759,56944,1975
49760,58958,1981
49762,57692,1976
49764,-666666666,-666666666
49765,57404,1976
49766,61346,1973
49768,73750,1987
49769,67558,1988
49770,79590,1984
49774,84900,1978
49775,132500,1987
49776,59000,1968
49777,85781,1985
49779,53465,1963
49780,69375,1975
49781,64152,1976
49782,75938,1983
49783,60658,1970
49784,-666666666,-666666666
49788,57524,1962
49791,59750,1965
49793,39167,1969
49795,57019,1984
49796,87434,1978
49799,58235,1991
49801,67337,1966
49802,62209,1966
49805,43819,1941
49806,85625,1972
49807,75329,1979
49808,52438,1966
49812,51250,1973
49814,77356,1968
49815,63854,1974
49816,70750,1975
49817,63984,1977
49818,61528,1983
49820,-666666666,1977
49821,58750,1970
49822,58214,1976
49825,77250,1974
49826,61107,1993
49827,46827,1974
49829,50277,1958
49831,66750,1981
49833,73571,1972
49834,65000,1969
49835,51429,1977
49836,85500,1984
49837,64306,1975
49838,40000,1981
49839,47292,1979
49840,61250,1975
49841,60568,1970
49847,66250,1970
49848,38750,1975
49849,67518,1957
49852,83438,1938
49853,54563,1980
49854,55944,1972
49855,62083,1973
49858,53186,1960
49861,61875,1972
49862,61340,1971
49863,32961,1944
49864,103750,1969
49866,85019,1970
49868,55074,1974
49870,75179,1962
49871,63125,1946
49872,53281,1960
49873,49375,1980
49874,62500,1978
49876,39853,1974
49877,81458,1982
49878,71136,1976
49879,49471,1972
49880,64013,1972
49881,85625,1978
49883,53289,1988
49884,60063,1983
49885,81172,1977
49886,77500,1974
49887,58375,1974
49891,46063,1970
49892,74926,1980
49893,63125,1978
49894,93828,1964
49895,47115,1983
49896,56167,1989
49901,47639,1938
49902,39115,1945
49903,41818,1978
49905,77617,1976
49908,63281,1974
49910,39583,1978
49911,57000,1949
49912,57148,1969
49913,53571,1938
49915,35000,1946
49916,74625,1972
49917,52917,1938
49918,67188,1965
49919,49423,1967
49920,63605,1968
49921,-666666666,1968
49922,55313,1959
49925,56250,1965
49927,47500,1963
49929,42708,1961
49930,72314,1959
49931,50408,1976
49934,47386,1938
49935,57236,1959
49938,46606,1948
49942,54722,2011
49945,59453,1966
49946,55341,1974
49947,48750,1975
49948,73063,1950
49950,53250,1968
49952,79583,1974
49953,59375,1959
49955,64402,1938
49958,40893,1958
49959,47500,1938
49960,44018,1938
49961,53750,1961
49962,62000,1978
49963,58958,1938
49965,78295,1967
49967,43750,1973
49968,55759,1952
49969,67188,1978
49970,60536,1955
49971,39861,1963
50001,131875,1986
50002,79071,1958
50003,103114,1997
50005,76696,1945
50006,69783,1958
50007,120417,1978
50008,75417,1960
50009,88447,1997
50010,65398,1979
50012,-666666666,-666666666
50013,-666666666,-666666666
50014,60731,1997
50020,75417,1950
50021,99572,2002
50022,63125,1959
50023,117826,2008
50025,52438,1956
50026,68750,1938
50027,52976,1938
50028,72022,1971
50029,57125,1938
50031,73750,1938
50032,-666666666,1971
50033,56250,1970
50034,76250,1963
50035,134906,2008
50036,79255,1959
50038,82188,2003
50039,86250,1961
50040,49375,1938
50041,-666666666,-666666666
50042,92500,1938
50044,75417,1971
50046,81500,1971
50047,106389,1976
50048,54688,1938
50049,61190,1962
50050,64432,1952
50051,60000,1946
50052,93125,1943
50054,89940,1965
50055,85278,1971
50056,73333,1962
50057,118882,1938
50058,80119,1942
50060,63438,1966
50061,130714,2002
50062,51146,1963
50063,109722,1974
50064,96635,1944
50065,49423,1978
50066,66406,1951
50067,43750,1978
50068,36500,1977
50069,98056,1976
50070,92083,1964
50071,83036,1938
50072,111250,1978
50073,100972,1995
50074,121094,1990
50075,81250,1950
50076,55313,1940
50078,52500,1938
50101,173542,1938
50102,-666666666,1938
50103,64063,1962
50104,55625,1956
50105,130083,1978
50106,101193,1951
50107,69022,1952
50108,38125,1938
50109,118669,1998
50110,57250,1938
50111,120769,2008
50112,67078,1970
50115,73848,1951
50116,47143,1988
50117,104167,1938
50118,73750,1973
50119,59750,1976
50120,142662,1977
50122,81739,1944
50123,62500,1972
50124,114904,1999
50125,84848,1982
50126,55185,1959
50127,-666666666,-666666666
50128,61250,1938
50129,60671,1958
50130,78594,1954
50131,106551,2004
50132,83056,1942
50133,58375,1966
50134,111250,1965
50135,65250,1959
50136,75625,1938
50137,-666666666,1954
50138,74693,1973
50139,72400,1966
50140,57443,1975
50141,77500,1952
50142,76250,1974
50143,86023,1959
50144,63333,1963
50145,50962,1953
50146,109261,1964
50147,38281,1958
50148,84083,1954
50149,59167,1944
50150,63516,1963
50151,91061,1972
50152,93750,1938
50153,73798,1950
50154,69219,1971
50155,33125,1943
50156,98054,1965
50157,115000,1982
50158,70367,1958
50160,57500,1971
50161,98519,1973
50162,71417,1962
50163,73618,1943
50164,80188,1938
50165,89375,1955
50166,107279,1973
50167,70167,1948
50168,113750,1978
50169,83938,1971
50170,88704,1967
50171,65000,1976
50173,96250,1973
50174,67250,1973
50201,81027,1973
50206,79306,1938
50207,76053,1955
50208,62306,1964
50210,87813,1977
50211,103712,2000
50212,81838,1959
50213,73026,1975
50214,-666666666,1975
50216,79635,1983
50217,66771,1938
50218,82969,1976
50219,86807,1977
50220,71671,1962
50222,100568,1971
50223,47222,1938
50225,69923,1973
50226,153011,2001
50227,38611,1938
50228,90833,1972
50229,123164,2000
50230,87778,1938
50231,72321,1938
50232,87667,1944
50233,78984,1950
50234,78750,1961
50235,89583,1960
50236,85046,1956
50237,101806,1991
50238,59625,1948
50239,151250,1938
50240,107563,1982
50241,77500,1973
50242,67104,1938
50243,80938,1973
50244,120313,1973
50246,61324,1953
50247,91875,1961
50248,100864,1973
50249,60761,1962
50250,71083,1972
50251,91061,1963
50252,112292,1986
50254,64211,1975
50255,39722,1938
50256,83438,1972
50257,94375,1970
50258,83988,1962
50261,155278,1985
50262,81875,1962
50263,102762,2011
50264,64545,1982
50265,85915,1984
50266,87025,2002
50268,59118,1938
50269,92813,1959
50271,82656,1938
50272,45000,1938
50273,82633,1978
50274,71667,1938
50275,72232,1975
50276,91827,1971
50277,90625,1948
50278,74306,1956
50309,56777,1992
50310,76381,1956
50311,61957,1938
50312,92242,1945
50313,68361,1953
50314,39950,1938
50315,60590,1963
50316,56090,1952
50317,65617,1963
50319,-666666666,-666666666
50320,85105,1995
50321,80351,1982
50322,92085,1979
50323,175944,2009
50324,91707,1960
50325,132121,1995
50327,98333,2000
50401,66072,1956
50420,76250,1953
50421,64438,1968
50423,73151,1958
50424,59091,1956
50426,74107,1938
50427,73091,1938
50428,81037,1973
50430,59265,1938
50431,62917,1944
50432,66875,1950
50433,69167,1949
50434,-666666666,1969
50435,71156,1938
50436,74940,1972
50438,70350,1969
50439,94167,1938
50440,76429,1947
50441,49910,1957
50444,78214,1938
50446,107000,1943
50447,76019,1956
50448,62059,1942
50449,59524,1959
50450,76125,1961
50451,53750,1943
50452,66250,1954
50453,77868,1940
50454,63864,1938
50455,42054,1938
50456,81339,1956
50457,47250,1938
50458,99643,1956
50459,71618,1946
50460,77083,1952
50461,68886,1959
50464,91750,1948
50465,42386,1940
50466,56728,1946
50467,63750,1938
50468,73403,1938
50469,71250,1958
50470,72542,1938
50471,93542,1942
50472,93482,1963
50473,50227,1938
50475,70938,1957
50476,62188,1964
50477,52321,1938
50478,48750,1950
50479,68750,1945
50480,73333,1956
50482,98289,1958
50483,88929,1961
50484,65583,1938
50501,66888,1958
50510,76397,1938
50511,66642,1972
50514,73000,1959
50515,63333,1938
50516,69500,1969
50517,61875,1953
50518,97857,1990
50519,72083,1956
50520,73750,1938
50521,-666666666,1971
50522,67813,1951
50523,85781,1943
50524,104375,1950
50525,67250,1970
50527,-666666666,1951
50528,116429,1954
50529,60417,1970
50530,73250,1953
50531,93036,1938
50532,65000,1959
50533,65595,1952
50535,91995,1943
50536,59261,1960
50538,62344,1953
50539,65417,1938
50540,73438,1942
50541,56364,1958
50542,55000,1938
50543,91563,1944
50544,59620,1938
50545,31429,1938
50546,64583,1938
50548,76214,1969
50551,-666666666,1938
50552,89000,1938
50554,63802,1950
50556,36607,1945
50557,62750,1938
50558,68750,1961
50559,50000,1946
50560,66042,1941
50561,67446,1938
50562,72500,1953
50563,71094,1966
50565,51875,1938
50566,78750,1955
50567,78125,1959
50568,75250,1953
50569,44375,1963
50570,67813,1938
50571,59583,1938
50573,48542,1938
50574,60469,1961
50575,52717,1958
50576,67500,1938
50577,57500,1946
50578,71645,1947
50579,61108,1957
50581,57500,1938
50582,87125,1938
50583,62981,1963
50585,71346,1948
50586,55375,1961
50588,70906,1969
50590,57639,1952
50591,75000,1938
50592,100076,1957
50593,50625,1938
50594,67000,1938
50595,69167,1955
50597,92000,1962
50598,78558,1947
50599,102679,1968
50601,66250,1952
50602,67188,1954
50603,74271,1946
50604,66776,1966
50605,23125,1938
50606,61346,1949
50607,54583,1938
50608,-666666666,-666666666
50609,90250,1938
50611,84250,1945
50612,99602,1983
50613,78503,1975
50616,64830,1961
50619,84076,1938
50620,-666666666,1945
50621,88077,1968
50622,95089,1974
50623,93750,1956
50624,96713,1976
50625,64250,1953
50626,84306,1975
50627,74536,1956
50628,68750,1967
50629,103106,1971
50630,71518,1972
50631,58750,1948
50632,71667,1958
50633,71775,1938
50634,79583,1976
50635,81125,1938
50636,70066,1951
50638,85223,1964
50641,67115,1975
50642,108750,1951
50643,125804,1975
50644,80026,1975
50645,64408,1958
50647,104063,1977
50648,95353,1975
50649,-666666666,-666666666
50650,57500,1952
50651,88333,1963
50652,65000,1956
50653,79250,1962
50654,53264,1964
50655,58750,1957
50657,66250,1964
50658,71936,1969
50659,78153,1963
50660,95969,1971
50662,48646,1952
50664,51741,1954
50665,75521,1971
50666,79867,1949
50667,76711,1974
50668,85956,1942
50669,81650,1954
50670,84679,1962
50671,57212,1938
50672,73333,1938
50673,66875,1938
50674,72794,1938
50675,75938,1954
50676,87115,1938
50677,85633,1975
50680,75956,1961
50681,73333,1938
50682,89375,1967
50701,61475,1970
50702,62021,1959
50703,50060,1952
50707,63441,1963
50801,58015,1961
50830,61094,1968
50831,95625,1953
50833,61042,1952
50835,58125,1945
50836,81500,1954
50837,63000,1947
50839,48750,1948
50840,63125,1941
50841,66875,1955
50842,59583,1970
50843,56125,1938
50845,66563,1945
50846,74200,1955
50847,68125,1955
50848,68250,1938
50849,64821,1950
50851,70926,1960
50853,65208,1944
50854,81250,1959
50857,63500,1953
50858,71250,1962
50859,76875,1953
50860,45250,1938
50861,63125,1943
50862,61953,1944
50863,66125,1950
50864,69861,1957
51001,75404,1968
51002,70625,1966
51003,101250,1970
51004,43882,1944
51005,75938,1956
51006,75625,1942
51007,117125,1972
51008,45000,1972
51009,58750,1944
51010,89063,1958
51011,44375,1948
51012,69531,1963
51014,69688,1938
51015,87500,1943
51016,51875,1938
51018,60833,1938
51019,75000,1950
51020,80066,1963
51022,96505,1945
51023,80357,1966
51024,114219,1990
51025,65543,1959
51026,80500,1950
51027,100893,1960
51028,78000,1957
51029,86042,1938
51030,86167,1976
51031,76525,1973
51033,60625,1955
51034,66375,1956
51035,79338,1961
51036,122841,1938
51037,58958,1940
51038,95893,1954
51039,110000,1969
51040,71179,1961
51041,83643,1974
51044,90417,1971
51045,113750,1960
51046,84125,1950
51047,101000,1938
51048,83158,1938
51049,57120,1944
51050,92500,1958
51051,51563,1938
51052,108750,1962
51053,72534,1938
51054,119716,1995
51055,72143,1968
51056,103313,1952
51058,63036,1938
51060,52500,1938
51061,49375,1938
51062,-666666666,1949
51063,80750,1963
51101,15300,1938
51103,58197,1950
51104,75362,1959
51105,51786,1938
51106,78434,1963
51108,81205,1971
51109,79034,1960
51111,-666666666,-666666666
51201,68799,1966
51230,75625,1938
51231,108058,1957
51232,82917,1938
51234,84318,1964
51235,71016,1984
51237,61667,1956
51238,74000,1955
51239,77540,1973
51240,83929,1977
51241,87446,1975
51242,95625,1972
51243,83750,1961
51244,83365,1938
51245,69531,1962
51246,72400,1970
51247,78358,1982
51248,64375,1966
51249,61500,1957
51250,94119,1978
51301,63402,1971
51331,89167,1997
51333,110833,1972
51334,57482,1956
51338,57500,1950
51340,90250,1960
51341,-666666666,1943
51342,84866,1956
51343,60625,1938
51345,54301,1995
51346,72426,1958
51347,82750,1959
51350,77250,1954
51351,73824,1979
51354,72639,1943
51355,72262,1977
51357,68333,1938
51358,64583,1962
51360,75882,1979
51363,75625,1942
51364,66875,1941
51365,71667,1972
51366,87500,1938
51401,70702,1970
51430,76250,1946
51431,54258,1956
51432,61250,1943
51433,68125,1938
51436,61926,1951
51439,52941,1938
51440,87750,1969
51441,48750,1970
51442,66767,1974
51443,78906,1952
51444,82750,1960
51445,64688,1954
51446,62750,1945
51447,68214,1938
51448,76058,1949
51449,75329,1951
51450,71875,1961
51451,43750,1938
51452,60625,1963
51453,86563,1952
51454,100625,1938
51455,76786,1945
51458,86250,1957
51459,63333,1938
51460,-666666666,1938
51461,73768,1954
51462,69286,1938
51463,78571,1948
51465,72917,1952
51466,71579,1968
51467,81250,1953
51501,59843,1963
51503,79010,1971
51510,85349,1969
51520,60843,1938
51521,73769,1948
51523,82625,1948
51525,82308,1964
51526,95179,1979
51527,64750,1963
51528,63173,1958
51529,61599,1956
51530,73750,1938
51531,59199,1938
51532,65375,1938
51533,68750,1938
51534,93646,1976
51535,76371,1943
51536,101750,1938
51537,65000,1959
51540,84375,1938
51541,91875,1938
51542,118165,1986
51543,72083,1938
51544,48313,1938
51545,70313,1938
51546,86910,1944
51548,114583,2001
51549,72500,1968
51550,77500,1938
51551,85469,1955
51552,90000,1951
51553,96932,1955
51554,102692,1938
51555,85273,1961
51556,60556,1974
51557,76250,1970
51558,77417,1938
51559,74761,1950
51560,75481,1958
51561,113421,1992
51562,81250,1938
51563,69297,1940
51564,78750,1938
51565,103257,1938
51566,56637,1962
51570,77708,1938
51571,95250,1944
51572,69500,1953
51573,86438,1949
51575,112115,1974
51576,110476,1979
51577,71518,1938
51578,77292,1953
51579,72500,1957
51601,62143,1954
51630,70000,1938
51631,54583,1941
51632,55055,1960
51636,63516,1938
51637,72888,1938
51638,59107,1941
51639,84688,1969
51640,65385,1949
51645,217898,1998
51646,73625,1946
51647,23633,1938
51648,59766,1980
51649,58333,1938
51650,49063,1938
51651,62500,1938
51652,82200,1965
51653,71319,1971
51654,90188,1974
51656,83750,1945
52001,61643,1955
52002,91036,1996
52003,98908,1976
52030,66343,1938
52031,86674,1976
52032,88500,1973
52033,69023,1984
52035,62109,1946
52036,85208,1981
52037,90813,1949
52038,56250,1960
52039,79345,1975
52040,84761,1977
52041,89697,1962
52042,95833,1981
52043,76705,1954
52044,75792,1945
52045,91667,1980
52046,96151,1975
52047,59250,1938
52048,56477,1938
52049,61964,1960
52050,67206,1965
52052,61528,1970
52053,83000,1962
52054,103819,1979
52056,83750,1970
52057,69635,1966
52060,68143,1967
52064,74583,1946
52065,99250,1966
52066,51563,1983
52068,125901,1996
52069,75313,1953
52070,79271,1959
52071,44141,1964
52072,62250,1938
52073,95526,1985
52074,86250,1938
52075,53750,1971
52076,72857,1956
52077,77188,1938
52078,97778,1962
52079,101120,1977
52101,73484,1967
52132,100559,1955
52133,76250,1938
52134,63125,1938
52135,88438,1956
52136,70778,1965
52140,72188,1986
52141,64647,1964
52142,56875,1951
52144,84609,1958
52146,61750,1990
52147,77083,1952
52151,69938,1977
52154,58393,1972
52155,57917,1938
52156,99554,1956
52157,52625,1976
52158,47188,1954
52159,74259,1944
52160,85204,1977
52161,87870,1952
52162,64125,1957
52163,78194,1941
52164,48375,1938
52165,85227,1948
52166,110938,1959
52168,54375,1954
52169,52321,1963
52170,72788,1978
52171,94904,1961
52172,68875,1964
52175,59800,1956
52201,93750,1938
52202,105362,1961
52203,101950,1981
52205,72500,1978
52206,116071,1999
52207,59250,1978
52208,74127,1947
52209,86094,1967
52210,70714,1990
52211,73922,1967
52212,110461,1938
52213,98854,1979
52214,86786,1965
52215,61932,1942
52216,67857,1949
52217,83750,1938
52218,82344,1964
52219,45000,1938
52220,-666666666,1944
52221,86473,1938
52222,81964,1938
52223,89250,1982
52224,69805,1952
52225,61944,1938
52227,120230,1998
52228,118125,2002
52229,86500,1938
52231,90893,1962
52232,99391,1941
52233,65575,1991
52235,83333,1977
52236,87958,1964
52237,84063,1956
52240,52960,1984
52241,69243,1995
52242,-666666666,-666666666
52245,78020,1978
52246,62521,1990
52247,91450,1979
52248,77174,1950
52249,75417,1938
52251,87708,1938
52252,-666666666,-666666666
52253,104821,1979
52254,64375,1938
52255,71250,1938
52257,94464,1945
52301,70150,1961
52302,87983,1993
52305,94452,1952
52306,61875,1955
52307,43388,1938
52308,79688,1938
52309,56250,1967
52310,86080,1970
52312,37188,1938
52313,91146,1938
52314,109244,1976
52315,77656,1963
52316,60768,1956
52317,105318,2004
52318,85625,1945
52320,62222,1956
52321,77708,1956
52322,64444,1976
52323,41425,1938
52324,115917,2003
52325,75714,1991
52326,76250,1975
52327,86942,1976
52328,125347,2003
52329,57500,1959
52330,86536,1938
52332,92708,1987
52333,118721,1991
52334,-666666666,1938
52335,52162,1938
52336,91458,1972
52337,66875,1953
52338,119605,1993
52339,67612,1963
52340,98393,2011
52341,91250,1976
52342,57813,1963
52344,-666666666,-666666666
52345,115179,1995
52346,113342,1962
52347,78482,1965
52348,72500,1938
52349,71314,1958
52351,128750,1994
52352,92321,1977
52353,63047,1955
52354,112969,1983
52355,63750,1956
52356,57321,1973
52358,91686,1978
52359,67727,1938
52361,60992,1977
52362,72583,1952
52401,35060,1978
52402,73439,1973
52403,74703,1959
52404,61870,1983
52405,70123,1971
52411,170491,2000
52501,63426,1958
52530,98125,1972
52531,73896,1971
52533,62799,1938
52534,57986,1978
52535,75000,1969
52536,75000,1965
52537,74432,1973
52540,55000,1944
52542,65000,1973
52543,83511,1974
52544,50572,1954
52548,75750,1938
52549,62292,1957
52550,57745,1938
52551,52875,1974
52552,75000,1968
52553,64583,1966
52554,55769,1938
52555,36161,1982
52556,59243,1968
52557,-666666666,-666666666
52560,116500,1982
52561,76058,1974
52562,-666666666,1938
52563,98438,1938
52565,62992,1973
52566,58750,1985
52567,81985,1973
52568,44375,1966
52569,51477,1975
52570,68750,1973
52571,81953,1985
52572,72727,1969
52573,35179,1955
52574,46625,1973
52576,63750,1951
52577,66084,1971
52580,53368,1959
52581,55000,1971
52583,52083,1979
52584,71042,1938
52585,75809,1951
52586,53125,1944
52588,13657,1938
52590,66833,1972
52591,62404,1958
52593,66875,1959
52594,75938,1972
52595,66667,1938
52601,60983,1955
52619,73438,1979
52620,79327,1971
52621,87188,1938
52623,90714,1968
52624,109861,1978
52625,80078,1973
52626,59342,1967
52627,56401,1956
52630,55714,1948
52631,107083,1976
52632,56653,1954
52635,76250,1975
52637,81477,1973
52638,59167,1983
52639,68625,1973
52640,67813,1957
52641,64512,1970
52644,77955,1946
52645,79327,1965
52646,62500,1963
52647,49375,1965
52649,91071,1974
52650,105255,1976
52651,36739,1950
52652,74861,1968
52653,83525,1968
52654,84783,1957
52655,52500,1965
52656,83750,1977
52657,72500,1971
52658,107679,1976
52659,55125,1949
52660,-666666666,1947
52701,-666666666,1965
52720,73571,1971
52721,82143,1938
52722,101546,1979
52726,104250,1980
52727,103188,1959
52728,69239,1958
52729,87500,1954
52730,64543,1972
52731,87727,1953
52732,61105,1954
52737,89875,1969
52738,80385,1967
52739,74375,1973
52742,97946,1973
52745,68750,1968
52746,107813,1971
52747,82313,1964
52748,107869,1994
52749,103424,1993
52750,93155,1970
52751,82143,1945
52752,49545,1971
52753,103813,1976
52754,104250,1955
52755,102434,1974
52756,116250,1979
52757,62500,1943
52758,63333,1953
52759,70568,1938
52760,86397,1971
52761,62098,1968
52765,107321,1938
52766,61865,1938
52767,-666666666,1969
52768,112563,1974
52769,88750,1974
52771,-666666666,1972
52772,81267,1970
52773,85523,1967
52774,71250,1938
52776,79665,1978
52777,60250,1938
52778,82623,1972
52801,31204,1961
52802,54380,1938
52803,64543,1938
52804,65849,1965
52806,74297,1976
52807,72579,1988
53001,92294,1960
53002,117500,1979
53003,61510,1943
53004,84821,1979
53005,126739,1969
53006,88625,1945
53007,60000,1965
53010,95391,1977
53011,90833,1969
53012,96090,1976
53013,84375,1976
53014,79865,1970
53015,88810,1971
53016,70313,1956
53017,153917,1990
53018,124595,1984
53019,84559,1974
53020,89155,1975
53021,89779,1970
53022,100890,1988
53023,87222,1964
53024,92390,1985
53027,91150,1988
53029,108152,1984
53031,-666666666,1938
53032,56085,1964
53033,136786,1989
53034,78661,1968
53035,102449,1979
53036,92674,1996
53037,97611,1997
53038,96127,1992
53039,79103,1966
53040,96096,1986
53042,86389,1975
53044,131250,1964
53045,123750,1983
53046,83889,1995
53047,47000,1973
53048,74464,1987
53049,93424,1975
53050,71985,1963
53051,100031,1980
53057,105909,1965
53058,104444,1981
53059,91114,1975
53061,65898,1967
53063,100000,1970
53065,99583,1971
53066,113114,1983
53069,130722,1973
53070,91557,1973
53072,98538,1992
53073,76442,1973
53074,79423,1973
53075,93750,1970
53076,107414,1979
53078,94688,1974
53079,86667,1972
53080,80360,1976
53081,64042,1960
53083,75203,1978
53085,73703,1975
53086,103426,1993
53088,58125,1953
53089,120875,1991
53090,86152,1979
53091,82750,1981
53092,128156,1980
53093,101429,1973
53094,73443,1964
53095,80830,1977
53097,135929,1982
53098,74431,1976
53099,-666666666,-666666666
53103,137083,1978
53104,112000,1979
53105,88770,1975
53108,86679,1974
53110,66719,1962
53114,72708,1971
53115,72304,1972
53118,108772,1980
53119,117759,1988
53120,96345,1981
53121,85643,1982
53122,157962,1962
53125,112500,1976
53126,101206,1969
53127,-666666666,-666666666
53128,82216,1978
53129,95012,1967
53130,87008,1962
53132,109850,1991
53137,116550,1989
53139,99635,1975
53140,58006,1966
53142,88960,1982
53143,68343,1948
53144,76507,1981
53146,110035,1968
53147,83566,1979
53149,110608,1985
53150,109276,1988
53151,101176,1981
53153,152543,1993
53154,96555,1991
53156,85313,1969
53157,-666666666,-666666666
53158,105868,1999
53167,70054,1938
53168,97035,1975
53170,79931,1976
53172,73427,1958
53176,45962,1972
53177,90769,1975
53178,99875,1977
53179,94460,1992
53181,97804,1977
53182,107068,1983
53183,108827,1978
53184,84413,1978
53185,103225,1989
53186,74588,1974
53188,92409,1980
53189,117008,1986
53190,66069,1979
53191,75833,1977
53192,-666666666,1949
53195,95833,1938
53202,71034,1967
53203,86159,1943
53204,45934,1938
53205,31529,1968
53206,29336,1938
53207,79117,1944
53208,52690,1938
53209,48486,1955
53210,48217,1940
53211,75256,1938
53212,47298,1938
53213,101688,1941
53214,60962,1954
53215,54289,1938
53216,46752,1950
53217,133021,1956
53218,45642,1956
53219,70388,1954
53220,69319,1966
53221,63265,1967
53222,76980,1957
53223,60839,1969
53224,67803,1975
53225,56545,1965
53226,93132,1958
53227,73321,1962
53228,75033,1977
53233,23750,1962
53235,57368,1962
53295,-666666666,-666666666
53402,75751,1964
53403,59820,1953
53404,50428,1956
53405,69242,1956
53406,82792,1983
53501,-666666666,-666666666
53502,87000,1966
53503,87361,1987
53504,83690,1957
53505,91500,1940
53506,59861,1972
53507,113261,1987
53508,99948,1992
53510,82083,1973
53511,67067,1959
53515,92625,1978
53516,85324,1972
53517,84722,1988
53518,62384,1981
53520,75205,1971
53521,108036,1984
53522,81528,1964
53523,102188,1976
53525,79323,1964
53526,79286,1964
53527,133883,2001
53528,106823,1982
53529,107560,1974
53530,69511,1967
53531,105000,1982
53532,110022,1991
53533,77849,1975
53534,89045,1977
53536,87667,1981
53537,59821,1957
53538,82783,1970
53540,61458,1973
53541,58438,1962
53543,77031,1974
53544,100625,1963
53545,73889,1965
53546,75825,1981
53548,76869,1967
53549,80101,1970
53550,73438,1964
53551,94401,1979
53553,64375,1954
53554,74063,1969
53555,119305,1991
53556,67727,1978
53557,91500,1954
53558,107609,1988
53559,93571,1980
53560,98409,1978
53561,91103,1983
53562,101381,1989
53563,89528,1980
53565,84589,1957
53566,74058,1968
53569,89500,1966
53570,87500,1970
53571,65729,1938
53572,108750,1992
53573,64776,1978
53574,106508,1977
53575,107885,1991
53576,63750,1965
53577,96500,1959
53578,105610,1990
53579,79792,1963
53580,61667,1956
53581,64833,1968
53582,89107,1979
53583,97286,1976
53584,-666666666,-666666666
53585,74779,1954
53586,70806,1955
53587,90250,1957
53588,83417,1980
53589,96226,1980
53590,97051,1999
53593,135023,2006
53594,88390,1966
53597,117000,1996
53598,106476,1996
53599,-666666666,1938
53703,47847,1979
53704,74034,1971
53705,88549,1967
53706,6053,1946
53711,100735,1977
53713,58017,1979
53714,71519,1969
53715,38996,1970
53716,91716,1965
53717,98180,1992
53718,102843,2006
53719,92052,1998
53726,47754,1959
53792,-666666666,-666666666
53801,65357,1982
53802,80417,1957
53803,79545,1971
53804,82917,1971
53805,60870,1974
53806,64076,1971
53807,77887,1972
53808,70913,1974
53809,65568,1972
53810,75500,1946
53811,82769,1979
53812,80833,1974
53813,84004,1963
53816,71250,1980
53817,48958,1985
53818,55567,1974
53820,77083,1973
53821,60647,1973
53825,102500,1954
53826,73438,1983
53827,81607,1978
53901,74092,1973
53910,49875,1977
53911,100625,1975
53913,74629,1982
53916,71188,1970
53919,97019,1941
53920,69432,1975
53922,91500,1950
53923,72500,1962
53924,72333,1967
53925,84044,1966
53926,62917,1975
53928,85625,1947
53929,65568,1958
53930,72778,1975
53931,71250,1954
53932,85781,1989
53933,83578,1968
53934,48782,1980
53935,86250,1946
53936,55515,1985
53937,87292,1978
53939,70833,1952
53940,-666666666,-666666666
53941,82537,1983
53942,112292,1944
53943,73000,1959
53944,72614,1992
53946,72450,1967
53947,56250,1978
53948,62829,1976
53949,64611,1977
53950,72768,1991
53951,71970,1971
53952,63750,1983
53953,46250,1958
53954,83207,1984
53955,101134,1976
53956,84231,1963
53959,77924,1990
53960,84911,1974
53961,77298,1949
53962,28333,1981
53963,77631,1968
53964,69306,1976
53965,66667,1987
53968,74479,1959
53969,77222,1960
54001,80344,1979
54002,88275,1987
54003,94352,1978
54004,68182,1980
54005,87813,1980
54006,69688,1968
54007,85398,1977
54009,89861,1991
54011,102636,1977
54013,87500,1975
54014,101667,1977
54015,114293,1994
54016,113085,1995
54017,98571,1993
54020,74702,1990
54021,97321,1986
54022,96642,1987
54023,108466,2000
54024,75417,1982
54025,86930,1998
54026,95833,1984
54027,100750,1980
54028,85341,1984
54082,131146,1992
54101,94500,1993
54102,41917,1975
54103,57604,1978
54104,56286,1983
54106,97500,1981
54107,79815,1972
54110,73685,1972
54111,67396,1986
54112,71141,1971
54113,93490,1975
54114,59217,1980
54115,94721,1997
54119,54375,1981
54120,53906,1984
54121,58750,1978
54123,58750,1990
54124,60703,1971
54125,46429,1973
54126,99310,1978
54127,113750,1938
54128,63661,1974
54129,67381,1979
54130,89131,1981
54135,65652,1985
54136,69495,1974
54137,85714,1976
54138,67000,1988
54139,78013,1975
54140,82472,1980
54141,101553,1994
54143,64491,1963
54149,50250,1986
54150,54464,1983
54151,69511,1970
54152,56607,1957
54153,70684,1966
54154,59767,1975
54155,99597,2008
54156,49625,1981
54157,70469,1973
54159,69375,1978
54160,68750,1956
54161,68415,1978
54162,80594,1989
54165,87048,1976
54166,62791,1976
54169,109524,2001
54170,78889,1978
54171,113698,1999
54173,107708,1992
54174,69878,1976
54175,87614,1991
54177,62991,1981
54180,94375,1995
54201,67542,1967
54202,73784,1989
54204,79803,1980
54205,90781,1977
54207,58125,1938
54208,95509,1980
54209,77188,1990
54210,77159,1977
54211,100938,1954
54212,104531,1994
54213,97292,1974
54214,87500,1977
54215,46000,1956
54216,83813,1962
54217,89489,1979
54220,66035,1962
54227,87500,1968
54228,71842,1969
54229,97135,1993
54230,87688,1962
54232,57895,1982
54234,74583,1990
54235,70212,1980
54241,61014,1961
54245,85302,1970
54246,70000,1977
54247,78417,1972
54301,78684,1963
54302,58506,1974
54303,60781,1967
54304,63865,1971
54307,-666666666,-666666666
54311,84914,1993
54313,107599,1991
54401,71586,1975
54403,69030,1960
54405,69659,1976
54406,77533,1977
54407,101563,1982
54408,72768,1984
54409,53576,1961
54410,84135,1978
54411,77176,1968
54412,83576,1974
54413,64688,1977
54414,72500,1978
54416,60859,1978
54417,-666666666,-666666666
54418,80000,1979
54420,79899,1983
54421,60820,1973
54422,71667,1976
54423,113690,1990
54424,77500,1975
54425,63424,1976
54426,78942,1978
54427,83958,1974
54428,49167,1979
54430,57045,1990
54433,69000,1975
54435,83125,1990
54436,61048,1973
54437,67097,1971
54440,90921,1982
54441,92031,1987
54442,64779,1982
54443,99423,1984
54446,74342,1971
54447,73214,1975
54448,94432,1978
54449,67551,1975
54450,68750,1938
54451,71349,1979
54452,67669,1971
54454,82589,1971
54455,96140,1990
54456,66934,1972
54457,71083,1980
54458,57917,1946
54459,66250,1974
54460,65583,1968
54462,92981,1979
54463,59310,1974
54464,122083,1938
54465,56625,1986
54466,67000,1978
54467,87580,1992
54469,74038,1958
54470,61589,1977
54471,87368,1990
54473,80038,1974
54474,81635,1970
54475,79500,1965
54476,78079,1991
54479,77371,1974
54480,68333,1975
54481,59545,1969
54482,94500,1990
54484,72047,1981
54485,83438,1978
54486,60528,1966
54487,72416,1980
54488,63571,1968
54489,63352,1972
54490,67981,1983
54491,55917,1982
54493,70556,1978
54494,72595,1974
54495,49798,1968
54498,75833,1962
54499,63816,1975
54501,68163,1978
54511,66719,1979
54512,75147,1981
54513,63675,1979
54514,70769,1973
54515,60250,1967
54517,73571,1991
54519,59628,1977
54520,60031,1983
54521,74071,1981
54524,40536,1972
54525,74375,1946
54526,52500,1979
54527,55476,1975
54529,72000,1986
54530,54375,1972
54531,84286,1979
54534,53468,1958
54536,57917,1959
54537,59464,1981
54538,51429,1983
54539,62841,1982
54540,68654,1977
54541,63438,1977
54542,46607,1986
54545,80625,1974
54546,70104,1968
54547,63500,1987
54548,69569,1984
54550,64583,1950
54552,61317,1974
54554,63750,1983
54555,59025,1977
54556,54375,1977
54557,74432,1986
54558,59718,1980
54559,69696,1981
54560,61667,1975
54561,-666666666,1968
54562,57422,1979
54563,81875,1979
54564,56875,1990
54565,38125,1975
54566,56250,1979
54568,72589,1983
54601,61639,1970
54603,52012,1966
54610,61563,1957
54611,71667,1976
54612,77647,1981
54613,51528,1987
54614,85588,1978
54615,67033,1980
54616,72222,1970
54618,73214,1977
54619,71463,1980
54621,94286,1976
54622,78194,1972
54623,88864,1978
54624,81518,1987
54625,53157,1963
54626,69926,1986
54627,77212,1975
54628,57167,1991
54629,74432,1972
54630,95549,1980
54631,65417,1980
54632,82500,1974
54634,60945,1972
54635,72566,1975
54636,96384,1997
54637,50250,1963
54638,60417,1966
54639,61375,1971
54642,73452,1974
54643,-666666666,-666666666
54644,77143,1982
54645,50833,1938
54646,59750,1984
54648,74250,1976
54650,85548,1988
54651,62159,1983
54652,57500,1976
54653,72596,1980
54654,68304,1938
54655,56010,1982
54656,72379,1980
54657,70750,1983
54658,73438,1973
54659,71477,1979
54660,61186,1980
54661,79720,1994
54664,72898,1979
54665,72093,1968
54666,78015,1993
54667,75774,1974
54669,103194,1990
54670,82250,1966
54701,74361,1980
54703,71518,1975
54720,85977,1989
54721,75305,1968
54722,71181,1975
54723,81875,1976
54724,72391,1979
54725,71745,1976
54726,78500,1953
54727,81575,1979
54728,74712,1977
54729,75809,1979
54730,83010,1979
54731,57188,1982
54732,62875,1973
54733,58421,1968
54734,71500,1968
54736,74083,1967
54737,68750,1975
54738,95179,1981
54739,88667,1987
54740,79387,1963
54741,62679,1981
54742,102083,1982
54745,67891,1982
54746,62411,1965
54747,70820,1967
54748,78750,1973
54749,77903,1983
54750,93750,1960
54751,72028,1985
54754,58125,1978
54755,72564,1972
54756,75625,1973
54757,70395,1987
54758,67930,1975
54759,80750,1973
54760,88750,1963
54761,75536,1956
54762,62778,1969
54763,65417,1969
54766,66050,1972
54767,83917,1972
54768,54964,1973
54769,78125,1979
54770,83636,1973
54771,65625,1969
54772,88750,1988
54773,72232,1976
54801,62625,1978
54805,59643,1975
54806,64864,1966
54810,69917,1981
54812,63100,1967
54813,71193,1979
54814,63682,1986
54817,83036,1989
54819,56650,1975
54820,85179,1979
54821,57813,1978
54822,70000,1983
54824,67148,1978
54826,94750,1980
54827,90000,1970
54828,52578,1981
54829,66538,1979
54830,66941,1987
54832,76136,1980
54835,54583,1984
54836,77031,1978
54837,71010,1974
54838,74318,1984
54839,80625,1979
54840,63750,1979
54841,76250,1974
54842,88750,1981
54843,60619,1985
54844,63036,1991
54845,49464,1985
54846,74000,1986
54847,68795,1986
54848,56736,1974
54849,80714,1983
54850,71250,1986
54853,75000,1977
54854,88125,1974
54855,56875,1986
54856,76500,1979
54857,96667,1968
54858,53901,1976
54859,55882,1985
54861,-666666666,1990
54862,61875,1983
54864,91250,1981
54865,61875,1984
54867,41694,1982
54868,64318,1977
54870,67063,1990
54871,69342,1978
54872,60787,1978
54873,88359,1982
54874,89063,1977
54875,57022,1988
54876,72794,1987
54880,68275,1961
54888,63971,1988
54889,77143,1980
54891,70536,1977
54893,56129,1983
54895,65357,1985
54896,61080,1985
54901,61794,1959
54902,65612,1966
54904,93341,1992
54909,80417,1978
54911,67001,1957
54913,105385,2004
54914,79875,1976
54915,87426,1984
54921,76164,1978
54922,76350,1951
54923,66223,1971
54926,-666666666,1971
54927,128523,1981
54928,73355,1958
54929,64626,1962
54930,77692,1980
54931,-666666666,1938
54932,110125,1970
54933,63125,1938
54935,63144,1966
54937,81841,1986
54940,90813,1980
54941,79146,1975
54942,119508,2002
54943,62500,1980
54944,100523,1991
54945,69602,1978
54946,-666666666,-666666666
54947,91167,1974
54948,62969,1975
54949,90786,1971
54950,67102,1970
54952,69196,1976
54956,85869,1977
54960,66625,1978
54961,71824,1978
54962,83452,1972
54963,86227,1977
54964,82857,1974
54965,60625,1978
54966,67143,1972
54967,51555,1963
54968,65758,1969
54970,64309,1979
54971,66699,1968
54974,97222,1978
54977,81328,1985
54978,120000,2005
54979,109868,1971
54980,31711,1938
54981,72640,1978
54982,64201,1976
54983,71094,1973
54984,64120,1980
54985,-666666666,-666666666
54986,93189,1978
55001,133581,1979
55003,125893,1960
55005,109107,1987
55006,69191,1978
55007,67847,1991
55008,84513,1989
55009,91295,1974
55011,121434,1987
55012,101607,1980
55013,109063,1991
55014,103658,1987
55016,120715,1990
55017,62188,1981
55018,83854,1965
55019,117381,2001
55020,131071,2001
55021,68820,1974
55024,127280,1997
55025,98382,1988
55026,96667,1964
55027,93043,1971
55029,74167,1978
55030,81563,1974
55031,114338,1980
55032,104554,1984
55033,103988,1983
55036,27188,1978
55037,68380,1991
55038,130931,2002
55040,90900,1993
55041,78672,1975
55042,154341,2003
55043,102966,1974
55044,141551,2001
55045,108929,1991
55046,95912,1997
55047,107361,1978
55049,90625,1991
55051,68500,1982
55052,82760,1972
55053,101406,1969
55054,157096,2005
55055,71979,1976
55056,95679,1994
55057,92622,1985
55060,84906,1977
55063,74667,1980
55065,119667,1976
55066,73584,1971
55068,127798,1996
55069,75179,1984
55070,108750,2001
55071,100798,1972
55072,58144,1981
55073,128723,1982
55074,106625,1993
55075,88386,1958
55076,93847,1990
55077,111967,1990
55079,114614,1988
55080,101964,1979
55082,115040,1984
55084,94297,1976
55085,107500,1972
55087,92344,1977
55088,132917,1979
55089,108750,1978
55090,85119,1946
55092,95337,1990
55101,64863,1960
55102,76406,1938
55103,48390,1960
55104,75712,1938
55105,107248,1938
55106,70187,1954
55107,74531,1938
55108,86308,1956
55109,86776,1976
55110,101296,1974
55111,-666666666,1938
55112,93838,1975
55113,86792,1969
55114,62766,2005
55115,124234,1988
55116,81141,1958
55117,70771,1966
55118,87340,1973
55119,81865,1971
55120,116346,1990
55121,87152,1990
55122,96823,1986
55123,139215,1988
55124,97727,1990
55125,119260,1993
55126,108217,1980
55127,117917,1987
55128,93210,1986
55129,143795,2008
55130,54130,1959
55150,111250,1953
55155,-666666666,-666666666
55301,129232,2004
55302,83235,1979
55303,102986,1988
55304,131700,1994
55305,104914,1983
55306,100515,1988
55307,73533,1962
55308,106510,1998
55309,121711,1998
55310,87292,1961
55311,153568,1998
55312,100568,1955
55313,92455,1990
55314,79500,1964
55315,140893,2005
55316,116102,1988
55317,140385,1995
55318,112243,1995
55319,111607,1990
55320,113973,1995
55321,80433,1974
55322,124861,1994
55324,83269,1983
55325,87137,1979
55327,140366,2011
55328,114158,1991
55329,79453,1975
55330,115761,2000
55331,159450,1984
55332,62361,1952
55333,54688,1957
55334,66149,1969
55335,62206,1951
55336,77261,1976
55337,84110,1979
55338,86563,1973
55339,92813,1962
55340,178553,2003
55341,157071,2003
55342,64861,1958
55343,83143,1976
55344,89565,1990
55345,145332,1972
55346,135000,1984
55347,155430,1990
55349,99444,1980
55350,79123,1983
55352,112070,1993
55353,83854,1976
55354,97941,1978
55355,63295,1975
55356,156622,1980
55357,152500,1993
55358,92039,1974
55359,129250,1977
55360,122117,2004
55362,91832,1995
55363,101989,1998
55364,108725,1974
55366,72500,1974
55367,94107,1961
55368,71250,1978
55369,112144,1986
55370,103750,1973
55371,93824,1989
55372,145499,1995
55373,105556,1995
55374,144714,2003
55375,130893,1999
55376,131266,1998
55378,124871,1997
55379,106312,1999
55381,88661,1966
55382,93661,1977
55384,48315,1979
55385,78125,1961
55386,192458,2006
55387,114511,2000
55388,99375,1992
55389,96786,1978
55390,103750,1998
55391,174301,1983
55395,72800,1971
55396,75680,1955
55397,81957,1979
55398,103419,1998
55401,113522,2002
55402,62105,1938
55403,60873,1968
55404,41940,1971
55405,73053,1938
55406,93910,1938
55407,78464,1938
55408,70326,1958
55409,98305,1938
55410,146425,1948
55411,60225,1944
55412,68682,1938
55413,85282,1970
55414,51966,1988
55415,124921,2012
55416,105958,1974
55417,126261,1944
55418,99397,1948
55419,148350,1938
55420,82170,1960
55421,70772,1966
55422,93914,1958
55423,85182,1959
55424,250001,1952
55425,76274,1975
55426,99347,1961
55427,92821,1966
55428,74860,1968
55429,72253,1963
55430,75716,1960
55431,101484,1965
55432,79520,1970
55433,78054,1982
55434,90336,1983
55435,79884,1976
55436,144129,1973
55437,95718,1974
55438,106432,1981
55439,168693,1971
55441,101981,1979
55442,123859,1987
55443,95082,1989
55444,117198,1979
55445,104150,1990
55446,170625,2003
55447,133555,1978
55448,103461,1984
55449,131832,2005
55450,-666666666,-666666666
55454,23100,1974
55455,-666666666,-666666666
55601,56250,1969
55602,73750,1974
55603,61875,1974
55604,73427,1984
55605,56250,1992
55606,85000,1993
55607,87857,1991
55609,78208,1977
55612,81042,1989
55613,58958,1996
55614,72981,1961
55615,61042,1995
55616,76127,1967
55702,78125,1976
55703,72102,1975
55704,62500,1980
55705,56208,1959
55706,56750,1961
55707,82167,1983
55708,66389,1952
55709,75652,1979
55710,86477,1974
55711,61250,1986
55712,61563,1980
55713,59036,1959
55716,43036,1955
55717,97222,1980
55718,96546,1981
55719,53647,1951
55720,64167,1971
55721,86429,1985
55722,68636,1960
55723,64526,1977
55724,75313,1978
55725,72917,1976
55726,80313,1988
55731,62008,1972
55732,64750,1970
55733,118260,1975
55734,62703,1958
55735,63827,1985
55736,65179,1971
55738,82969,1973
55741,69545,1970
55742,64250,1979
55744,70644,1979
55746,55823,1956
55748,53810,1979
55749,77500,1987
55750,65833,1956
55751,75200,1976
55752,73214,1979
55753,53643,1953
55756,55625,1978
55757,61538,1978
55758,57386,1974
55760,59474,1979
55763,80750,1986
55764,63594,1951
55765,75272,1971
55767,78988,1975
55768,86075,1974
55769,66092,1968
55771,67667,1980
55772,-666666666,2000
55775,90179,1974
55779,93792,1981
55780,76042,1976
55781,101406,1979
55782,56420,1962
55783,82421,1989
55784,58594,1977
55785,56477,1986
55786,61597,1965
55787,66111,1988
55790,77232,1981
55792,53750,1955
55793,70000,1975
55795,68750,1992
55796,52344,1954
55797,87039,1988
55798,78438,1981
55802,51544,1958
55803,105888,1969
55804,111228,1958
55805,43100,1938
55806,42833,1938
55807,62067,1938
55808,62031,1942
55810,84719,1977
55811,79804,1980
55812,65505,1938
55814,-666666666,-666666666
55901,94607,1990
55902,120611,1995
55903,-666666666,-666666666
55904,77016,1978
55905,-666666666,-666666666
55906,93685,1982
55909,96736,1964
55910,76389,1976
55912,70177,1957
55917,75208,1958
55918,78523,1957
55919,77917,1984
55920,131336,1995
55921,80161,1970
55922,63125,1962
55923,96328,1978
55924,78558,1952
55925,92500,1970
55926,100000,1965
55927,99566,1976
55929,118977,1990
55931,77917,1953
55932,100078,1980
55933,56250,1967
55934,84952,1980
55935,85000,1961
55936,85114,1964
55939,70855,1959
55940,83885,1972
55941,72500,1962
55943,72411,1968
55944,95180,1992
55945,80284,1978
55946,85781,1952
55947,88611,1978
55949,84327,1951
55950,61250,1950
55951,61131,1954
55952,91389,1975
55953,72500,1963
55954,66250,1960
55955,132524,1986
55956,98558,1982
55957,76094,1988
55959,67617,1984
55960,130227,1991
55961,98214,1973
55962,76667,1953
55963,112287,1994
55964,84318,1976
55965,65577,1962
55967,109583,1978
55968,58125,1957
55969,94444,1978
55970,85000,1958
55971,88750,1975
55972,98878,1976
55973,110417,1970
55974,59205,1955
55975,77411,1968
55976,87330,1988
55977,61250,1986
55979,85417,1963
55981,71607,1976
55982,102344,1952
55983,82446,1980
55985,83636,1958
55987,61624,1965
55990,72500,1938
55991,82292,1983
55992,92417,1975
56001,69531,1981
56003,82538,1981
56007,68846,1960
56009,80804,1957
56010,80156,1938
56011,102522,1996
56013,71553,1954
56014,62917,1938
56016,89583,1965
56017,88056,1975
56019,65833,1954
56020,83750,1953
56021,96563,1977
56022,65750,1962
56023,77969,1946
56024,95357,1995
56025,91786,1938
56026,100169,1948
56027,49954,1949
56028,93375,1984
56029,67857,1938
56030,60625,1938
56031,54847,1966
56032,50000,1949
56033,83214,1950
56034,98750,1971
56035,61500,1975
56036,73287,1962
56037,78750,1960
56039,84342,1942
56041,80833,1947
56042,89750,1955
56043,97708,1961
56044,101250,1973
56045,71250,1945
56046,61042,1952
56048,85532,1971
56050,90000,1975
56051,54286,1953
56052,91875,1973
56054,93214,1953
56055,90987,1970
56056,105000,1945
56057,91250,1967
56058,86677,1964
56060,80093,1948
56062,76713,1949
56063,102391,1985
56065,92933,1955
56068,74250,1956
56069,87118,1970
56071,115690,1991
56072,80417,1957
56073,70250,1967
56074,92813,1976
56075,73750,1953
56078,80208,1960
56080,105398,1973
56081,67337,1967
56082,71456,1979
56083,69167,1945
56085,73000,1959
56087,64375,1955
56088,71354,1952
56089,56250,1972
56090,73750,1938
56091,56250,1954
56093,73038,1971
56096,87679,1971
56097,62264,1953
56098,69000,1954
56101,77083,1966
56110,77875,1959
56111,98125,1943
56113,74375,1960
56114,71667,1945
56115,64000,1954
56116,95000,1958
56117,63438,1938
56118,91250,1949
56119,83583,1970
56120,77188,1961
56121,49042,1943
56122,97321,1963
56123,56750,1952
56125,51875,1938
56127,42292,1960
56128,71875,1966
56129,62614,1955
56131,73063,1958
56132,73750,1976
56134,59063,1957
56136,68281,1966
56137,71250,1953
56138,78631,1955
56139,78125,1957
56140,66250,1938
56141,54306,1957
56142,57500,1955
56143,70771,1962
56144,58375,1941
56145,58750,1952
56146,50500,1938
56147,66250,1952
56149,65556,1971
56150,76844,1956
56151,74167,1946
56152,75536,1952
56153,78750,1965
56155,59363,1952
56156,71066,1963
56157,91250,1976
56158,53462,1960
56159,71648,1962
56160,66667,1938
56161,86000,1954
56162,88625,1950
56164,74201,1956
56165,106250,1949
56166,75875,1953
56167,73203,1955
56168,71786,1949
56169,82083,1958
56170,58750,1938
56171,72554,1958
56172,71875,1970
56173,59286,1943
56174,74688,1949
56175,73750,1961
56176,59125,1952
56178,87031,1956
56180,67689,1955
56181,55750,1950
56183,45536,1955
56185,62083,1952
56186,65833,1952
56187,64326,1972
56201,68804,1978
56207,87969,1952
56208,59766,1952
56209,86118,1972
56210,83750,1938
56211,83250,1963
56212,81250,1951
56214,90694,1963
56215,56604,1960
56216,77059,1953
56218,79375,1938
56219,68833,1971
56220,61414,1961
56221,74583,1955
56222,71429,1956
56223,71667,1955
56224,71250,1957
56225,95978,1961
56226,111750,1973
56227,97604,1938
56228,69844,1958
56229,104375,1967
56230,64583,1959
56231,110000,1953
56232,75069,1952
56235,72500,1946
56236,79750,1960
56237,89000,1943
56239,99821,1974
56240,76500,1971
56241,66875,1969
56243,71528,1972
56244,85417,1964
56245,84583,1962
56248,83000,1957
56249,72250,1953
56251,76917,1977
56252,82571,1967
56253,75391,1973
56255,66667,1938
56256,65521,1954
56257,75417,1942
56258,72731,1976
56260,75750,1947
56262,70625,1938
56263,73636,1961
56264,81071,1970
56265,74848,1958
56266,74000,1958
56267,74442,1974
56270,61944,1972
56271,64861,1967
56273,90122,1986
56274,118889,1973
56276,76250,1938
56277,70326,1965
56278,63203,1958
56279,84000,1974
56280,78214,1948
56281,106667,1967
56282,69896,1964
56283,66352,1973
56284,72500,1962
56285,83984,1952
56287,73750,1954
56288,111021,1984
56289,78958,1978
56291,63438,1952
56292,68523,1952
56293,67396,1968
56294,82083,1956
56295,44167,1946
56296,53527,1963
56297,82250,1946
56301,73142,1985
56303,65198,1979
56304,58148,1980
56307,84097,1984
56308,78177,1988
56309,84750,1977
56310,105164,1984
56311,74583,1963
56312,70000,1974
56313,48333,1953
56314,95972,1968
56315,89514,1980
56316,71111,1964
56318,84297,1981
56319,89712,1980
56320,87026,1986
56321,-666666666,-666666666
56323,76806,1966
56324,82917,1977
56325,86875,1980
56326,85625,1976
56327,85000,1987
56328,107188,1970
56329,92738,1980
56330,84519,1998
56331,96042,1977
56332,87917,1980
56334,69525,1972
56335,72625,1958
56336,82679,1977
56338,70938,1982
56339,60893,1974
56340,96250,1976
56342,63295,1983
56343,64659,1977
56345,60676,1974
56347,66641,1973
56349,98958,1980
56350,41667,1986
56352,73721,1971
56353,78763,1988
56354,88693,1992
56355,97500,1982
56356,85000,1954
56357,114531,1976
56358,83594,1988
56359,59457,1985
56360,69013,1980
56361,70541,1975
56362,86212,1976
56363,67500,1947
56364,76638,1977
56367,101771,1990
56368,97407,1981
56369,98077,1974
56371,51250,1946
56373,91192,1990
56374,80156,1987
56375,105313,1987
56376,59219,1977
56377,87172,2000
56378,72567,1976
56379,76138,1988
56381,77146,1971
56382,76125,1978
56384,48750,1977
56385,73500,1970
56386,54583,1980
56387,59009,1993
56389,68333,1950
56401,73128,1984
56425,70740,2000
56431,67828,1985
56433,58889,1986
56434,48750,1973
56435,62381,1986
56437,60345,1972
56438,62500,1974
56440,53250,1960
56441,50298,1974
56442,79896,1988
56443,71310,1981
56444,77500,1985
56446,56979,1956
56447,64464,1984
56448,93365,1982
56449,74861,1989
56450,61394,1985
56452,62941,1992
56453,70833,1968
56455,73214,1978
56458,85625,1990
56461,78188,1989
56464,70833,1982
56465,74400,1991
56466,61910,1983
56467,74297,1986
56468,100300,1992
56469,66042,1984
56470,67500,1983
56472,81328,1994
56473,85950,1995
56474,59922,1984
56475,64327,1978
56477,57857,1976
56479,59920,1977
56481,73295,1976
56482,64439,1969
56484,67019,1994
56501,70037,1981
56510,70000,1962
56511,89875,1987
56514,100845,1977
56515,73750,1979
56516,69250,1965
56517,92500,1938
56518,71250,1979
56519,64297,1960
56520,64792,1972
56521,68750,1975
56522,82361,1958
56523,56685,1957
56524,95938,1982
56525,76250,1943
56527,64375,1973
56528,79500,1988
56529,90694,1987
56531,74583,1962
56533,67250,1966
56534,70694,1978
56535,65536,1976
56536,69375,1973
56537,65473,1976
56540,83646,1964
56541,89375,1955
56542,59706,1970
56543,89500,1964
56544,72885,1981
56545,85417,1952
56546,78750,1973
56547,102500,1978
56548,64896,1970
56549,105968,1981
56550,86667,1955
56551,63750,1972
56552,51786,1962
56553,66994,1954
56554,94792,1983
56556,61786,1945
56557,57731,1973
56560,75406,1982
56562,-666666666,-666666666
56563,-666666666,-666666666
56565,53846,1952
56566,44583,1982
56567,72500,1978
56568,40000,1941
56569,57434,1986
56570,61042,1985
56571,85865,1985
56572,79475,1980
56573,68770,1984
56574,79792,1953
56575,56534,1981
56576,63750,1977
56578,90000,1975
56579,89583,1971
56580,107813,1973
56581,53750,1949
56583,71250,1963
56584,69625,1964
56585,71250,1977
56586,79583,1978
56587,88000,1992
56588,74306,1973
56589,72969,1976
56590,70500,1957
56591,16793,1978
56592,59167,1965
56594,95833,1955
56601,72262,1988
56621,63721,1979
56623,87750,1990
56626,44853,1977
56627,36500,1969
56628,61250,1985
56629,90938,1991
56630,50333,1979
56633,67981,1984
56634,64886,1984
56636,61289,1983
56637,58750,1981
56639,30625,1974
56641,39688,2000
56644,56364,1973
56646,48750,1968
56647,78625,1981
56649,64736,1970
56650,71667,1975
56651,80750,1979
56652,64583,1976
56653,74583,1975
56654,51250,1970
56655,57404,1992
56657,72629,1977
56658,-666666666,-666666666
56659,98750,1991
56660,64464,1981
56661,65469,1976
56662,69643,1989
56663,50278,1978
56666,-666666666,1986
56667,87292,1993
56668,116250,1960
56669,64688,1982
56670,57132,1992
56671,48625,1985
56672,61842,1985
56673,68500,1980
56676,74167,1987
56678,73194,1986
56680,51250,1984
56681,50833,1976
56683,79659,1987
56684,73750,1973
56685,-666666666,1971
56686,80417,1984
56688,71250,1996
56701,78599,1974
56710,68000,1967
56711,33852,1986
56713,87188,1968
56714,70962,1976
56715,77875,1956
56716,59744,1966
56720,-666666666,1972
56721,82525,1975
56722,94375,1972
56723,106250,1971
56724,48750,1973
56725,72917,1977
56726,71667,1977
56727,87250,1975
56728,79444,1964
56729,78750,1983
56731,75125,1959
56732,72344,1970
56733,57361,1964
56734,78281,1977
56735,73750,1966
56736,95000,1976
56737,72679,1970
56738,71250,1976
56742,92500,1970
56744,81750,1965
56748,87500,1974
56750,71875,1970
56751,77279,1981
56754,79167,1976
56755,91250,1938
56756,94583,1991
56757,80938,1960
56758,56667,1961
56759,75625,1983
56760,85250,1969
56761,75729,1974
56762,62933,1968
56763,65000,1983
57001,69531,1960
57002,93214,2005
57003,111932,1997
57004,88750,1968
57005,112500,2000
57006,66337,1986
57007,-666666666,-666666666
57010,93611,1968
57012,94375,1955
57013,76458,1964
57014,77000,1948
57015,110250,1971
57016,95815,1971
57017,96447,1972
57018,97500,1970
57020,101500,1990
57021,76488,1938
57022,100656,1986
57024,98333,1966
57025,94839,1985
57026,80568,1970
57027,-666666666,1938
57028,72798,1974
57029,73750,1960
57030,79375,1980
57031,64794,1964
57032,111528,2007
57033,105560,1993
57034,89688,1953
57035,99565,1978
57036,85000,1953
57037,72250,1946
57038,106250,1978
57039,83787,1976
57040,72250,1974
57041,158393,1976
57042,71868,1974
57043,64375,1965
57045,76042,1957
57046,88583,1978
57047,55417,1958
57048,84081,1991
57049,93134,2001
57050,116563,1943
57051,56250,1938
57052,118750,1949
57053,93393,1972
57054,86875,1956
57055,120341,1993
57057,71500,1938
57058,84286,1974
57059,59779,1959
57061,56875,1938
57062,62321,1962
57063,92500,1961
57064,119022,2002
57065,70000,1960
57066,56389,1954
57067,102941,1971
57068,112847,1974
57069,53327,1978
57070,61522,1966
57071,77138,1979
57072,91750,1938
57073,73281,1938
57075,106763,1985
57076,118281,1940
57077,88125,1991
57078,71268,1979
57103,72831,1980
57104,57688,1962
57105,77292,1958
57106,77580,1998
57107,74141,2005
57108,98197,2010
57110,88955,2009
57117,-666666666,-666666666
57197,-666666666,-666666666
57201,72878,1979
57212,93750,1972
57213,81932,1943
57214,65000,1938
57216,88203,1977
57217,64125,1938
57218,66250,1944
57219,51900,1960
57220,86094,1976
57221,73988,1964
57223,92424,1976
57224,59063,1945
57225,66875,1963
57226,83125,1974
57227,96500,1977
57231,78646,1967
57232,93750,1987
57233,82917,1938
57234,82358,1966
57235,83462,1978
57236,84167,1938
57237,87153,1959
57238,66250,1976
57239,106389,1975
57241,85833,1955
57242,113958,1954
57243,48542,1947
57245,86250,1940
57246,72917,1970
57247,50455,1981
57248,96364,1986
57249,63182,1972
57251,72292,1972
57252,70479,1973
57255,63393,1962
57256,66500,1963
57257,55625,1978
57258,58295,1947
57259,80250,1970
57260,82656,1972
57261,77813,1963
57262,51889,1972
57263,58214,1969
57264,79583,1964
57265,69519,1974
57266,72500,1953
57268,76250,1977
57269,98333,1976
57270,77708,1968
57271,85524,1938
57272,83750,1938
57273,48167,1976
57274,68083,1967
57276,67639,1955
57278,70208,1967
57279,71324,1972
57301,65620,1973
57311,103839,1962
57312,91688,1955
57313,89107,1952
57314,85515,1952
57315,73750,1967
57317,50833,1958
57319,69792,1957
57321,93125,1945
57322,71667,1963
57323,51250,1953
57324,67019,1967
57325,80139,1974
57328,86985,1972
57329,62115,1957
57330,71563,1945
57331,101406,1986
57332,69583,1949
57334,62167,1957
57335,92813,1985
57337,75197,1938
57339,46136,1975
57340,58500,1945
57341,-666666666,1993
57342,75313,1941
57344,-666666666,1991
57345,75735,1963
57346,-666666666,1983
57348,83542,1978
57349,75179,1956
57350,66573,1961
57353,75625,1977
57354,-666666666,1938
57355,63125,1961
57356,54107,1971
57358,85000,1950
57359,106818,1957
57361,19830,1973
57362,67083,1971
57363,77841,1941
57364,-666666666,-666666666
57365,76000,1993
57366,78155,1969
57367,87188,1991
57368,74688,1976
57369,78100,1971
57370,58824,1974
57371,74196,1957
57373,46607,1938
57374,79167,1966
57375,70250,1954
57376,61538,1947
57379,107031,1938
57380,62135,1972
57381,79231,1945
57382,79375,1964
57383,62917,1955
57384,64063,1972
57385,70404,1961
57386,76250,1938
57401,68835,1973
57420,40469,1992
57421,-666666666,1943
57422,88125,1938
57424,75000,1961
57426,78875,1938
57427,83977,2001
57428,64375,1963
57429,-666666666,1980
57430,70484,1963
57432,112765,1964
57433,50417,1987
57434,73393,1958
57435,97750,1953
57436,73333,1940
57437,49276,1961
57438,70673,1966
57439,-666666666,-666666666
57440,54625,1946
57441,108009,1977
57442,65625,1977
57445,84948,1975
57446,44375,1963
57448,66538,1952
57449,150000,1954
57450,86833,1971
57451,86000,1973
57452,53571,1960
57454,81250,1958
57455,86250,1945
57456,75833,1959
57457,140417,1964
57460,139500,1983
57461,105536,1971
57465,120250,1966
57466,51172,1967
57467,59063,1950
57468,76250,1938
57469,66111,1963
57470,108281,1971
57471,67500,1959
57472,61708,1965
57473,23750,2000
57474,100833,1938
57475,88125,1970
57476,76750,1960
57477,59375,1938
57479,102222,1993
57481,68125,1975
57501,81791,1979
57520,50417,1972
57521,57813,1953
57522,72188,1971
57523,68750,1967
57528,61292,1972
57529,75313,1938
57531,60625,1974
57532,87966,1993
57533,58500,1964
57534,33438,1938
57536,53125,1966
57537,-666666666,-666666666
57538,46875,1950
57540,-666666666,1938
57541,250001,2001
57543,36250,1974
57544,78750,1968
57547,78523,2003
57548,35750,1980
57551,70096,1967
57552,63500,1975
57553,-666666666,1985
57555,40694,1984
57559,66818,1972
57560,-666666666,1967
57562,-666666666,1979
57563,-666666666,1983
57564,74297,1975
57566,14176,1982
57567,59410,1975
57568,83188,1967
57569,74722,1973
57570,51788,1978
57571,-666666666,1938
57572,40417,1982
57574,2499,1958
57576,100208,1969
57577,20625,1986
57579,56474,1972
57580,59547,1970
57584,38125,1963
57585,-666666666,1953
57601,66003,1968
57620,90500,1959
57621,32589,1989
57622,-666666666,1992
57623,59946,1979
57625,43235,1984
57626,68036,1974
57630,-666666666,1945
57631,56827,1978
57632,81719,1963
57633,78750,1973
57634,88125,1981
57636,112375,1985
57638,58533,1964
57639,21250,1983
57640,250001,1975
57641,83750,1955
57642,58750,1973
57644,68229,1976
57645,56667,1938
57646,101406,1969
57648,61354,1957
57649,84500,1971
57650,-666666666,-666666666
57651,94559,1956
57652,19327,1984
57656,66094,1970
57657,-666666666,1998
57658,23000,1992
57659,103333,1955
57660,67292,1955
57661,55000,1978
57701,56461,1975
57702,91457,1980
57703,83739,1999
57706,57162,2008
57714,-666666666,1983
57716,-666666666,1979
57717,77689,1983
57718,84162,1990
57719,74885,2003
57720,79091,1965
57722,59306,1947
57724,61146,1978
57725,48214,1973
57730,83469,1981
57732,43636,1963
57735,71576,1972
57737,-666666666,-666666666
57738,52308,2006
57741,-666666666,-666666666
57744,106250,1997
57745,88194,1994
57747,68443,1977
57748,-666666666,1988
57750,-666666666,1983
57751,97969,1991
57752,82604,1994
57754,66250,1953
57755,68125,1985
57756,-666666666,1991
57758,-666666666,1938
57759,75500,2001
57760,65054,1969
57761,97734,1985
57762,68125,1975
57763,74318,1978
57764,21545,1990
57766,96146,1963
57767,250001,1938
57769,94375,1997
57770,52250,1986
57772,57785,1978
57773,-666666666,1981
57775,77750,1956
57776,-666666666,-666666666
57779,-666666666,1957
57780,40192,1963
57782,65500,1938
57783,74844,1990
57785,63897,1980
57787,53750,1974
57788,85380,1966
57790,75096,1973
57791,42250,1955
57792,103567,1982
57793,87351,2000
57794,-666666666,1995
57799,-666666666,-666666666
58001,64844,1975
58002,-666666666,-666666666
58004,72250,1962
58005,142917,1979
58006,95313,1970
58007,81250,1974
58008,119167,1963
58009,-666666666,-666666666
58011,99853,1977
58012,75000,1979
58013,78125,1940
58015,103438,1993
58016,109359,1947
58017,61250,1963
58018,105000,1969
58021,108750,1973
58027,75774,1956
58029,145625,1938
58030,75909,1964
58031,57438,1938
58032,85329,1974
58033,90000,1978
58035,131471,1950
58036,100625,1979
58038,112750,1965
58040,67143,1989
58041,85368,1966
58042,137500,1977
58043,130694,1982
58045,86484,1971
58046,65625,1968
58047,142361,2006
58048,100227,1961
58049,103571,1975
58051,107396,1973
58052,87813,1972
58053,51339,1962
58054,75370,1971
58056,29178,1991
58057,70156,1979
58058,79375,1971
58059,115469,2004
58060,77143,1975
58061,93125,1953
58062,72250,1938
58063,99286,1975
58064,75625,1971
58065,-666666666,1938
58067,92969,1970
58068,60833,1943
58069,-666666666,1945
58071,109375,1968
58072,64375,1965
58074,-666666666,-666666666
58075,68537,1975
58076,-666666666,-666666666
58077,108750,1966
58078,91040,2004
58079,126477,1976
58081,87632,1968
58102,59533,1973
58103,58801,1982
58104,85747,2008
58105,123636,1959
58201,68143,1986
58202,29600,2008
58203,60474,1977
58204,73145,2002
58205,-666666666,-666666666
58210,47500,1963
58212,60972,1965
58214,111944,1978
58216,94375,1958
58218,91964,1957
58219,81724,1938
58220,61199,1973
58222,73500,1971
58223,96750,1953
58224,128125,1938
58225,74250,1968
58227,78264,1957
58228,70625,1984
58229,29357,1938
58230,81250,1954
58231,85833,1965
58233,84375,1967
58235,81042,1956
58236,-666666666,-666666666
58237,70201,1972
58238,134107,1974
58239,146125,1938
58240,85950,1965
58241,54091,1961
58243,85625,1966
58244,175313,1952
58249,64571,1968
58250,108375,1938
58251,100625,1970
58254,86563,1968
58255,-666666666,-666666666
58256,91125,1973
58257,60395,1966
58258,56071,1957
58259,55000,1949
58260,57813,1959
58261,78864,1974
58262,105000,1968
58265,82500,1966
58266,88889,1955
58267,88015,1963
58269,-666666666,1970
58270,69811,1973
58271,102917,1968
58272,76875,1969
58273,52500,1970
58274,105395,1972
58275,105385,1962
58276,83125,1959
58277,70208,1972
58278,111250,1977
58281,128750,1984
58282,52083,1967
58301,59515,1977
58310,-666666666,-666666666
58311,82386,1958
58313,32813,1971
58316,66932,1987
58317,66989,1938
58318,85729,1980
58321,95000,1963
58323,250001,1965
58324,61146,1973
58325,-666666666,1945
58327,96157,1968
58329,51065,1979
58330,70986,1957
58331,-666666666,1967
58332,53750,1962
58335,-666666666,1976
58338,64531,1969
58339,-666666666,1987
58341,61641,1970
58343,-666666666,1943
58344,66957,1965
58345,93750,1962
58346,85469,1970
58348,62563,1964
58351,72917,1966
58352,94000,1972
58353,-666666666,1958
58355,104375,1980
58356,51042,1966
58357,76458,1976
58361,131106,1941
58362,-666666666,-666666666
58363,90694,1974
58365,53750,1965
58366,91071,1973
58367,63750,1974
58368,58854,1972
58369,68235,1986
58370,43750,1976
58372,155391,1978
58374,64688,1967
58377,91667,1970
58379,42333,1976
58380,67083,1967
58381,90500,1997
58382,70536,1973
58384,87500,1958
58385,87250,1972
58386,85000,1964
58401,60228,1974
58402,-666666666,-666666666
58405,-666666666,-666666666
58413,51250,1953
58415,70000,1958
58416,58438,1959
58418,55357,1962
58420,114583,1962
58421,89097,1974
58422,131477,1957
58423,-666666666,1991
58424,81563,1972
58425,59773,1958
58426,91071,1938
58428,74028,1985
58429,70972,1956
58430,52083,1977
58431,62083,1960
58433,70375,1968
58436,69286,1961
58438,67244,1958
58439,73611,1967
58440,67083,1938
58441,88125,1957
58442,56920,1964
58443,73500,1962
58444,52188,1962
58445,72250,1976
58448,60714,1950
58451,62115,1976
58452,-666666666,-666666666
58454,61875,1953
58455,76500,1952
58456,66607,1954
58458,73250,1970
58460,47500,1945
58461,65375,1964
58463,61667,1970
58464,55938,1938
58466,77448,1977
58467,60938,1964
58472,103409,1966
58474,72969,1970
58475,-666666666,1950
58476,-666666666,2001
58477,82778,1938
58478,-666666666,1969
58479,63750,1957
58480,87500,1971
58481,90714,1953
58482,64583,1971
58483,57292,1963
58484,170500,1943
58486,-666666666,1962
58487,56875,1971
58488,79808,1956
58490,115625,1962
58492,117670,1971
58494,90577,1965
58495,73661,1968
58496,110804,1981
58497,115357,1972
58501,68755,1969
58503,102333,2004
58504,85637,1987
58505,-666666666,-666666666
58520,96188,1956
58521,135456,1983
58523,81806,1983
58524,83194,1970
58528,33333,1987
58529,65536,1961
58530,82000,1978
58531,81071,1992
58532,54500,1972
58533,36125,1957
58535,66375,1970
58538,34858,1989
58540,76319,1978
58541,98000,1985
58542,46250,1958
58544,76250,1956
58545,81641,1980
58549,70250,1968
58552,65515,1965
58554,80120,1985
58558,104550,1979
58559,80000,1977
58560,-666666666,1976
58561,61688,1968
58562,62955,1956
58563,78214,1967
58564,80625,1946
58565,73333,1957
58566,52097,1977
58568,58636,1976
58569,-666666666,1967
58570,110938,1995
58571,61250,1973
58572,56250,1971
58573,68750,1963
58575,83214,1972
58576,102614,1972
58577,74471,1973
58579,93750,1973
58580,110347,1976
58581,63047,1948
58601,85821,1988
58620,76875,1949
58621,67000,1953
58622,82692,1976
58623,64487,1972
58625,-666666666,1979
58626,93224,1985
58627,93036,1991
58630,62143,1979
58631,58036,1963
58632,60000,1985
58634,157750,2012
58636,62222,1985
58638,63854,1956
58639,63636,1967
58640,100688,1981
58641,60625,1973
58642,101700,1979
58643,62188,1938
58644,-666666666,1973
58645,78086,1989
58646,56667,1963
58647,84583,1963
58649,68839,1963
58650,74167,1974
58651,75956,1977
58652,79524,1971
58653,85714,1971
58654,89583,1942
58655,126071,1979
58656,101000,1974
58701,73269,1985
58703,82728,1980
58704,62500,2002
58705,-666666666,-666666666
58707,-666666666,-666666666
58710,69792,1965
58711,64167,1975
58712,37500,1970
58713,85833,2010
58716,61959,1973
58718,82500,1972
58721,83750,1964
58722,85417,1986
58723,59615,1960
58725,74792,1974
58727,105417,1968
58730,83583,1970
58731,102083,1987
58733,101429,1974
58734,76250,1964
58735,150000,1970
58736,56103,1953
58737,-666666666,1942
58740,87321,1966
58741,83333,1969
58744,80000,1949
58746,70263,1970
58748,66625,1959
58750,62375,1973
58752,88636,1992
58755,138705,1978
58756,77188,1957
58757,81500,1997
58758,64464,1946
58759,87321,1972
58760,59792,1963
58761,66063,1969
58762,105208,1966
58763,58110,2004
58765,118594,1974
58768,83438,1963
58769,36875,1983
58770,65341,1981
58771,88558,1973
58772,115405,1974
58773,103750,1970
58775,49844,1980
58776,83155,1975
58778,148777,1978
58779,62917,1968
58781,97778,1975
58782,68125,1967
58783,129375,1953
58784,116616,2002
58785,105375,1993
58787,78281,2002
58788,80595,1968
58789,91786,1962
58790,83233,1972
58792,105221,1962
58793,69167,1971
58794,97500,1978
58795,117344,1954
58801,84702,2003
58830,54063,1951
58831,98380,2003
58833,117292,1938
58835,137500,2011
58838,59392,1949
58843,118750,2008
58844,40500,1938
58845,91806,1954
58847,84950,2014
58849,82250,1983
58852,80595,2001
58853,107969,1993
58854,99000,2012
58856,104688,1955
59001,82692,1981
59002,36771,1993
59003,44833,1979
59006,53304,1959
59007,113750,1978
59008,100469,1996
59010,73250,1983
59011,78000,1977
59012,56250,1973
59013,200125,1983
59014,55234,1970
59015,69583,1978
59016,58750,1980
59018,79375,1988
59019,84591,1987
59020,50000,1985
59022,53083,1983
59024,78125,1967
59025,36500,2002
59026,90278,1977
59027,62260,1995
59028,72969,1985
59029,72188,1978
59030,56542,1989
59031,-666666666,1975
59032,42000,1979
59033,71635,1987
59034,60726,1972
59035,51726,1972
59036,50000,1952
59037,105099,2000
59038,56513,1968
59039,-666666666,1983
59041,80500,1979
59043,29028,1979
59044,87648,1979
59046,74000,1978
59047,71620,1975
59050,62500,1978
59052,60547,1990
59053,44038,1963
59054,54250,1975
59055,163750,1947
59057,80571,1992
59058,-666666666,1986
59059,39519,1976
59061,92031,1978
59062,28750,1955
59063,99432,2000
59064,-666666666,1974
59065,-666666666,1984
59066,52000,1981
59067,72500,1964
59068,80962,1975
59069,72500,1988
59070,96250,1994
59071,92500,1980
59072,59594,1975
59074,49792,1967
59075,24063,1978
59076,-666666666,1981
59077,-666666666,1979
59078,27000,1985
59079,68047,1990
59081,-666666666,1976
59082,-666666666,1959
59083,-666666666,-666666666
59085,-666666666,1974
59086,68565,1982
59087,62813,1981
59088,90625,1991
59089,62870,1969
59101,58598,1972
59102,76141,1975
59105,78014,1990
59106,125833,2006
59201,53311,1971
59211,-666666666,1979
59212,94444,2006
59213,63125,1979
59214,-666666666,1969
59215,86000,1967
59217,79242,1985
59218,98833,1968
59219,108750,1973
59221,77115,1975
59222,-666666666,1960
59223,-666666666,1968
59225,43594,1972
59226,66190,1955
59230,85000,1968
59231,38971,1964
59240,58750,1955
59241,48512,1959
59242,128750,1948
59243,83500,1977
59244,111250,1938
59247,73750,1968
59248,89821,1965
59250,51375,1959
59252,65750,1975
59253,140938,1960
59254,68750,1961
59255,45379,1978
59256,36607,1949
59257,-666666666,1974
59258,148750,1966
59259,83393,1955
59260,85313,1959
59261,53158,1977
59262,76000,1974
59263,53875,1957
59270,72630,1982
59273,-666666666,1988
59274,34951,1958
59275,49141,1960
59276,77000,1953
59301,71332,1967
59311,88021,1980
59312,83438,1994
59313,78015,1982
59314,91875,1975
59315,68750,1953
59316,48750,1973
59317,71250,1977
59318,58750,1990
59319,-666666666,1967
59322,50625,1990
59323,82500,1983
59324,57188,1974
59326,-666666666,1938
59327,52639,1970
59330,70964,1967
59332,32241,2007
59333,-666666666,-666666666
59336,64375,1966
59337,75417,1976
59338,69375,1948
59339,88594,1962
59343,-666666666,1970
59344,110455,1985
59345,68125,1957
59347,57250,1977
59349,63000,1964
59351,-666666666,1964
59353,68250,1974
59354,64074,1978
59401,55299,1947
59404,83867,1976
59405,59449,1971
59410,42321,1962
59411,61000,1992
59412,82955,1973
59414,69545,1945
59416,89167,1954
59417,37676,1978
59418,-666666666,1973
59419,45625,1938
59420,88438,1970
59421,78125,1983
59422,67500,1968
59424,79375,1960
59425,49805,1970
59427,61094,1956
59430,76875,1948
59432,73750,1968
59433,66000,1951
59434,56250,1979
59435,-666666666,-666666666
59436,80652,1970
59440,-666666666,1956
59441,62344,1991
59442,67917,1959
59443,81221,1969
59444,44250,1965
59446,53750,1957
59447,77750,1976
59448,32083,1991
59450,70250,1960
59451,85625,1994
59452,54539,1969
59453,58500,1971
59454,36250,1961
59456,41123,1975
59457,64762,1964
59460,51551,1980
59461,-666666666,-666666666
59462,51250,1979
59463,-666666666,1981
59464,56979,1976
59465,83000,1971
59466,41719,1974
59467,61250,1952
59468,82895,1965
59469,79583,1989
59471,65156,1983
59472,68036,1972
59474,57846,1964
59477,42292,1949
59479,49185,1957
59480,80714,1970
59482,92500,1961
59483,97813,1968
59484,-666666666,1966
59485,90286,1989
59486,56875,1964
59487,56359,1975
59489,64637,1981
59501,51872,1971
59520,62109,1965
59521,50288,1983
59522,57212,1968
59523,73906,1959
59524,48000,1979
59525,48438,1946
59526,63869,1972
59527,54500,1981
59528,89375,1954
59529,87841,1971
59530,61875,1951
59531,67891,1967
59532,58333,1967
59535,-666666666,1961
59537,-666666666,2011
59538,57097,1968
59540,74250,1956
59542,57222,1968
59544,39583,1981
59545,100781,1938
59546,49107,1986
59547,-666666666,1938
59601,72290,1972
59602,92985,1997
59623,-666666666,-666666666
59625,-666666666,-666666666
59631,-666666666,1979
59632,68750,1976
59633,-666666666,1987
59634,129891,1995
59635,83740,1987
59636,-666666666,-666666666
59638,126723,2000
59639,57778,1980
59640,99167,1993
59642,46146,1972
59643,49831,1990
59644,68811,1990
59645,77241,1983
59647,-666666666,2002
59648,65750,1992
59701,60437,1955
59710,50885,1984
59711,58157,1956
59713,98750,1972
59714,96183,2002
59715,88407,1980
59716,141716,2001
59718,99123,2006
59720,66538,1999
59721,94167,1992
59722,62230,1961
59724,59375,1956
59725,61335,1978
59727,64583,1986
59728,78750,1984
59729,83365,2001
59730,98305,1995
59731,90000,1987
59732,73125,1990
59733,65833,1980
59735,74125,1978
59736,76346,1976
59739,54215,1970
59740,-666666666,2008
59741,90947,1987
59743,-666666666,1990
59745,56667,1975
59746,73750,1992
59747,80250,1984
59748,107813,1978
59749,80238,1982
59750,95192,2000
59751,55938,1989
59752,86767,1995
59754,76923,1990
59755,96250,1954
59756,-666666666,-666666666
59758,66375,1988
59759,60571,1980
59760,63571,1995
59761,62083,1981
59762,61125,1987
59801,58347,1971
59802,67736,1978
59803,111925,1983
59804,76266,1978
59808,80239,2004
59812,-666666666,-666666666
59820,69091,1992
59821,66458,1982
59823,82813,1986
59824,53382,1978
59825,90192,1994
59826,52813,1986
59827,65815,1991
59828,80294,1996
59829,63650,1983
59830,-666666666,1992
59831,46406,1981
59832,64261,1973
59833,94097,1993
59834,94406,1995
59837,50769,1994
59840,61752,1981
59841,66875,1978
59842,-666666666,1994
59843,88125,1959
59844,43417,1985
59845,31970,1970
59846,70851,1992
59847,86620,1991
59848,37188,2002
59851,18883,1938
59853,60417,1980
59854,74167,1987
59855,32688,1984
59856,-666666666,-666666666
59858,56719,1980
59859,64846,1995
59860,62047,1987
59863,78922,1974
59864,61978,1983
59865,56473,1980
59866,73462,1979
59867,-666666666,-666666666
59868,51490,1994
59870,80325,1993
59871,32163,1994
59872,55926,1982
59873,60000,1988
59874,64319,2001
59875,63036,1993
59901,72523,1989
59910,99886,1991
59911,83019,1994
59912,76617,1991
59913,44464,1980
59914,83750,1983
59915,58750,1994
59916,60250,1991
59917,50139,1998
59918,67250,1998
59919,53056,1990
59920,86605,1996
59922,87237,1994
59923,44980,1974
59925,63981,2003
59926,70948,1975
59927,58713,1976
59928,63333,2000
59929,101250,1978
59930,61923,1996
59931,112083,1992
59932,60152,1985
59933,-666666666,1969
59934,108875,1993
59935,39712,1987
59936,85455,1979
59937,75428,1991
60002,104981,1981
60004,128979,1976
60005,99743,1973
60007,93494,1973
60008,94336,1972
60010,177566,1982
60012,159375,1992
60013,120604,1982
60014,109016,1984
60015,183125,1974
60016,86571,1970
60018,90574,1966
60020,73949,1983
60021,119176,1977
60022,250001,1955
60025,126904,1970
60026,137778,1999
60029,242772,1962
60030,104795,1993
60031,111034,1991
60033,68633,1976
60034,87188,1978
60035,168094,1963
60040,107875,1969
60041,93396,1976
60042,99917,1989
60043,250001,1938
60044,134724,1982
60045,233125,1977
60046,126042,1990
60047,176081,1988
60048,173975,1977
60050,88812,1983
60051,100762,1982
60053,111116,1961
60056,101922,1969
60060,110335,1985
60061,124468,1991
60062,143323,1976
60064,49195,1967
60067,125446,1978
60068,143222,1960
60069,162826,1991
60070,84775,1976
60071,74426,1989
60072,119375,1993
60073,98514,1995
60074,84089,1976
60075,-666666666,-666666666
60076,113818,1957
60077,78523,1965
60081,116706,1993
60083,123125,2000
60084,110090,1982
60085,66793,1967
60087,76738,1971
60088,66008,1979
60089,129401,1982
60090,85355,1980
60091,189909,1957
60093,250001,1958
60096,95601,1981
60097,93397,1975
60098,91062,1985
60099,66109,1973
60101,90800,1972
60102,132949,1993
60103,133793,1992
60104,79513,1955
60106,79456,1970
60107,101100,1981
60108,103392,1981
60109,82656,1973
60110,87906,1976
60111,84583,1953
60112,72831,1997
60113,67396,1964
60115,47043,1975
60118,106912,1985
60119,130722,1993
60120,82449,1970
60123,87693,1973
60124,139982,2003
60126,147566,1966
60129,117750,1938
60130,77221,1949
60131,76658,1957
60133,91763,1976
60134,152727,1993
60135,98033,1991
60136,147704,2005
60137,137658,1970
60139,86372,1978
60140,111241,2006
60141,18717,1964
60142,89735,2004
60143,114420,1978
60144,59250,1938
60145,108477,1975
60146,88032,1978
60148,100616,1971
60150,86719,1962
60151,117450,1976
60152,98451,1979
60153,68815,1938
60154,98954,1957
60155,64566,1954
60156,117151,1995
60157,136434,1969
60160,66189,1956
60162,72320,1961
60163,85823,1955
60164,81263,1957
60165,67224,1965
60169,90774,1972
60171,69858,1963
60172,110750,1977
60173,104390,1985
60174,104534,1979
60175,181352,1994
60176,69696,1962
60177,126144,1997
60178,92913,1991
60180,110070,1969
60181,92142,1962
60183,-666666666,-666666666
60184,163750,1988
60185,107194,1977
60187,119769,1970
60188,103628,1984
60189,128878,1978
60190,142612,1986
60191,91333,1973
60192,153495,1985
60193,95972,1977
60194,97994,1979
60195,90174,1983
60201,90545,1956
60202,98989,1952
60203,170224,1956
60208,-666666666,-666666666
60301,99167,1997
60302,100680,1938
60304,136178,1938
60305,146786,1946
60401,97569,1993
60402,77718,1938
60403,73074,1992
60404,122171,2001
60406,56557,1962
60407,89792,1990
60408,95174,1992
60409,55369,1966
60410,118976,2000
60411,62073,1967
60415,68964,1972
60416,75219,1983
60417,91952,1975
60418,75752,1976
60419,57887,1965
60420,71157,1955
60421,103083,1990
60422,134477,1969
60423,136730,1993
60424,83250,1974
60425,77174,1968
60426,42196,1961
60428,60000,1964
60429,66988,1968
60430,96629,1961
60431,122870,2000
60432,64917,1966
60433,66515,1957
60435,76369,1962
60436,62961,1960
60437,58750,1953
60438,75681,1964
60439,121724,1992
60440,93494,1979
60441,103374,1992
60442,127986,2002
60443,92136,1992
60444,87614,1979
60445,70634,1965
60446,106258,1999
60447,108210,2001
60448,120761,1993
60449,104904,2002
60450,81777,1982
60451,137404,1994
60452,93076,1975
60453,83911,1966
60455,66745,1975
60456,61101,-666666666
60457,76786,1970
60458,60758,1978
60459,80116,1965
60460,91154,1952
60461,124417,1980
60462,96526,1983
60463,107977,1974
60464,126087,1983
60465,83533,1977
60466,61654,1958
60467,114812,1996
60468,104625,1975
60469,73676,1963
60470,85000,1947
60471,64494,1978
60472,40668,1959
60473,85659,1966
60474,85500,1960
60475,67487,1966
60476,59647,1959
60477,94927,1981
60478,74826,1976
60479,105000,1960
60480,98917,1977
60481,79042,1978
60482,55709,1970
60484,73266,1976
60487,131793,1993
60490,150531,2001
60491,138571,1989
60501,63244,1958
60502,156904,1998
60503,136726,2003
60504,98008,1995
60505,73284,1959
60506,79517,1968
60510,121622,1985
60511,158625,1962
60512,96895,1975
60513,110338,1953
60514,118716,1977
60515,123197,1968
60516,115480,1977
60517,99024,1981
60518,69980,1966
60519,136250,1948
60520,98958,1974
60521,249200,1981
60523,118194,1977
60525,116918,1968
60526,120308,1956
60527,106543,1981
60530,96250,1947
60531,79808,1963
60532,102085,1980
60534,70890,1959
60536,115625,1956
60537,81825,1977
60538,97131,1999
60539,-666666666,-666666666
60540,157102,1983
60541,118100,1972
60542,114831,2000
60543,119371,2000
60544,108304,1997
60545,86756,2001
60546,113533,1948
60548,82957,1985
60549,108417,2002
60550,81574,1962
60551,86786,1984
60552,113411,1975
60553,109375,1947
60554,122734,1999
60555,101859,1982
60556,100186,1957
60557,-666666666,-666666666
60558,230255,1961
60559,90963,1976
60560,110326,2002
60561,112549,1978
60563,109783,1987
60564,181382,1997
60565,164447,1985
60585,155511,2004
60586,131637,2001
60601,121458,2003
60602,126202,1970
60603,133545,2004
60604,81658,1938
60605,123922,2004
60606,128609,2003
60607,127732,2003
60608,73366,1938
60609,58896,1938
60610,105226,1979
60611,125675,1986
60612,60922,1972
60613,95572,1957
60614,136448,1971
60615,63876,1956
60616,73819,1970
60617,51778,1943
60618,106384,1938
60619,45206,1945
60620,48146,1950
60621,31905,1940
60622,136277,1952
60623,51878,1938
60624,34030,1938
60625,85703,1938
60626,59713,1942
60628,54644,1950
60629,60826,1952
60630,98860,1946
60631,115000,1954
60632,64809,1944
60633,62458,1958
60634,88533,1952
60636,38807,1938
60637,43609,1949
60638,91070,1958
60639,61089,1938
60640,73254,1946
60641,83758,1938
60642,143175,1992
60643,80852,1950
60644,40950,1942
60645,76045,1953
60646,112525,1953
60647,107060,1938
60649,44175,1943
60651,54409,1938
60652,80020,1956
60653,40666,1971
60654,147357,2004
60655,114723,1954
60656,95766,1965
60657,110939,1962
60659,68704,1947
60660,67479,1952
60661,125741,2001
60706,84530,1964
60707,84799,1955
60712,109731,1958
60714,75800,1964
60803,67014,1973
60804,70842,1938
60805,95719,1955
60827,37217,1957
60901,58309,1961
60910,77321,1954
60911,89792,1954
60912,59375,1958
60913,87750,1969
60914,86223,1989
60915,60563,1963
60917,75441,1979
60918,73500,1951
60919,62500,1968
60920,111406,1961
60921,78333,1960
60922,62000,1973
60924,78250,1958
60926,45313,1938
60927,102143,1961
60928,55000,1963
60929,71667,1954
60930,58125,1950
60931,53500,1938
60932,243544,2014
60933,51094,1949
60934,81500,1945
60935,110000,1992
60936,51323,1957
60938,73244,1956
60939,-666666666,-666666666
60940,97361,1974
60941,85000,1970
60942,61083,1941
60945,52188,1950
60946,74853,1938
60948,106250,1975
60949,60750,1953
60950,89125,1993
60951,81250,1938
60952,67083,1949
60953,59135,1963
60954,65906,1961
60955,79034,1945
60956,51250,1956
60957,69014,1958
60958,32153,1977
60959,54583,1944
60960,56518,1938
60961,77969,1974
60962,61750,1944
60963,66250,1944
60964,82083,1968
60966,46944,1945
60967,-666666666,-666666666
60968,46250,1938
60969,112500,1938
60970,46688,1966
60973,85250,1946
60974,51932,1968
61001,77841,1986
61006,75938,1938
61007,-666666666,1938
61008,76604,1978
61010,93613,1990
61011,127273,1992
61012,98594,1986
61013,67569,1957
61014,69329,1947
61015,97500,1975
61016,84883,1990
61018,76471,1954
61019,105150,1985
61020,105769,2001
61021,69127,1964
61024,70750,1971
61025,70739,1974
61027,-666666666,-666666666
61028,86053,1954
61030,71655,1962
61031,75446,1960
61032,56593,1959
61036,81989,1986
61037,70357,1938
61038,104875,1955
61039,84107,1964
61041,45938,1961
61042,70833,1938
61043,69063,1938
61044,82083,1940
61046,79398,1981
61047,86056,1959
61048,82875,1973
61049,91607,1938
61050,74728,1938
61051,59565,1941
61052,91797,1973
61053,62250,1957
61054,47467,1958
61057,-666666666,1982
61059,54113,1963
61060,76726,1961
61061,87829,1966
61062,66667,1961
61063,84276,1961
61064,75386,1951
61065,97386,1996
61067,66563,1961
61068,73214,1973
61070,84167,1938
61071,60508,1966
61072,104938,1990
61073,102064,1993
61074,50691,1950
61075,75547,1938
61077,-666666666,-666666666
61078,75769,1956
61079,46367,1938
61080,76579,1985
61081,67586,1959
61084,102817,1978
61085,59798,1960
61087,77321,1953
61088,98088,1986
61089,66250,1943
61091,-666666666,-666666666
61101,46163,1960
61102,46599,1956
61103,51161,1955
61104,33772,1938
61107,78574,1964
61108,64415,1968
61109,62973,1974
61111,61393,1985
61112,40563,2004
61114,85568,1982
61115,75363,1978
61201,59396,1954
61230,62344,1966
61231,70991,1959
61232,73971,1968
61233,71667,1973
61234,79688,1963
61235,61932,1958
61236,77813,1941
61237,-666666666,-666666666
61238,64583,1938
61239,32177,1985
61240,113220,1978
61241,80000,1969
61242,104219,1971
61243,148309,1952
61244,63819,1967
61250,84688,1971
61251,79464,1957
61252,59861,1964
61254,92297,1971
61256,90406,1973
61257,64107,1961
61258,44261,1938
61259,91458,1948
61260,41645,1938
61261,64375,1967
61262,86250,1965
61263,86500,1962
61264,78068,1969
61265,66933,1957
61270,80867,1960
61272,64167,1970
61273,99032,1967
61274,72000,1938
61275,108438,1977
61276,87750,1965
61277,70363,1956
61278,69938,1968
61279,87656,1952
61281,102639,1974
61282,64398,1972
61283,64063,1958
61284,100505,1974
61285,68500,1974
61301,60328,1955
61310,69756,1964
61311,-666666666,1938
61312,80714,1943
61313,121979,1971
61314,52039,1941
61315,56538,1952
61316,74375,1952
61317,58750,1948
61318,63021,1941
61319,82589,1963
61320,76250,1959
61321,80257,1972
61322,65795,1943
61323,47500,1961
61324,-666666666,-666666666
61325,87500,1942
61326,70880,1959
61327,89306,1976
61328,-666666666,-666666666
61329,67321,1956
61330,69005,1945
61331,-666666666,-666666666
61332,50313,1957
61333,69375,1938
61334,86250,1938
61335,71750,1960
61336,92298,1975
61337,78571,1956
61338,75750,1950
61340,78750,1968
61341,72530,1976
61342,65348,1963
61344,44063,1938
61345,76250,1954
61346,42500,1938
61348,76369,1957
61349,71375,1938
61350,77921,1962
61353,66719,1962
61354,76392,1958
61356,68243,1966
61358,88393,1970
61359,52857,1951
61360,95093,1982
61361,91250,1938
61362,71558,1961
61363,60000,1963
61364,59060,1957
61367,60824,1959
61368,88214,1962
61369,68708,1953
61370,91094,1959
61371,-666666666,1947
61372,83917,1973
61373,109000,1978
61374,59432,1938
61375,81293,1974
61376,61200,1953
61377,57321,1953
61378,85350,1938
61379,63750,1964
61401,50546,1955
61402,-666666666,-666666666
61410,62925,1956
61411,-666666666,1950
61412,82143,1943
61413,73125,1960
61414,48929,1942
61415,68036,1964
61416,28750,1956
61417,105724,1972
61418,84375,1953
61419,56429,1938
61420,69375,1951
61421,65833,1948
61422,68207,1945
61423,78594,1945
61424,-666666666,-666666666
61425,62708,1981
61426,-666666666,-666666666
61427,65750,1969
61428,77143,1996
61430,79333,1972
61431,53750,1938
61432,56250,1949
61433,-666666666,-666666666
61434,56780,1938
61435,-666666666,1948
61436,76000,1966
61437,66000,1973
61438,68516,1970
61439,59125,1970
61440,66786,1962
61441,65972,1960
61442,48750,1972
61443,52615,1949
61447,82583,1952
61448,82500,1971
61449,51635,1951
61450,59688,1966
61451,44167,1969
61452,-666666666,1980
61453,58281,1938
61454,51000,1961
61455,48679,1969
61458,65461,1938
61459,52813,1958
61460,76607,1938
61462,64113,1956
61465,56875,1963
61466,73462,1938
61467,88472,1938
61468,42969,1938
61469,54932,1976
61470,72708,1970
61471,68750,1938
61472,76500,1975
61473,60833,1956
61474,59583,1957
61475,85000,1949
61476,88264,1938
61477,60938,1946
61478,75625,1938
61479,135313,1965
61480,58750,1968
61482,65208,1965
61483,63558,1945
61484,48462,1948
61485,59306,1938
61486,78889,1968
61488,68333,1968
61489,98125,1970
61490,65625,1950
61491,62500,1967
61501,55750,1966
61516,81833,1938
61517,99886,1978
61519,37941,1971
61520,58376,1961
61523,79453,1968
61524,70000,1979
61525,161165,2002
61526,118393,1974
61528,183140,2003
61529,91661,1941
61530,68536,1965
61531,70107,1957
61532,71544,1972
61533,73051,1974
61534,90104,1967
61535,128125,1976
61536,74249,1969
61537,67404,1959
61539,51250,1946
61540,78824,1964
61541,41875,1949
61542,69107,1963
61543,62692,1938
61544,81250,1949
61545,72692,1958
61546,79551,1972
61547,108158,1990
61548,128559,1989
61550,98516,1974
61552,-666666666,1946
61553,44844,1953
61554,65194,1963
61559,101200,1958
61560,73333,2001
61561,86071,1958
61562,-666666666,-666666666
61563,54583,1947
61564,75100,1962
61565,77578,1972
61567,68750,1960
61568,100972,1970
61569,77083,1975
61570,71563,1946
61571,90386,1974
61572,73125,1955
61602,33750,1949
61603,41618,1944
61604,52414,1957
61605,26392,1953
61606,39196,1938
61607,75532,1964
61610,47993,1955
61611,78750,1969
61614,66924,1969
61615,79817,1988
61616,60099,1957
61625,-666666666,-666666666
61701,57130,1959
61704,95027,1993
61705,120547,1999
61720,91250,1949
61721,91500,1963
61722,111042,1940
61723,85230,1957
61724,81250,1956
61725,126083,1978
61726,77800,1951
61727,70063,1957
61728,97159,1953
61729,101172,1975
61730,76719,1954
61731,-666666666,1959
61732,107941,1970
61733,98281,1971
61734,71435,1959
61735,93125,1983
61736,110444,1988
61737,83750,1949
61738,84926,1965
61739,76555,1963
61740,79904,1938
61741,87850,1954
61742,111875,1994
61743,93750,1940
61744,68000,1961
61745,107835,1978
61747,80333,1970
61748,128036,1979
61749,70667,1964
61750,-666666666,-666666666
61751,-666666666,1968
61752,87591,1974
61753,104119,1971
61754,98681,1961
61755,102225,1978
61756,86375,1966
61759,91591,1960
61760,75362,1959
61761,65275,1989
61764,68781,1966
61769,59886,1960
61770,60750,1957
61771,101600,1978
61772,-666666666,1971
61773,83750,1954
61774,86250,1946
61775,-666666666,1938
61776,119625,1977
61777,90250,1965
61778,59868,1952
61801,36180,1973
61802,61620,1989
61810,90625,1959
61811,77222,1969
61812,103750,1967
61813,84063,1958
61814,59408,1969
61815,72031,1954
61816,70833,1961
61817,80375,1964
61818,84375,1957
61820,27539,1987
61821,70715,1968
61822,99006,1999
61830,67232,1968
61831,103750,1949
61832,47332,1953
61833,48584,1963
61834,82443,1976
61839,56389,1950
61840,84891,1971
61841,64792,1971
61842,80117,1957
61843,97943,1974
61844,105179,1960
61845,91389,1980
61846,60871,1959
61847,92344,1982
61848,79500,1938
61849,86250,1959
61850,59375,1966
61851,59167,1938
61852,-666666666,1957
61853,115512,1995
61854,86705,1968
61855,-666666666,1938
61856,103559,1980
61857,83750,1945
61858,56415,1978
61859,102708,1973
61862,114250,1958
61863,78125,1961
61864,110139,1964
61865,66786,1964
61866,50686,1967
61870,54044,1956
61871,78750,1964
61872,117821,1969
61873,117578,1990
61874,91667,1996
61875,118929,1979
61876,60956,1949
61877,96750,1966
61878,66250,1975
61880,85536,1980
61882,80139,1956
61883,56169,1953
61884,106250,1985
61910,88538,1976
61911,82633,1971
61912,74954,1971
61913,65500,1963
61914,63125,1965
61917,62875,1948
61919,87188,1975
61920,52429,1979
61924,76641,1959
61925,81316,1971
61928,118271,1957
61929,79167,1961
61930,79531,1948
61931,74125,1979
61932,64583,1957
61933,75938,1949
61936,-666666666,1954
61937,61295,1960
61938,57503,1959
61940,55938,1938
61941,-666666666,-666666666
61942,76884,1957
61943,54196,1965
61944,56383,1969
61949,69375,1938
61951,71905,1971
61953,78214,1965
61955,49167,1955
61956,75125,1961
61957,75583,1967
62001,98558,1971
62002,61414,1955
62006,94444,1973
62009,45217,1947
62010,71408,1978
62011,49821,1973
62012,92571,1978
62013,72750,1968
62014,93233,1972
62015,51758,1938
62016,61949,1964
62017,97625,1975
62018,40438,1967
62019,56741,1972
62021,107454,1963
62022,110703,1951
62023,71458,1950
62024,56761,1958
62025,100741,1987
62026,-666666666,-666666666
62027,64375,1956
62028,72031,1969
62030,44063,1987
62031,84375,1987
62032,61000,1947
62033,78286,1955
62034,101260,1989
62035,93973,1974
62036,103409,1976
62037,73454,1987
62040,60031,1962
62044,71146,1968
62045,85234,1958
62046,108036,1979
62047,116250,1971
62048,40946,1952
62049,55446,1965
62050,84432,1938
62051,64360,1991
62052,74926,1972
62053,61250,1951
62054,61417,1953
62056,62643,1964
62058,62240,1965
62059,30673,1964
62060,46563,1964
62061,87938,1977
62062,98672,1996
62063,63295,1975
62067,72431,1978
62069,59764,1959
62074,79808,1979
62075,65954,1952
62076,46250,1941
62077,72917,1943
62078,-666666666,1938
62079,133333,1991
62080,67717,1974
62081,91875,1956
62082,62875,1954
62083,21845,1993
62084,63226,1948
62085,70000,1978
62086,65000,1969
62087,60214,1967
62088,62808,1972
62089,45543,1970
62090,36098,1965
62091,102188,1983
62092,56607,1949
62093,45313,1948
62094,60644,1955
62095,65013,1956
62097,91011,1971
62098,-666666666,1938
62201,27437,1957
62203,42111,1956
62204,35346,1954
62205,45672,1953
62206,33838,1965
62207,29845,1976
62208,80205,1971
62214,104063,1966
62215,107727,1978
62216,120139,1994
62217,84615,1977
62218,91250,1988
62219,63603,1961
62220,65952,1955
62221,82271,1989
62223,73700,1965
62225,103284,1997
62226,70797,1975
62230,91350,1983
62231,84214,1976
62232,64269,1968
62233,84556,1962
62234,69607,1969
62236,108981,1991
62237,55208,1988
62238,67656,1980
62239,61191,1969
62240,96063,1975
62241,83438,1973
62242,60400,1971
62243,103342,1988
62244,107917,1990
62245,91767,1975
62246,66970,1976
62248,79583,1971
62249,90424,1984
62250,66667,1966
62253,47000,1973
62254,96492,1989
62255,80506,1978
62256,126250,1993
62257,78750,1966
62258,94655,1984
62260,91039,1977
62261,-666666666,1983
62262,65089,1971
62263,71690,1968
62264,57015,1961
62265,84853,1979
62266,52917,1952
62268,95833,1969
62269,103818,1998
62271,82746,1973
62272,50938,1973
62273,51000,1988
62274,71658,1974
62275,85000,1985
62277,67969,1970
62278,79688,1977
62279,139063,1996
62280,62353,1996
62281,132000,2002
62282,117143,1980
62284,51875,1966
62285,136345,1998
62286,61220,1971
62288,67159,1973
62289,47237,1979
62292,47857,1967
62293,98155,1978
62294,120466,1992
62295,87989,1997
62297,90938,1958
62298,101155,1991
62301,52055,1953
62305,83598,1980
62311,47794,1956
62312,68571,1938
62313,108646,1963
62314,75556,1944
62316,61094,1956
62319,49500,1976
62320,77143,1966
62321,76825,1962
62323,92917,1970
62324,76903,1967
62325,75469,1958
62326,65000,1970
62330,61042,1958
62334,38750,1938
62336,43125,1948
62338,91473,1979
62339,62422,1950
62340,43333,1968
62341,62262,1969
62343,61322,1955
62344,-666666666,1938
62345,61607,1938
62346,-666666666,1938
62347,93810,1981
62348,77969,1953
62349,67981,1963
62351,77298,1970
62352,50769,1972
62353,66000,1967
62354,72788,1973
62355,65750,1959
62356,68542,1938
62357,81000,1938
62358,62216,1962
62359,51413,1938
62360,54706,1974
62361,48188,1958
62362,47500,1959
62363,58500,1963
62365,90833,1956
62366,56346,1965
62367,58000,1978
62370,115577,1964
62373,110568,1938
62374,78571,1977
62375,76855,1943
62376,57778,1957
62378,69650,1955
62379,62200,1966
62380,75000,1938
62401,82374,1978
62410,80588,1978
62411,66111,1975
62413,86250,1975
62414,58370,1973
62417,54792,1965
62418,58448,1979
62419,95982,1978
62420,65771,1970
62421,55833,1978
62422,75074,1976
62423,47179,1986
62424,84635,1991
62425,54400,1990
62426,51667,1990
62427,81250,1976
62428,53333,1970
62431,64904,1985
62432,79432,1974
62433,73750,1962
62434,-666666666,1979
62436,63229,1975
62438,71786,1981
62439,53622,1960
62440,79605,1970
62441,80738,1975
62442,70284,1963
62443,86950,1988
62444,62358,1971
62445,81484,1966
62446,78500,1985
62447,87292,1973
62448,74179,1976
62449,59555,1972
62450,62096,1972
62451,63665,1955
62452,78036,1986
62454,74679,1963
62458,48810,1967
62459,86250,1966
62460,66620,1971
62461,74350,1969
62462,102708,1970
62463,58214,1971
62464,60625,1980
62465,84286,1969
62466,78250,1971
62467,96406,1978
62468,75625,1971
62469,116440,1938
62471,61792,1971
62473,74700,1980
62474,67083,1971
62475,-666666666,1964
62476,65543,1970
62477,88646,1951
62478,98750,1974
62479,57292,1983
62480,64750,1964
62481,79231,1984
62501,95889,1972
62510,56949,1955
62512,55347,1938
62513,83125,1952
62514,53333,1938
62515,62222,1970
62517,75000,1938
62518,-666666666,1970
62519,-666666666,-666666666
62520,84500,1982
62521,66337,1962
62522,50669,1949
62523,13393,1954
62526,49062,1966
62530,82188,1975
62531,98125,1966
62532,-666666666,1959
62533,77250,1960
62534,68750,1964
62535,112000,1995
62536,95809,1980
62537,70455,1938
62538,85563,1958
62539,82750,1970
62540,70179,1955
62541,-666666666,-666666666
62543,73594,1942
62544,89167,1961
62545,84815,1981
62546,89821,1957
62547,59750,1967
62548,73312,1950
62549,100566,1977
62550,73634,1962
62551,69583,1953
62553,92083,1971
62554,95625,1968
62555,69676,1938
62556,55694,1938
62557,51389,1957
62558,81106,1971
62560,80781,1966
62561,81646,1977
62563,117255,1988
62565,66498,1959
62567,71471,1947
62568,62718,1968
62570,89000,1948
62571,79390,1982
62572,92938,1977
62573,94583,1972
62601,109500,1966
62610,60625,1948
62611,62875,1970
62612,69569,1970
62613,86675,1990
62615,84632,1974
62617,56667,1968
62618,65208,1967
62621,82500,1963
62622,-666666666,-666666666
62624,58500,1973
62625,167674,1975
62626,70781,1967
62627,63235,1954
62628,89861,1954
62629,107250,1995
62630,112917,1968
62631,63125,1968
62633,44783,1938
62634,93571,1963
62635,77750,1957
62638,86538,1970
62639,62292,1948
62640,66116,1971
62642,77538,1960
62643,75625,1953
62644,57689,1961
62649,71875,1973
62650,65762,1964
62655,56750,1955
62656,62017,1967
62661,80833,1976
62663,81875,1948
62664,70509,1951
62665,46528,1970
62666,89167,1960
62667,63088,1952
62668,70577,1976
62670,78750,1981
62671,98750,1938
62672,46771,1941
62673,68393,1967
62674,55417,1971
62675,84267,1976
62677,102917,1974
62681,65889,1970
62682,60125,1944
62684,139196,1999
62685,64063,1976
62688,73929,1949
62689,61500,1956
62690,84196,1961
62691,78798,1972
62692,66143,1951
62693,121429,1981
62694,58460,1962
62695,65972,1975
62701,32195,1968
62702,51136,1964
62703,45009,1960
62704,69976,1967
62706,-666666666,-666666666
62707,89926,1980
62711,124816,1999
62712,110179,1994
62801,52017,1969
62803,81823,1971
62806,66776,1973
62807,82321,1984
62808,69015,1976
62809,43900,2002
62810,57969,1977
62811,52083,1968
62812,60539,1966
62814,59462,1979
62815,63750,1966
62816,53036,1978
62817,105625,1975
62818,58523,1961
62819,45341,1953
62820,-666666666,1948
62821,55367,1960
62822,47770,1950
62823,59310,1970
62824,61591,1972
62825,48750,1971
62827,52550,1957
62828,70583,1969
62829,-666666666,-666666666
62830,62400,1986
62831,79464,1976
62832,59652,1970
62833,51125,1976
62835,49628,1966
62836,73281,1982
62837,50536,1971
62838,82976,1970
62839,53685,1964
62841,31750,1961
62842,73424,1983
62843,16020,1938
62844,47625,1959
62846,65500,1984
62848,80156,1974
62849,60789,1982
62850,93594,1994
62851,96728,1987
62852,72614,1938
62853,60721,1977
62854,63587,1974
62856,60750,1979
62858,66319,1976
62859,54011,1965
62860,80288,1984
62861,31250,1954
62862,59125,1972
62863,55916,1968
62864,60451,1974
62865,67798,1980
62867,36845,1975
62868,61645,1976
62869,62159,1972
62870,59821,1975
62871,107750,1958
62872,62344,1982
62874,40625,1945
62875,73333,1971
62876,55833,1960
62877,83958,1976
62878,65213,1994
62879,26964,1948
62880,61667,1965
62881,71270,1974
62882,55582,1979
62883,104808,1990
62884,58679,1959
62885,64688,1970
62886,61250,1976
62887,29135,1972
62888,66136,1975
62889,70364,1993
62890,54271,1982
62891,27344,1947
62892,75417,1979
62893,59063,1989
62894,83563,1979
62895,51131,1979
62896,55458,1964
62897,78125,1980
62898,74297,1990
62899,55482,1982
62901,35089,1977
62902,84223,1978
62903,46818,1985
62905,52875,1972
62906,41993,1974
62907,84293,1986
62908,90083,1971
62910,59514,1969
62912,63750,1978
62914,41103,1954
62915,31875,1984
62916,85694,1987
62917,50119,1969
62918,70920,1990
62919,63942,1970
62920,55288,1972
62921,-666666666,1954
62922,74245,1975
62923,51806,1977
62924,70357,1983
62926,64583,1981
62927,54792,1966
62928,27955,2000
62930,52931,1964
62931,49605,1983
62932,46000,1969
62933,67794,1977
62934,54107,1970
62935,60238,1981
62938,63780,1975
62939,65750,1988
62940,64375,1963
62941,47500,1972
62942,36458,1957
62943,83194,1993
62946,51566,1970
62947,47321,1996
62948,60975,1969
62949,37308,1967
62950,69722,1965
62951,50657,1972
62952,64097,1975
62953,41563,1963
62954,67756,1971
62956,73462,1971
62957,46053,1974
62958,65833,1980
62959,71063,1984
62960,63102,1976
62961,151250,1938
62962,-666666666,-666666666
62963,54531,1972
62964,31833,1965
62965,-666666666,1958
62966,55665,1970
62967,62404,1982
62969,-666666666,1975
62970,34313,1978
62972,84175,1996
62974,64107,1983
62975,88906,1975
62976,40139,1960
62977,68056,1980
62979,50625,1969
62982,43750,1963
62983,57667,1963
62984,50288,1972
62985,74375,1995
62987,83393,1990
62988,54779,1983
62990,64076,1985
62992,62688,1964
62994,64773,1985
62995,49744,1985
62996,56122,1986
62997,54318,1972
62998,56300,1978
62999,41553,1938
63005,198469,1993
63010,79784,1982
63011,124454,1977
63012,96099,1984
63013,99337,1995
63014,61842,1971
63015,88750,1984
63016,86359,1985
63017,127095,1980
63019,72569,1968
63020,70824,1980
63021,120177,1983
63023,79583,1982
63025,125676,1999
63026,97553,1986
63028,79737,1988
63030,91042,1991
63031,70811,1967
63033,66776,1966
63034,103905,1987
63036,58083,1999
63037,50203,1975
63038,186450,1992
63039,70329,1977
63040,133220,1994
63041,68750,1996
63042,49453,1969
63043,91509,1972
63044,77819,1977
63045,-666666666,-666666666
63047,-666666666,-666666666
63048,92109,2000
63049,92333,1985
63050,87371,1992
63051,79940,1990
63052,92922,1995
63053,61250,1972
63055,79125,1992
63056,75517,1976
63060,54926,1986
63061,99405,1984
63068,79632,1982
63069,78185,1986
63070,65211,1992
63071,44853,1977
63072,80333,1991
63073,250001,2000
63074,51610,1958
63077,56281,1979
63079,-666666666,1981
63080,66541,1983
63084,75992,1992
63087,60313,1994
63088,65769,1991
63089,72731,1983
63090,85025,1983
63091,80000,1976
63101,66678,1938
63102,65527,1966
63103,40943,1947
63104,68764,1938
63105,116439,1950
63106,20679,1982
63107,43625,1938
63108,55147,1938
63109,69938,1940
63110,81655,1938
63111,47039,1938
63112,45542,1938
63113,39913,1938
63114,55870,1954
63115,30622,1938
63116,61433,1938
63117,90921,1945
63118,57762,1938
63119,106183,1955
63120,35176,1945
63121,42701,1953
63122,136385,1960
63123,77055,1960
63124,193942,1962
63125,61624,1961
63126,98852,1961
63127,122663,1982
63128,92359,1976
63129,94888,1981
63130,85823,1944
63131,225493,1975
63132,87385,1959
63133,39293,1955
63134,44680,1957
63135,52328,1955
63136,41154,1959
63137,43422,1958
63138,56096,1969
63139,75757,1938
63140,45568,1969
63141,133851,1978
63143,65861,1945
63144,104438,1957
63146,84756,1974
63147,41182,1947
63155,-666666666,-666666666
63301,85308,1977
63303,99138,1989
63304,114442,1991
63330,57614,1945
63332,146146,1991
63333,64688,1984
63334,54638,1973
63336,71875,1971
63339,82321,1994
63341,170598,1996
63343,74531,1976
63344,69250,1979
63345,43500,1969
63347,81949,1991
63348,115661,2004
63349,80375,1994
63350,69111,1981
63351,67500,1979
63352,54485,1961
63353,46875,1961
63357,92200,1991
63359,75227,1983
63361,62371,1982
63362,88977,2005
63363,47188,1973
63365,53542,1989
63366,100621,1998
63367,137648,2005
63368,124297,2000
63369,96250,1997
63373,88750,1968
63376,96393,1987
63377,88424,1991
63379,91194,1998
63380,58750,2001
63381,111890,1976
63382,60733,1961
63383,75282,1999
63384,78281,1971
63385,112199,2006
63386,110250,1961
63387,104375,1962
63388,72375,1992
63389,98393,1995
63390,82351,1999
63401,60036,1970
63430,65250,1973
63431,65526,1975
63432,60481,1984
63433,-666666666,-666666666
63434,50625,1960
63435,62102,1970
63436,56808,1978
63437,36786,1966
63438,42188,1991
63439,34242,2002
63440,60217,1983
63441,77083,1972
63443,42303,1969
63445,48370,1971
63446,60982,1971
63447,43478,1961
63448,61417,1968
63450,69815,1941
63451,80972,1975
63452,62292,1965
63453,74028,1987
63454,88192,1984
63456,64160,1979
63457,57778,1986
63458,69250,1957
63459,67778,1978
63460,-666666666,1959
63461,69707,1973
63462,51205,1975
63463,69688,1981
63465,57361,1972
63466,-666666666,-666666666
63467,-666666666,-666666666
63468,45882,1972
63469,55625,1970
63471,103182,1966
63472,22455,1947
63473,57174,1965
63474,51000,1956
63501,60729,1973
63530,72500,1975
63531,86250,1963
63532,50000,1967
63533,79464,1972
63534,42392,1955
63535,-666666666,1991
63536,60625,1968
63537,59891,1965
63538,47188,1958
63539,35417,1971
63540,96250,1965
63541,57287,1960
63543,57292,1969
63544,44167,1975
63545,40104,1960
63546,72404,1978
63547,38281,1959
63548,66625,1961
63549,59881,1967
63551,76389,1985
63552,65210,1973
63555,67426,1971
63556,58851,1967
63557,60833,1976
63558,65750,1972
63559,60481,1961
63560,56607,1956
63561,56563,1963
63563,61250,1980
63565,69643,1976
63566,97396,1949
63567,61111,1961
63601,54753,1973
63620,42426,1973
63621,87825,1976
63622,31750,1985
63623,44844,1983
63624,41984,1975
63625,-666666666,1976
63626,82599,1996
63627,88071,1988
63628,63602,1981
63629,47049,1975
63630,52482,1994
63631,74211,1956
63633,52500,1979
63636,65000,1966
63637,54926,1975
63638,55257,1974
63640,61913,1992
63645,54747,1978
63648,51765,1984
63650,50183,1972
63653,38021,1940
63654,36607,1973
63655,61469,1974
63656,47181,1980
63660,51410,1987
63662,55074,1965
63663,44750,1971
63664,61216,1980
63665,28438,1981
63670,62679,1977
63673,77931,1975
63674,-666666666,-666666666
63675,16250,1948
63701,66654,1978
63703,38695,1970
63730,70707,1979
63732,76250,1969
63735,28214,1981
63736,59414,1989
63738,-666666666,-666666666
63739,62500,1980
63740,54364,1974
63742,-666666666,1973
63743,122750,2012
63744,36250,1971
63745,-666666666,1992
63746,-666666666,-666666666
63747,106425,1988
63748,59478,1969
63750,120773,2021
63751,34318,1981
63755,78750,1993
63758,56250,1977
63760,80268,1980
63763,-666666666,1979
63764,49917,1984
63766,58828,1992
63767,46765,1975
63769,91146,1988
63770,-666666666,1971
63771,70603,1972
63774,48558,1972
63775,63712,1979
63780,72171,1977
63781,72561,1990
63782,78068,1990
63783,-666666666,1981
63784,48333,1973
63785,75938,1984
63787,46000,1975
63801,62698,1976
63820,-666666666,1979
63821,40238,1967
63822,57639,1972
63823,62656,1978
63824,38333,1963
63825,52414,1974
63826,-666666666,1949
63827,65313,1980
63828,46875,1974
63829,28281,1973
63830,36979,1971
63833,60682,1960
63834,41348,1971
63837,46066,1973
63839,42250,1973
63840,65227,1975
63841,58607,1976
63845,51207,1973
63846,50813,1977
63847,-666666666,1938
63848,43083,1964
63849,90685,1973
63850,-666666666,-666666666
63851,28705,1975
63852,46971,1967
63853,37375,1974
63855,50278,1972
63857,55188,1970
63860,40817,1964
63862,43940,1972
63863,47205,1973
63866,33750,1979
63867,47143,1976
63868,32254,1976
63869,57959,1976
63870,57639,1959
63873,54362,1975
63874,48000,1966
63876,34837,1974
63877,51923,1974
63878,-666666666,1985
63879,41083,1958
63880,-666666666,1996
63882,30227,1957
63901,51152,1980
63932,47212,1968
63933,55582,1972
63934,-666666666,-666666666
63935,42985,1983
63936,51466,1991
63937,61614,1991
63939,44125,1992
63940,53378,1979
63941,29352,1984
63942,47250,1983
63943,40152,1988
63944,58047,1981
63945,44174,1989
63950,-666666666,-666666666
63951,26639,1971
63952,41513,1983
63953,32895,1972
63954,39853,1983
63955,48056,1985
63956,61146,1992
63957,43582,1977
63960,57875,1975
63961,39167,1979
63962,-666666666,-666666666
63964,41500,1979
63965,37697,1979
63966,59871,1986
63967,42048,1984
64001,68000,1970
64011,82981,1994
64012,71814,1987
64014,90337,1985
64015,84518,1985
64016,98323,1974
64017,68239,1988
64018,110750,1972
64019,91005,1993
64020,59269,1964
64021,97188,1951
64022,78125,1962
64024,77895,1972
64028,124375,1975
64029,91704,2001
64030,53216,1973
64034,120041,1995
64035,86756,1953
64036,46786,1950
64037,91843,1972
64040,71886,1986
64048,103131,1982
64050,48834,1957
64052,59007,1955
64053,47285,1938
64054,59719,1956
64055,62439,1970
64056,67685,1974
64057,71402,1989
64058,82192,1979
64060,112683,1996
64061,85987,1996
64062,92277,1980
64063,80459,1983
64064,117674,1999
64065,-666666666,1942
64066,82083,1943
64067,69546,1961
64068,92297,1985
64070,130364,1996
64071,124375,1977
64072,37917,1959
64074,75469,1979
64075,81573,1987
64076,93008,1991
64077,75956,1974
64078,103922,1989
64079,99161,1997
64080,104311,1995
64081,102119,1995
64082,131453,2005
64083,101667,2001
64084,65060,1977
64085,64096,1967
64086,102099,1991
64088,101645,1972
64089,101009,1995
64090,61875,1973
64092,-666666666,-666666666
64093,61094,1987
64096,52315,1973
64097,74750,1969
64098,92661,1976
64101,-666666666,1938
64102,-666666666,-666666666
64105,67235,1956
64106,52564,1973
64108,80551,1979
64109,41943,1938
64110,63044,1938
64111,61729,1945
64112,100736,1955
64113,179964,1938
64114,81275,1961
64116,64123,1973
64117,59601,1969
64118,74740,1976
64119,83929,1974
64120,76833,2012
64123,54443,1938
64124,46241,1938
64125,41983,1943
64126,39934,1951
64127,33111,1949
64128,36088,1950
64129,51310,1962
64130,42221,1952
64131,64201,1960
64132,45622,1957
64133,67750,1965
64134,58170,1964
64136,51867,1989
64137,66036,1968
64138,58638,1968
64139,122686,2005
64145,95159,1984
64146,66481,1980
64147,-666666666,1980
64149,91250,1964
64150,58846,1977
64151,92876,1988
64152,114688,1987
64153,82964,1999
64154,86213,2003
64155,97471,1997
64156,130224,2008
64157,149526,2006
64158,105043,2005
64161,53333,1958
64163,59511,2001
64164,145208,1995
64165,-666666666,-666666666
64166,163214,1977
64167,202917,1988
64401,99398,1989
64402,54444,1973
64420,73750,1938
64421,53125,1992
64422,68882,1938
64423,58854,1963
64424,53479,1964
64426,87844,1964
64427,62917,1966
64428,56250,1955
64429,68708,1983
64430,75577,1966
64431,75625,1969
64432,76250,1975
64433,50417,1956
64434,73750,1974
64436,113500,1974
64437,51667,1973
64438,-666666666,1999
64439,91136,1976
64440,94306,1972
64441,42250,1938
64442,61985,1973
64443,86042,1990
64444,68482,1964
64445,66667,1946
64446,56949,1955
64448,76058,1974
64449,71667,1949
64451,52955,1959
64453,80536,1951
64454,87262,1977
64455,53864,1959
64456,48611,1959
64457,62250,1967
64458,-666666666,1991
64459,78808,1978
64461,63750,1952
64463,59219,1971
64465,80552,1985
64466,54028,1950
64467,-666666666,1982
64468,57251,1981
64469,62059,1981
64470,70833,1967
64471,34375,1961
64473,63313,1964
64474,77083,1970
64475,60469,1968
64476,73250,1954
64477,64643,1972
64479,61184,1974
64480,115781,1966
64481,55341,1980
64482,66534,1963
64483,73750,1955
64484,77917,1976
64485,67929,1978
64486,26375,1953
64487,65833,1957
64489,54519,1972
64490,88750,1978
64491,57500,1957
64492,66211,1982
64493,64583,2002
64494,65511,1968
64496,53021,1949
64497,69250,1990
64498,48750,1938
64499,93565,1965
64501,46731,1941
64503,53039,1966
64504,58801,1958
64505,73298,1963
64506,65573,1977
64507,61158,1956
64601,63061,1969
64620,74464,1995
64622,80577,1955
64623,53359,1953
64624,58095,1964
64625,35000,1963
64628,59361,1963
64630,57813,1959
64631,59917,1970
64632,50313,1957
64633,58726,1964
64635,78333,1962
64636,34167,1990
64637,56944,1976
64638,63654,1960
64639,59107,1948
64640,61302,1975
64641,49545,1959
64642,64107,1968
64643,56688,1972
64644,74408,1971
64645,53125,1961
64646,68125,1971
64647,51250,1968
64648,74821,1971
64649,67216,1987
64650,45441,1975
64651,72321,1966
64652,58750,1963
64653,54821,1973
64654,97188,1958
64655,-666666666,1971
64656,58438,1968
64657,59659,1959
64658,75848,1968
64659,73698,1966
64660,80000,1979
64661,54122,1968
64664,73125,1974
64667,47841,1960
64668,73889,1958
64670,52083,1990
64671,75455,1987
64672,43250,1982
64673,61364,1971
64674,70000,1968
64676,59519,1943
64679,53611,1966
64681,70833,1938
64682,54886,1961
64683,52109,1963
64686,71563,1963
64688,67679,1970
64689,62206,1971
64701,78648,1978
64720,75479,1982
64722,67933,1973
64723,63500,1973
64724,49338,1973
64725,84722,1984
64726,54205,1958
64728,67188,1968
64730,49883,1972
64733,77083,1975
64734,88274,1986
64735,58879,1981
64738,61493,1982
64739,85375,1988
64740,61641,1995
64741,44271,1955
64742,71442,1976
64743,53875,1992
64744,47685,1975
64745,-666666666,1980
64746,79682,1978
64747,82642,1991
64748,50865,1963
64750,-666666666,1996
64752,66875,1985
64755,77643,1979
64756,46971,1955
64759,50000,1975
64761,73750,1978
64762,58750,1964
64763,54821,1977
64765,-666666666,1988
64767,36813,1977
64769,27813,1971
64770,61908,1978
64771,61645,1978
64772,51872,1973
64776,44880,1981
64778,59737,1985
64779,54183,1975
64780,44107,1963
64781,43056,1938
64783,47321,1974
64784,53654,1983
64788,71705,1972
64790,48750,1977
64801,52620,1982
64804,62574,1991
64830,51510,1977
64831,63254,1981
64832,98750,1993
64833,-666666666,1971
64834,85205,1997
64835,58849,1973
64836,61335,1978
64840,65000,1992
64841,59167,1987
64842,57969,1976
64843,55492,1989
64844,63382,1988
64847,37273,1963
64848,97796,1978
64849,71875,2000
64850,63469,1980
64854,44490,1987
64855,90500,2001
64856,45513,1991
64857,-666666666,1960
64858,-666666666,1958
64859,61429,1991
64861,63250,1993
64862,59489,1971
64863,58906,1978
64865,60846,1983
64866,59712,1991
64867,55474,1991
64868,87750,2003
64870,68300,1990
64873,74360,1979
64874,38906,1969
65001,80938,1964
65010,95559,2002
65011,40990,1988
65013,57212,1982
65014,61938,1973
65016,78750,1981
65017,39457,1986
65018,67800,1977
65020,62392,1991
65023,72663,1975
65024,68438,1977
65025,51364,1985
65026,48824,1982
65032,63125,1988
65034,86875,1980
65035,90815,1991
65037,66360,1984
65039,125714,1991
65040,89167,1987
65041,70368,1976
65043,85308,1995
65046,76458,1984
65047,53750,1989
65048,88750,2004
65049,86453,1988
65050,56813,1992
65051,53289,1988
65052,87125,1990
65053,120870,1979
65054,-666666666,1983
65058,71771,1980
65059,76765,1966
65061,56250,1961
65062,-666666666,2001
65063,77957,1994
65064,66667,1969
65065,60785,1988
65066,56964,1978
65067,-666666666,1976
65068,61667,1979
65069,77500,1990
65072,78750,1989
65074,74464,1982
65075,87431,1988
65076,64333,1976
65077,80625,1986
65078,43974,1977
65079,70024,1986
65080,77013,1998
65081,56121,1973
65082,60260,1987
65083,-666666666,1975
65084,55372,1977
65085,103563,1973
65101,74807,1979
65109,74694,1984
65201,48113,1990
65202,72289,1993
65203,79960,1991
65215,-666666666,-666666666
65216,-666666666,-666666666
65230,51607,1959
65231,57407,1981
65232,83542,1968
65233,68320,1973
65236,46806,1959
65237,76389,1965
65239,83578,1987
65240,71707,1985
65243,68021,1994
65244,48125,1980
65246,-666666666,1990
65247,72526,2000
65248,53125,1967
65250,125000,1992
65251,63072,1979
65254,70321,1966
65255,83900,1995
65256,92061,1990
65257,54911,1982
65258,64500,1968
65259,60865,1980
65260,49792,1973
65261,64904,1976
65262,73200,1998
65263,56211,1977
65264,46042,1981
65265,56969,1970
65270,48351,1970
65274,69833,1974
65275,60893,1973
65276,78958,1978
65278,45625,1965
65279,103516,1982
65280,93036,1970
65281,73705,1967
65282,-666666666,1996
65283,39464,2002
65284,97434,1979
65285,98625,1990
65286,-666666666,1957
65287,94143,1985
65301,58064,1973
65305,54267,2004
65320,35469,1938
65321,82019,1964
65322,73250,1963
65323,49750,1975
65324,52969,1982
65325,53942,1981
65326,51888,1978
65327,88750,1948
65329,-666666666,1987
65330,42188,1967
65332,66750,1988
65333,59208,1960
65334,65899,1988
65335,78750,1988
65336,66935,1998
65337,71500,1974
65338,51038,1979
65339,43750,1949
65340,58118,1972
65344,61667,1956
65345,55313,1977
65347,103125,1988
65348,52125,1974
65349,45982,1963
65350,60509,1985
65351,55625,1970
65354,37614,1938
65355,50648,1987
65360,53021,1971
65401,56081,1985
65409,-666666666,-666666666
65436,-666666666,1942
65438,54028,1984
65439,21492,1978
65440,37250,1979
65441,65050,1980
65443,-666666666,1955
65444,56875,1987
65446,50625,1974
65449,36200,1975
65452,60350,1978
65453,62790,1982
65456,98700,1969
65457,72940,1988
65459,66385,1984
65461,63036,1947
65462,54712,1979
65463,69973,1974
65464,-666666666,1982
65466,40625,1970
65468,-666666666,-666666666
65470,59091,1983
65473,67690,1995
65479,108072,2004
65483,46663,1974
65484,-666666666,-666666666
65486,71744,1979
65501,25417,1988
65529,111618,1971
65534,72500,2003
65535,56660,1988
65536,53783,1983
65541,54931,1976
65542,46076,1980
65543,50980,2004
65548,48698,1984
65550,71275,1978
65552,63894,1989
65555,43631,1984
65556,38194,1979
65557,97650,1957
65559,61750,1983
65560,56250,1977
65564,-666666666,-666666666
65565,50277,1981
65566,39583,1970
65567,55050,1981
65570,34573,1968
65571,60040,1971
65580,69898,1989
65582,60278,1988
65583,76626,1998
65584,63328,2001
65586,57344,1938
65588,44500,1977
65589,-666666666,1968
65590,56762,1983
65591,50139,1996
65601,46875,1974
65603,63516,1990
65604,68683,1986
65605,53294,1979
65606,51909,1979
65608,44607,1982
65609,53571,1979
65610,77155,1993
65611,59866,1996
65612,78047,1978
65613,59172,1987
65614,61875,1976
65616,60489,1997
65617,76488,1990
65618,-666666666,1996
65619,85024,2002
65620,-666666666,1979
65622,50081,1977
65623,59167,1985
65624,61995,1993
65625,63348,1981
65626,40208,1981
65627,44188,1980
65629,63750,1981
65630,107115,2006
65631,86875,2003
65632,57656,1993
65633,49349,1982
65634,35948,1987
65635,92292,1985
65637,50588,1990
65638,58906,1993
65640,61136,1985
65641,55417,1999
65644,71527,1983
65646,52708,1979
65647,46146,1977
65648,86850,1990
65649,46516,1993
65650,50194,1986
65652,78420,1990
65653,46918,1989
65654,47500,1951
65655,37337,1981
65656,67239,1984
65657,-666666666,1986
65658,51641,1993
65660,73846,1978
65661,46170,1970
65662,51339,1983
65663,61023,1992
65664,-666666666,1974
65666,-666666666,-666666666
65667,34444,1985
65668,38449,1980
65669,86932,1994
65672,59737,1995
65674,47500,1985
65675,84028,1938
65676,45170,1976
65679,48442,1995
65680,77563,1982
65681,57548,1988
65682,53590,1970
65685,51394,1987
65686,58363,1989
65688,68529,1995
65689,44231,1978
65690,-666666666,1968
65692,40357,1986
65702,62301,1993
65704,49787,1986
65705,61000,1981
65706,74830,1986
65707,57177,1984
65708,57827,1976
65710,77865,1985
65711,50663,1974
65712,69304,1987
65713,63750,1983
65714,86765,2000
65715,-666666666,-666666666
65717,61146,1985
65720,51563,1989
65721,77507,2000
65722,48378,1986
65723,49695,1981
65724,41447,1985
65725,77406,1991
65726,-666666666,-666666666
65727,81641,1995
65728,-666666666,-666666666
65729,61818,1970
65730,-666666666,2001
65731,-666666666,1972
65732,45909,1990
65733,59375,1979
65734,56744,1984
65735,72724,2005
65737,63811,1995
65738,67841,1999
65739,61250,2000
65740,57390,1990
65741,-666666666,-666666666
65742,83795,1994
65744,50655,1993
65745,52158,1995
65746,55402,1994
65747,55060,1990
65752,48125,1977
65753,80179,1994
65754,88125,2003
65755,35291,1977
65756,113795,1968
65757,85243,1994
65759,60417,1983
65760,42708,1984
65761,43000,1977
65762,73487,1983
65764,26936,1989
65766,-666666666,1984
65767,52708,1994
65768,26029,1994
65769,67829,1986
65770,59329,1977
65771,95398,2001
65772,63889,1994
65773,-666666666,1968
65774,31674,1974
65775,52206,1984
65777,-666666666,2004
65778,23669,1984
65779,44018,1984
65781,83816,1995
65783,-666666666,1982
65784,-666666666,1988
65785,50086,1989
65786,61136,1986
65787,62917,1985
65788,64375,1982
65789,57083,1986
65790,68672,1983
65791,42470,1973
65793,50116,1976
65801,-666666666,-666666666
65802,55019,1977
65803,50572,1973
65804,62301,1975
65806,28165,1970
65807,53870,1983
65809,111364,1992
65810,95160,1996
65897,-666666666,2013
66002,61364,1968
66006,80960,1988
66007,121266,2000
66008,94792,1938
66010,44318,1969
66012,97873,1982
66013,164320,1995
66014,105431,2003
66015,69375,1968
66016,76141,1980
66017,68750,1938
66018,105357,1992
66020,78594,1980
66021,88125,1978
66023,55759,1968
66024,68125,1979
66025,114868,1995
66026,77857,1989
66027,102208,2001
66030,97822,2002
66031,-666666666,-666666666
66032,69647,1962
66033,91540,1979
66035,97895,1948
66039,60329,1957
66040,56323,1991
66041,56912,1972
66042,67813,1993
66043,103060,1986
66044,55955,1968
66045,13750,1963
66046,65478,1981
66047,65392,1993
66048,72734,1970
66049,90147,1997
66050,91979,1982
66052,82411,1981
66053,89096,1996
66054,98214,1985
66056,57813,1973
66058,96458,1965
66060,77222,1960
66061,110176,1994
66062,117585,1994
66064,67321,1961
66066,79990,1978
66067,77255,1972
66070,85714,1979
66071,84142,1977
66072,101875,1991
66073,86641,1981
66075,62407,1975
66076,73945,1978
66078,80000,1978
66079,54432,1978
66080,90543,1967
66083,116791,2002
66085,152500,2002
66086,98318,1992
66087,56875,1958
66088,75795,1966
66090,87025,1974
66091,77872,1968
66092,87524,1980
66093,65903,1938
66094,72000,1984
66095,71023,1976
66097,66369,1978
66101,42551,1946
66102,52861,1954
66103,52479,1957
66104,61338,1955
66105,34397,1947
66106,61331,1961
66109,102593,1990
66111,65972,1978
66112,62313,1971
66115,-666666666,-666666666
66118,-666666666,-666666666
66160,-666666666,-666666666
66202,75129,1969
66203,75869,1969
66204,75889,1965
66205,102449,1951
66206,174394,1961
66207,125153,1966
66208,124000,1957
66209,143393,1991
66210,95636,1986
66211,106486,1996
66212,81477,1970
66213,117706,1995
66214,83435,1981
66215,88232,1982
66216,111744,1981
66217,93651,1991
66218,168878,2004
66219,94124,2000
66220,177206,2005
66221,190000,2007
66223,114855,2001
66224,188004,2003
66226,173667,2000
66227,139883,2009
66251,-666666666,-666666666
66401,73516,1960
66402,88427,1985
66403,71875,1982
66404,89620,1974
66406,67955,1973
66407,67750,1952
66408,91250,1944
66409,104604,1987
66411,57361,1958
66412,86638,1946
66413,65179,1950
66414,74063,1978
66415,70066,1972
66416,74375,1971
66417,86875,1953
66418,77885,1969
66419,100152,1970
66422,73257,1986
66423,60938,1963
66424,58553,1956
66425,61094,1972
66427,79481,1964
66428,100500,1970
66429,68780,1976
66431,93095,1986
66432,108818,1938
66434,76613,1965
66436,71016,1971
66438,76250,1938
66439,53348,1958
66440,97109,1984
66441,59522,1983
66442,51610,2007
66449,90089,1962
66451,76908,1960
66501,59500,1974
66502,54833,1979
66503,97846,1999
66506,-666666666,-666666666
66507,96786,1977
66508,55636,1958
66509,65958,1983
66510,57262,1973
66512,79008,1979
66514,93889,1983
66515,89375,1952
66516,80938,1962
66517,68421,1995
66518,-666666666,1938
66520,94911,1972
66521,61250,1957
66522,57500,1938
66523,74716,1975
66524,84375,1975
66526,78750,1971
66527,60750,1958
66528,73472,1971
66531,79063,1972
66532,76875,1943
66533,62237,1970
66534,73050,1972
66535,78642,1999
66536,85568,1976
66537,70000,1986
66538,78981,1980
66539,87554,1977
66540,52368,1971
66541,36563,1952
66542,108218,1975
66543,75288,1979
66544,97212,1938
66546,86607,1977
66547,103454,1981
66548,70568,1954
66549,79318,1980
66550,59531,1970
66552,78500,1961
66554,97411,1967
66603,44688,1951
66604,60874,1955
66605,59106,1967
66606,57169,1952
66607,29797,1962
66608,49126,1957
66609,67675,1984
66610,132821,1996
66611,55837,1966
66612,26067,1961
66614,71377,1978
66615,107656,2002
66616,51893,1943
66617,86761,1981
66618,109884,1990
66619,51528,1967
66621,-666666666,-666666666
66622,-666666666,-666666666
66701,56795,1954
66710,49671,1972
66711,58333,1938
66712,53281,1967
66713,61250,1963
66714,47361,1965
66716,77625,1973
66717,70833,1959
66720,56911,1955
66724,58750,1968
66725,48443,1964
66732,87625,1950
66733,52667,1975
66734,42807,1969
66735,66269,1996
66736,62443,1965
66738,41389,1961
66739,52289,1969
66740,-666666666,1988
66741,94792,1983
66742,-666666666,1974
66743,55515,1969
66746,54375,1938
66748,59871,1958
66749,60093,1968
66751,48417,1970
66753,73520,1966
66754,43750,1964
66755,74417,1966
66756,54710,1973
66757,68083,1969
66758,50750,1980
66760,-666666666,-666666666
66761,81111,1980
66762,50511,1971
66763,58733,1979
66767,46635,1941
66769,80000,1974
66770,90521,1981
66771,70625,1973
66772,60703,1938
66773,50764,1948
66775,64063,1986
66776,57304,1980
66777,42321,1968
66778,-666666666,-666666666
66779,65625,1975
66780,55813,1967
66781,58400,1967
66782,36458,1973
66783,48068,1955
66801,56794,1970
66830,57109,1955
66833,57819,1975
66834,60208,1938
66835,81000,1974
66838,43971,1938
66839,63077,1969
66840,56111,1938
66842,73125,1971
66843,37422,1975
66845,51771,1956
66846,61842,1965
66849,61875,1938
66850,93750,1952
66851,48162,1945
66852,61417,1956
66853,51875,1938
66854,96250,1974
66856,75667,1976
66857,62143,1974
66858,76563,1946
66859,80000,1950
66860,60531,1948
66861,60565,1957
66862,-666666666,1955
66863,-666666666,-666666666
66864,37422,1938
66865,93333,1977
66866,58705,1947
66868,103393,1969
66869,51250,1959
66870,34375,1945
66871,71094,1966
66872,58906,1949
66873,75417,1956
66901,60063,1958
66930,43000,1938
66932,-666666666,1938
66933,55625,1938
66935,56014,1955
66936,-666666666,1938
66937,63456,1944
66938,55284,1938
66939,69167,1938
66940,44432,1938
66941,70156,1958
66942,97955,1938
66943,67738,1947
66944,75625,1938
66945,69688,1954
66946,53542,1938
66948,84531,1938
66949,46250,1961
66951,66875,1962
66952,52188,1938
66953,66250,1960
66955,85500,1938
66956,57232,1956
66958,77750,1957
66959,54750,1938
66960,50208,1943
66961,-666666666,1938
66962,74583,1973
66963,45096,1938
66964,73500,1938
66966,51125,1944
66967,56726,1958
66968,59438,1953
66970,29205,1967
67001,98661,1996
67002,104351,2001
67003,50217,1955
67004,77500,1960
67005,54516,1957
67008,60556,1973
67009,44375,1957
67010,73033,1982
67012,-666666666,-666666666
67013,69831,1961
67016,82500,1980
67017,88750,1986
67018,-666666666,1953
67019,60833,1962
67020,80680,1961
67021,48750,1941
67022,60000,1952
67023,95625,1973
67024,34231,1963
67025,86840,1981
67026,106036,1979
67028,79000,1962
67029,52259,1944
67030,100192,1986
67031,88000,1971
67035,72991,1954
67036,88194,1954
67037,85541,1991
67038,55699,1975
67039,91964,1979
67041,93750,1974
67042,62857,1963
67045,62629,1957
67047,54231,1981
67049,-666666666,-666666666
67050,86875,1980
67051,77663,1987
67052,103148,2003
67053,50417,1971
67054,71250,2001
67055,48750,1977
67056,78958,1966
67057,50179,1954
67058,62121,1961
67059,73333,1953
67060,73758,1986
67061,61667,1957
67062,75143,1985
67063,72083,1962
67065,77750,1964
67066,40179,1946
67067,108352,2000
67068,57562,1958
67070,58125,1956
67071,-666666666,-666666666
67072,-666666666,1973
67073,86875,1950
67074,72045,1978
67101,73438,2011
67102,90893,2013
67103,53750,1938
67104,66125,1955
67105,70625,1942
67106,100345,1988
67107,71563,1974
67108,87679,1964
67109,92533,1958
67110,85391,1982
67111,96000,1982
67112,53625,1938
67114,70018,1966
67117,87377,1986
67118,57500,1952
67119,61641,1953
67120,96250,1982
67122,137614,1971
67123,52063,1975
67124,66905,1956
67127,68438,1950
67131,62083,1974
67132,111094,1981
67133,110256,1992
67134,75625,1965
67135,74939,1975
67137,48333,1952
67138,61250,1966
67140,47236,1962
67142,84167,1950
67143,56250,1957
67144,73589,1993
67146,79688,1970
67147,88006,1984
67149,121845,1983
67150,-666666666,1946
67151,55313,1938
67152,52275,1958
67154,67813,1944
67155,46500,1938
67156,58821,1964
67159,44688,1946
67202,58234,1960
67203,52028,1958
67204,71999,1966
67205,121245,2005
67206,82252,1982
67207,67889,1981
67208,60914,1952
67209,77940,1984
67210,59082,1983
67211,44120,1951
67212,68145,1982
67213,50170,1955
67214,35192,1951
67215,118346,1998
67216,48902,1970
67217,55565,1972
67218,49059,1954
67219,70557,1980
67220,64338,1993
67221,-666666666,-666666666
67223,136250,1991
67226,92341,1994
67227,77386,1960
67228,162857,2005
67230,149536,2002
67232,-666666666,2004
67235,118050,2004
67260,-666666666,-666666666
67301,54950,1956
67330,75208,1976
67332,80313,2001
67333,63103,1961
67334,-666666666,1955
67335,56295,1963
67336,26667,1960
67337,51500,1957
67340,50313,1971
67341,77500,2001
67342,56597,1958
67344,60000,1946
67345,75714,1968
67346,76167,1953
67347,91250,1988
67349,67727,1958
67351,88889,1944
67352,45179,1966
67353,56964,1938
67354,46250,1971
67355,75577,1987
67356,52882,1962
67357,56438,1956
67360,52857,1964
67361,53917,1962
67363,-666666666,-666666666
67364,-666666666,1974
67401,64606,1966
67410,65855,1955
67416,73875,1963
67417,85441,1954
67418,52083,1938
67420,62938,1962
67422,85556,1986
67423,57308,1938
67425,95729,1982
67427,49250,1948
67428,75815,1944
67430,50833,1955
67431,82500,1977
67432,70275,1964
67436,58309,1942
67437,64271,1952
67438,74531,1944
67439,73409,1965
67441,65536,1949
67442,58417,1959
67443,88938,1977
67444,58889,1952
67445,46250,1938
67446,98077,1954
67447,65288,1951
67448,89076,1938
67449,69357,1950
67450,43958,1951
67451,51625,1946
67452,113125,1961
67454,55938,1950
67455,56635,1938
67456,82409,1964
67457,89167,1960
67458,64097,1957
67459,-666666666,1952
67460,80720,1977
67464,74432,1965
67466,56161,1954
67467,61750,1970
67468,58068,1938
67470,90523,1978
67473,64531,1957
67474,81250,1938
67475,59375,1938
67476,-666666666,-666666666
67478,63047,1949
67480,67750,1974
67481,55685,1938
67482,-666666666,1938
67483,71250,1944
67484,61667,1977
67485,39916,1938
67487,67813,1971
67490,67115,1938
67491,60750,1945
67492,73750,1938
67501,50859,1947
67502,74955,1974
67505,50882,1972
67510,87750,1940
67511,49716,1950
67512,95000,1980
67513,250001,1950
67514,53750,1949
67515,-666666666,1943
67516,64018,1963
67518,-666666666,-666666666
67519,110938,1938
67520,66118,1938
67521,111848,1963
67522,72622,1967
67523,57813,1955
67524,63333,1959
67525,72031,1955
67526,57824,1954
67529,77500,1938
67530,58780,1962
67543,64219,1977
67544,57568,1957
67545,67159,1954
67546,76739,1970
67547,52917,1947
67548,55313,1957
67550,65400,1956
67552,39922,1953
67553,51250,1957
67554,64125,1952
67556,55234,1938
67557,56308,1960
67559,71625,1973
67560,68654,1962
67561,57434,1941
67563,70833,1965
67564,97273,1949
67565,59375,1938
67566,29283,1954
67567,54167,1938
67568,66750,1956
67570,81000,1961
67572,58813,1958
67573,61964,1943
67574,49375,1950
67575,59125,1943
67576,76125,1945
67578,53750,1951
67579,65294,1956
67581,44583,1953
67583,53750,1951
67584,61250,1954
67601,61417,1973
67621,45000,1953
67622,66324,1954
67623,102933,1938
67625,35703,1938
67626,61349,1954
67627,-666666666,2010
67628,-666666666,1938
67629,74250,1963
67631,82083,1941
67632,64583,1945
67634,78750,1954
67635,-666666666,1938
67637,74281,1965
67638,57083,1938
67639,84091,1974
67640,73750,1977
67642,49896,1959
67643,-666666666,1938
67644,52708,1950
67645,48750,1938
67646,68480,1963
67647,63056,1942
67648,56042,1951
67649,49464,1956
67650,53808,1966
67651,63125,1944
67653,53281,1938
67654,54418,1960
67656,73542,1967
67657,67292,1948
67658,66250,1938
67659,86042,1941
67660,21397,1938
67661,60925,1962
67663,61576,1955
67664,97083,1961
67665,60662,1957
67667,63750,1963
67669,62633,1955
67671,77702,1970
67672,83917,1964
67673,49063,1938
67674,-666666666,1942
67675,52300,1938
67701,70250,1970
67730,66250,1963
67731,56333,1947
67732,64938,1948
67733,95938,1965
67734,-666666666,1945
67735,61042,1969
67736,55972,1954
67737,52917,1960
67738,71625,1957
67739,60714,1941
67740,75417,1972
67741,44958,1955
67743,56910,1946
67744,91806,1938
67745,87083,1947
67747,74583,1957
67748,78083,1959
67749,54000,1956
67751,61806,1958
67752,74861,1959
67753,62396,1947
67756,54868,1953
67757,57750,1961
67758,58500,1961
67761,74091,1960
67762,74844,1968
67764,65625,1943
67801,71821,1973
67831,63846,1943
67834,61276,1951
67835,79877,1975
67836,81250,1993
67837,67050,1979
67838,81563,1971
67839,54028,1958
67840,37813,1945
67841,71250,1980
67842,86250,1950
67843,-666666666,1992
67844,56071,1951
67846,73218,1978
67849,67917,1950
67850,59286,1967
67851,83906,1987
67853,98309,1974
67854,57104,1960
67855,72184,1969
67857,-666666666,1958
67859,59500,1958
67860,88264,1971
67861,78920,1965
67862,66806,1966
67863,-666666666,1972
67864,75929,1958
67865,65125,1954
67867,67000,1980
67868,36250,-666666666
67869,72760,1967
67870,58125,1970
67871,68339,1959
67876,71964,1955
67877,66492,1972
67878,71850,1969
67879,80536,1966
67880,66923,1974
67882,31891,1955
67901,64783,1974
67950,65625,1966
67951,63527,1974
67952,86250,1974
67953,45000,1963
67954,66607,1966
68001,55938,1958
68002,93220,1971
68003,95709,1979
68004,64408,1962
68005,66551,1972
68007,141042,2011
68008,89583,1978
68010,73750,1971
68014,116125,1938
68015,85357,1954
68016,118456,1980
68017,69375,1972
68018,94141,1943
68019,57656,1938
68020,48750,1972
68022,148111,2011
68023,116287,1990
68025,72254,1968
68028,143604,2005
68029,82423,1938
68030,76442,1964
68031,80605,1945
68033,64375,1938
68034,110000,1940
68036,77273,1945
68037,107839,1974
68038,51362,1949
68039,46313,1975
68040,68938,1971
68041,74000,1955
68042,73750,1979
68044,141250,1997
68045,75893,1938
68046,116907,1998
68047,87375,1956
68048,89931,1981
68050,66111,1946
68055,62292,1940
68056,-666666666,-666666666
68057,74213,1940
68058,138281,1987
68059,98238,1979
68061,64556,1973
68062,72292,1973
68063,61429,1951
68064,100450,1978
68065,108689,1978
68066,101438,1971
68067,67159,1963
68068,106458,1971
68069,111974,1982
68070,63750,1977
68071,67632,1979
68072,71169,1938
68073,112460,1976
68102,64111,1953
68104,60549,1956
68105,57533,1951
68106,69806,1960
68107,62560,1947
68108,53609,1938
68110,39813,1947
68111,42185,1948
68112,56159,1955
68113,62409,1998
68114,69469,1972
68116,121165,2004
68117,75237,1960
68118,133281,1995
68122,102591,2001
68123,93188,1998
68124,98750,1964
68127,66384,1977
68128,86410,1997
68130,133570,2000
68131,48925,1961
68132,68221,1953
68133,134426,2005
68134,66989,1971
68135,143676,2002
68136,133472,2008
68137,80739,1979
68138,86007,1991
68142,109142,2009
68144,83576,1974
68147,90255,1969
68152,84958,1977
68154,81385,1983
68157,98015,1978
68164,88927,1989
68178,-666666666,1988
68182,-666666666,-666666666
68183,-666666666,-666666666
68301,114408,1977
68303,60313,1941
68304,79000,1991
68305,57906,1955
68307,61250,1952
68309,49583,1938
68310,60928,1961
68313,72132,1938
68314,73333,1938
68315,61023,1971
68316,79792,1938
68317,108056,1987
68318,65179,1948
68319,73050,1951
68320,44375,1938
68321,-666666666,1975
68322,88472,1964
68323,102083,1957
68324,83665,2003
68325,73750,1954
68326,85486,1950
68327,55750,1948
68328,66719,1957
68329,77614,1950
68330,49000,1945
68331,96250,1979
68332,66563,1938
68333,81083,1971
68335,72946,1953
68336,-666666666,1990
68337,60577,1938
68338,76875,1980
68339,101146,2001
68340,61458,1951
68341,82917,1960
68342,75000,1967
68343,74554,1957
68344,88942,1970
68345,68125,1952
68346,91591,1938
68347,88281,1987
68348,71597,1970
68349,76369,1965
68350,77344,1953
68351,76583,1961
68352,55370,1950
68354,73906,1956
68355,56607,1953
68357,95179,1961
68358,111705,1993
68359,90909,1961
68360,72000,1965
68361,80909,1967
68362,62500,1973
68364,96767,1964
68365,78250,1966
68366,90952,1975
68367,67500,1938
68368,110375,2004
68370,67000,1962
68371,83523,1966
68372,114420,2003
68375,48594,1938
68376,52000,1938
68377,72500,1968
68378,76071,1948
68379,41250,1946
68380,51250,1950
68381,74583,1938
68382,-666666666,1995
68401,111500,1956
68402,123000,1986
68403,65000,1969
68404,112643,1975
68405,75250,1964
68406,69318,1938
68407,99773,1972
68409,92045,1971
68410,71640,1971
68413,81944,1956
68414,82188,1938
68415,75000,1949
68416,70000,1938
68417,68250,1938
68418,86065,1976
68419,98750,1961
68420,56250,1957
68421,61600,1938
68422,93750,1965
68423,101250,1967
68424,68654,1971
68428,115000,1987
68429,43611,1977
68430,145729,1998
68431,75000,1975
68433,46250,1938
68434,81466,1977
68436,72969,1944
68437,43750,1938
68438,81250,1952
68439,82759,1938
68440,-666666666,1940
68441,50583,1953
68442,65000,1938
68443,67969,1954
68444,120000,1971
68445,60625,1948
68446,90746,1973
68447,64063,1949
68448,74500,1938
68450,46132,1953
68452,63000,1938
68453,83750,1944
68454,84375,1961
68455,114643,1966
68456,89550,1963
68457,89219,1938
68458,90526,1959
68460,92610,1969
68461,-666666666,1978
68462,119712,1993
68463,85972,1965
68464,59750,1944
68465,91964,1953
68466,61574,1948
68467,70525,1971
68502,68523,1946
68503,54232,1962
68504,56213,1980
68505,75980,1977
68506,72637,1972
68507,69488,1976
68508,31191,1970
68510,65951,1962
68512,104448,2000
68514,122125,2010
68516,100821,1996
68517,147209,1990
68520,94244,2011
68521,67483,1996
68522,77597,1997
68523,141786,2005
68524,81045,1978
68526,113910,2010
68527,145357,2012
68528,75740,2000
68531,167500,1999
68532,179554,2007
68588,-666666666,-666666666
68601,68480,1974
68620,83450,1960
68621,93235,1985
68622,77917,1976
68623,69167,1938
68624,69167,1977
68626,96250,1945
68627,72159,1962
68628,58438,1967
68629,78438,1953
68631,86750,1938
68632,70242,1970
68633,82125,1963
68634,74125,1971
68635,81563,1938
68636,78056,1957
68637,73750,1975
68638,56917,1952
68640,68036,1959
68641,80625,1938
68642,93798,1954
68643,77125,1946
68644,81750,1957
68647,103038,1938
68648,85214,1971
68649,87132,1972
68651,78487,1961
68652,79271,1952
68653,99500,1951
68654,64643,1938
68655,84167,1938
68658,103125,1938
68659,67500,1959
68660,55577,1943
68661,83279,1974
68662,89706,1964
68663,57333,1967
68664,87917,1958
68665,70000,1954
68666,63529,1938
68667,120625,1938
68669,86397,1938
68701,62633,1976
68710,65441,1950
68711,58517,1956
68713,77500,1972
68714,52031,1968
68715,95714,1971
68716,65833,1961
68717,65919,1938
68718,60250,1958
68719,-666666666,1938
68720,81250,1954
68722,60125,1948
68723,74512,1938
68724,104167,1938
68725,54583,1965
68726,69107,1966
68727,53664,1967
68728,82321,1948
68729,63292,1951
68730,76944,1976
68731,79924,1975
68732,82083,1938
68733,64479,1950
68734,-666666666,1980
68735,73438,1953
68736,84063,1973
68739,90500,1970
68740,103500,1965
68741,79583,1969
68742,54375,1960
68743,71667,1978
68745,63953,1950
68746,40625,1971
68747,88438,1941
68748,69740,1946
68749,59063,1938
68751,61250,1938
68752,66250,1938
68753,56750,1962
68755,119100,1962
68756,61667,1965
68757,88472,1971
68758,56667,1938
68759,88750,1951
68760,53409,1983
68761,82604,1938
68763,65362,1968
68764,70833,1965
68765,70694,1967
68766,86250,1938
68767,81761,1959
68768,78125,1940
68769,61833,1956
68770,71607,1957
68771,83580,1944
68773,51607,1955
68774,86167,1938
68776,68750,1974
68777,73125,1951
68778,61500,1969
68779,78594,1957
68780,75833,1952
68781,67212,1963
68783,46328,1959
68784,62216,1956
68785,113750,1971
68786,78750,1938
68787,60275,1972
68788,69867,1958
68789,96429,1938
68790,66601,1938
68791,69018,1957
68792,70000,1984
68801,63617,1971
68803,73463,1981
68810,64107,1976
68812,69808,1975
68813,73160,1957
68814,73295,1938
68815,69808,1938
68816,61685,1938
68817,74375,1948
68818,81045,1973
68820,82212,1968
68821,-666666666,1968
68822,67500,1966
68823,61974,1974
68824,77989,1964
68825,64432,1971
68826,74583,1971
68827,89063,1971
68828,61667,1938
68831,68977,1965
68832,96641,1976
68833,62813,1958
68834,78750,1963
68835,52292,1950
68836,86806,1974
68837,80833,1971
68838,103750,1941
68840,76394,1972
68841,76875,1973
68842,57875,1961
68843,92778,1962
68844,67303,1951
68845,76978,1985
68846,68333,1951
68847,73818,1982
68849,-666666666,-666666666
68850,69238,1973
68852,76250,1952
68853,54674,1969
68854,91875,1975
68855,78750,1952
68856,73000,1963
68858,82083,1990
68859,50000,1938
68860,95750,1977
68861,39792,1974
68862,60321,1966
68863,100929,1938
68864,83365,1960
68865,109554,1980
68866,94792,1976
68869,65208,1953
68870,87159,1988
68871,53125,1944
68872,84500,1938
68873,75000,1971
68874,60139,1941
68875,61818,1938
68876,82207,1960
68878,91786,1949
68879,80893,1971
68881,-666666666,1957
68882,67778,1951
68883,90966,1963
68901,66585,1965
68920,80938,1960
68922,57426,1949
68923,65750,1980
68924,85000,1960
68925,81250,1946
68926,63684,1938
68927,69167,1963
68928,75417,1938
68929,66042,1959
68930,65875,1966
68932,80625,1956
68933,89583,1938
68934,-666666666,1978
68935,61667,1951
68936,54583,1941
68937,85260,1974
68938,68250,1946
68939,54083,1944
68940,107841,1975
68941,72460,1951
68942,63333,1938
68943,180577,1950
68944,69432,1959
68945,64792,1963
68946,11667,1938
68947,63472,1947
68948,63958,1938
68949,63273,1969
68950,78500,1951
68952,126250,1953
68954,45893,1978
68955,90850,1986
68956,94231,1961
68957,109900,1969
68958,73021,1968
68959,70167,1960
68960,85278,1938
68961,55673,1942
68964,85000,1966
68966,62250,1938
68967,55595,1958
68970,58523,1938
68971,64375,1977
68972,50000,1938
68973,87031,1971
68974,79643,1981
68975,92500,1940
68976,54063,1982
68977,45208,1938
68978,65764,1946
68979,85862,1962
68980,124375,1966
68981,62917,1938
68982,66250,1950
69001,62982,1959
69020,90625,1958
69021,54375,1949
69022,64719,1958
69023,114107,1944
69024,52337,1958
69025,65729,1969
69026,38182,1958
69027,-666666666,-666666666
69028,85938,1958
69029,44375,1948
69030,49861,1946
69032,63750,1944
69033,67135,1971
69034,61058,1961
69036,-666666666,1938
69037,73125,1945
69038,71250,1942
69039,48500,1941
69040,73750,1938
69041,60688,1962
69042,-666666666,-666666666
69043,48438,1941
69044,48188,1957
69045,49250,1942
69046,117604,1938
69101,62268,1970
69120,69886,1960
69121,73750,1973
69122,73194,1940
69123,85893,1968
69125,60750,1952
69127,50430,1975
69128,42396,1941
69129,67105,1948
69130,63388,1968
69131,66111,1938
69132,96964,1978
69133,55000,1954
69134,86250,1953
69135,-666666666,-666666666
69138,77604,1964
69140,70417,1954
69141,82500,1949
69142,-666666666,1965
69143,90625,1973
69144,62500,1985
69145,58846,1953
69146,43068,1977
69147,41196,1975
69148,-666666666,1988
69149,45938,1954
69150,81667,1945
69151,87500,1966
69152,49107,1958
69153,61946,1971
69154,41348,1952
69155,64432,1955
69156,81346,1944
69157,95714,1974
69161,36583,1954
69162,60050,1958
69163,73750,1962
69165,75795,1971
69166,58929,1973
69167,46979,1954
69168,72875,1950
69169,49375,1973
69170,58750,1956
69171,-666666666,-666666666
69201,62101,1973
69210,56625,1966
69211,74688,1955
69212,-666666666,1973
69214,64293,1948
69216,53500,1962
69217,39438,1938
69218,78672,1964
69219,-666666666,1938
69220,-666666666,1976
69221,53438,1952
69301,68371,1965
69331,-666666666,-666666666
69333,70481,1954
69334,62232,1952
69335,82000,1965
69336,53051,1961
69337,54306,1959
69339,65529,1948
69340,75329,1966
69341,73638,1974
69343,59741,1952
69345,77946,1960
69346,62083,1951
69347,76133,1952
69348,76719,1962
69350,53194,1960
69351,84500,1945
69352,56229,1949
69353,26042,1938
69354,99018,1962
69355,47000,1943
69356,73787,1966
69357,70104,1962
69358,52159,1962
69360,52402,1952
69361,58623,1966
69365,-666666666,-666666666
69366,93750,1964
69367,82656,1938
70001,67923,1975
70002,65436,1974
70003,76261,1968
70005,89194,1969
70006,76505,1977
70030,118867,1983
70031,73359,1989
70032,56813,1964
70036,78869,1987
70037,98983,1990
70038,-666666666,2011
70039,67727,1994
70040,83649,1989
70041,34615,2004
70043,55068,1978
70047,87333,1985
70049,68953,1985
70050,-666666666,-666666666
70051,87888,1977
70052,67392,1991
70053,39950,1965
70056,59027,1978
70057,90236,1991
70058,62416,1980
70062,51477,1970
70065,67285,1979
70067,63125,1990
70068,68459,1986
70070,76539,1984
70071,60569,1971
70072,54885,1976
70075,73067,1987
70076,-666666666,1965
70079,71433,1960
70080,61637,1974
70082,-666666666,2002
70083,53100,2006
70084,62047,1980
70085,55167,1999
70086,35739,1993
70087,73406,1988
70090,61654,1985
70091,67216,2005
70092,57188,1984
70094,53597,1976
70112,19395,1947
70113,39333,1949
70114,43493,1967
70115,90182,1938
70116,52306,1938
70117,45764,1948
70118,63750,1938
70119,53143,1944
70121,59562,1958
70122,49455,1959
70123,83585,1978
70124,121228,1972
70125,61174,1950
70126,41709,1974
70127,40765,1978
70128,56431,1983
70129,55972,1982
70130,80212,1938
70131,62389,1974
70139,-666666666,-666666666
70148,2499,2006
70163,-666666666,-666666666
70301,58394,1985
70310,-666666666,-666666666
70339,51659,1987
70340,-666666666,1983
70341,35346,1984
70342,51580,1983
70343,73815,1989
70344,51771,1974
70345,62216,1979
70346,35280,1980
70352,-666666666,1997
70353,35500,1992
70354,48462,1975
70355,56188,1974
70356,32756,1988
70357,71383,1963
70358,-666666666,1981
70359,56121,1993
70360,84890,1994
70363,46748,1977
70364,68843,1979
70372,40659,1977
70373,87143,1983
70374,70833,1974
70375,-666666666,2008
70377,60665,1981
70380,54595,1973
70390,58667,1978
70391,-666666666,-666666666
70392,57959,1984
70393,19256,2013
70394,64337,1979
70395,78488,1994
70397,115455,1985
70401,50653,1986
70402,-666666666,-666666666
70403,50976,1993
70420,78171,1997
70422,50560,1989
70426,29821,1986
70427,38074,1977
70431,69813,1995
70433,81241,2001
70435,80926,2001
70436,-666666666,-666666666
70437,61280,1992
70438,52864,1989
70441,39438,1987
70442,65268,1993
70443,57464,1989
70444,52148,1984
70445,78394,1995
70446,71892,2002
70447,122574,2008
70448,95682,1994
70449,78405,1996
70450,61333,1986
70451,-666666666,-666666666
70452,62917,1994
70453,60526,1995
70454,71611,2002
70455,57182,2004
70456,47399,1985
70457,-666666666,-666666666
70458,72843,1985
70460,62565,1989
70461,89003,1996
70462,68045,1995
70463,25625,1980
70464,-666666666,1975
70465,20144,1977
70466,65807,1993
70471,96501,1993
70501,33365,1971
70503,94688,1978
70506,57379,1981
70507,64049,1987
70508,86005,1998
70510,49717,1977
70512,47313,1985
70513,43886,1944
70514,31817,2000
70515,65991,1976
70516,53750,1977
70517,60778,1987
70518,106710,2003
70519,-666666666,-666666666
70520,62575,1994
70522,26321,1986
70523,63408,1993
70524,-666666666,1969
70525,44697,1987
70526,37747,1974
70528,49676,1980
70529,51632,1995
70531,-666666666,1979
70532,44095,1977
70533,56995,1991
70534,45833,1975
70535,44381,1978
70537,-666666666,1976
70538,52407,1974
70541,48264,1966
70542,41971,1978
70543,62083,1988
70544,54601,1978
70546,52229,1976
70548,51875,1978
70549,57692,1973
70550,-666666666,-666666666
70551,44924,1969
70552,50313,1988
70554,28638,1981
70555,76213,2002
70556,117764,1958
70558,-666666666,1938
70559,71563,1991
70560,45509,1981
70563,76477,1987
70570,44612,1981
70575,-666666666,-666666666
70576,34148,1973
70577,47072,1981
70578,49875,1984
70580,-666666666,1988
70581,71176,1987
70582,49837,1981
70583,51470,1993
70584,62281,1995
70585,-666666666,2000
70586,40129,1980
70589,49650,1984
70591,78393,1987
70592,93204,2007
70601,49992,1973
70605,86015,1995
70607,60351,1990
70609,-666666666,-666666666
70611,101844,2001
70615,40047,1980
70629,-666666666,-666666666
70630,74258,2009
70631,63387,2009
70632,30603,1995
70633,67203,1983
70634,62940,1988
70637,125456,1996
70638,37708,1969
70639,63125,1996
70640,21938,1979
70643,58125,2008
70644,21825,1994
70645,105263,1995
70646,128906,1956
70647,71045,2006
70648,48750,1991
70650,-666666666,-666666666
70651,42865,2009
70652,69196,2008
70653,69318,1994
70654,-666666666,-666666666
70655,50893,1992
70656,61693,1985
70657,60795,2007
70658,65759,1986
70659,65640,1993
70660,111707,1999
70661,24917,1986
70662,95769,1994
70663,64707,1981
70665,86573,2005
70668,49455,1980
70669,69106,1984
70706,91070,2001
70710,108041,2012
70711,93623,2000
70712,89083,1974
70714,57608,1982
70715,50050,1987
70719,105522,1989
70721,2499,2013
70722,76144,1986
70723,47444,1983
70725,-666666666,1988
70726,78621,2002
70729,109653,2003
70730,64977,1995
70732,68636,1977
70733,74853,2004
70734,128975,2005
70736,30784,1990
70737,82521,2003
70739,106671,1992
70740,57371,1999
70743,138879,1976
70744,61375,1994
70747,-666666666,1977
70748,77500,1991
70749,54375,1982
70750,38466,1982
70752,111250,1989
70753,33587,1979
70754,56011,2005
70755,86071,1989
70756,-666666666,1981
70757,51707,1980
70759,49125,1972
70760,61141,1984
70761,88872,1980
70762,88313,1994
70763,89468,1999
70764,55352,1982
70767,68384,1985
70769,109404,2003
70770,92311,1986
70772,-666666666,1993
70773,-666666666,1951
70774,102422,2001
70775,80417,1992
70776,96843,2000
70777,85550,1990
70778,101967,2001
70780,88878,1986
70782,39531,1964
70783,103583,1995
70785,89103,2002
70786,-666666666,-666666666
70787,-666666666,1995
70788,33079,1981
70789,35000,1988
70791,78263,2002
70801,115708,1962
70802,34458,1965
70803,-666666666,-666666666
70805,25397,1968
70806,55642,1973
70807,27534,1966
70808,69418,1980
70809,79967,1992
70810,92098,1997
70811,45523,1977
70812,37006,1976
70813,-666666666,-666666666
70814,51529,1978
70815,59254,1971
70816,67353,1986
70817,102639,1994
70818,78432,1985
70819,73561,1979
70820,47429,2002
70825,-666666666,-666666666
70836,46976,2013
71001,30490,1973
71002,43239,1979
71003,37692,1979
71004,83333,1976
71006,94266,2000
71007,66477,1998
71008,36029,1964
71009,45750,1981
71016,41806,1985
71018,41638,1982
71019,49943,1981
71021,22500,1970
71023,46055,1978
71024,47366,1983
71027,42781,1997
71028,36394,1982
71029,47222,1951
71030,64146,2000
71031,50718,1985
71032,60972,1991
71033,54243,1992
71034,-666666666,1996
71037,78571,1995
71038,25958,1969
71039,48393,1977
71040,31678,1975
71043,59432,1975
71044,59135,1974
71045,73044,1988
71046,52679,2001
71047,58467,1990
71048,90740,1971
71049,37455,1988
71051,85331,2000
71052,38509,1977
71055,36953,1972
71060,61417,1979
71061,35536,1980
71063,-666666666,1986
71064,49878,1973
71065,26333,1978
71066,-666666666,-666666666
71067,61161,2001
71068,33125,1979
71069,28125,1972
71070,59259,1986
71071,36900,1975
71072,83472,1978
71073,42472,1982
71075,40246,1967
71078,86042,1999
71079,41307,1980
71082,27616,1973
71101,19351,1960
71103,27380,1961
71104,56833,1958
71105,67968,1973
71106,81452,1976
71107,48365,1981
71108,32055,1966
71109,32939,1966
71110,62647,1981
71111,65292,1992
71112,61760,1980
71115,65509,1987
71118,50287,1977
71119,58538,1980
71129,51013,1985
71201,65446,1971
71202,28213,1973
71203,52326,1984
71209,-666666666,-666666666
71212,-666666666,-666666666
71218,-666666666,-666666666
71219,52448,1992
71220,38037,1976
71222,35051,1982
71223,22308,1973
71225,74873,2000
71226,49669,1985
71227,64195,1993
71229,83125,1986
71230,-666666666,-666666666
71232,55754,1979
71233,-666666666,1987
71234,84740,1995
71235,58293,1982
71237,50057,1976
71238,34018,2000
71241,44128,1986
71242,38833,2001
71243,77847,1998
71245,-666666666,1974
71247,34531,1969
71250,45500,1984
71251,40128,1976
71253,-666666666,1963
71254,31433,1974
71256,43611,1986
71259,58958,1982
71260,36366,1987
71261,-666666666,1979
71263,44260,1978
71264,68750,1967
71266,59554,1984
71268,69018,1985
71269,49668,1979
71270,36791,1986
71272,-666666666,-666666666
71275,36225,1981
71276,83750,1983
71277,26686,1983
71279,-666666666,-666666666
71280,78531,1999
71282,35244,1974
71286,37841,1982
71291,71639,1987
71292,51355,1991
71295,48211,1977
71301,43098,1958
71302,34669,1971
71303,67156,1985
71316,-666666666,1979
71320,-666666666,1953
71322,27030,1975
71323,-666666666,1972
71325,48056,1965
71326,-666666666,1982
71327,31953,1980
71328,56170,1997
71330,-666666666,-666666666
71331,56458,1985
71333,23611,1976
71334,34804,1974
71336,45868,1981
71339,-666666666,-666666666
71340,65121,1984
71341,50029,1987
71342,72154,1981
71343,48927,1982
71345,-666666666,-666666666
71346,48240,1985
71350,50000,1988
71351,46378,1983
71353,37405,1977
71354,87059,1988
71355,50417,1977
71356,-666666666,1953
71357,28750,1972
71358,44243,1980
71359,-666666666,-666666666
71360,60527,1982
71362,44464,1986
71366,48977,1972
71367,62159,1986
71368,39129,1978
71369,36856,1977
71371,69415,1993
71373,45690,1977
71375,24231,1973
71378,36950,1975
71401,-666666666,-666666666
71403,67929,1990
71404,46000,1980
71405,76318,1984
71406,-666666666,-666666666
71407,-666666666,2001
71409,61605,1995
71410,-666666666,1965
71411,37500,1990
71414,-666666666,1983
71415,31944,1969
71416,41413,1983
71417,50072,1987
71418,40785,1986
71419,71875,1990
71422,36111,1982
71423,71729,1991
71424,56179,1995
71425,32031,1953
71426,52813,1955
71427,48750,2001
71428,-666666666,-666666666
71429,58601,1983
71430,63636,1992
71432,38125,1979
71433,46023,1988
71434,51705,1987
71435,52787,1987
71438,63750,1988
71439,43638,1980
71441,170036,1985
71446,55925,1986
71447,43547,1989
71449,49020,1986
71450,44055,1989
71452,-666666666,1938
71454,59833,1992
71455,-666666666,1970
71456,86875,1991
71457,46668,1982
71459,56038,1995
71461,51042,1982
71462,52000,1989
71463,43594,1973
71465,42366,1978
71466,-666666666,1996
71467,70583,1986
71468,101500,1988
71469,50994,1989
71472,-666666666,-666666666
71473,40956,1993
71474,85417,1983
71475,-666666666,-666666666
71479,55990,1984
71480,47083,1969
71483,54267,1976
71485,82000,1998
71486,45918,1989
71497,2499,2001
71601,37528,1967
71602,55204,1985
71603,53130,1976
71630,41900,1978
71631,18722,1969
71635,47148,1975
71638,31667,1975
71639,37173,1978
71640,28461,1979
71642,-666666666,1973
71643,32899,1976
71644,76113,1973
71646,40823,1984
71647,50441,1980
71651,133393,1979
71652,52857,1979
71653,51797,1985
71654,41645,1976
71655,43346,1985
71658,54107,1978
71659,-666666666,-666666666
71660,57188,1982
71661,28750,1960
71662,-666666666,1959
71663,37150,1967
71665,53472,1990
71666,-666666666,-666666666
71667,59375,1986
71670,34570,1978
71671,43419,1976
71674,52125,1978
71675,37396,1989
71676,26184,1973
71677,43333,1991
71678,-666666666,-666666666
71701,49110,1972
71720,61250,1981
71721,-666666666,-666666666
71722,59063,1991
71724,26346,1974
71725,-666666666,1996
71726,31328,1980
71728,-666666666,1974
71730,55770,1977
71740,65455,1992
71742,38843,1977
71743,48253,1979
71744,68882,1982
71745,75987,1961
71747,61208,1975
71748,142813,2001
71749,68188,1996
71751,-666666666,1981
71752,39803,1980
71753,50504,1981
71758,-666666666,1997
71759,-666666666,1978
71762,50577,1983
71763,73438,1979
71764,62308,1965
71765,38636,1992
71766,76875,1981
71770,44569,1977
71772,-666666666,1976
71801,45345,1978
71820,-666666666,1984
71822,59167,1980
71823,-666666666,1979
71825,72610,1970
71826,42708,1980
71827,88024,1975
71831,-666666666,1986
71832,52747,1982
71833,29018,1982
71834,65691,1976
71835,56483,1985
71836,51271,1978
71837,59286,1992
71838,48125,1980
71839,24746,1980
71841,45819,1974
71842,55810,1976
71845,33672,1976
71846,56250,1984
71847,23920,1976
71851,63920,1980
71852,47238,1978
71853,-666666666,1981
71854,46878,1982
71855,-666666666,1975
71857,53125,1982
71858,65795,1985
71859,-666666666,1968
71860,36758,1976
71861,58150,1978
71862,52982,1981
71864,58125,1965
71865,67688,1985
71866,34688,1975
71901,53514,1975
71909,75433,1994
71913,56010,1984
71921,54271,1990
71922,-666666666,1969
71923,56089,1986
71929,55747,1990
71933,-666666666,1995
71935,48750,1992
71937,57750,1989
71940,47935,1980
71941,70329,1986
71942,87560,1960
71943,44904,1987
71944,75893,1979
71945,38090,1969
71949,50750,1999
71950,61786,1985
71952,-666666666,1984
71953,51969,1988
71956,49958,1991
71957,47703,1989
71958,48393,1980
71959,-666666666,1995
71960,66917,1986
71961,37054,1986
71962,24578,1984
71964,56514,1994
71965,-666666666,1981
71968,75592,1996
71969,38224,1978
71970,71667,1996
71971,73413,2003
71972,68542,2010
71973,33313,1977
71998,-666666666,-666666666
71999,-666666666,-666666666
72001,36008,1987
72002,85502,2003
72003,78443,1965
72004,43783,1987
72005,-666666666,1985
72006,51775,1977
72007,86302,2006
72010,48305,1988
72011,84446,2001
72012,61277,1997
72013,57500,1988
72014,-666666666,1969
72015,66107,1992
72016,64280,1998
72017,91731,1985
72019,87869,1998
72020,49231,1988
72021,41310,1975
72022,80920,1999
72023,76931,1998
72024,58750,1978
72025,65341,1978
72026,26615,1980
72027,61450,1993
72028,-666666666,-666666666
72029,35515,1971
72030,-666666666,1969
72031,54428,1987
72032,64695,1996
72034,65635,1998
72035,-666666666,-666666666
72036,13264,1976
72038,63472,1983
72039,63667,1992
72040,32476,1975
72041,53125,1973
72042,55679,1977
72044,47213,1987
72045,60602,1995
72046,56685,1979
72047,61944,2000
72048,-666666666,1982
72051,-666666666,1984
72052,66111,1994
72053,-666666666,-666666666
72055,67708,1978
72057,59335,1998
72058,76463,2003
72059,-666666666,-666666666
72060,26875,1972
72061,81141,1975
72063,59643,1994
72064,63897,1979
72065,75857,2000
72066,-666666666,1995
72067,53668,1996
72068,69375,1995
72069,40000,1985
72070,41713,1993
72072,36818,1972
72073,48750,1969
72074,-666666666,2014
72075,-666666666,-666666666
72076,54379,1980
72079,69479,2002
72080,27583,1986
72081,45620,1988
72082,31638,1974
72083,39000,1983
72084,60938,1980
72085,38125,1977
72086,58743,1988
72087,46346,1997
72088,56594,1984
72099,-666666666,-666666666
72101,50921,1978
72102,59120,1993
72103,68029,1985
72104,54774,1976
72106,65800,1997
72107,-666666666,1973
72108,-666666666,-666666666
72110,51658,1979
72111,52059,1986
72112,41843,1973
72113,79248,2003
72114,30175,1968
72116,79010,1975
72117,44319,1982
72118,49559,1973
72119,-666666666,-666666666
72120,76598,1987
72121,44221,1986
72122,-666666666,1989
72123,42250,1978
72125,62917,1980
72126,55662,1985
72127,52250,1991
72128,65938,1990
72129,70326,1994
72130,87014,1991
72131,46629,1995
72132,56071,1998
72133,-666666666,-666666666
72134,108177,2002
72135,102500,1987
72136,78328,2001
72137,52612,1995
72139,22917,1986
72140,49583,1986
72141,28342,1998
72142,62863,1994
72143,58344,1992
72150,73818,1989
72152,-666666666,1973
72153,50253,1986
72156,110139,1974
72157,62931,1993
72160,50403,1979
72165,-666666666,-666666666
72166,85208,1970
72167,89886,1990
72168,-666666666,1974
72169,153036,1971
72170,63438,1993
72173,74600,2001
72175,38167,1959
72176,68840,2001
72178,-666666666,1938
72179,68571,1994
72180,-666666666,1972
72181,-666666666,1998
72182,-666666666,1995
72183,-666666666,-666666666
72199,-666666666,-666666666
72201,115174,1972
72202,50899,1969
72204,40882,1969
72205,68415,1964
72206,52132,1975
72207,96343,1962
72209,40231,1971
72210,69453,1995
72211,83134,1991
72212,114140,1982
72223,101062,2004
72227,73879,1975
72301,42859,1975
72311,64063,1986
72313,-666666666,-666666666
72315,52259,1975
72320,32679,1981
72322,35750,1988
72324,36324,1981
72325,-666666666,-666666666
72326,48728,1989
72327,82750,1983
72328,-666666666,-666666666
72329,-666666666,-666666666
72330,38500,1979
72331,46848,1977
72332,-666666666,1985
72333,41719,1979
72335,40400,1979
72338,-666666666,-666666666
72339,39167,1995
72340,112750,1979
72341,53278,1983
72342,36905,1973
72346,65673,1988
72347,52048,1971
72348,64464,1977
72350,38580,1985
72351,55964,1980
72352,-666666666,1978
72353,-666666666,1973
72354,48472,1973
72355,55307,1982
72358,32841,1971
72359,23802,1982
72360,22574,1969
72364,74462,1998
72365,47344,1973
72366,44861,1976
72367,-666666666,-666666666
72368,66719,1975
72369,-666666666,-666666666
72370,48732,1978
72372,43611,1985
72373,26700,1972
72374,-666666666,1968
72376,50347,1987
72377,-666666666,-666666666
72379,-666666666,1960
72383,-666666666,-666666666
72384,51250,1990
72386,46723,1981
72387,-666666666,-666666666
72389,21528,1978
72390,38294,1972
72391,-666666666,-666666666
72392,66786,1975
72394,46875,1991
72395,78507,1980
72396,58938,1983
72401,45329,1979
72404,70269,2002
72405,92440,2005
72410,53350,1971
72411,55625,1977
72412,83500,1982
72413,59531,1971
72414,60833,1976
72415,53750,1981
72416,67448,1992
72417,61964,2001
72419,41017,1978
72421,41310,1977
72422,56507,1975
72424,36667,1967
72425,55917,1992
72426,78125,1967
72427,28750,1954
72428,-666666666,1996
72429,36000,1975
72430,57604,1960
72431,78750,1974
72432,55827,1989
72433,36473,1981
72434,77734,1980
72435,97637,2001
72436,52174,1994
72437,60714,1990
72438,56688,1983
72440,48056,1979
72441,-666666666,1964
72442,56221,1986
72443,51230,1986
72444,32276,1979
72445,-666666666,1995
72447,59444,1975
72449,-666666666,1974
72450,57725,1991
72453,-666666666,1994
72454,46509,1972
72455,49764,1979
72456,49861,1974
72457,-666666666,1966
72458,63636,1977
72459,39167,1981
72460,45673,1990
72461,53893,1972
72462,56452,1974
72464,-666666666,1966
72466,79808,1992
72467,-666666666,1994
72469,44421,1983
72470,55694,1975
72471,45313,1974
72472,40529,1976
72473,47266,1972
72476,42181,1976
72478,49038,2003
72479,54853,1974
72482,35855,1978
72501,52829,1986
72512,46449,1978
72513,40055,1979
72515,-666666666,-666666666
72517,50446,2002
72519,48438,1988
72520,23776,1993
72521,59591,1983
72522,36591,1992
72523,57206,1986
72524,-666666666,1977
72526,63333,1992
72527,72917,1984
72528,25559,1978
72529,37355,1975
72530,66875,1984
72531,66397,1992
72532,38750,1980
72533,51583,1994
72534,-666666666,1996
72536,60714,1979
72537,40441,1993
72538,46973,2002
72539,85625,1968
72540,38603,1960
72542,41295,1981
72543,56722,1985
72544,44057,1988
72546,-666666666,-666666666
72550,54688,1985
72553,36944,1985
72554,42851,1984
72555,52143,2001
72556,46113,1985
72560,37134,1991
72561,71916,1992
72562,55156,1990
72564,27107,1970
72565,53333,1992
72566,59609,1990
72567,53438,1981
72568,67143,1991
72569,58365,1988
72571,198636,2005
72572,67619,1998
72573,-666666666,2005
72576,39812,1982
72577,55959,1978
72578,-666666666,-666666666
72579,104167,2003
72581,-666666666,1985
72583,40625,1982
72584,33326,1968
72585,-666666666,1992
72587,-666666666,-666666666
72601,56353,1986
72611,42361,1985
72615,35000,1979
72616,52077,1987
72617,-666666666,1956
72619,45042,1986
72623,46354,2000
72624,46442,1994
72626,36417,1969
72628,47367,1977
72629,41635,1981
72630,54688,1980
72631,56678,1995
72632,46354,1988
72633,45385,1984
72634,49015,1990
72635,49709,1986
72636,121250,1982
72638,65175,1983
72639,46597,1996
72640,103409,1977
72641,37696,1985
72642,68810,1987
72644,53894,1986
72645,33516,1984
72648,70921,1978
72650,46295,1980
72651,30000,1981
72653,48718,1984
72655,44722,1986
72658,36094,1993
72660,-666666666,1996
72661,31417,1982
72662,55734,1988
72663,-666666666,1983
72666,34444,1979
72668,46000,1983
72669,42109,1965
72670,-666666666,1995
72672,36620,1979
72675,48393,1989
72677,39688,1983
72679,53784,1979
72680,43668,1979
72682,45038,1972
72683,51196,1963
72685,48750,1978
72686,-666666666,1985
72687,53911,1988
72701,55506,1993
72703,60568,1992
72704,96014,2003
72712,110514,2001
72713,119853,2013
72714,103125,1999
72715,82447,1993
72717,73011,1986
72718,127250,2012
72719,113542,2008
72721,60306,2002
72722,54838,1994
72727,75402,2000
72729,-666666666,1977
72730,91731,2001
72732,70850,1994
72734,75000,1995
72736,79209,1998
72738,86296,1993
72739,-666666666,1993
72740,63250,1990
72742,91094,2021
72744,65850,1991
72745,91207,1998
72747,-666666666,1938
72749,-666666666,-666666666
72751,95299,2003
72752,-666666666,1974
72753,70985,1999
72756,72230,1991
72758,99147,2004
72760,75777,1961
72761,76122,1993
72762,82228,1997
72764,65898,1994
72768,60096,1976
72769,56754,1975
72773,39044,1981
72774,76316,1986
72776,21607,1983
72801,47830,1980
72802,64110,1990
72821,37083,1976
72823,69107,1987
72824,78628,1999
72826,-666666666,1948
72827,28021,1978
72828,-666666666,1992
72829,-666666666,-666666666
72830,42416,1988
72832,27356,1973
72833,52422,1985
72834,63131,1984
72835,102533,1998
72837,53833,1991
72838,85580,1953
72839,48750,1980
72840,49750,1977
72841,28672,1978
72842,49000,1982
72843,62805,1985
72845,63462,1981
72846,61250,1989
72847,61158,1988
72851,68750,1991
72852,48241,1980
72853,35262,1979
72854,-666666666,1978
72855,54089,1975
72856,47284,1989
72857,44907,1982
72858,69760,2004
72860,79034,1978
72863,64773,1987
72865,82045,1994
72901,42851,1959
72903,61434,1980
72904,41909,1965
72905,-666666666,-666666666
72908,72732,1985
72916,87983,2004
72921,75008,1997
72923,54157,1988
72926,82578,1984
72927,57728,1977
72928,32313,1983
72930,-666666666,1979
72932,59740,1991
72933,59318,1978
72934,59282,1994
72935,-666666666,1975
72936,71829,1995
72937,61590,1998
72938,45114,1981
72940,58056,1985
72941,73558,1991
72943,62022,1986
72944,46419,1984
72945,36868,1971
72946,75494,1984
72947,58640,1988
72948,75795,2002
72949,56837,1986
72950,42628,1993
72951,39038,1979
72952,49254,1980
72955,-666666666,1988
72956,62988,1991
72958,42221,1980
72959,51923,1976
73001,-666666666,1974
73002,69808,1975
73003,78149,1995
73004,83036,1981
73005,46176,1969
73006,51563,1974
73007,120556,2003
73008,57459,1967
73009,59625,1974
73010,90110,2002
73011,59531,1980
73012,126659,2007
73013,113870,2000
73014,81875,1980
73015,46806,1970
73016,103872,2001
73017,46683,1977
73018,56484,1972
73019,-666666666,-666666666
73020,104601,1993
73021,50179,1973
73022,-666666666,-666666666
73024,58102,1964
73025,176149,2004
73026,94014,1991
73027,83238,1975
73028,56372,1976
73029,64423,1971
73030,59612,1980
73031,-666666666,1984
73032,53125,1981
73033,60938,1965
73034,109700,1996
73036,59915,1972
73038,57500,1974
73040,61328,1969
73041,55625,1951
73042,55556,1974
73043,81250,1968
73044,72288,1985
73045,81274,1990
73047,63784,1976
73048,58000,1976
73049,94891,1991
73050,32500,1971
73051,65872,1990
73052,62222,1976
73053,76591,1978
73054,60313,1999
73055,65991,1979
73056,61568,1975
73057,61044,1975
73058,-666666666,1979
73059,73125,1977
73061,91250,1981
73062,53281,1963
73063,78438,1993
73064,94402,1995
73065,87358,2002
73066,117757,1965
73067,63603,1982
73068,73821,1990
73069,58888,1974
73070,-666666666,-666666666
73071,64007,1991
73072,78546,1992
73073,76338,1992
73074,78088,1974
73075,54540,1971
73077,62763,1970
73078,105441,2005
73079,95972,1980
73080,72500,1986
73082,59211,1975
73084,54375,1974
73086,70471,1980
73089,103048,1997
73090,96875,1991
73092,51750,1972
73093,96719,2003
73095,77232,1980
73096,59138,1985
73097,-666666666,-666666666
73098,55536,1974
73099,88030,2002
73102,59338,1978
73103,54561,1938
73104,66042,2012
73105,50102,1968
73106,60205,1942
73107,56873,1949
73108,37168,1957
73109,43133,1957
73110,51228,1968
73111,40340,1957
73112,58419,1964
73114,54936,1977
73115,46810,1964
73116,81226,1965
73117,23413,1969
73118,69827,1947
73119,45421,1959
73120,64745,1978
73121,80030,1964
73122,51227,1965
73127,44925,1973
73128,74241,2003
73129,46670,1964
73130,71189,1983
73131,137849,1987
73132,60419,1980
73134,66307,2005
73135,63478,1990
73139,49655,1976
73141,58670,1982
73142,81818,2003
73145,64856,2001
73149,53317,1976
73150,92318,1988
73151,147250,2005
73159,54642,1974
73160,79491,1987
73162,88031,1987
73165,125434,2002
73169,81314,2006
73170,94688,2000
73173,143864,2013
73179,112656,2013
73401,61989,1978
73425,35637,1989
73430,79091,1986
73432,61250,1996
73433,58194,1977
73434,63214,1979
73435,63194,1971
73436,62083,1973
73437,35227,1977
73438,50286,1962
73439,55865,1989
73440,64038,1982
73441,34464,1973
73442,52292,1978
73443,58906,1987
73444,-666666666,1991
73446,58462,1978
73447,49904,1988
73448,61071,1979
73449,52338,1992
73450,57791,1996
73453,92917,1988
73455,62188,1983
73456,50813,1973
73458,86250,1986
73459,68500,2003
73460,46875,1978
73461,49464,1980
73463,55833,1981
73481,63250,1974
73487,31250,1976
73488,-666666666,1987
73491,83750,1974
73501,49741,1974
73503,60859,1995
73505,58272,1977
73507,62132,1969
73520,40000,1977
73521,60887,1973
73523,-666666666,-666666666
73526,65536,1980
73527,74526,1991
73528,59583,1970
73529,70143,1978
73530,43036,1954
73531,69375,1976
73532,68250,1969
73533,59906,1974
73537,59688,1966
73538,91324,2009
73539,104375,1985
73540,86458,1974
73541,61420,1980
73542,49734,1964
73543,86667,1990
73544,36250,1981
73546,33846,1971
73547,64444,1970
73548,-666666666,1988
73549,190871,1987
73550,43804,1963
73551,-666666666,1955
73552,85500,1976
73553,48750,1973
73554,56400,1962
73555,66250,1953
73556,64375,1970
73557,118056,2001
73559,28438,1976
73560,63226,1972
73562,66500,1974
73564,69286,1952
73565,53459,1968
73566,42135,1968
73567,66250,1973
73568,29737,1961
73569,36667,1959
73570,66528,1958
73571,37000,1960
73572,57065,1972
73573,49318,1970
73601,59630,1972
73620,53194,1971
73622,53750,1945
73624,45491,1957
73625,72083,1976
73626,68462,1977
73627,100263,1976
73628,63177,1970
73632,72571,1965
73638,83750,1986
73639,73269,1975
73641,44712,1959
73642,-666666666,1981
73644,53180,1979
73645,35625,1968
73646,73250,1987
73647,82961,1973
73650,71250,1978
73651,41273,1956
73654,79063,1970
73655,54792,1970
73658,50625,1978
73659,52083,1968
73660,61667,1974
73661,65357,1957
73662,54775,1977
73663,61103,1974
73664,105833,1967
73666,56875,1969
73667,67500,1974
73668,-666666666,1972
73669,69821,1966
73673,57813,1949
73701,50843,1958
73703,73333,1977
73705,-666666666,-666666666
73716,78309,1958
73717,51165,1960
73718,62917,1975
73719,-666666666,1974
73720,97188,2000
73722,71250,1975
73724,70833,1974
73726,59063,1951
73727,-666666666,1966
73728,67417,1952
73729,66667,1978
73730,56875,1947
73731,61458,1955
73733,100813,1976
73734,54643,1980
73735,112000,1982
73736,-666666666,1982
73737,63136,1973
73738,79643,1962
73739,91875,1958
73741,62083,1965
73742,70538,1975
73743,45313,1938
73744,63500,1967
73746,-666666666,-666666666
73747,61250,1972
73749,55791,1963
73750,69931,1977
73753,102000,1979
73754,95625,1977
73755,78750,1978
73756,62596,1974
73757,-666666666,1954
73758,90357,1938
73759,51705,1966
73760,111875,1977
73761,75000,1960
73762,93194,1986
73763,61868,1970
73764,-666666666,1948
73766,58233,1972
73768,86359,1982
73770,-666666666,1961
73771,39750,1964
73772,58591,1969
73773,78250,1970
73801,58877,1978
73832,63750,1963
73834,72500,1965
73835,37188,1968
73838,95588,1985
73840,71932,1973
73841,76731,1976
73842,-666666666,1976
73843,44563,1966
73844,-666666666,1970
73848,57619,1961
73851,60662,1986
73852,66229,1977
73853,91750,1972
73855,63333,1966
73857,65368,1982
73858,56313,1971
73859,70000,1984
73860,62500,1958
73901,-666666666,1963
73931,50000,1949
73932,58155,1968
73933,49904,1962
73937,65750,1972
73938,73750,1966
73939,72813,1973
73942,61522,1976
73944,87572,1977
73945,48839,1972
73946,-666666666,1975
73947,136389,1963
73949,62477,1971
73950,58646,1979
73951,-666666666,1988
73960,-666666666,1985
74001,68750,1978
74002,66027,1982
74003,47168,1957
74006,71796,1976
74008,104000,2003
74010,56037,1986
74011,99157,1989
74012,81456,1992
74014,95501,2002
74015,74444,1993
74016,60671,1981
74017,65368,1983
74019,84342,1997
74020,63577,1977
74021,92091,2001
74022,46538,1972
74023,49097,1966
74026,56250,1977
74027,48375,1981
74028,46500,1987
74029,57821,1964
74030,45357,1973
74032,65357,1986
74033,80542,1995
74034,40625,1979
74035,47833,1964
74036,79824,1989
74037,103942,2005
74038,61500,1984
74039,64286,1990
74041,83365,2004
74042,48750,1981
74044,67841,1988
74045,-666666666,1982
74046,-666666666,1995
74047,72292,1997
74048,52888,1973
74050,53750,1971
74051,67841,1985
74052,31786,1986
74053,90494,2001
74054,43750,1981
74055,87506,2001
74056,47311,1966
74058,48520,1973
74059,51679,1989
74060,56250,1997
74061,58929,1992
74062,51250,1983
74063,73842,1982
74066,64698,1980
74068,27750,1990
74070,67926,1991
74071,19415,1968
74072,67708,1985
74073,87045,1992
74074,52998,1988
74075,46053,1986
74077,-666666666,-666666666
74078,-666666666,-666666666
74079,66336,1979
74080,91042,1995
74081,52941,1994
74082,50833,1977
74083,66442,1981
74084,51563,1977
74085,43600,1977
74103,76836,1938
74104,54691,1943
74105,69547,1964
74106,40776,1959
74107,53505,1970
74108,59335,1973
74110,42054,1955
74112,58951,1955
74114,98222,1954
74115,44608,1956
74116,55156,1972
74117,-666666666,-666666666
74119,56234,1965
74120,68255,1943
74126,42172,1960
74127,46373,1958
74128,52195,1969
74129,49677,1972
74130,46691,1968
74131,76382,1988
74132,79543,1999
74133,74005,1989
74134,73119,1994
74135,62694,1965
74136,51820,1980
74137,102798,1990
74145,58706,1970
74146,46865,1976
74171,-666666666,-666666666
74301,52211,1973
74330,67781,1988
74331,61272,1988
74332,60781,1982
74333,54667,1985
74337,66934,1983
74338,57768,1986
74339,34970,1962
74340,46875,1971
74342,57321,1979
74343,47829,1983
74344,58125,1990
74346,49556,1984
74347,47526,1989
74349,53370,1989
74350,59844,1986
74352,57383,1978
74354,50818,1971
74358,50000,1956
74359,45625,1976
74360,-666666666,-666666666
74361,58681,1979
74363,55524,1982
74364,63542,1991
74365,51067,1984
74366,34615,1982
74367,49107,1984
74368,91875,1998
74369,54250,1976
74370,52535,1989
74401,42294,1972
74403,56689,1976
74421,69500,1988
74422,46563,1979
74423,47596,1993
74425,63405,1996
74426,48592,1982
74427,50089,1988
74428,57636,1980
74429,76929,1999
74430,56042,1985
74431,64821,1976
74432,47519,1984
74434,73363,1989
74435,53580,1988
74436,62723,1989
74437,46984,1975
74438,42656,1986
74441,52758,1986
74442,78083,1978
74445,67875,1984
74446,39485,1991
74447,48432,1968
74450,50446,1995
74451,59873,1993
74452,57250,1998
74454,61955,1988
74455,51786,1990
74456,95000,1978
74457,36667,1991
74458,-666666666,2001
74459,60000,1985
74460,92554,1976
74462,49293,1986
74463,32000,1977
74464,51262,1988
74467,60036,1978
74468,66875,1987
74469,54899,1984
74470,51250,1989
74471,45948,1989
74472,45208,1995
74477,-666666666,1991
74501,57922,1977
74521,35000,1972
74522,68519,1979
74523,47702,1979
74525,52685,1982
74528,69167,1975
74530,56250,1983
74531,55000,1977
74533,61500,1991
74534,38750,1994
74535,31397,1980
74536,39750,1984
74538,51366,1976
74540,42917,1985
74543,82222,1984
74546,47857,1962
74547,45521,1975
74549,73438,1982
74552,50759,1983
74553,59063,1979
74554,40938,1972
74555,52250,1985
74556,57500,1972
74557,39063,1988
74558,45455,1985
74560,45000,1985
74561,48224,1980
74562,52500,1979
74563,44063,1986
74565,56250,1975
74567,41250,1978
74569,61818,1983
74570,57131,1978
74571,41105,1983
74572,44712,1976
74574,39896,1991
74576,83466,1986
74577,58028,1992
74578,41024,1981
74601,52067,1959
74604,80331,1977
74630,41641,1956
74631,53964,1955
74632,88750,1957
74633,57955,1988
74636,-666666666,1961
74637,52829,1956
74640,88333,1972
74641,62083,1991
74643,68929,1973
74644,42500,1976
74646,90473,1972
74647,63145,1970
74650,47679,1967
74651,76458,1986
74652,71307,1970
74653,59079,1956
74701,58036,1987
74720,50833,1984
74721,-666666666,-666666666
74722,57083,1990
74723,42083,1987
74724,44583,1981
74726,53274,1988
74727,43047,1983
74728,59415,1987
74729,56696,1987
74730,68177,2003
74731,54286,1985
74733,65875,1988
74734,49722,1992
74735,57986,1984
74736,59167,1980
74737,61000,1976
74738,22857,1986
74740,41141,1986
74741,67500,1991
74743,41722,1980
74745,47134,1978
74747,-666666666,1991
74748,47125,1989
74750,38333,1981
74753,-666666666,-666666666
74754,48375,1986
74755,-666666666,1987
74756,53077,1984
74759,54219,1986
74760,50250,1995
74761,-666666666,1974
74764,58350,1984
74766,48750,1978
74801,55077,1971
74804,67631,1984
74820,62357,1977
74824,64063,1989
74825,57321,1978
74826,78750,1993
74827,62083,1969
74829,29583,1985
74830,53750,1983
74831,58750,1983
74832,51250,1979
74833,62321,1982
74834,61291,1986
74836,90889,1994
74837,58618,1966
74839,33333,1981
74840,54191,1993
74842,97900,1975
74843,73750,1985
74844,54250,1975
74845,46917,1990
74848,52614,1963
74849,41053,1977
74850,55750,1988
74851,74438,1991
74852,59821,1983
74854,61875,1984
74855,60256,1981
74856,59896,1979
74857,92479,1996
74859,42701,1977
74860,60398,1987
74864,65304,1983
74865,65000,1982
74866,47500,1972
74867,50625,1981
74868,48043,1978
74869,54653,1992
74871,70838,1981
74872,56321,1976
74873,55803,1980
74875,64886,1985
74878,78085,1986
74880,50809,1978
74881,60923,1992
74883,41696,1972
74884,46658,1970
74901,43929,1972
74902,50545,1983
74930,55526,1986
74931,56667,1984
74932,50750,1992
74935,38750,1977
74936,56336,1987
74937,41367,1979
74939,47778,1988
74940,50677,1989
74941,52969,1982
74942,38438,1975
74943,114375,1955
74944,36944,1977
74945,43750,1978
74946,-666666666,1972
74947,38750,1973
74948,48069,1987
74949,46250,1991
74951,49375,1981
74953,56341,1984
74954,58397,1988
74955,50260,1982
74956,57070,1989
74957,43125,1989
74959,56089,1988
74960,47151,1982
74962,54080,1986
74963,65833,1984
74964,47250,1989
74965,51393,1979
74966,56331,1991
75001,73514,1998
75002,137037,2000
75006,84815,1982
75007,111521,1987
75009,168250,2012
75010,107317,2005
75013,146891,2008
75019,141923,1995
75020,71605,1971
75021,83067,1979
75022,177357,2000
75023,109660,1985
75024,117088,2002
75025,143260,1996
75028,149436,1996
75032,135742,2004
75033,174762,2008
75034,111122,2010
75035,166590,2008
75036,151645,2012
75038,68990,1987
75039,104853,2010
75040,74519,1980
75041,70308,1965
75042,64266,1968
75043,76778,1980
75044,92178,1986
75048,131087,2006
75050,73274,1981
75051,58245,1981
75052,89301,1997
75054,163229,2011
75056,119682,2006
75057,82803,1995
75058,125694,2007
75060,71575,1974
75061,63798,1978
75062,72704,1974
75063,117133,1995
75065,102597,2003
75067,78752,1994
75068,126635,2010
75069,85327,2000
75070,112352,2010
75071,132447,2011
75072,165682,2004
75074,88697,1994
75075,98365,1982
75076,76919,1988
75077,127211,1994
75078,196564,2015
75080,92903,1973
75081,93165,1979
75082,110534,2002
75087,129484,2005
75088,105313,1994
75089,118318,2001
75090,55543,1974
75092,68036,1990
75093,124563,1994
75094,171476,2005
75098,122089,2006
75101,61000,1990
75102,88929,1991
75103,71013,1990
75104,102875,1996
75105,-666666666,1981
75109,88074,2000
75110,57370,1976
75114,88013,2011
75115,82782,1993
75116,67390,1974
75117,90954,1989
75119,77053,1993
75124,79083,1999
75125,79545,1993
75126,103673,2012
75127,60366,1975
75132,-666666666,-666666666
75134,69778,1995
75135,111235,2003
75137,82253,1981
75140,55338,1986
75141,48159,1998
75142,80028,1988
75143,67897,1987
75144,62949,1987
75146,68071,1990
75147,56940,1996
75148,68569,1986
75149,70774,1980
75150,65440,1982
75152,94935,1991
75153,93708,1992
75154,100388,2001
75155,67336,1998
75156,60867,1989
75157,100250,1986
75158,100263,2001
75159,72897,1991
75160,71801,1991
75161,85981,1995
75163,60462,1985
75164,65825,2005
75165,86391,2002
75166,132101,2008
75167,117714,2006
75169,74350,1992
75172,59457,2010
75173,101988,2010
75180,67019,1989
75181,111052,1998
75182,170348,2006
75189,117125,2012
75201,103761,2004
75202,133155,1978
75203,46989,1967
75204,92253,2004
75205,181631,1992
75206,91023,1991
75207,84212,2011
75208,81950,1960
75209,134707,1977
75210,33712,1973
75211,56807,1963
75212,59750,2000
75214,132313,1967
75215,45557,1965
75216,41386,1961
75217,55723,1968
75218,107366,1960
75219,102364,2002
75220,69843,1978
75223,73318,1955
75224,51919,1958
75225,200234,1989
75226,70546,1994
75227,64008,1976
75228,62667,1969
75229,121469,1967
75230,110956,1979
75231,58540,1982
75232,61847,1967
75233,49870,1969
75234,86733,1978
75235,63393,2002
75236,49715,1996
75237,44318,1985
75238,82019,1974
75240,58320,1987
75241,53998,1974
75243,53618,1982
75244,120286,1981
75246,53555,1955
75247,20200,1975
75248,100414,1980
75249,85500,1988
75251,90396,2001
75252,85000,1989
75253,60874,1999
75254,67216,1984
75261,-666666666,-666666666
75270,-666666666,-666666666
75287,63741,1991
75390,-666666666,-666666666
75401,59908,1976
75402,77877,1990
75407,100037,2012
75409,104814,2011
75410,73934,1996
75411,-666666666,1986
75412,64605,1982
75413,48750,1978
75414,86993,1989
75415,93050,1994
75416,75735,1990
75417,56842,1981
75418,68918,1980
75420,72521,1987
75421,75197,1977
75422,75690,1991
75423,59375,1992
75424,89157,1992
75426,35938,1977
75428,51424,1979
75429,-666666666,-666666666
75431,43242,1985
75432,65030,1976
75433,86042,1991
75434,-666666666,-666666666
75435,50000,1977
75436,90043,1988
75437,87574,1992
75438,101125,1995
75439,64500,1978
75440,65232,1998
75441,-666666666,-666666666
75442,95250,2003
75446,52460,1988
75447,110391,2005
75448,85827,1983
75449,56250,1968
75450,-666666666,1946
75451,58667,1989
75452,69479,1991
75453,111406,2003
75454,138827,2015
75455,56163,1984
75457,83916,1988
75459,71228,1987
75460,46473,1980
75462,81563,1995
75468,105875,1996
75469,83375,1986
75470,105625,2000
75471,77934,1979
75472,61694,1986
75473,103793,2000
75474,64103,1993
75475,-666666666,-666666666
75476,57697,2002
75477,90469,2003
75478,57917,1984
75479,74803,1981
75480,73920,1990
75481,73250,1987
75482,69970,1983
75486,92460,1989
75487,31912,1990
75488,54700,1999
75489,88676,1979
75490,92500,1996
75491,79386,1990
75492,125917,2004
75493,50893,1991
75494,59539,1985
75495,111563,2005
75496,64808,1977
75497,56205,1995
75501,45995,1982
75503,72159,1985
75550,61875,1986
75551,64248,1979
75554,46750,1987
75555,58750,1986
75556,93750,1997
75558,93125,1992
75559,58313,1982
75560,83667,1990
75561,60047,1984
75562,-666666666,2013
75563,52565,1974
75564,-666666666,-666666666
75565,19539,1990
75566,39219,1989
75567,69350,1989
75568,48417,1976
75569,55884,2001
75570,67622,1986
75571,56151,1974
75572,45625,1988
75573,90349,1995
75574,75824,1990
75601,65700,1973
75602,52330,1971
75603,65212,1988
75604,67942,1980
75605,73190,1988
75630,49677,1981
75631,83750,1988
75633,66102,1981
75638,66579,1976
75639,49344,1991
75640,80967,2001
75641,-666666666,1974
75642,-666666666,-666666666
75643,59342,1989
75644,57633,1982
75645,57438,1995
75647,65809,1983
75650,97596,1994
75651,43514,1993
75652,69250,1978
75654,69848,1977
75656,41727,1980
75657,49466,1985
75658,-666666666,-666666666
75659,-666666666,-666666666
75661,41929,1982
75662,70096,1983
75667,61065,1986
75668,41495,1972
75669,88190,1976
75670,42386,1969
75671,-666666666,-666666666
75672,70610,1981
75680,-666666666,-666666666
75681,48079,1981
75682,71477,1970
75683,65240,1982
75684,57273,1979
75686,59991,1985
75687,-666666666,-666666666
75689,51167,2001
75691,89353,1998
75692,63904,1986
75693,102146,1980
75694,-666666666,-666666666
75701,66401,1964
75702,51564,1959
75703,79194,1991
75704,55855,1982
75705,81346,1981
75706,61687,1986
75707,84954,1995
75708,85441,1990
75709,75625,1997
75711,-666666666,-666666666
75750,50948,1991
75751,70620,1983
75752,70223,1997
75754,69815,2001
75755,73402,1988
75756,81619,1992
75757,91165,2002
75758,57859,1992
75759,250001,2011
75760,63182,1988
75762,90057,2000
75763,69756,1988
75764,77614,1965
75765,60317,1994
75766,51394,1984
75770,83542,1993
75771,93462,1994
75773,58138,1990
75778,57589,1991
75779,-666666666,1965
75780,-666666666,1985
75782,60000,1969
75783,59407,1988
75784,64545,1990
75785,65000,1987
75788,-666666666,-666666666
75789,83131,1991
75790,65039,1984
75791,92107,1994
75792,54293,1990
75801,56787,1980
75803,61794,1984
75831,51935,1990
75833,69338,1988
75835,53611,1980
75838,27813,1978
75839,67404,1990
75840,58224,1984
75844,60376,1981
75845,48333,1985
75846,64250,1992
75847,42188,1986
75848,83750,1995
75849,48750,1964
75850,130742,1993
75851,85982,1992
75852,72847,1991
75853,71500,1993
75855,45962,1992
75856,-666666666,1988
75858,-666666666,1996
75859,75139,2001
75860,59950,1982
75861,54224,1991
75862,52017,1988
75865,-666666666,-666666666
75884,-666666666,-666666666
75886,-666666666,-666666666
75901,62966,1986
75903,30000,2004
75904,60205,1986
75925,60811,1982
75926,65833,1990
75928,31037,1994
75929,69554,1987
75930,74240,1990
75931,79514,1991
75932,61161,1987
75933,25996,1984
75934,-666666666,1984
75935,49239,1983
75936,70938,1978
75937,80441,1984
75938,55379,1991
75939,46014,1984
75941,59593,1982
75942,-666666666,-666666666
75943,61302,1992
75944,39338,1988
75946,58177,1984
75948,62028,1991
75949,63047,1985
75951,53147,1983
75954,56600,1988
75956,62196,1989
75959,68236,2008
75960,64300,1984
75961,41495,1984
75962,-666666666,-666666666
75964,56762,1985
75965,55291,1984
75966,40087,1984
75968,53355,1976
75969,84063,1996
75972,44196,1988
75973,67023,1990
75974,47292,1981
75975,44297,1983
75976,62857,1975
75977,25625,1996
75979,51594,1982
75980,45439,1983
76001,105311,1997
76002,100667,2004
76005,168806,2018
76006,59139,1987
76008,168314,2008
76009,79755,1998
76010,45466,1975
76011,54038,1986
76012,88141,1976
76013,70471,1975
76014,60333,1985
76015,73709,1981
76016,108885,1982
76017,90083,1987
76018,88288,1989
76020,87298,1991
76021,87097,1985
76022,72560,1974
76023,77277,1996
76028,101138,2002
76031,69155,1986
76033,76292,1987
76034,217914,1994
76035,118333,2004
76036,97973,2006
76039,83140,1988
76040,72661,1985
76041,131250,1992
76043,78306,1996
76044,122715,2011
76048,70346,1995
76049,104967,2000
76050,85194,1993
76051,111160,1992
76052,143555,2012
76053,64141,1973
76054,109881,1983
76055,80025,1991
76058,71328,1998
76059,51401,1984
76060,119156,1996
76061,-666666666,-666666666
76063,118946,2004
76064,73125,1987
76065,127756,2006
76066,112733,2005
76067,62190,1972
76070,140420,2006
76071,101989,2003
76073,101563,2000
76077,118705,1980
76078,99866,2003
76082,92485,2001
76084,102115,2009
76085,104531,2002
76086,60578,1984
76087,114306,2005
76088,104038,2001
76092,250001,1997
76093,57200,1999
76102,75859,2006
76103,60172,1956
76104,61658,1989
76105,45770,1959
76106,55431,1973
76107,79990,1979
76108,80412,1992
76109,100507,1977
76110,69790,1949
76111,60194,1956
76112,57724,1975
76114,62073,1967
76115,52411,1965
76116,56187,1977
76117,51670,1968
76118,94530,1986
76119,51267,1974
76120,80922,2000
76123,102768,2006
76126,113905,1996
76127,-666666666,-666666666
76129,-666666666,-666666666
76131,108694,2009
76132,63924,1990
76133,75523,1977
76134,70945,1982
76135,74621,1991
76137,90718,1997
76140,75955,1987
76148,89840,1982
76155,73229,2001
76164,52882,1942
76177,104189,2013
76179,107428,2006
76180,81503,1984
76182,120558,1989
76201,39982,1982
76203,-666666666,-666666666
76205,68600,1985
76207,85330,2009
76208,88967,2005
76209,75069,1981
76210,113980,2002
76225,84336,1997
76226,180982,2012
76227,111402,2014
76228,69250,1980
76230,66641,1977
76233,67516,1992
76234,93727,1995
76238,96667,1991
76239,76250,1993
76240,71502,1979
76241,-666666666,-666666666
76244,122217,2006
76245,92212,1997
76247,124383,2012
76248,171804,1999
76249,120169,2003
76250,90625,1992
76251,62375,1983
76252,94444,1980
76253,69952,1983
76255,55841,1977
76258,103532,2002
76259,101845,2004
76261,61250,1970
76262,151250,2006
76263,178182,1957
76264,77955,2003
76265,76036,1978
76266,99425,2001
76267,-666666666,1957
76268,-666666666,1989
76270,73553,2004
76271,78125,2003
76272,81174,1996
76273,82021,1989
76301,41947,1956
76302,59590,1976
76305,78071,1982
76306,46957,1970
76308,74772,1976
76309,54159,1959
76310,82183,1988
76311,77404,1976
76351,46484,1963
76354,68721,1974
76357,74318,1975
76360,69143,1955
76363,52778,1964
76364,117928,1965
76365,78484,1977
76366,56034,1981
76367,76310,1980
76370,86750,1953
76371,61335,1967
76372,69167,1972
76373,60417,1969
76374,43939,1969
76377,65667,1961
76379,70313,1975
76380,45880,1966
76384,53564,1964
76388,64236,1964
76389,98750,1989
76401,61210,1992
76402,-666666666,-666666666
76424,56082,1974
76426,92130,1985
76427,75191,1984
76429,-666666666,2001
76430,77102,1970
76431,86875,1986
76432,69688,1979
76433,117702,2005
76435,76667,1987
76436,51397,1938
76437,60923,1959
76439,-666666666,-666666666
76442,59853,1979
76443,49915,1977
76444,68147,1968
76445,72857,1973
76446,57583,1985
76448,57122,1974
76449,72813,1987
76450,75258,1980
76452,141528,2002
76453,99293,1996
76454,36354,1957
76455,56346,1970
76457,72238,1981
76458,64297,1973
76459,33438,1982
76460,76964,1986
76462,99160,1999
76463,58750,1983
76464,64038,1960
76466,-666666666,1949
76469,-666666666,1993
76470,39434,1968
76471,54773,1956
76472,103482,2003
76474,-666666666,1966
76475,58333,1987
76476,81364,1998
76481,82244,1991
76483,53214,1959
76484,95476,1982
76486,69808,1977
76487,77361,2001
76490,-666666666,-666666666
76491,77917,1962
76501,62532,1971
76502,82088,2004
76504,52803,1982
76511,69286,1970
76513,80661,1999
76518,59333,1989
76519,90682,1974
76520,64800,1977
76522,72206,1990
76523,80066,2011
76524,69286,1987
76525,80208,1985
76527,81574,1999
76528,70558,1983
76530,106250,1986
76531,49100,1960
76534,80536,1991
76537,98199,2015
76538,63750,1980
76539,100625,1999
76541,37349,1971
76542,74055,2003
76543,48564,1987
76544,62846,1978
76548,80520,2001
76549,70871,2004
76550,78578,1985
76554,75500,1984
76556,52328,1988
76557,86056,1985
76559,76286,2006
76561,60357,1997
76565,-666666666,-666666666
76566,115417,1980
76567,69983,1984
76569,65491,1983
76570,40000,1970
76571,111863,2005
76573,-666666666,-666666666
76574,78568,1981
76577,64107,1990
76578,105063,1990
76579,85480,1987
76596,-666666666,-666666666
76597,-666666666,-666666666
76598,-666666666,-666666666
76599,-666666666,-666666666
76621,81932,1977
76622,74167,1995
76623,-666666666,1963
76624,79625,1987
76626,102500,1974
76627,70375,1997
76628,97083,2007
76629,72262,1989
76630,83950,1991
76631,97083,1974
76632,76193,1975
76633,106755,1998
76634,74694,1973
76635,62031,1985
76636,69018,1986
76637,79375,1972
76638,129917,1995
76639,48514,1983
76640,66641,1986
76641,81094,1987
76642,62243,1984
76643,83511,1994
76645,63737,1976
76648,54669,1984
76649,81771,1984
76650,61458,1964
76651,67500,1987
76652,73545,1991
76653,48500,1975
76654,69583,1972
76655,99917,1996
76656,70703,1988
76657,97634,1995
76660,49375,1957
76661,41056,1971
76664,74618,1979
76665,62857,1973
76666,-666666666,1980
76667,52541,1981
76670,60104,1984
76671,53715,1986
76673,63750,1988
76676,70625,1973
76678,61944,1975
76679,75878,2000
76680,-666666666,1967
76681,72530,1975
76682,84148,1980
76685,-666666666,1983
76686,75469,1962
76687,73323,1994
76689,77863,1990
76690,42448,1995
76691,85694,1986
76692,55149,1987
76693,55645,1981
76701,30313,1977
76704,30349,1972
76705,58236,1984
76706,41656,1989
76707,40443,1956
76708,68856,1974
76710,58186,1969
76711,53185,1963
76712,97903,1991
76798,-666666666,-666666666
76801,54231,1975
76802,70714,1982
76820,-666666666,1970
76821,63380,1957
76823,55156,1977
76824,-666666666,-666666666
76825,53665,1970
76827,-666666666,1973
76828,49141,2001
76831,-666666666,-666666666
76832,45536,1984
76834,46120,1963
76836,-666666666,2021
76837,66528,1968
76841,108563,1985
76842,-666666666,1981
76844,68032,1975
76845,76042,1985
76848,-666666666,1948
76849,62977,1979
76852,70865,1981
76853,71500,1978
76854,120531,1985
76856,74677,1979
76857,51152,1989
76858,71875,1956
76859,47443,1974
76861,85714,1970
76862,80208,1997
76864,55598,1981
76865,57155,1979
76866,56429,1980
76869,-666666666,-666666666
76870,66875,1975
76871,52500,1977
76872,58750,1983
76873,145469,1952
76874,-666666666,-666666666
76875,61875,1945
76877,53500,1980
76878,46111,1976
76880,-666666666,-666666666
76882,61750,1976
76884,91827,1941
76885,-666666666,1980
76887,155192,1993
76888,60893,1983
76890,62411,1987
76901,69450,1975
76902,-666666666,-666666666
76903,49498,1968
76904,81833,1985
76905,84712,1986
76908,-666666666,-666666666
76909,-666666666,-666666666
76930,58472,1965
76932,57813,1982
76933,55104,1972
76934,52125,1986
76935,76250,1997
76936,86411,1976
76937,110871,2013
76939,-666666666,-666666666
76940,-666666666,-666666666
76941,78359,1981
76943,81664,1978
76945,36731,1974
76950,78844,1972
76951,64954,1983
76953,102656,1973
76955,-666666666,1947
76957,-666666666,-666666666
76958,-666666666,1991
77002,86394,2010
77003,83980,2007
77004,71199,1981
77005,229267,1994
77006,106533,1998
77007,144911,2009
77008,143229,2002
77009,83148,1955
77010,189315,2006
77011,50133,1949
77012,45025,1961
77013,47060,1975
77014,55589,1997
77015,57753,1979
77016,47677,1965
77017,51079,1964
77018,127017,1967
77019,116423,2003
77020,50119,1959
77021,45574,1967
77022,52739,1967
77023,51430,1956
77024,136149,1981
77025,81008,1990
77026,39211,1957
77027,103812,2004
77028,38357,1962
77029,48279,1957
77030,77336,1995
77031,47162,1977
77032,43725,1988
77033,38071,1959
77034,58217,1976
77035,58686,1974
77036,45716,1977
77037,58750,1970
77038,57232,1988
77039,47119,1974
77040,65028,1987
77041,77083,1996
77042,59097,1985
77043,79359,1978
77044,95000,2009
77045,59688,1979
77046,131932,1990
77047,78538,2005
77048,56747,1989
77049,62971,2002
77050,37009,1972
77051,37415,2000
77053,66510,1979
77054,62106,1991
77055,74369,1977
77056,93499,1999
77057,66971,1979
77058,68722,1984
77059,161944,1993
77060,40435,1982
77061,45115,1970
77062,103889,1980
77063,59113,1980
77064,81658,1992
77065,74605,1993
77066,87138,1986
77067,52032,1986
77068,86028,1987
77069,80257,1987
77070,77397,1997
77071,54139,1978
77072,51070,1979
77073,78592,2003
77074,47810,1973
77075,69191,1993
77076,42522,1965
77077,72871,1990
77078,39093,1971
77079,101995,1980
77080,62134,1975
77081,43251,1978
77082,62455,1993
77083,64418,1988
77084,80575,1996
77085,68470,1999
77086,58200,1983
77087,52847,1964
77088,54411,1978
77089,88140,1987
77090,50903,1985
77091,35432,1987
77092,58728,1976
77093,46766,1967
77094,139932,1997
77095,91594,1997
77096,82852,1970
77098,116650,1997
77099,49396,1983
77204,-666666666,-666666666
77301,66475,1997
77302,84673,2001
77303,75348,2003
77304,80425,2010
77306,76257,1999
77316,124055,2012
77318,92415,2001
77320,55663,1987
77326,-666666666,1977
77327,62219,1996
77328,62428,2001
77331,62321,1993
77334,-666666666,-666666666
77335,53300,1979
77336,96404,1996
77338,64755,2002
77339,84102,1988
77340,48538,1990
77341,-666666666,-666666666
77342,-666666666,-666666666
77345,150742,1993
77346,122241,2005
77350,-666666666,1989
77351,66834,1991
77354,112504,2007
77355,102066,2004
77356,106804,2001
77357,76050,2004
77358,60424,1987
77359,55625,1975
77360,60402,1990
77362,86852,2010
77363,75278,2007
77364,62750,1985
77365,95702,2007
77367,-666666666,1997
77368,-666666666,-666666666
77369,45909,1978
77371,83594,1989
77372,79085,1996
77373,88617,1995
77374,-666666666,1977
77375,102488,2009
77376,-666666666,2010
77377,129327,2004
77378,71143,2002
77379,107486,1997
77380,88562,1999
77381,143565,1991
77382,162384,2002
77384,91667,2012
77385,117118,2007
77386,132469,2007
77388,102323,2001
77389,140683,2011
77396,78169,2004
77401,243750,1996
77406,141869,2009
77407,98913,2013
77412,-666666666,-666666666
77414,59128,1980
77415,71310,1957
77417,75405,1983
77418,90611,1990
77419,51641,1949
77420,67697,1973
77422,76829,1987
77423,84490,2004
77426,80446,1998
77428,-666666666,-666666666
77429,119191,2003
77430,85364,1999
77431,16391,1965
77432,-666666666,-666666666
77433,143934,2011
77434,71705,1969
77435,68778,2000
77436,-666666666,-666666666
77437,72200,1979
77440,-666666666,-666666666
77441,184390,2015
77442,70859,1973
77443,-666666666,-666666666
77444,-666666666,1979
77445,65909,1992
77446,20766,1987
77447,116925,2012
77448,-666666666,-666666666
77449,87808,2004
77450,106402,1994
77451,31125,1974
77453,-666666666,-666666666
77454,-666666666,-666666666
77455,77625,1994
77456,65284,1988
77457,-666666666,1997
77458,-666666666,-666666666
77459,129151,2004
77460,-666666666,-666666666
77461,93446,1991
77464,64375,1977
77465,64666,1976
77466,46750,1999
77467,-666666666,-666666666
77468,-666666666,-666666666
77469,102125,2011
77470,43149,1980
77471,73186,1995
77473,-666666666,-666666666
77474,75272,1993
77475,63308,1994
77476,-666666666,2001
77477,75744,1993
77478,118495,1988
77479,156735,1998
77480,73022,1979
77481,57857,2009
77482,58103,1984
77483,31761,1974
77484,81250,1999
77485,51742,1984
77486,74857,1982
77488,60327,1979
77489,74689,1986
77493,118464,2014
77494,148720,2011
77498,100950,1997
77502,62500,1965
77503,66797,1973
77504,51478,1981
77505,98125,1993
77506,49586,1966
77507,77371,2014
77510,102651,1990
77511,74939,1987
77514,85139,1981
77515,88787,1981
77517,88567,1997
77518,51458,1990
77519,82412,1983
77520,54278,1963
77521,73629,1997
77523,124188,2008
77530,62195,1986
77531,73240,1984
77532,92201,1994
77533,65557,1976
77534,105741,1980
77535,84497,2001
77536,102045,1983
77538,78482,1991
77539,89111,2001
77541,66507,1974
77545,94474,2006
77546,123756,1992
77547,50991,1956
77550,45047,1957
77551,58344,1973
77554,86490,1995
77555,-666666666,-666666666
77560,75938,2004
77561,-666666666,1981
77562,57364,1984
77563,75806,1981
77564,56275,1987
77565,95268,1997
77566,92586,1983
77568,74694,1987
77571,81850,1983
77573,122722,2002
77575,57056,1981
77577,70938,1995
77578,134016,2010
77580,-666666666,-666666666
77581,111139,1996
77582,-666666666,1954
77583,119287,2013
77584,121872,2004
77585,-666666666,1966
77586,114057,1986
77587,53497,1969
77590,65801,1978
77591,68593,1993
77597,-666666666,2004
77598,60977,1986
77611,92004,1981
77612,64415,1994
77613,72667,1985
77614,-666666666,2012
77615,48393,1975
77616,71833,1991
77617,75703,2009
77619,73710,1967
77622,100556,1999
77623,88375,1973
77624,96058,1992
77625,70517,1998
77627,78001,1975
77629,62692,1968
77630,64373,1977
77632,74418,1987
77640,50973,1974
77642,42950,1976
77650,61745,2008
77651,81637,1972
77655,73750,2007
77656,62303,1983
77657,95718,2001
77659,110590,1983
77660,61500,1988
77661,-666666666,-666666666
77662,72243,1985
77663,64366,1981
77664,48904,1995
77665,78590,1994
77701,49181,1969
77702,62125,1963
77703,31803,1976
77705,54633,1985
77706,73185,1980
77707,69756,1979
77708,56586,1978
77713,91330,2000
77801,39846,1991
77802,70666,1985
77803,52274,1983
77807,74375,2007
77808,113343,2003
77830,102557,2005
77831,58229,1992
77833,73388,1987
77835,109917,1995
77836,75625,1992
77837,57917,1979
77840,30377,1990
77843,-666666666,-666666666
77845,88851,2005
77852,-666666666,-666666666
77853,60069,1994
77855,-666666666,1993
77856,94785,1994
77857,63000,1992
77859,52639,1977
77861,67275,2006
77863,-666666666,1990
77864,73247,1981
77865,67114,1996
77866,-666666666,-666666666
77867,35781,1978
77868,67890,1991
77871,67877,1998
77872,87188,1990
77873,80938,1989
77875,-666666666,-666666666
77876,-666666666,2012
77878,60417,1980
77879,65490,1989
77880,90856,1999
77882,-666666666,-666666666
77901,57923,1972
77904,83130,1990
77905,88585,1989
77950,35417,1970
77951,49531,1995
77954,66195,1982
77957,62926,1977
77960,-666666666,-666666666
77961,-666666666,-666666666
77962,82940,1970
77963,56804,1986
77964,68056,1981
77968,76083,1998
77969,64792,2010
77970,-666666666,1992
77971,60337,1994
77973,-666666666,-666666666
77974,54250,1998
77975,59786,1973
77976,-666666666,1983
77977,-666666666,1969
77978,142500,1970
77979,77039,1976
77982,95593,1992
77983,97850,1993
77984,92656,1977
77986,-666666666,-666666666
77987,83750,1968
77988,-666666666,1991
77990,75417,1974
77991,-666666666,2001
77993,-666666666,1973
77994,87589,1954
77995,54298,1979
78001,-666666666,-666666666
78002,66744,1991
78003,69457,2000
78004,165353,1993
78005,70559,2001
78006,116156,2003
78007,38636,2001
78008,55440,1938
78009,103125,1998
78010,86830,1995
78011,29664,1982
78012,43571,1977
78013,82492,1992
78014,66250,1983
78015,162487,2011
78016,60736,1988
78017,59808,1989
78019,50992,1982
78021,-666666666,2001
78022,55895,1984
78023,134007,2005
78024,105381,1998
78025,70964,1987
78026,78501,1993
78027,111119,2009
78028,66991,1986
78029,-666666666,-666666666
78039,96250,1996
78040,36092,1971
78041,61544,1989
78043,54396,1994
78044,-666666666,2005
78045,90608,2004
78046,55826,2001
78050,74205,1975
78052,71429,1997
78055,85345,1992
78056,119946,2006
78057,66134,1989
78058,93581,2005
78059,74940,2001
78061,60247,1981
78062,-666666666,-666666666
78063,83914,1998
78064,66887,1988
78065,57200,1993
78066,87604,1993
78067,-666666666,1967
78069,75625,1999
78070,115175,2007
78071,60500,1983
78072,37198,1968
78073,69635,2001
78074,-666666666,-666666666
78075,52000,1990
78076,39239,1992
78101,111280,1997
78102,58939,1977
78104,-666666666,-666666666
78107,-666666666,1994
78108,113004,2008
78109,91320,2008
78111,-666666666,-666666666
78112,54988,1997
78113,78505,1996
78114,88087,1999
78116,88700,1997
78117,-666666666,2009
78118,60711,1979
78119,62738,1987
78121,120048,2003
78122,-666666666,2008
78123,97553,1993
78124,74192,1996
78125,34583,1988
78130,83064,2005
78132,135315,2011
78133,83853,1996
78140,50250,1983
78141,43553,1981
78142,-666666666,-666666666
78143,-666666666,-666666666
78144,-666666666,-666666666
78145,46563,1973
78146,68250,1965
78147,72404,1985
78148,74783,1983
78150,-666666666,-666666666
78151,26597,1991
78152,123981,2014
78154,100572,2003
78155,71039,1992
78159,35083,1976
78160,64800,1996
78161,79904,2001
78162,-666666666,1979
78163,140594,2006
78164,67578,1971
78201,47121,1952
78202,47478,1957
78203,35536,1953
78204,60255,1957
78205,38964,1938
78207,32472,1958
78208,26595,1964
78209,86514,1968
78210,55028,1947
78211,55436,1966
78212,62801,1949
78213,55884,1969
78214,44902,1955
78215,84437,2014
78216,59110,1979
78217,60988,1980
78218,57285,1980
78219,52094,1980
78220,41710,1967
78221,63811,1974
78222,66362,1992
78223,52088,1977
78224,59891,1994
78225,46955,1950
78226,33398,1962
78227,51519,1974
78228,52976,1967
78229,46574,1984
78230,73529,1985
78231,109183,1987
78232,85273,1985
78233,76421,1986
78234,100662,1971
78235,62863,2013
78236,69219,2003
78237,42772,1966
78238,57769,1980
78239,70098,1980
78240,63351,1990
78242,50644,1979
78243,-666666666,-666666666
78244,71128,2001
78245,90029,2008
78247,91013,1992
78248,130552,1993
78249,80565,2001
78250,80659,1988
78251,78958,2002
78252,85518,2017
78253,106373,2013
78254,115526,2008
78255,157428,2008
78256,74977,2012
78257,81301,2013
78258,117835,2005
78259,114156,2005
78260,154590,2008
78261,147727,2011
78263,80156,1995
78264,54409,1995
78266,146792,2003
78330,50536,1958
78332,49887,1978
78336,58420,1996
78338,-666666666,-666666666
78339,94444,1988
78340,54000,1988
78341,45259,1977
78342,40739,1977
78343,65467,1978
78344,73250,1970
78347,-666666666,-666666666
78349,38235,1976
78351,38925,1965
78352,-666666666,-666666666
78353,-666666666,1981
78355,48828,1970
78357,68000,1983
78358,86250,1995
78359,45458,1977
78360,-666666666,-666666666
78361,42211,1977
78362,71058,1991
78363,60574,1975
78368,46486,1979
78369,120417,1979
78370,69570,1979
78371,-666666666,2000
78372,52237,1992
78373,91106,1990
78374,83504,1987
78375,47941,1977
78376,40714,1984
78377,49974,1968
78379,100944,1998
78380,54769,1980
78382,75135,1997
78383,102135,1995
78384,47603,1975
78385,39342,1956
78387,53048,1975
78389,37195,1985
78390,78367,1972
78391,-666666666,1989
78393,77014,1978
78401,40841,1968
78402,55565,1983
78404,61280,1954
78405,38294,1971
78406,54740,1999
78407,47688,1958
78408,41045,1960
78409,60089,1984
78410,79308,1986
78411,57742,1961
78412,61215,1973
78413,72815,1986
78414,98771,2006
78415,54990,1969
78416,43198,1963
78417,53750,1986
78418,92445,1990
78419,66182,1992
78501,48071,1986
78503,53322,2000
78504,81905,2000
78516,53229,1998
78520,50116,1991
78521,44509,1989
78526,70565,2003
78535,39000,1976
78536,28393,1983
78537,40668,1997
78538,40399,2000
78539,66967,2001
78540,-666666666,-666666666
78541,52863,2003
78542,55243,2004
78543,44527,1994
78545,24550,1988
78547,-666666666,1988
78548,37308,1988
78549,19222,1994
78550,49007,1985
78552,69811,1997
78557,59441,2004
78558,57969,1985
78559,49383,1991
78560,55721,1996
78561,102528,2007
78562,31522,1991
78563,-666666666,1987
78564,-666666666,1958
78565,-666666666,2004
78566,60187,2001
78567,-666666666,1980
78569,58950,1984
78570,41965,1994
78572,54298,1997
78573,55000,2003
78574,52393,2001
78575,71765,1987
78576,49137,2003
78577,52770,2001
78578,51880,1991
78579,19172,2001
78580,53841,1982
78582,42626,1995
78583,51453,1996
78584,27056,1994
78585,-666666666,-666666666
78586,45575,1993
78588,94821,1998
78589,54285,1999
78590,82292,1970
78591,35750,1979
78592,-666666666,1987
78593,48649,1991
78594,23307,1991
78595,58846,1999
78596,58411,1991
78597,68421,1984
78598,-666666666,1982
78599,58349,2001
78602,89968,2003
78605,83542,2002
78606,94817,1999
78607,58594,1975
78608,-666666666,2009
78609,64418,1985
78610,119698,2012
78611,80938,1990
78612,95496,2001
78613,125487,2004
78614,-666666666,2002
78615,80938,2001
78616,64715,1998
78617,71640,2005
78618,81528,1965
78619,183393,2010
78620,153477,2007
78621,98534,2000
78622,-666666666,1943
78623,116923,2013
78624,75237,1991
78626,100431,2010
78628,125635,2011
78629,59521,1980
78631,78560,2002
78632,62500,1988
78633,100936,2007
78634,114426,2009
78635,106458,1948
78636,72663,1993
78638,69250,1997
78639,57742,1995
78640,90075,2010
78641,135024,2011
78642,132958,2014
78643,68365,1987
78644,74709,1993
78645,113008,2004
78648,57621,1975
78650,85170,1991
78652,133368,2004
78653,93900,2014
78654,74130,1995
78655,55952,1991
78656,81346,2005
78657,91452,1995
78658,-666666666,2003
78659,89808,2007
78660,113205,2009
78661,82896,1991
78662,94005,1993
78663,168125,2001
78664,87417,1997
78665,122680,2010
78666,54737,1999
78669,128000,2003
78670,78625,1971
78671,61200,1972
78672,52813,1968
78674,-666666666,2013
78675,78472,1991
78676,87344,2001
78677,-666666666,-666666666
78681,137819,1999
78701,162168,2008
78702,102171,2004
78703,153036,1973
78704,106897,1989
78705,32380,1991
78712,-666666666,-666666666
78717,145325,2008
78719,56202,1997
78721,84573,1985
78722,105046,1958
78723,100329,1983
78724,77926,2007
78725,105795,2010
78726,90885,2002
78727,110379,1994
78728,75243,1996
78729,86438,1994
78730,158673,1998
78731,105494,1980
78732,192500,2005
78733,206368,1994
78734,130784,1999
78735,139191,2004
78736,93805,1996
78737,168920,2008
78738,183048,2011
78739,238559,2003
78741,66741,1996
78742,-666666666,1982
78744,83002,2005
78745,86109,1984
78746,188414,1988
78747,92748,2008
78748,115213,2004
78749,111079,1993
78750,121563,1986
78751,80915,1980
78752,67682,1983
78753,65170,1993
78754,90121,2009
78756,94701,1970
78757,103860,1967
78758,74381,1987
78759,102400,1985
78801,54161,1983
78802,-666666666,-666666666
78827,23167,1987
78828,-666666666,1969
78829,28517,1981
78830,51354,1985
78832,70000,1983
78833,34036,1981
78834,39477,1985
78836,-666666666,1995
78837,49737,1985
78838,106250,1992
78839,37365,1976
78840,66084,1983
78841,-666666666,-666666666
78842,-666666666,-666666666
78843,-666666666,-666666666
78850,69531,1988
78851,-666666666,1954
78852,49954,1997
78860,-666666666,2005
78861,64917,1990
78870,54167,1991
78871,-666666666,1966
78872,39659,1993
78873,-666666666,1993
78877,43998,1995
78879,101484,2004
78880,39211,1976
78881,35104,1982
78883,40491,1989
78884,84271,1991
78885,68125,1992
78886,123532,2000
78931,-666666666,1992
78932,62917,1998
78933,68444,1994
78934,58302,1985
78935,-666666666,2001
78938,61250,1976
78940,89157,1994
78941,76477,1988
78942,73429,1988
78943,98531,1988
78944,126806,1983
78945,75446,1980
78946,65221,1989
78947,84649,1999
78948,58889,1997
78949,64167,1985
78950,91354,2001
78951,-666666666,-666666666
78953,83438,1991
78954,103750,1989
78956,67903,1983
78957,69149,1987
78959,60472,1992
78962,71278,1978
78963,97917,1998
79001,83125,1973
79002,-666666666,-666666666
79003,73125,1957
79005,70223,1977
79007,63929,1967
79008,-666666666,-666666666
79009,65333,1974
79010,-666666666,1983
79011,54375,1978
79012,-666666666,-666666666
79013,45106,2001
79014,62273,1975
79015,83445,1991
79016,-666666666,-666666666
79018,76667,1973
79019,74750,1966
79021,51094,1971
79022,72286,1978
79024,71250,1972
79025,-666666666,-666666666
79027,50865,1965
79029,64652,1974
79031,43750,1963
79032,76250,1973
79033,-666666666,-666666666
79034,89250,1963
79035,72202,1973
79036,90170,1977
79039,70357,1965
79040,84583,1972
79041,61832,1967
79042,70590,1960
79043,57956,1963
79044,66071,1975
79045,60543,1971
79046,57386,1974
79051,-666666666,1963
79052,34922,1964
79053,116750,1968
79054,62500,1962
79056,-666666666,1947
79057,70865,1953
79058,-666666666,-666666666
79059,66875,1964
79061,99861,1956
79062,63317,1960
79063,110938,1982
79064,59698,1963
79065,58912,1962
79066,-666666666,-666666666
79068,86264,1959
79070,70915,1976
79072,47255,1970
79073,-666666666,-666666666
79078,-666666666,1977
79079,51250,1967
79080,55313,1956
79081,68542,1971
79082,67440,1958
79083,48611,1965
79084,54808,1964
79085,-666666666,-666666666
79086,70648,1971
79087,69135,1979
79088,35804,1961
79091,-666666666,-666666666
79092,83068,1968
79093,-666666666,1984
79094,-666666666,1938
79095,58889,1961
79096,67165,1974
79097,88182,1956
79098,70250,1968
79101,47759,1947
79102,51125,1954
79103,57981,1966
79104,39920,1959
79106,59493,1963
79107,40671,1959
79108,66676,1978
79109,70435,1973
79110,66683,1972
79111,71103,1957
79118,87810,2005
79119,114432,2011
79121,74659,1983
79124,112541,2002
79201,58438,1964
79220,49792,1973
79223,-666666666,-666666666
79225,83333,1949
79226,58031,1973
79227,62188,1959
79229,47583,1974
79230,-666666666,1938
79231,-666666666,-666666666
79233,-666666666,1938
79234,83409,1954
79235,52935,1964
79236,45789,1971
79237,59688,1964
79239,36250,1951
79240,-666666666,1958
79241,61803,1959
79243,61250,1960
79244,71875,1961
79245,48403,1962
79247,-666666666,1938
79248,49028,1959
79250,54917,1963
79251,-666666666,1957
79252,62228,1963
79255,54375,1965
79256,39231,1957
79257,43362,1963
79258,-666666666,-666666666
79259,-666666666,1938
79261,49450,1957
79311,81985,1967
79312,64722,1964
79313,62788,1964
79314,27375,1959
79316,43063,1965
79322,48750,1965
79323,87321,1978
79324,-666666666,-666666666
79325,71771,1974
79326,-666666666,-666666666
79329,67059,1974
79330,60179,2002
79331,54000,1963
79336,61598,1977
79339,60375,1967
79342,73750,1981
79343,58906,1964
79344,-666666666,-666666666
79345,73438,1964
79346,40833,1969
79347,66792,1968
79350,-666666666,1984
79351,66853,1956
79353,86188,1972
79355,76967,1981
79356,46351,1969
79357,57993,1961
79358,90333,1984
79359,53048,1969
79360,79467,1988
79363,96128,1995
79364,56538,1965
79366,113950,1989
79367,46458,1983
79369,-666666666,1957
79370,48750,1962
79371,64917,1970
79372,58906,1986
79373,74728,1967
79376,-666666666,1964
79377,44000,1967
79378,122232,1965
79379,67813,1978
79380,87917,1959
79381,97625,1976
79382,84457,2001
79383,-666666666,1968
79401,26980,1986
79402,-666666666,-666666666
79403,47907,1969
79404,51630,1970
79406,-666666666,-666666666
79407,61509,1998
79410,44537,1957
79411,47634,1960
79412,48878,1964
79413,69400,1963
79414,49057,1977
79415,36468,1985
79416,63896,1994
79423,84933,1997
79424,97231,2000
79501,55430,1962
79502,52333,1971
79503,98697,1953
79504,64545,1967
79505,52708,1957
79506,63942,1975
79508,105000,1995
79510,78686,1979
79511,117578,1962
79512,60353,1961
79517,74583,1971
79518,34342,1974
79519,163380,1961
79520,65331,1962
79521,64294,1966
79525,89875,1990
79526,83843,1976
79527,63333,1968
79528,73476,1966
79529,50694,1967
79530,71979,1959
79532,49643,1958
79533,59375,1952
79534,70833,1974
79535,68036,1959
79536,71131,1980
79537,97917,2002
79538,-666666666,1985
79539,46250,1955
79540,-666666666,1969
79541,71032,1976
79543,64978,1965
79544,41750,1962
79545,58482,1967
79546,58984,1959
79547,41023,1962
79548,-666666666,1959
79549,59147,1968
79553,47839,1958
79556,49393,1965
79560,85625,1941
79561,93250,1977
79562,109572,2005
79563,49276,1986
79565,-666666666,1973
79566,77000,1975
79567,50781,1959
79601,53631,1980
79602,89551,1988
79603,53513,1958
79605,62929,1959
79606,79196,1989
79607,62637,2004
79699,-666666666,-666666666
79701,57346,1967
79703,77285,1978
79705,105310,1993
79706,108059,2008
79707,99886,1991
79713,64886,1979
79714,72242,1983
79718,58750,1970
79719,-666666666,1949
79720,68785,1966
79721,-666666666,-666666666
79730,-666666666,1975
79731,63096,1976
79733,92950,1971
79734,65227,1993
79735,78935,1982
79738,76250,1991
79739,79352,1985
79741,112969,1958
79742,68681,1982
79743,71833,1967
79744,42039,1969
79745,80585,1968
79748,-666666666,1978
79749,34286,1960
79752,39423,1966
79754,51250,1938
79755,-666666666,2001
79756,67468,1973
79758,102560,2003
79759,-666666666,-666666666
79761,68228,1967
79762,75272,1977
79763,56877,1985
79764,65170,1985
79765,104965,2014
79766,74407,2001
79769,-666666666,-666666666
79770,-666666666,-666666666
79772,63347,1976
79776,-666666666,-666666666
79777,-666666666,1962
79778,70808,1965
79780,-666666666,-666666666
79781,-666666666,1987
79782,102986,1977
79783,128516,1978
79785,43438,1985
79788,57109,1973
79789,106250,1970
79821,59232,1995
79830,66546,1980
79832,-666666666,-666666666
79834,49617,1974
79835,45924,1991
79836,59003,1999
79837,-666666666,1978
79838,43367,1987
79839,47950,1984
79842,45596,1952
79843,45263,1954
79845,42818,1993
79846,-666666666,-666666666
79847,50938,1988
79848,51696,1960
79849,44831,1999
79851,55500,1976
79852,34712,1997
79853,42234,1996
79854,33672,1950
79855,58910,1975
79901,14872,1955
79902,50873,1954
79903,37155,1951
79904,41841,1973
79905,25721,1959
79906,56044,2001
79907,41617,1980
79908,59792,2005
79911,122713,2015
79912,72943,1988
79915,35432,1966
79916,-666666666,-666666666
79918,-666666666,-666666666
79920,-666666666,-666666666
79922,106003,1975
79924,56976,1977
79925,57623,1969
79927,53652,1996
79928,76643,2009
79930,42099,1958
79932,78277,2001
79934,77754,2008
79935,61323,1977
79936,67198,1991
79938,77272,2011
80002,93362,1980
80003,91464,1975
80004,103659,1974
80005,136821,1981
80007,176122,2012
80010,63579,1964
80011,74022,1979
80012,73000,1979
80013,101191,1986
80014,73210,1981
80015,124702,1992
80016,150492,2007
80017,80524,1985
80018,136895,2011
80019,129154,2016
80020,117243,1991
80021,110038,1995
80022,104396,2002
80023,158180,2010
80024,-666666666,-666666666
80025,134102,1938
80026,120187,1993
80027,154232,1995
80030,61092,1965
80031,107422,1985
80033,89627,1967
80045,49500,2013
80101,70417,1996
80102,113125,1993
80103,102656,1991
80104,134335,2003
80105,79792,1997
80106,136852,1994
80107,135262,1997
80108,181049,2006
80109,155025,2007
80110,85900,1967
80111,135995,1988
80112,108874,1997
80113,96590,1967
80116,146000,1990
80117,115673,1995
80118,158155,1999
80120,94296,1977
80121,142056,1973
80122,128691,1978
80123,105932,1986
80124,129858,2002
80125,179983,2006
80126,169882,1997
80127,137040,1992
80128,121436,1983
80129,141667,1999
80130,158741,1997
80131,107250,1938
80132,161670,2000
80133,120625,1988
80134,146778,2004
80135,136083,1984
80136,111528,2002
80137,134890,2004
80138,145013,1999
80202,114151,2007
80203,77500,1967
80204,84829,1989
80205,104836,1968
80206,101594,1966
80207,115542,1950
80209,125733,1968
80210,127270,1959
80211,121439,1960
80212,124972,1957
80214,75575,1969
80215,85190,1968
80216,82143,2009
80218,81706,1959
80219,68415,1957
80220,106054,1955
80221,86810,1966
80222,86472,1967
80223,79151,1959
80224,86352,1971
80226,82300,1973
80227,90316,1981
80228,113977,1983
80229,84203,1983
80230,99750,2004
80231,76502,1981
80232,96217,1972
80233,88880,1983
80234,92563,1991
80235,70484,1985
80236,86115,1971
80237,85705,1982
80238,180940,2012
80239,98148,1989
80241,110218,1995
80246,67235,1979
80247,64498,1985
80249,100324,2007
80260,61852,1985
80264,-666666666,-666666666
80266,-666666666,-666666666
80290,103428,2007
80293,-666666666,-666666666
80294,-666666666,-666666666
80301,95207,1985
80302,61698,1973
80303,78555,1977
80304,126558,1978
80305,126107,1970
80310,-666666666,-666666666
80401,118039,1978
80403,151276,1994
80419,-666666666,-666666666
80420,86705,1978
80421,98452,1988
80422,95625,1985
80423,-666666666,1938
80424,120907,1991
80425,82188,1938
80426,95688,1980
80427,62264,1960
80428,120227,1997
80430,64338,1979
80432,44605,2001
80433,134402,1988
80434,-666666666,1938
80435,97463,1985
80436,59091,1977
80438,67034,1968
80439,156218,1981
80440,116143,1999
80442,108387,1987
80443,108710,1988
80444,79118,1971
80446,74973,2000
80447,96000,1984
80448,-666666666,2008
80449,59635,1998
80451,111875,1977
80452,75565,1970
80453,-666666666,1953
80454,178980,1971
80455,169286,1949
80456,-666666666,1988
80457,235160,1981
80459,87727,1980
80461,95775,1971
80463,192656,1989
80465,132292,1980
80466,100962,1974
80467,102143,1987
80468,-666666666,1992
80469,87366,1938
80470,135682,1979
80471,-666666666,-666666666
80473,30735,2006
80474,-666666666,1992
80475,-666666666,1992
80476,51875,1938
80478,105801,1996
80479,-666666666,-666666666
80480,49167,1978
80481,116563,1981
80482,65137,1993
80483,85089,1981
80487,109659,1994
80498,105897,1991
80501,80911,1977
80503,113620,1994
80504,113643,2003
80510,101250,1946
80512,97837,1977
80513,126726,2003
80514,104494,2009
80515,66615,1983
80516,168725,2009
80517,95404,1987
80520,63529,1995
80521,58082,1978
80524,85035,1990
80525,91636,1992
80526,88686,1988
80528,130350,2006
80530,124000,2005
80532,53295,1955
80534,129024,2007
80535,110945,1978
80536,117500,1994
80537,86325,1991
80538,86671,1992
80540,139521,1980
80542,133500,2005
80543,104574,2004
80544,-666666666,-666666666
80545,93207,1977
80546,113242,2012
80547,180492,2015
80549,107614,2008
80550,126132,2010
80601,105417,1998
80602,151737,2008
80603,118297,2004
80610,92153,1995
80611,78529,1987
80612,-666666666,1999
80615,107308,2002
80620,73590,2003
80621,90055,1981
80622,138710,1996
80623,-666666666,1974
80624,80673,1973
80631,54591,1973
80634,82742,1994
80640,117373,2005
80642,105225,1991
80643,97766,1999
80644,97847,1979
80645,87609,1976
80646,-666666666,-666666666
80648,94079,1964
80649,-666666666,1988
80650,57083,1991
80651,81586,1992
80652,72639,1949
80653,51542,1983
80654,91864,2000
80701,70302,1973
80705,56786,1976
80720,65913,1959
80721,104167,1938
80722,116528,1952
80723,75691,1973
80726,48056,1942
80727,58125,1948
80728,67863,1958
80729,48750,1956
80731,74375,1968
80732,17679,1938
80733,86750,1986
80734,57891,1971
80735,94167,1966
80736,79196,1967
80737,52500,1960
80740,38056,1954
80741,85227,1971
80742,82500,1938
80743,67734,1955
80744,50588,1938
80745,21136,1938
80746,99444,1945
80747,78750,1951
80749,85417,1938
80750,-666666666,1979
80751,48682,1965
80754,82500,1938
80755,98883,2000
80757,53438,1977
80758,58929,1972
80759,52255,1965
80801,22813,1971
80802,48571,1959
80804,43281,1938
80805,60500,1974
80807,76583,1972
80808,85500,1992
80809,93750,1961
80810,72543,1966
80812,69844,1948
80813,48530,1990
80814,80500,1993
80815,51780,1956
80816,75472,1991
80817,86543,2000
80818,56518,1970
80819,111250,1953
80820,49375,1995
80821,66071,1942
80822,63750,1972
80823,42917,1958
80824,145327,1938
80825,68750,1975
80826,-666666666,-666666666
80827,88125,1977
80828,67708,1981
80829,91275,1959
80830,76250,1976
80831,132467,2006
80832,90556,1994
80833,42139,2006
80834,52750,1973
80835,49344,1978
80836,65208,1968
80840,69474,1967
80860,84107,1938
80861,84375,1952
80862,-666666666,1971
80863,104779,1987
80864,66541,1995
80902,67374,2001
80903,61768,1940
80904,69814,1972
80905,63281,1964
80906,89984,1984
80907,74402,1972
80908,133965,2010
80909,64035,1964
80910,61969,1976
80911,87093,1978
80913,-666666666,-666666666
80914,-666666666,-666666666
80915,72352,1981
80916,67127,1987
80917,72991,1979
80918,87685,1982
80919,119518,1989
80920,113036,1993
80921,141659,2005
80922,108019,2002
80923,101565,2006
80924,139447,2015
80925,106953,2012
80926,131111,1992
80927,163803,-666666666
80928,122679,1996
80929,135257,1981
80930,90467,2005
80938,108143,2018
80939,-666666666,-666666666
80951,108010,2006
81001,48417,1969
81003,43705,1953
81004,51789,1947
81005,70574,1974
81006,69050,1967
81007,96713,2000
81008,69925,1999
81019,38056,1994
81020,30685,1977
81021,-666666666,1938
81022,60481,1978
81023,55641,1975
81024,31292,1977
81025,72778,1956
81027,46458,1973
81029,46250,1958
81030,40625,1940
81033,41250,1938
81036,59868,1964
81039,47143,1957
81040,30978,1942
81041,48500,1985
81043,12955,1952
81044,58500,2000
81045,-666666666,1938
81046,-666666666,-666666666
81047,43050,1961
81049,44904,1971
81050,57180,1961
81052,58875,1972
81054,48398,1956
81055,55080,1980
81057,54167,1974
81058,48636,1956
81059,93068,1979
81062,56250,1958
81063,49375,1967
81064,-666666666,1953
81067,50028,1955
81069,97513,1970
81071,53558,1971
81073,47167,1970
81076,48563,1971
81077,48897,1962
81081,39255,1984
81082,58589,1962
81084,-666666666,1980
81087,-666666666,1970
81089,52280,1974
81090,46389,1977
81091,50179,1992
81092,66719,1969
81101,54844,1982
81120,47546,1979
81121,42813,1995
81122,93714,1997
81123,36487,1987
81124,88793,1988
81125,56250,1975
81126,52870,1979
81128,250001,2000
81129,-666666666,-666666666
81130,54730,1984
81131,45156,1995
81132,55000,1974
81133,45833,1997
81136,47448,1977
81137,63860,1990
81138,-666666666,-666666666
81140,46781,1984
81141,59539,1975
81143,30915,2003
81144,64662,1969
81146,69556,1993
81147,84270,1996
81148,45469,1985
81149,57019,1990
81151,43417,1983
81152,31875,1972
81154,77177,1990
81155,75000,2003
81201,80248,1988
81210,-666666666,1990
81211,88083,1995
81212,64235,1978
81220,250001,1996
81221,34000,1993
81222,-666666666,1995
81223,51889,1997
81224,89907,1992
81225,85357,1987
81226,53969,1978
81227,-666666666,1959
81228,-666666666,-666666666
81230,77942,1983
81232,-666666666,-666666666
81233,60386,1976
81235,79000,1984
81236,98170,1994
81237,134038,1990
81239,-666666666,-666666666
81240,90417,1986
81241,-666666666,1977
81242,95865,2003
81243,73636,1993
81244,51250,1978
81248,-666666666,1976
81251,105600,1992
81252,69527,1995
81253,76346,1981
81301,83943,1991
81303,88103,1995
81320,-666666666,1983
81321,59506,1979
81323,75393,1986
81324,71630,1981
81325,56750,1938
81326,80089,1993
81327,94349,1989
81328,72522,2000
81330,-666666666,-666666666
81331,84353,2000
81332,104250,1981
81334,-666666666,1981
81335,-666666666,-666666666
81401,71286,1992
81403,80893,1997
81410,67826,1984
81411,59375,2012
81413,58465,1985
81415,59141,1978
81416,50243,1981
81418,54417,1978
81419,59735,1976
81422,27917,1976
81423,62125,1988
81424,39960,1973
81425,73682,1985
81426,135179,1995
81427,84167,1978
81428,75799,1978
81429,69000,1984
81430,74148,1994
81431,83304,1994
81432,90882,1999
81433,62317,1973
81434,143074,1998
81435,83076,1996
81501,53666,1971
81503,75053,1982
81504,70958,1990
81505,90830,2001
81506,78651,1987
81507,107528,1984
81520,50283,1984
81521,88458,1998
81522,-666666666,-666666666
81523,106518,2001
81524,99947,2002
81525,113796,2004
81526,87500,1980
81527,76815,1995
81601,109129,1986
81610,51105,1997
81611,82664,1986
81612,-666666666,-666666666
81615,102959,1981
81620,102775,1990
81621,104754,1994
81623,109661,1993
81624,91739,1986
81625,75812,1977
81630,64875,1991
81631,113662,1999
81632,83712,1996
81633,-666666666,-666666666
81635,73278,1994
81637,109209,2001
81638,-666666666,1974
81639,110404,1979
81640,-666666666,1982
81641,63070,1978
81642,-666666666,-666666666
81643,106813,1992
81645,102039,1974
81646,67321,1995
81647,78352,2000
81648,71705,1979
81649,-666666666,1974
81650,81025,1992
81652,101038,1996
81653,-666666666,-666666666
81654,141111,1989
81655,125539,2004
81656,250001,1991
81657,100573,1987
82001,75362,1967
82005,-666666666,-666666666
82007,58745,1990
82009,103835,1990
82050,-666666666,1942
82051,-666666666,-666666666
82052,-666666666,-666666666
82053,115486,1986
82054,52981,2003
82055,110579,1984
82058,-666666666,1957
82059,148750,1991
82060,-666666666,1997
82061,-666666666,-666666666
82063,105208,2009
82070,69095,1977
82072,53863,1979
82073,-666666666,-666666666
82081,-666666666,-666666666
82082,69347,1976
82083,49000,1973
82084,-666666666,1997
82190,64674,1971
82201,64982,1976
82210,68200,1960
82212,48529,1972
82213,71225,1978
82214,77784,1976
82215,137589,2001
82217,-666666666,1938
82218,-666666666,-666666666
82219,-666666666,1989
82221,34563,1957
82222,62742,1978
82223,63194,1971
82224,-666666666,-666666666
82225,68422,1963
82227,31827,1938
82229,-666666666,-666666666
82240,60766,1972
82242,-666666666,1990
82243,-666666666,1959
82244,83000,1965
82301,62841,1971
82310,-666666666,-666666666
82321,70250,1977
82322,40250,1970
82323,73594,1978
82324,58500,1973
82325,74167,1973
82327,75540,1976
82329,-666666666,1971
82331,95610,1978
82332,-666666666,1938
82334,75208,1973
82335,-666666666,-666666666
82336,57298,1989
82401,65583,1971
82410,68839,1971
82411,103958,1976
82412,64583,1959
82414,77958,1985
82420,77679,1978
82421,42222,1985
82422,-666666666,-666666666
82423,-666666666,1977
82426,67083,1962
82428,-666666666,1962
82430,35417,1972
82431,60295,1959
82432,44750,1958
82433,44881,1975
82434,-666666666,1969
82435,67534,1981
82440,-666666666,1960
82441,60069,1978
82442,61300,1985
82443,62767,1974
82450,193964,2004
82501,60449,1978
82510,55000,1980
82512,-666666666,1948
82513,66332,1980
82514,31667,1981
82515,53000,1975
82516,40208,1979
82520,76959,1978
82523,57188,1979
82601,67642,1971
82604,79118,1977
82609,71010,1983
82620,-666666666,1993
82630,-666666666,-666666666
82633,82412,1979
82635,34886,1985
82636,86638,1999
82637,80038,1975
82638,-666666666,-666666666
82639,72112,1992
82640,250001,1995
82642,80000,1973
82643,77800,1938
82644,53750,1983
82646,-666666666,-666666666
82648,-666666666,-666666666
82649,69375,1980
82701,90922,1974
82710,53603,1984
82711,58623,1965
82712,-666666666,2001
82714,-666666666,1992
82716,73155,1982
82718,104458,1998
82720,80170,1983
82721,72865,1999
82723,116429,1985
82725,-666666666,1938
82727,97972,1992
82729,89306,1982
82730,72159,1968
82731,-666666666,-666666666
82732,78355,1990
82801,73213,1982
82831,127500,1973
82832,94375,1996
82833,-666666666,1994
82834,63395,1982
82835,103750,1992
82836,79375,1978
82837,54531,1938
82838,65815,1967
82839,57708,1993
82842,105859,1987
82844,-666666666,-666666666
82845,-666666666,-666666666
82901,69954,1982
82922,-666666666,1994
82923,-666666666,1985
82925,250001,1987
82929,-666666666,-666666666
82930,81042,1984
82932,87632,1980
82933,128819,1986
82934,83375,1978
82935,87993,1977
82936,-666666666,-666666666
82937,98000,1989
82938,105323,1981
82939,98171,1983
82941,91429,1985
82942,-666666666,-666666666
82943,-666666666,1971
82944,250001,1996
82945,68036,1975
83001,124717,1990
83011,250001,1981
83012,-666666666,1957
83013,140325,1981
83014,140473,1987
83025,106611,1980
83101,76947,1978
83110,86731,1979
83111,131000,1995
83112,158913,1987
83113,75385,1985
83114,85536,1970
83115,-666666666,1976
83116,67019,1977
83118,69508,1996
83119,-666666666,-666666666
83120,59200,1976
83121,-666666666,-666666666
83122,-666666666,1998
83123,160250,1988
83124,87500,1991
83126,111172,1977
83127,87743,1997
83128,112476,2000
83201,66357,1972
83202,70423,1992
83203,-666666666,1996
83204,57146,1968
83209,19336,1991
83210,74615,1967
83211,65483,1974
83212,-666666666,2002
83213,43472,1971
83214,80333,1966
83215,41250,1959
83217,74688,1972
83218,78472,1971
83220,78021,1975
83221,75172,1979
83223,79583,1961
83226,36458,1984
83227,-666666666,1976
83228,73750,1968
83232,86302,1979
83233,-666666666,-666666666
83234,81083,1960
83235,-666666666,-666666666
83236,68214,1971
83237,86053,1985
83238,90491,1990
83239,85000,1968
83241,71298,1957
83243,-666666666,1938
83244,-666666666,1954
83245,93005,1978
83246,73125,1984
83250,73555,1979
83251,73482,1989
83252,76328,1972
83253,-666666666,1990
83254,64839,1957
83255,70714,1975
83261,95000,1976
83262,59900,1977
83263,62500,1973
83271,62250,1970
83272,77614,1977
83274,92669,1986
83276,64750,1973
83277,63654,1987
83278,81602,1990
83281,131213,1970
83283,-666666666,1983
83285,-666666666,1999
83286,92500,1985
83287,102059,1992
83301,62647,1983
83302,108281,1975
83311,101167,1973
83312,57155,1994
83313,74575,1990
83314,66771,1974
83316,69593,1974
83318,71282,1976
83320,57813,1956
83321,60000,1980
83322,-666666666,2000
83323,60625,1971
83324,70066,1987
83325,76375,1967
83327,66250,1992
83328,70851,1979
83330,60842,1973
83332,64792,1983
83333,99704,1994
83334,64583,1973
83335,61053,1971
83336,71191,1987
83337,-666666666,1964
83338,72072,1984
83340,93556,1983
83341,99100,1998
83342,56818,1972
83344,65417,1978
83346,70114,1959
83347,79643,1974
83348,-666666666,1975
83349,70795,1985
83350,61806,1973
83352,70057,1985
83353,126645,1979
83354,-666666666,-666666666
83355,65764,1978
83401,78497,1986
83402,74517,1975
83404,82103,1985
83406,86991,2002
83414,-666666666,1998
83420,69286,1977
83421,-666666666,1979
83422,96530,1996
83423,53472,1978
83424,150714,1992
83425,80833,1979
83427,84009,2005
83428,68750,1980
83429,78565,1983
83431,90833,1979
83433,94250,1976
83434,82731,1974
83435,73750,1974
83436,80000,1976
83438,145714,1938
83440,58159,2003
83442,88260,2001
83443,65590,1973
83444,88438,1988
83445,68012,1975
83446,74688,1982
83448,76000,1994
83449,82368,1990
83450,70046,1975
83451,67946,1975
83452,72083,1994
83454,66607,1959
83455,121964,2004
83460,-666666666,-666666666
83462,-666666666,1998
83463,58000,1946
83464,40625,1981
83465,64464,1986
83466,-666666666,1992
83467,53917,1978
83468,85250,1978
83469,-666666666,1998
83501,73629,1972
83520,25688,1978
83522,79688,1971
83523,63036,1962
83524,63333,1982
83525,44857,1980
83526,70357,1959
83530,79477,1971
83533,128750,1974
83535,57647,1978
83536,53707,1981
83537,71917,1980
83539,57885,1983
83540,62963,1979
83541,62569,1989
83542,-666666666,2002
83543,62679,1960
83544,69458,1975
83545,63750,1974
83546,53594,1966
83547,49479,1989
83548,73750,1938
83549,56488,1982
83552,56172,1981
83553,39191,1979
83554,39128,1991
83555,56250,1976
83602,-666666666,1997
83604,51810,1981
83605,68427,1987
83607,85399,2004
83610,65625,1973
83611,77411,1982
83612,54810,1975
83615,74732,2001
83616,125203,2005
83617,65291,1981
83619,66267,1992
83622,65625,1993
83623,58145,1950
83624,44583,1981
83626,69531,1976
83627,61250,1984
83628,68854,1980
83629,72500,1993
83631,80714,1988
83632,51583,1985
83633,84394,1974
83634,97171,2005
83636,85761,1980
83637,46944,1977
83638,75217,1993
83639,64042,1990
83641,84730,1996
83642,96909,2005
83643,65208,1992
83644,97293,2005
83645,65417,1978
83646,102861,2006
83647,63760,1986
83648,74196,2007
83650,57396,1979
83651,69914,1991
83654,91750,1996
83655,84542,1977
83656,64750,1993
83657,51183,1983
83660,63653,1981
83661,59351,1973
83666,63125,1949
83669,100091,2010
83670,91685,1999
83672,51045,1974
83676,67176,1992
83677,-666666666,1979
83686,86518,2001
83687,76682,2002
83702,85733,1969
83703,76910,1985
83704,73390,1982
83705,64731,1972
83706,82893,1984
83709,92786,1997
83712,105574,1978
83713,91295,1995
83714,87651,1999
83716,128822,2003
83720,-666666666,-666666666
83725,-666666666,-666666666
83801,71108,1998
83802,78906,1958
83803,60818,1986
83804,59302,1998
83805,70083,1993
83806,43125,1952
83808,-666666666,1995
83809,124615,1994
83810,132344,1977
83811,44930,1979
83812,72500,2002
83813,90156,1994
83814,74782,1978
83815,77864,1999
83821,-666666666,1999
83822,56490,1986
83823,78345,1978
83824,53036,1972
83825,53125,2007
83826,-666666666,-666666666
83827,54327,1974
83830,108182,2004
83832,91250,1971
83833,81568,1991
83834,98594,1978
83835,91316,1994
83836,97083,1983
83837,45885,1951
83839,63889,1983
83840,70833,2003
83841,50789,1971
83842,91429,1972
83843,59444,1982
83844,-666666666,-666666666
83845,72695,1992
83846,59844,1938
83847,48859,1981
83848,127313,1976
83849,52639,1962
83850,67574,1973
83851,57356,1979
83852,50385,1997
83854,82742,2002
83855,84423,1971
83856,75285,1985
83857,78185,1977
83858,95380,1997
83860,71563,1991
83861,65508,1977
83864,70496,1990
83866,31711,1992
83867,90074,1959
83868,51270,1949
83869,67099,1997
83870,51250,1977
83871,89750,1977
83872,100242,1998
83873,45852,1938
83874,42500,1945
83876,60729,1981
84001,81094,1987
84002,83125,1984
84003,120330,2001
84004,170500,1998
84005,113437,2011
84006,83000,1938
84007,91042,1982
84008,-666666666,-666666666
84009,137922,2011
84010,102445,1973
84013,105000,1999
84014,123130,1987
84015,95519,1993
84017,95900,1988
84018,-666666666,-666666666
84020,128910,2003
84021,73819,1983
84022,101667,1983
84023,50833,1979
84024,-666666666,2001
84025,127338,2002
84026,32321,1976
84027,75556,1989
84028,47083,2000
84029,101365,1999
84031,71111,1976
84032,103440,2003
84033,94038,1993
84034,-666666666,1992
84035,-666666666,2003
84036,120769,2005
84037,134375,1993
84038,95714,1981
84039,60893,1988
84040,128365,1991
84041,89604,1994
84042,121275,1997
84043,129852,2008
84044,90346,1985
84045,130331,2012
84046,76250,1980
84047,75954,1987
84049,151343,2003
84050,131170,1997
84051,106719,1985
84052,59167,1983
84053,70000,1980
84054,101860,2002
84055,126071,1994
84056,69352,1991
84057,82780,1987
84058,74553,1992
84059,105271,2015
84060,128295,1989
84061,177500,2000
84062,105649,2001
84063,-666666666,1983
84064,88487,1971
84065,128192,2002
84066,79494,1990
84067,91115,1986
84069,88269,1975
84070,78991,1992
84071,134179,2004
84072,74911,1982
84073,59313,1986
84074,108341,1998
84075,133286,2005
84076,124375,1985
84078,75113,1994
84080,81307,1984
84081,119970,2004
84082,126875,1993
84083,44173,1981
84084,96056,1985
84085,58250,1977
84086,81328,1965
84087,132774,1989
84088,105142,1993
84092,151500,1984
84093,138556,1978
84094,106732,1980
84095,126968,2003
84096,122881,2011
84097,94194,1984
84098,174119,2000
84101,72735,2006
84102,52199,1961
84103,83916,1962
84104,61425,1962
84105,99562,1938
84106,101551,1965
84107,72108,1979
84108,120854,1958
84109,145034,1960
84111,52952,1987
84112,10296,1978
84113,-666666666,-666666666
84114,-666666666,-666666666
84115,65548,1979
84116,66751,1978
84117,87813,1975
84118,90562,1979
84119,71378,1985
84120,94306,1978
84121,115515,1977
84123,81271,1984
84124,120408,1966
84128,110726,1993
84129,95844,1982
84138,-666666666,-666666666
84150,-666666666,-666666666
84180,-666666666,-666666666
84301,89583,1978
84302,79706,1976
84304,-666666666,-666666666
84305,64583,1938
84306,121250,1995
84307,80441,1990
84308,83333,1958
84309,100000,1980
84310,130208,1995
84311,77841,1988
84312,83088,1990
84313,-666666666,-666666666
84314,87578,1992
84315,109989,2001
84316,88015,1982
84317,130040,1988
84318,113194,1998
84319,89189,1993
84320,103810,1975
84321,69148,1984
84322,-666666666,-666666666
84324,142188,1998
84325,116094,1995
84326,91971,1990
84327,77024,1978
84328,113646,1994
84329,-666666666,1947
84330,86518,1992
84331,65625,1976
84332,117987,2000
84333,108750,1982
84334,-666666666,-666666666
84335,97979,2001
84336,89392,1973
84337,81683,1994
84338,95313,1963
84339,112744,1997
84340,108304,1988
84341,69310,1999
84401,80758,1986
84403,88236,1963
84404,85057,1986
84405,84106,1988
84408,-666666666,-666666666
84414,114833,1998
84501,58617,1975
84511,73218,1983
84512,54375,1986
84513,82958,1978
84515,-666666666,-666666666
84516,75250,2000
84518,73594,1979
84520,38482,1946
84521,49583,1978
84522,73125,1970
84523,71212,1981
84525,67155,1977
84526,59850,1956
84528,71053,1977
84529,-666666666,-666666666
84530,-666666666,1959
84531,32200,1997
84532,68444,1990
84533,-666666666,-666666666
84534,47708,1992
84535,75625,1973
84536,35250,1991
84537,90086,1977
84539,36927,1948
84540,-666666666,-666666666
84542,61466,1978
84601,67207,1988
84602,-666666666,1974
84604,75571,1981
84606,52811,1982
84620,88810,1983
84621,-666666666,2001
84622,77778,1989
84623,-666666666,1980
84624,75469,1976
84626,-666666666,1986
84627,72875,1995
84628,69167,1947
84629,65962,1988
84630,75833,1990
84631,67115,1974
84632,72996,1992
84633,95147,1976
84634,72130,1977
84635,82813,1959
84636,72500,1949
84637,80357,1974
84638,95625,1996
84639,83802,1977
84640,54688,1969
84642,66250,1972
84643,69870,1978
84644,48750,1938
84645,111250,2003
84646,64324,1975
84647,65970,1987
84648,106604,1978
84649,73479,1971
84651,96999,1998
84652,83750,1977
84653,112454,2004
84654,64015,1974
84655,100734,2008
84656,75313,1944
84657,79083,1955
84660,104355,2000
84662,73295,1975
84663,90252,1996
84664,132601,2005
84665,-666666666,1994
84667,71250,1983
84701,73943,1974
84710,-666666666,1997
84711,81042,1988
84712,41250,1958
84713,77778,1981
84714,58155,1990
84715,76875,1973
84716,52022,1992
84718,31250,1976
84719,75125,1989
84720,67670,1996
84721,67299,2001
84722,115486,1996
84723,75179,1972
84724,49438,1976
84725,95156,1998
84726,67235,1982
84728,-666666666,-666666666
84729,50625,1985
84730,89500,1982
84731,-666666666,1950
84732,-666666666,1966
84733,130179,1990
84734,38095,1995
84735,50682,1990
84736,49375,1982
84737,75545,2003
84738,77993,2005
84739,85313,1983
84740,56750,1973
84741,85417,1995
84742,138929,2001
84743,43250,2001
84744,76563,1982
84745,68269,1996
84746,93889,1995
84747,96818,1977
84749,-666666666,1971
84750,28750,1976
84751,81908,1959
84752,74792,1983
84753,-666666666,-666666666
84754,72794,1985
84755,68295,1974
84756,85489,1980
84757,85104,2002
84758,84545,1977
84759,74441,1985
84760,42465,1986
84761,51538,1984
84762,65167,1994
84763,54722,1984
84764,57553,1961
84765,96475,2004
84766,-666666666,1938
84767,63333,1990
84770,70024,1997
84772,-666666666,1944
84773,123164,1999
84774,97813,2003
84775,102188,1993
84776,72031,1982
84779,68750,1991
84780,91963,2008
84781,104286,1992
84782,75625,1986
84783,-666666666,2005
84784,78523,1991
84790,91054,2005
85003,60461,1971
85004,73750,2011
85006,58248,1962
85007,63616,1960
85008,66353,1980
85009,52054,1962
85012,86620,1978
85013,71966,1966
85014,66731,1974
85015,54874,1971
85016,87850,1977
85017,58346,1968
85018,93885,1970
85019,68528,1967
85020,83735,1978
85021,59768,1977
85022,69927,1986
85023,77369,1984
85024,106724,1995
85026,-666666666,-666666666
85027,76605,1988
85028,125054,1976
85029,64556,1975
85031,70412,1959
85032,78643,1984
85033,64144,1976
85034,63559,2000
85035,60440,1979
85037,84016,1994
85040,60727,1983
85041,75301,2001
85042,88717,1992
85043,78257,2004
85044,96820,1989
85045,153583,1999
85048,122833,1995
85050,139836,1999
85051,69189,1973
85053,70011,1978
85054,91507,2010
85083,149087,2005
85085,128984,2009
85086,121676,2004
85087,138566,2005
85118,86393,2002
85119,71585,1994
85120,57786,1991
85121,31173,2002
85122,68443,2002
85123,69137,2001
85128,65477,2001
85131,56576,2000
85132,79000,2006
85135,29722,1947
85137,57946,1969
85138,95867,2007
85139,86894,2003
85140,101477,2008
85141,71346,1999
85142,129367,2010
85143,93707,2007
85145,80357,2008
85147,48517,2008
85172,71806,1985
85173,46128,1953
85191,-666666666,-666666666
85192,59922,1978
85193,57930,1994
85194,82935,2003
85201,67294,1981
85202,71619,1979
85203,73578,1979
85204,72216,1980
85205,73283,1986
85206,75607,1988
85207,108699,2001
85208,69390,1989
85209,84432,2001
85210,61957,1983
85212,125902,2011
85213,103969,1988
85215,98831,1993
85224,94516,1989
85225,88676,1991
85226,114817,1992
85233,111160,1994
85234,121102,1994
85236,-666666666,-666666666
85248,94495,1997
85249,153633,2005
85250,95761,1976
85251,92851,1979
85253,184979,1986
85254,123203,1986
85255,140616,2000
85256,44844,1987
85257,86962,1971
85258,114111,1984
85259,137895,1994
85260,97177,1993
85262,177790,2005
85263,145053,2000
85264,60729,1997
85266,151923,1999
85268,112795,1994
85281,64538,1990
85282,79036,1978
85283,84568,1982
85284,156146,1990
85286,121758,2006
85295,118467,2007
85296,118982,2001
85297,130755,2007
85298,156425,2009
85301,53827,1977
85302,65132,1979
85303,80650,1992
85304,86927,1982
85305,88167,2007
85306,84779,1981
85307,82888,2000
85308,95247,1992
85309,-666666666,-666666666
85310,122137,1995
85320,47731,1998
85321,53180,1961
85322,75417,2004
85323,83120,2004
85324,47465,1993
85325,47691,1988
85326,89876,2007
85328,-666666666,1968
85329,36399,1965
85331,129083,1998
85332,56165,1995
85333,39722,1986
85334,39143,1987
85335,78050,2004
85336,49152,2001
85337,55365,1976
85338,101744,2007
85339,110602,2006
85340,122323,2006
85341,-666666666,-666666666
85342,55917,1995
85343,-666666666,1976
85344,54583,1981
85345,67380,1988
85346,44028,1989
85347,-666666666,1976
85348,63618,1994
85349,60330,2003
85350,74025,1999
85351,53725,1972
85352,40119,1978
85353,94154,2006
85354,64203,2001
85355,123055,2007
85356,71285,1998
85357,46830,1978
85360,-666666666,1989
85361,77361,2004
85362,47609,1979
85363,68321,1979
85364,57874,1983
85365,70331,1999
85367,58469,1997
85371,-666666666,1976
85373,72063,1980
85374,81201,2001
85375,63928,1989
85377,149167,1987
85378,56444,1996
85379,110616,2006
85381,96746,1995
85382,91525,1997
85383,145546,2010
85387,98757,2009
85388,112164,2006
85390,68591,1994
85392,87702,1999
85395,105935,2007
85396,114056,2013
85501,61983,1970
85530,38750,1994
85531,97365,1979
85532,73802,1938
85533,62784,1981
85534,76250,1979
85535,-666666666,-666666666
85536,104500,2005
85539,47807,1961
85540,78431,1979
85541,66383,1992
85542,29022,1985
85543,92011,1982
85544,59924,1982
85545,53707,1985
85546,61832,1986
85550,51491,1988
85551,76083,1979
85552,88454,1990
85553,50762,1997
85554,-666666666,2000
85601,30542,1985
85602,53008,1992
85603,47680,1942
85605,48558,1985
85606,59306,1995
85607,43351,1973
85608,-666666666,-666666666
85609,78779,2001
85610,34375,1982
85611,91458,1988
85613,89609,2001
85614,64879,1993
85615,73758,1997
85616,51813,1990
85617,43967,1987
85618,51953,1973
85619,-666666666,1994
85620,57738,1985
85621,43464,1978
85622,76959,1990
85623,68541,2004
85624,56053,1973
85625,47500,1983
85626,49519,1974
85627,72917,1996
85629,109253,2006
85630,52146,1995
85631,48389,1957
85632,52917,1988
85633,21000,1938
85634,36389,1981
85635,61580,1986
85637,99688,1998
85638,37604,1984
85639,39333,1976
85640,55417,1979
85641,131164,2007
85643,57903,1982
85645,60714,1986
85646,73438,1999
85648,61519,2000
85650,91654,1997
85653,86154,2006
85654,-666666666,-666666666
85658,123415,2009
85701,51794,1956
85704,81696,1981
85705,37194,1977
85706,50248,1983
85707,-666666666,-666666666
85708,63919,2004
85709,-666666666,-666666666
85710,57175,1976
85711,56121,1963
85712,50625,1975
85713,53152,1977
85714,55000,1969
85715,85069,1982
85716,49061,1964
85718,114892,1983
85719,42241,1974
85721,-666666666,-666666666
85723,-666666666,-666666666
85724,-666666666,-666666666
85726,-666666666,-666666666
85730,62090,1979
85734,-666666666,-666666666
85735,74158,1994
85736,51250,1990
85737,107348,1996
85739,81711,2001
85741,76271,1986
85742,98844,1996
85743,90093,2000
85745,71348,1988
85746,68903,1991
85747,110816,2002
85748,95750,1992
85749,109219,1987
85750,102836,1987
85755,113831,2000
85756,72490,2001
85757,83219,2005
85901,59779,1996
85902,-666666666,-666666666
85911,25510,1985
85912,93523,2006
85920,73438,1989
85922,55897,1991
85923,-666666666,1989
85924,27058,1989
85925,82708,1984
85926,-666666666,1977
85927,92026,1983
85928,41864,1998
85929,62752,1987
85930,54250,1995
85931,87852,1987
85932,-666666666,1989
85933,65735,1993
85934,56567,1997
85935,73333,1988
85936,131238,1984
85937,69702,1991
85938,49684,1975
85939,90496,2001
85940,110486,2001
85941,43259,1985
85942,-666666666,-666666666
86001,64626,1995
86003,-666666666,1995
86004,81172,1988
86005,87942,1995
86011,-666666666,2013
86015,119722,2007
86016,2499,1988
86017,-666666666,1986
86018,77279,1989
86020,35909,1988
86021,90096,1998
86022,61923,1988
86023,74286,1986
86024,73421,1992
86025,56919,1974
86028,-666666666,-666666666
86029,-666666666,-666666666
86030,17321,1971
86031,32500,1988
86032,73194,1979
86033,40313,1991
86034,37286,1986
86035,45750,1987
86036,78250,1986
86038,43942,1985
86039,30000,1982
86040,83299,1987
86042,69940,1994
86043,-666666666,1978
86044,33167,1988
86045,50844,1986
86046,79095,2002
86047,54441,1975
86052,-666666666,2000
86053,40956,1991
86054,24063,1986
86301,72652,1994
86303,72359,1984
86305,80436,1995
86313,-666666666,-666666666
86314,69208,1998
86315,97049,2010
86320,42609,1997
86321,94006,1979
86322,69411,1992
86323,62603,1999
86324,46813,1989
86325,74679,2000
86326,57378,1990
86327,71512,2001
86329,58875,1991
86331,40096,1938
86332,49891,1992
86333,55602,1993
86334,78723,2000
86335,64455,1992
86336,68435,1988
86337,50851,1997
86338,68229,1985
86343,71417,1978
86351,81203,1991
86401,66129,1996
86403,58967,1990
86404,72910,1997
86406,77506,1996
86409,50852,1993
86411,67697,2006
86413,41760,1997
86426,64551,2001
86429,58906,1999
86431,-666666666,1987
86432,48627,2005
86433,-666666666,-666666666
86434,58080,1986
86435,-666666666,-666666666
86436,44077,1985
86437,78125,2004
86438,41985,2002
86440,63188,1995
86441,25098,1988
86442,48081,1989
86443,-666666666,1997
86444,26678,1991
86445,-666666666,1996
86502,20500,1984
86503,36321,1990
86504,46573,1980
86505,28547,1987
86506,31563,1985
86507,35924,1984
86508,17054,1985
86510,29211,1991
86511,41000,1992
86512,31087,1991
86514,47917,1993
86515,47336,1981
86520,15417,1992
86535,31250,1992
86538,30268,1986
86540,24271,1990
86544,23068,1986
86545,26071,1990
86547,39000,1992
86556,27875,1990
87001,68547,1986
87002,51961,1985
87004,65743,1990
87005,-666666666,1982
87006,93750,1987
87007,-666666666,1971
87008,85673,1988
87010,60000,1982
87011,-666666666,1954
87012,36303,1975
87013,32942,1985
87014,44638,1938
87015,79904,1993
87016,55296,1973
87017,78060,1984
87018,30250,1987
87020,62746,1978
87021,40129,1975
87022,55329,1982
87023,-666666666,1977
87024,60727,1979
87025,153936,1989
87026,84750,1991
87027,15625,1982
87028,-666666666,1938
87029,70435,1980
87031,60902,1993
87032,-666666666,-666666666
87034,48795,1978
87035,44938,1990
87036,47132,1987
87037,19044,1985
87038,-666666666,-666666666
87040,-666666666,-666666666
87041,80662,1991
87042,73057,1980
87043,109750,2000
87044,60313,1991
87045,19270,1987
87046,62216,1979
87047,116630,1993
87048,102004,1986
87049,-666666666,-666666666
87051,-666666666,1971
87052,61544,1982
87053,52857,1979
87056,76563,1993
87059,92315,1991
87060,-666666666,-666666666
87061,44277,1987
87062,20539,1992
87063,72721,1974
87064,-666666666,1990
87068,79602,1981
87070,-666666666,-666666666
87072,83472,1976
87083,57375,1985
87101,-666666666,-666666666
87102,42990,1960
87104,75436,1975
87105,55644,1972
87106,49781,1961
87107,61672,1974
87108,42724,1964
87109,58900,1978
87110,64892,1960
87111,90290,1982
87112,73937,1972
87113,95922,2003
87114,84277,2000
87116,83774,1997
87117,-666666666,-666666666
87120,86907,1996
87121,60796,2000
87122,169041,1996
87123,64359,1981
87124,86555,1991
87144,94550,2004
87151,-666666666,-666666666
87301,58772,1978
87305,45096,1991
87310,39896,1990
87311,33641,1989
87312,48977,1990
87313,43041,1985
87315,118324,1994
87316,84875,1980
87317,53589,1980
87319,41452,1992
87320,43125,1989
87321,49313,1991
87322,29286,1991
87323,51616,1990
87325,36800,1986
87326,34773,1988
87327,45959,1985
87328,33906,1985
87347,-666666666,1997
87357,30750,1985
87364,32500,1984
87365,-666666666,-666666666
87375,40735,1992
87401,61886,1983
87402,79461,1988
87410,55189,1988
87412,55417,1984
87413,49869,1988
87415,44095,1991
87416,49973,1987
87417,75215,1992
87418,82750,1990
87419,21007,1996
87420,36335,1988
87421,51029,1991
87455,38167,1984
87461,32981,1987
87499,40662,1985
87501,79603,1970
87505,78247,1981
87506,96511,1994
87507,70398,1997
87508,101565,1997
87510,85453,1982
87511,70346,1993
87512,-666666666,1967
87513,-666666666,1995
87514,71556,1982
87515,93676,1998
87516,103625,1945
87517,-666666666,1986
87518,-666666666,-666666666
87519,-666666666,1985
87520,38889,1993
87521,39718,1972
87522,58620,1976
87523,23395,1968
87524,-666666666,1956
87525,76875,1979
87527,65461,1990
87528,41679,1993
87529,61618,1994
87530,-666666666,1985
87531,-666666666,1977
87532,58448,1980
87535,59688,1991
87537,48228,1978
87538,-666666666,1990
87539,-666666666,1982
87540,52500,1979
87543,-666666666,1974
87544,138583,1976
87547,156444,1973
87548,72788,1988
87549,56134,1988
87551,35896,1973
87552,53688,1980
87553,48906,1976
87554,-666666666,-666666666
87556,52546,1992
87557,49337,1980
87558,49435,1983
87560,29179,1983
87562,116402,1981
87564,78472,2000
87565,24190,1972
87566,61029,1983
87567,-666666666,1984
87569,99779,1998
87571,57575,1981
87573,-666666666,1991
87575,98329,1990
87577,-666666666,1995
87578,-666666666,1951
87579,66244,1978
87580,-666666666,1996
87581,-666666666,-666666666
87582,-666666666,1977
87583,-666666666,1965
87701,49920,1974
87710,83125,1988
87711,35521,1992
87712,12274,1993
87713,115085,1995
87714,33333,1979
87715,-666666666,1995
87718,58462,1977
87722,53687,1983
87723,-666666666,1993
87724,-666666666,-666666666
87728,35602,1965
87729,26250,1949
87730,49375,1976
87731,-666666666,1976
87732,69421,1972
87733,-666666666,1938
87734,123500,1982
87735,-666666666,-666666666
87736,-666666666,1977
87740,52815,1962
87742,59505,1988
87743,44766,1966
87745,39130,1993
87746,102557,1960
87747,55948,1959
87749,-666666666,1965
87750,-666666666,-666666666
87752,43912,1938
87753,-666666666,1938
87801,46525,1979
87820,-666666666,1957
87821,83890,1989
87823,-666666666,1982
87824,-666666666,1981
87825,30596,1980
87827,-666666666,1993
87828,-666666666,1982
87829,49345,1990
87830,31163,1979
87831,12397,1972
87832,-666666666,1978
87901,34242,1976
87930,38085,1973
87931,-666666666,1988
87933,-666666666,-666666666
87935,51033,1995
87936,22043,1960
87937,39495,1986
87939,-666666666,1992
87940,56750,1969
87941,31332,1984
87942,42308,1985
87943,-666666666,1984
88001,33087,1978
88002,89565,2004
88003,-666666666,-666666666
88004,-666666666,-666666666
88005,54452,1981
88007,64892,1995
88008,73848,2007
88009,-666666666,1975
88011,75875,1997
88012,69052,2005
88020,75500,1978
88021,46217,1989
88022,37147,1991
88023,34477,1969
88024,38333,1990
88025,114762,1977
88026,57898,1966
88027,61250,1982
88028,43750,1987
88029,26090,1986
88030,37417,1980
88034,-666666666,-666666666
88038,18317,1979
88039,31484,1980
88040,-666666666,1994
88041,33403,1971
88042,75137,1979
88043,34236,1956
88044,64910,1984
88045,44063,1974
88046,-666666666,1965
88047,48049,1991
88048,43750,1990
88049,59219,1993
88051,-666666666,1962
88052,-666666666,1991
88053,-666666666,2004
88055,-666666666,-666666666
88056,68010,2000
88061,47917,1980
88063,41975,1988
88065,47031,1970
88072,53750,1990
88081,46017,1994
88101,56587,1977
88103,-666666666,-666666666
88112,60516,2004
88113,71250,1956
88114,-666666666,2002
88115,-666666666,-666666666
88116,54239,1964
88118,57650,1967
88119,-666666666,1978
88120,70458,1963
88121,2499,1938
88124,51618,1971
88125,-666666666,-666666666
88126,-666666666,1959
88130,52434,1977
88132,56765,1961
88134,-666666666,1972
88135,70417,1976
88136,67159,1974
88201,61780,1978
88203,42207,1962
88210,79632,1986
88220,78162,1977
88230,43469,1983
88231,51417,1975
88232,65000,1984
88240,63270,1980
88242,90000,1994
88244,-666666666,-666666666
88250,83250,1955
88252,-666666666,1963
88253,85813,1993
88254,-666666666,-666666666
88255,-666666666,-666666666
88256,45714,1979
88260,75476,1975
88262,-666666666,1975
88263,-666666666,1979
88264,-666666666,-666666666
88265,-666666666,1991
88267,52250,1959
88268,-666666666,-666666666
88301,43900,1959
88310,57214,1982
88311,17188,1981
88312,80345,1998
88314,-666666666,1963
88316,54080,1994
88317,136250,1982
88318,73125,1974
88321,81153,1982
88323,-666666666,-666666666
88324,-666666666,1966
88325,97955,1991
88330,52465,1992
88336,-666666666,1993
88337,60597,1991
88338,59276,1979
88339,57375,1989
88340,36927,1984
88341,48393,2000
88342,-666666666,-666666666
88343,-666666666,1985
88344,113375,1954
88345,53971,1982
88346,33594,1983
88347,-666666666,1984
88348,86985,1972
88349,-666666666,-666666666
88350,-666666666,1984
88351,-666666666,2003
88352,48693,1983
88353,-666666666,1962
88354,-666666666,-666666666
88355,-666666666,1989
88401,49345,1963
88410,36042,1938
88411,46250,1978
88414,-666666666,1961
88415,44952,1964
88416,-666666666,1980
88417,-666666666,1956
88418,77813,1950
88419,96250,1978
88421,-666666666,-666666666
88422,61346,1945
88424,-666666666,1948
88426,40000,1982
88427,65417,1945
88430,32115,1976
88431,-666666666,-666666666
88434,38750,1971
88435,49648,1978
88436,-666666666,1993
88439,-666666666,-666666666
89001,71386,1984
89002,105471,2000
89003,-666666666,1993
89004,94821,1989
89005,74375,1980
89007,78237,1996
89008,-666666666,1986
89010,63690,1988
89011,93136,2009
89012,98053,2002
89013,78580,1973
89014,73284,1993
89015,72096,1993
89017,-666666666,-666666666
89018,87083,1992
89019,45054,1993
89020,36953,1977
89021,126944,1996
89022,-666666666,-666666666
89025,59777,1986
89026,-666666666,-666666666
89027,71574,2002
89029,46294,1993
89030,47937,1975
89031,87297,2002
89032,76127,2000
89034,91016,2013
89039,48083,1981
89040,78357,1988
89042,64083,1958
89043,88938,1987
89044,108155,2010
89045,110724,1987
89046,51923,1983
89047,-666666666,1985
89048,61367,1999
89049,45260,1987
89052,97999,2005
89054,-666666666,2001
89060,50000,1998
89061,77991,2004
89070,-666666666,-666666666
89074,87407,1996
89081,91733,2006
89084,96988,2008
89085,111453,2006
89086,79222,2014
89101,39459,1974
89102,49843,1979
89103,48901,1986
89104,52228,1976
89106,42007,1987
89107,59571,1971
89108,59449,1986
89109,53684,2003
89110,61001,1987
89113,94461,2007
89115,51681,1992
89117,75145,1993
89118,71160,1996
89119,46960,1983
89120,74688,1984
89121,55758,1980
89122,63846,2000
89123,84428,1998
89124,117917,1993
89128,73010,1994
89129,89798,1999
89130,85278,1997
89131,116468,2004
89134,83688,1994
89135,121515,2006
89138,161645,2011
89139,99815,2007
89141,122339,2009
89142,71233,1995
89143,112004,2005
89144,104511,2000
89145,74529,1991
89146,62899,1982
89147,74985,1997
89148,96696,2008
89149,101697,2005
89156,69767,1993
89158,119854,2006
89161,51250,1984
89166,107846,2013
89169,40904,1978
89178,108806,2009
89179,108993,2013
89183,87355,2005
89191,-666666666,-666666666
89301,77518,1970
89310,-666666666,1983
89311,48875,1972
89314,52917,1984
89315,-666666666,-666666666
89316,71554,1982
89317,26210,1994
89318,56779,1941
89319,-666666666,1938
89402,-666666666,1950
89403,97153,2001
89404,-666666666,1956
89405,-666666666,1952
89406,79163,1990
89408,89552,2001
89409,-666666666,1963
89410,83108,2000
89411,121981,1996
89412,-666666666,1958
89413,232361,1984
89414,-666666666,1976
89415,57083,1967
89418,38590,1982
89419,72554,1983
89420,-666666666,-666666666
89421,26000,1979
89422,-666666666,1973
89423,108750,1997
89424,72585,1982
89425,63241,1977
89426,124271,1986
89427,49167,1982
89428,68750,1938
89429,55714,1994
89430,175293,2002
89431,66592,1973
89433,75984,1990
89434,91507,1987
89436,114100,2004
89437,-666666666,-666666666
89438,-666666666,-666666666
89439,101250,2005
89440,159438,1961
89441,131616,2004
89442,64444,1986
89444,58726,1996
89445,81545,1992
89446,-666666666,-666666666
89447,56691,1979
89448,137586,1974
89449,83988,1976
89450,-666666666,-666666666
89451,166509,1981
89460,92292,1987
89496,-666666666,-666666666
89501,33963,1975
89502,65328,1977
89503,66743,1975
89506,86396,1999
89508,97361,2001
89509,86126,1975
89510,100282,1990
89511,124130,1997
89512,47807,1982
89519,155288,1993
89521,127181,2007
89523,99061,1999
89557,-666666666,-666666666
89701,73184,1982
89703,85230,1980
89704,118017,1983
89705,79901,1992
89706,62815,1981
89801,82144,1989
89815,102926,1996
89820,89014,1987
89821,66795,2002
89822,60898,1978
89823,83491,1981
89825,-666666666,1986
89826,-666666666,1963
89828,-666666666,1998
89830,-666666666,1988
89831,-666666666,1992
89832,44583,1983
89833,113864,1975
89834,160750,1996
89835,105870,1980
89883,48645,1989
90001,60767,1950
90002,59021,1954
90003,56030,1956
90004,64826,1961
90005,49419,1963
90006,51998,1955
90007,35378,1961
90008,61846,1955
90010,101455,2003
90011,59017,1955
90012,66860,1988
90013,36948,1944
90014,31000,1938
90015,69268,2004
90016,73516,1949
90017,52717,1991
90018,62864,1943
90019,73934,1945
90020,61184,1973
90021,32222,1938
90022,67967,1951
90023,59057,1946
90024,76583,1975
90025,103894,1975
90026,87334,1945
90027,94521,1957
90028,61349,1967
90029,60440,1960
90031,63090,1948
90032,82292,1950
90033,59652,1952
90034,105701,1971
90035,105013,1961
90036,109785,1950
90037,57622,1949
90038,61454,1965
90039,113818,1952
90040,74472,1959
90041,114526,1947
90042,95282,1952
90043,64792,1947
90044,53302,1957
90045,135032,1960
90046,96250,1966
90047,71664,1946
90048,103495,1961
90049,170607,1968
90052,-666666666,-666666666
90056,133048,1958
90057,44823,1965
90058,37557,1955
90059,56152,1957
90061,61046,1960
90062,67701,1938
90063,72942,1944
90064,135383,1964
90065,94784,1952
90066,114141,1967
90067,195433,1980
90068,101630,1958
90069,107987,1968
90071,-666666666,-666666666
90073,-666666666,-666666666
90077,206319,1970
90079,-666666666,-666666666
90089,-666666666,-666666666
90094,145744,2008
90095,-666666666,-666666666
90201,60927,1960
90210,187801,1966
90211,122694,1958
90212,118019,1951
90220,82335,1959
90221,72937,1955
90222,78425,1959
90230,107109,1964
90232,122396,1961
90240,101904,1957
90241,88006,1961
90242,89075,1959
90245,150737,1964
90247,77333,1966
90248,91176,1966
90249,89712,1957
90250,78331,1968
90254,166442,1968
90255,64766,1952
90260,87825,1965
90262,75194,1952
90263,-666666666,-666666666
90265,196742,1977
90266,204306,1970
90270,61165,1953
90272,189713,1967
90274,215925,1967
90275,179469,1967
90277,127795,1970
90278,160236,1975
90280,74651,1952
90290,149304,1976
90291,122738,1959
90292,146167,1985
90293,134313,1973
90301,65806,1963
90302,73777,1967
90303,72815,1956
90304,64125,1959
90305,92665,1950
90401,110385,1994
90402,159100,1958
90403,121925,1967
90404,95139,1971
90405,121241,1963
90501,92923,1964
90502,94291,1973
90503,125912,1966
90504,107552,1959
90505,115593,1965
90506,-666666666,-666666666
90601,104052,1959
90602,68505,1954
90603,136705,1957
90604,105074,1960
90605,99635,1956
90606,100428,1955
90620,126094,1958
90621,97612,1975
90623,116594,1972
90630,130154,1971
90631,104251,1968
90638,109649,1960
90639,-666666666,-666666666
90640,79625,1963
90650,100085,1957
90660,88201,1957
90670,88872,1960
90680,85592,1976
90701,101004,1966
90703,134987,1974
90704,105139,1947
90706,78722,1966
90710,82478,1975
90712,122435,1955
90713,133419,1955
90715,91875,1967
90716,76410,1968
90717,94241,1966
90720,135851,1965
90723,75250,1971
90731,76395,1965
90732,120807,1971
90740,85347,1966
90742,122250,1963
90743,170966,1968
90744,60847,1960
90745,107988,1965
90746,113364,1968
90747,-666666666,-666666666
90755,113512,1981
90802,74510,1970
90803,114656,1960
90804,71614,1970
90805,73415,1959
90806,79208,1951
90807,103777,1951
90808,137855,1955
90810,84350,1956
90813,54526,1967
90814,104650,1961
90815,119716,1957
90822,-666666666,-666666666
90831,-666666666,-666666666
90840,-666666666,-666666666
91001,134903,1946
91006,123533,1960
91007,100705,1966
91008,164375,1968
91010,102705,1966
91011,241875,1957
91016,96540,1961
91020,72125,1974
91024,143547,1959
91030,127175,1953
91040,98256,1959
91042,85603,1964
91046,-666666666,1983
91101,87813,1978
91103,93660,1958
91104,105958,1938
91105,156791,1961
91106,90028,1971
91107,126449,1955
91108,204847,1943
91125,-666666666,-666666666
91201,82301,1957
91202,96459,1965
91203,82364,1986
91204,74144,1977
91205,64564,1963
91206,89188,1969
91207,118116,1956
91208,136892,1962
91210,107656,2005
91214,140121,1957
91301,163317,1980
91302,185636,1983
91303,74474,1983
91304,90007,1972
91306,93151,1965
91307,151190,1966
91311,119386,1974
91316,92311,1969
91320,148991,1980
91321,91092,1978
91324,99610,1970
91325,87168,1970
91326,148281,1982
91330,-666666666,-666666666
91331,84227,1959
91335,80143,1963
91340,85261,1957
91342,98118,1977
91343,81430,1968
91344,119345,1963
91345,94215,1959
91350,140110,1989
91351,115364,1982
91352,78239,1961
91354,156173,2000
91355,115640,1984
91356,107378,1973
91360,119296,1973
91361,144900,1976
91362,139800,1983
91364,132854,1967
91367,108653,1975
91371,-666666666,-666666666
91377,163085,1985
91381,158504,2000
91384,131689,1991
91387,117969,1990
91390,151897,1987
91401,79552,1968
91402,57369,1967
91403,116170,1971
91405,62900,1973
91406,78429,1965
91411,74617,1969
91423,109461,1966
91436,177981,1962
91501,91936,1972
91502,52473,1978
91504,103835,1963
91505,109953,1950
91506,105955,1949
91601,79607,1979
91602,102914,1973
91604,141875,1972
91605,65481,1964
91606,66200,1962
91607,87874,1969
91608,-666666666,-666666666
91701,114244,1981
91702,92683,1966
91706,81122,1964
91708,108861,2011
91709,126350,1990
91710,103085,1981
91711,126056,1965
91722,102062,1959
91723,94167,1962
91724,103163,1968
91730,92237,1989
91731,62215,1963
91732,75108,1967
91733,68278,1960
91737,122334,1985
91739,143265,2002
91740,99083,1964
91741,127440,1963
91744,93557,1958
91745,109183,1968
91746,86567,1957
91748,83428,1976
91750,104195,1976
91752,115177,1993
91754,86331,1960
91755,76382,1968
91759,122583,1938
91761,100578,1985
91762,83850,1975
91763,78770,1969
91764,81762,1978
91765,105565,1980
91766,81991,1974
91767,79245,1965
91768,76041,1959
91770,75000,1959
91773,105338,1976
91775,118610,1954
91776,82155,1962
91780,103659,1959
91784,154349,1982
91786,92458,1975
91789,125720,1982
91790,102927,1958
91791,102266,1965
91792,94817,1975
91801,89156,1967
91803,84311,1954
91901,114167,1986
91902,122524,1978
91905,77886,1984
91906,62500,1984
91910,90222,1974
91911,82350,1971
91913,129337,2005
91914,190786,2004
91915,139503,2006
91916,103438,1974
91917,-666666666,1964
91931,63750,1989
91932,85833,1971
91934,50469,1951
91935,151538,1984
91941,115381,1969
91942,92896,1971
91945,88016,1969
91948,55066,1984
91950,66426,1968
91962,143094,1974
91963,-666666666,1991
91977,99657,1975
91978,113170,1978
91980,-666666666,-666666666
92003,113216,1989
92004,74018,1987
92007,182629,1977
92008,104995,1980
92009,164182,1991
92010,129926,1992
92011,159235,1994
92014,198823,1975
92019,101973,1982
92020,76032,1973
92021,74013,1977
92024,158507,1981
92025,81106,1978
92026,104561,1984
92027,93338,1978
92028,111290,1986
92029,124726,1985
92036,73750,1980
92037,147230,1975
92040,107937,1978
92054,82408,1976
92055,-666666666,-666666666
92056,106272,1986
92057,108814,1988
92058,69970,1994
92059,99803,1999
92060,152852,1974
92061,92813,1985
92064,148673,1978
92065,125285,1986
92066,35625,1980
92067,187054,1988
92069,96771,1987
92070,67017,1985
92071,113618,1979
92075,149327,1976
92078,120268,2000
92081,105379,1988
92082,126544,1986
92083,86974,1982
92084,98577,1979
92086,57431,1993
92091,103452,1987
92092,-666666666,-666666666
92093,-666666666,-666666666
92096,-666666666,-666666666
92101,91566,2004
92102,77248,1963
92103,102626,1974
92104,94014,1972
92105,68563,1971
92106,142897,1958
92107,113117,1963
92108,103884,1998
92109,122128,1973
92110,110790,1976
92111,99644,1971
92113,61819,1970
92114,97794,1972
92115,79199,1967
92116,98154,1968
92117,103661,1965
92118,134534,1974
92119,113435,1969
92120,120661,1973
92121,135938,1992
92122,105177,1986
92123,132534,1977
92124,120201,1981
92126,126913,1984
92127,195520,2003
92128,131077,1986
92129,156321,1986
92130,205680,2001
92131,185256,1993
92132,-666666666,-666666666
92134,-666666666,-666666666
92135,-666666666,-666666666
92136,-666666666,-666666666
92139,95653,1979
92140,-666666666,-666666666
92145,-666666666,-666666666
92147,-666666666,-666666666
92154,94901,1981
92155,-666666666,-666666666
92161,-666666666,-666666666
92173,69792,1979
92179,-666666666,-666666666
92182,-666666666,-666666666
92201,66758,1988
92203,97311,2004
92210,162990,1988
92211,88477,1993
92220,62599,1984
92222,-666666666,-666666666
92223,102761,2005
92225,55725,1980
92227,59362,1985
92230,48704,1979
92231,49742,1993
92233,53778,1974
92234,73572,1988
92236,68393,2000
92239,73393,1987
92240,54023,1989
92241,46888,1983
92242,37500,1983
92243,55057,1982
92249,72028,1998
92250,72143,1977
92251,90709,2000
92252,66598,1978
92253,99277,1999
92254,48272,1994
92256,51949,1973
92257,22611,1972
92258,52757,1978
92259,43500,1978
92260,70091,1982
92262,71672,1981
92264,77688,1975
92266,-666666666,1986
92267,-666666666,-666666666
92268,58798,1959
92270,107364,1986
92273,62051,1991
92274,38654,1989
92275,-666666666,1997
92276,77000,1984
92277,60901,1982
92278,-666666666,-666666666
92280,-666666666,-666666666
92281,29375,1976
92282,68750,1994
92283,43393,1980
92284,58373,1978
92285,47734,1962
92301,68676,1997
92304,-666666666,-666666666
92305,145536,1972
92307,77106,1987
92308,66568,1988
92309,-666666666,1989
92310,76107,1994
92311,61862,1971
92313,83628,1978
92314,74910,1978
92315,77436,1976
92316,83587,1979
92317,99103,1979
92320,87181,1983
92321,123688,1977
92322,149119,1959
92324,71078,1979
92325,70563,1968
92327,-666666666,1981
92328,94375,1971
92332,-666666666,1957
92333,-666666666,1964
92335,77949,1977
92336,123363,1999
92337,107678,1989
92338,-666666666,-666666666
92339,77167,1962
92341,97273,1962
92342,115058,1993
92344,98071,2002
92345,69485,1986
92346,85163,1983
92347,58833,1975
92350,-666666666,-666666666
92352,105753,1978
92354,83847,1980
92356,54923,1971
92358,86394,1964
92359,77846,1981
92363,40068,1983
92364,-666666666,2011
92365,67600,1983
92368,80938,1963
92369,-666666666,-666666666
92371,78986,1990
92372,66471,1993
92373,101271,1976
92374,102813,1979
92376,79675,1978
92377,116223,1988
92378,105294,1978
92382,81493,1972
92384,-666666666,1961
92385,-666666666,1970
92386,50694,1977
92389,-666666666,1977
92391,81789,1968
92392,87681,1995
92394,78466,2001
92395,62102,1986
92397,77250,1979
92398,59888,1968
92399,92440,1978
92401,26596,1967
92404,66701,1963
92405,66964,1956
92407,94032,1987
92408,68333,1980
92410,54181,1972
92411,54324,1962
92415,-666666666,-666666666
92501,81886,1967
92503,96268,1980
92504,92477,1971
92505,84906,1979
92506,121459,1967
92507,75303,1983
92508,147674,1999
92509,95355,1979
92518,79219,1984
92521,-666666666,-666666666
92530,86862,1990
92532,122312,2006
92536,79551,1994
92539,90394,1985
92543,49396,1977
92544,73596,1979
92545,63770,1990
92548,61422,1980
92549,73750,1969
92551,99970,1990
92553,78246,1985
92555,121425,2002
92557,94804,1986
92561,94063,1986
92562,114266,1997
92563,125397,2005
92567,107610,1984
92570,79393,1987
92571,92309,2001
92582,105540,2005
92583,68351,1989
92584,113767,2006
92585,106667,2004
92586,57708,1980
92587,104290,1986
92590,85253,2003
92591,114160,1997
92592,134313,1998
92595,106047,1994
92596,132538,2007
92602,161620,2005
92603,173094,2001
92604,133869,1976
92606,135598,1993
92610,195046,1995
92612,106226,1993
92614,122821,1988
92617,91529,1998
92618,145731,2013
92620,146942,2004
92624,140666,1973
92625,174904,1975
92626,114249,1973
92627,108994,1970
92629,142807,1981
92630,125853,1981
92637,59269,1969
92646,130672,1971
92647,105110,1970
92648,130164,1982
92649,123257,1974
92651,146604,1964
92653,133194,1980
92655,66308,1973
92656,137639,1995
92657,185042,1998
92660,159564,1980
92661,209231,1962
92662,165955,1954
92663,141541,1973
92672,111989,1976
92673,182178,2000
92675,129457,1979
92676,116250,1947
92677,140452,1986
92678,98333,1958
92679,211250,1993
92683,85585,1971
92688,152528,1993
92691,141045,1975
92692,131175,1986
92694,189966,2008
92697,-666666666,-666666666
92701,70572,1972
92703,84437,1969
92704,99777,1971
92705,129331,1971
92706,102857,1959
92707,105168,1964
92708,115237,1972
92780,101017,1971
92782,146080,1998
92801,83725,1972
92802,84419,1965
92804,76141,1965
92805,91252,1977
92806,97265,1972
92807,138741,1976
92808,158462,1992
92821,123629,1977
92823,169900,2007
92831,89278,1968
92832,94275,1965
92833,114176,1970
92835,143817,1973
92840,98881,1961
92841,84451,1962
92843,81446,1966
92844,79701,1972
92845,136485,1965
92860,127780,1975
92861,202245,1974
92865,127431,1969
92866,79886,1964
92867,130741,1970
92868,97500,1975
92869,138204,1979
92870,115929,1976
92879,92229,1987
92880,151155,2005
92881,134932,1995
92882,104457,1985
92883,132969,2004
92886,153397,1979
92887,163953,1987
93001,88078,1967
93003,103761,1972
93004,114012,1980
93010,111176,1976
93012,135217,1988
93013,110359,1975
93015,92777,1979
93021,147636,1987
93022,110405,1967
93023,80927,1972
93030,92958,1975
93033,87309,1969
93035,106611,1979
93036,101445,1988
93040,94556,1997
93041,90592,1974
93042,-666666666,-666666666
93043,-666666666,-666666666
93060,80979,1969
93063,125098,1978
93064,-666666666,-666666666
93065,120519,1982
93066,156957,1977
93067,71134,1971
93101,90148,1964
93103,122159,1964
93105,138286,1963
93106,-666666666,2001
93108,230419,1971
93109,123347,1966
93110,129209,1975
93111,144353,1970
93117,90037,1974
93201,47063,1973
93202,64276,1986
93203,49217,1992
93204,55079,1983
93205,39590,1979
93206,53654,1966
93207,52125,1968
93208,-666666666,1983
93210,74817,1983
93212,58244,1981
93215,66204,1989
93218,91500,1973
93219,52273,1984
93220,-666666666,-666666666
93221,86940,1981
93222,69337,1981
93223,60661,1978
93224,47000,1963
93225,67179,1981
93226,-666666666,1957
93227,-666666666,-666666666
93230,76023,1985
93234,52500,1988
93235,52083,1982
93237,-666666666,1978
93238,49950,1981
93239,48231,1994
93240,31267,1974
93241,33417,1972
93242,73142,1972
93243,-666666666,1987
93244,-666666666,1990
93245,80412,1991
93246,-666666666,-666666666
93247,60361,1979
93249,46646,1989
93250,54051,1990
93251,80781,1982
93252,43947,1971
93254,60938,1957
93255,24583,1976
93256,56172,1976
93257,59704,1978
93258,51319,1990
93260,56250,1970
93261,43850,1978
93262,-666666666,1972
93263,71528,1989
93265,99350,1984
93266,62727,1975
93267,47344,1974
93268,57778,1966
93270,67136,1983
93271,85922,1978
93272,51523,1975
93274,72650,1987
93276,-666666666,1973
93277,80548,1979
93280,51388,1982
93283,48053,1979
93285,40275,1977
93286,47574,1981
93287,49750,1973
93291,82610,1998
93292,82872,1991
93301,43561,1973
93304,50790,1964
93305,43244,1965
93306,69805,1979
93307,56446,1982
93308,62445,1977
93309,63544,1976
93311,116263,2001
93312,114195,2001
93313,91943,2000
93314,126250,2006
93401,96824,1979
93402,109090,1976
93405,60399,1976
93407,-666666666,-666666666
93408,-666666666,-666666666
93409,-666666666,-666666666
93410,-666666666,-666666666
93420,110553,1983
93422,91780,1983
93424,-666666666,2001
93426,102500,1989
93427,102857,1992
93428,99762,1985
93429,169063,1956
93430,89519,1974
93432,146938,1992
93433,86458,1978
93434,67231,1986
93436,80097,1974
93437,84167,2001
93440,79167,1995
93441,142760,1975
93442,95623,1974
93444,110867,1995
93445,72261,1978
93446,97943,1988
93449,118072,1986
93450,-666666666,1965
93451,98188,1996
93452,54625,1982
93453,78288,1984
93454,81522,1976
93455,110661,1984
93458,75257,1983
93460,114139,1981
93461,92482,1984
93463,118488,1982
93465,129259,1996
93501,56737,1982
93505,59827,1995
93510,121023,1986
93512,68283,2002
93513,67292,1977
93514,81278,1977
93516,61000,1958
93517,120850,1983
93518,62321,1988
93519,-666666666,-666666666
93522,-666666666,2002
93523,70227,1991
93524,-666666666,-666666666
93526,72950,1958
93527,62596,1984
93528,-666666666,1993
93529,-666666666,1983
93530,-666666666,1981
93531,164318,1989
93532,113363,1982
93534,61866,1979
93535,70360,1984
93536,106903,1990
93541,121330,1976
93543,72488,1983
93544,89792,1981
93545,43529,1974
93546,105577,1979
93549,73958,1965
93550,62078,1984
93551,119801,1994
93552,85954,1993
93553,74643,1965
93554,-666666666,-666666666
93555,86700,1981
93558,-666666666,1938
93560,77431,1993
93561,87357,1988
93562,65650,1958
93563,-666666666,1938
93581,-666666666,-666666666
93591,63389,1983
93601,76555,1986
93602,78016,1979
93603,-666666666,1992
93604,134357,1983
93605,-666666666,1975
93606,43669,1982
93608,42609,1972
93609,78750,1973
93610,68083,1987
93611,110982,1995
93612,66683,1977
93614,87869,1992
93615,59760,1975
93616,55221,1988
93618,61977,1980
93619,136966,2008
93620,45456,1976
93621,137321,1979
93622,48021,1992
93623,-666666666,1970
93624,35417,1985
93625,72500,1986
93626,173788,2011
93627,-666666666,1969
93628,26274,1973
93630,58184,1990
93631,79228,1985
93633,-666666666,1994
93634,-666666666,1978
93635,67129,1996
93636,133274,1992
93637,71724,1990
93638,62374,1988
93640,49813,1996
93641,-666666666,1976
93643,71082,1981
93644,81196,1981
93645,79792,1989
93646,50847,1986
93647,58309,1984
93648,52348,1991
93650,49031,1963
93651,107587,1989
93652,44342,1975
93653,120568,1991
93654,65574,1980
93656,72333,1980
93657,78904,1980
93660,55063,1982
93662,61564,1980
93664,141786,1985
93665,-666666666,-666666666
93666,42917,1966
93667,75272,1988
93668,59861,1972
93669,250001,1986
93670,-666666666,-666666666
93673,44167,1980
93675,49808,1988
93701,32768,1963
93702,47229,1961
93703,48737,1960
93704,73234,1962
93705,57003,1966
93706,40930,1971
93710,65851,1975
93711,104176,1983
93720,105050,1994
93721,40033,1971
93722,80285,1995
93723,128725,2004
93725,72232,1982
93726,55771,1966
93727,87466,1984
93728,62986,1945
93730,155333,2003
93737,127279,2004
93740,-666666666,-666666666
93741,-666666666,-666666666
93901,91233,1965
93905,80126,1977
93906,97555,1979
93907,104942,1980
93908,156394,1981
93920,76542,1978
93921,96923,1952
93923,142474,1969
93924,148563,1971
93925,72604,1988
93926,77694,1980
93927,82500,1995
93928,-666666666,-666666666
93930,75577,1985
93932,134342,1980
93933,99826,1983
93940,106044,1971
93943,-666666666,-666666666
93944,-666666666,-666666666
93950,106065,1956
93953,142763,1971
93954,60417,1976
93955,85282,1968
93960,96049,1996
93962,-666666666,1982
94002,203965,1966
94005,156169,1971
94010,196882,1960
94014,122966,1966
94015,127056,1964
94018,230053,1983
94019,153781,1979
94020,250001,1953
94021,250001,1938
94022,250001,1972
94024,250001,1962
94025,216601,1963
94027,250001,1960
94028,250001,1965
94030,163476,1962
94037,233826,1975
94038,99680,1971
94040,187781,1973
94041,178558,1974
94043,203298,1976
94044,160408,1966
94060,127973,1974
94061,146265,1959
94062,233262,1958
94063,116760,1972
94065,215955,1987
94066,141272,1962
94070,240074,1962
94074,250001,1972
94080,136733,1965
94085,192417,1988
94086,177054,1977
94087,207742,1967
94089,158304,1994
94102,60431,1945
94103,116438,1998
94104,-666666666,1938
94105,225000,2009
94107,182897,2001
94108,65388,1938
94109,106018,1938
94110,158351,1938
94111,152697,1979
94112,135119,1941
94114,204134,1938
94115,151524,1949
94116,158921,1945
94117,167066,1938
94118,163995,1938
94121,133358,1938
94122,146250,1942
94123,218603,1938
94124,80509,1970
94127,214167,1938
94128,-666666666,-666666666
94129,220972,1952
94130,93269,1961
94131,199211,1962
94132,112292,1952
94133,87191,1938
94134,119567,1954
94158,196506,2011
94188,-666666666,-666666666
94301,242006,1957
94303,151609,1960
94304,154141,1996
94305,83088,1981
94306,210000,1963
94401,122227,1964
94402,172522,1958
94403,174917,1965
94404,192332,1976
94501,127906,1960
94502,180938,1984
94503,121088,1997
94505,146480,1995
94506,250001,1994
94507,250001,1978
94508,116667,1967
94509,86196,1975
94510,121204,1981
94511,74972,1973
94512,-666666666,1948
94513,142223,2003
94514,76511,1977
94515,94464,1979
94516,113333,1953
94517,168921,1983
94518,112094,1970
94519,122418,1960
94520,82479,1971
94521,125899,1974
94523,142586,1972
94525,110899,1938
94526,225097,1976
94528,207500,1980
94530,128529,1956
94531,120927,1997
94533,87384,1979
94534,140198,1994
94535,83879,1998
94536,167662,1975
94538,147301,1979
94539,243552,1980
94541,105729,1969
94542,133734,1980
94544,107785,1970
94545,114356,1973
94546,128385,1960
94547,129397,1988
94548,189653,1968
94549,234516,1962
94550,180295,1978
94551,145392,1980
94552,212605,1988
94553,124130,1975
94555,219938,1983
94556,215720,1972
94558,113269,1976
94559,105188,1967
94560,169064,1975
94561,134678,1995
94562,-666666666,-666666666
94563,250001,1960
94564,127717,1970
94565,95556,1983
94566,191155,1982
94567,80833,1991
94568,214385,2004
94569,38929,1938
94571,87740,2001
94572,91484,1972
94573,250001,1938
94574,139474,1972
94575,-666666666,-666666666
94576,170677,1938
94577,108772,1959
94578,94084,1963
94579,99040,1958
94580,110729,1955
94582,214677,2003
94583,184898,1981
94585,94740,1984
94586,204931,1964
94587,133715,1980
94588,191073,1986
94589,92735,1974
94590,65290,1960
94591,104550,1983
94592,115536,2005
94595,100552,1970
94596,135635,1976
94597,132063,1981
94598,186225,1972
94599,80372,1986
94601,72359,1948
94602,122263,1938
94603,76723,1950
94605,106068,1952
94606,72470,1954
94607,94863,1978
94608,120239,1972
94609,107834,1938
94610,134507,1955
94611,180549,1959
94612,74037,1978
94613,-666666666,-666666666
94618,201780,1946
94619,129867,1946
94621,52049,1952
94702,99775,1944
94703,109881,1946
94704,50129,1966
94705,167970,1938
94706,143398,1950
94707,212776,1938
94708,234923,1944
94709,89054,1942
94710,102227,1966
94720,-666666666,1949
94801,81728,1970
94803,118447,1972
94804,91037,1959
94805,111152,1951
94806,86034,1970
94901,115330,1965
94903,142083,1968
94904,169118,1963
94920,246045,1969
94922,-666666666,-666666666
94923,147546,1983
94924,101458,1965
94925,232763,1962
94928,99280,1982
94929,209536,1978
94930,145362,1954
94931,101994,1982
94933,133006,1954
94937,78281,1961
94938,-666666666,1965
94939,203988,1972
94940,47021,1938
94941,209870,1962
94945,107790,1973
94946,154688,1974
94947,128766,1971
94949,120758,1980
94950,-666666666,-666666666
94951,106332,1974
94952,117343,1965
94954,113527,1985
94956,82205,1975
94957,250001,1938
94960,185170,1955
94963,210823,1966
94964,115192,1938
94965,146946,1968
94970,132857,1980
94971,119028,1966
94972,-666666666,-666666666
94973,231094,1953
95002,121953,2000
95003,148412,1976
95004,130744,1980
95005,104375,1965
95006,102167,1963
95007,91352,1955
95008,141131,1972
95010,105236,1974
95012,80288,1980
95013,173646,1974
95014,230913,1973
95017,102625,1960
95018,129464,1959
95019,67474,1979
95020,137117,1987
95023,116314,1990
95030,250001,1968
95032,203727,1972
95033,189118,1975
95035,178654,1987
95037,163182,1989
95039,49410,1977
95041,96898,1954
95043,150441,1981
95045,110438,1981
95046,158550,1975
95050,138466,1965
95051,196690,1971
95053,-666666666,-666666666
95054,207895,2002
95060,108591,1970
95062,112106,1972
95064,121042,1980
95065,153222,1977
95066,151250,1982
95070,250001,1968
95073,118169,1975
95075,135417,1982
95076,91099,1976
95110,131491,1985
95111,101435,1977
95112,89103,1969
95113,151685,2008
95116,85818,1972
95117,116348,1967
95118,152682,1968
95119,174375,1976
95120,250001,1976
95121,150605,1976
95122,103549,1971
95123,144276,1976
95124,185926,1964
95125,160738,1965
95126,128983,1984
95127,128786,1964
95128,131152,1968
95129,195708,1966
95130,159556,1964
95131,170255,1986
95132,178611,1974
95133,142170,1983
95134,203649,2008
95135,190750,1990
95136,142433,1981
95138,204476,1995
95139,178790,1975
95140,163594,1991
95148,167257,1981
95202,31020,1938
95203,63411,1955
95204,75548,1955
95205,60325,1963
95206,83432,1994
95207,69455,1972
95209,108675,1986
95210,67991,1982
95211,-666666666,-666666666
95212,111720,2003
95215,71888,1965
95219,112268,1990
95220,114637,1979
95221,-666666666,1962
95222,70930,1990
95223,106694,1982
95224,46815,1978
95225,-666666666,1982
95226,-666666666,-666666666
95227,150750,1980
95228,107899,1997
95230,128339,1958
95231,90417,1974
95232,71023,2002
95233,50972,1977
95236,104703,1980
95237,87117,1982
95240,82137,1971
95242,104721,1983
95245,84405,1987
95246,98269,1994
95247,76333,1985
95248,-666666666,1974
95249,45302,1975
95251,127775,1993
95252,89651,1992
95253,144659,1938
95254,-666666666,1997
95255,51364,1976
95257,71437,1978
95258,93854,1985
95301,68349,1983
95303,144375,1969
95304,115007,1999
95305,-666666666,1973
95306,81302,1983
95307,80627,1982
95309,-666666666,-666666666
95310,54697,1979
95311,56029,1984
95312,80625,1964
95313,90018,1972
95315,71352,1993
95316,97764,1975
95317,57153,1985
95318,57097,1961
95319,45400,1967
95320,82572,1986
95321,74000,1984
95322,65761,1991
95323,75938,1988
95324,76316,1987
95325,-666666666,-666666666
95326,87500,1987
95327,68040,1982
95328,62743,1996
95329,79500,1991
95330,125421,2007
95333,62813,1984
95334,76277,1992
95335,67857,1971
95336,89172,1984
95337,117137,2004
95338,67485,1987
95340,71193,1973
95341,57342,1990
95345,68464,1969
95346,92057,1972
95348,64944,1989
95350,75621,1967
95351,58275,1975
95354,72879,1961
95355,86849,1983
95356,96886,1985
95357,95707,1991
95358,76924,1981
95360,79213,1998
95361,92963,1986
95363,95679,1999
95364,-666666666,1956
95365,39741,1988
95366,112097,1991
95367,87487,1995
95368,94935,1993
95369,75750,1976
95370,82990,1981
95372,97398,1983
95374,57538,1987
95375,-666666666,1974
95376,102555,1985
95377,158158,2004
95379,74230,1977
95380,74534,1975
95382,95282,1990
95383,86970,1976
95385,53409,1975
95386,73196,1984
95387,66857,1984
95388,57493,1982
95389,51500,1981
95391,176952,2011
95401,93615,1979
95403,98191,1986
95404,105437,1973
95405,118299,1972
95407,82863,1991
95409,107867,1978
95410,-666666666,1975
95412,-666666666,1977
95415,45147,1973
95417,-666666666,-666666666
95419,-666666666,1938
95420,-666666666,2000
95421,78906,1970
95422,42241,1976
95423,41143,1978
95425,119092,1977
95426,84000,1973
95427,58421,1975
95428,46339,1973
95429,13333,1964
95430,-666666666,-666666666
95431,-666666666,-666666666
95432,-666666666,1987
95435,-666666666,-666666666
95436,109531,1959
95437,57759,1972
95439,-666666666,1948
95441,126806,1980
95442,164750,1964
95443,-666666666,1986
95444,105179,1970
95445,127206,1976
95446,85833,1957
95448,105120,1978
95449,90469,1973
95450,123125,1970
95451,62568,1984
95452,118986,1963
95453,71419,1980
95454,42447,1979
95456,63750,1980
95457,63594,1978
95458,57674,1973
95459,68700,1988
95460,73576,1977
95461,78667,1984
95462,85536,1957
95463,-666666666,1992
95464,61705,1976
95465,120781,1975
95466,108013,1972
95467,84152,1993
95468,115955,1984
95469,82683,1982
95470,76250,1985
95471,-666666666,1938
95472,108925,1972
95476,105374,1976
95480,-666666666,2005
95482,69772,1975
95485,104667,1976
95486,-666666666,-666666666
95488,-666666666,1988
95490,79594,1980
95492,134211,1992
95493,74531,1984
95494,58650,1958
95497,138125,1987
95501,54137,1953
95503,71855,1971
95511,-666666666,-666666666
95514,-666666666,1994
95519,73280,1991
95521,53114,1975
95524,87500,1965
95525,57379,1971
95526,39583,1979
95527,76667,1976
95528,55481,1972
95531,67458,1980
95536,73375,1958
95537,78686,1982
95538,67024,1993
95540,63695,1978
95542,46104,1976
95543,50203,2000
95545,-666666666,1978
95546,61607,1988
95547,96827,1982
95548,43333,1977
95549,95179,1986
95550,104063,1975
95551,64519,1959
95552,77796,1983
95553,41450,1970
95554,33125,1971
95555,39583,1959
95556,-666666666,2005
95558,51719,1973
95559,-666666666,1992
95560,23720,1954
95562,42975,1977
95563,62893,1971
95564,78750,1944
95565,57083,1938
95567,102734,1980
95568,-666666666,1974
95569,-666666666,1989
95570,74777,1976
95571,-666666666,-666666666
95573,47258,1977
95585,36190,1963
95587,-666666666,-666666666
95589,43040,1990
95595,28704,1958
95601,94023,1938
95602,97466,1983
95603,85357,1978
95604,-666666666,1971
95605,71924,1968
95606,-666666666,1962
95607,149236,1984
95608,86563,1972
95610,83327,1978
95612,104063,1953
95613,-666666666,-666666666
95614,133426,1985
95615,73406,1971
95616,74359,1981
95618,115591,1992
95619,66429,1981
95620,103054,1987
95621,80901,1977
95623,109102,1985
95624,125332,1996
95625,86349,1972
95626,90897,1981
95627,101994,1988
95628,115803,1975
95629,90469,1993
95630,139642,1997
95631,104402,1984
95632,102239,1994
95633,74258,1982
95634,57328,1982
95635,101250,1990
95636,92004,1992
95637,-666666666,1975
95638,91500,1982
95639,-666666666,1960
95640,97000,1999
95641,74886,1977
95642,81438,1983
95645,61652,1958
95646,-666666666,1991
95648,112333,2004
95650,117912,1979
95651,103537,1976
95652,23750,1982
95653,-666666666,1978
95655,143958,2006
95658,126581,1980
95659,68929,1971
95660,68235,1966
95661,105925,1988
95662,96689,1976
95663,155917,1983
95664,117901,1992
95665,87366,1977
95666,84311,1982
95667,89938,1981
95668,90750,1970
95669,89609,1984
95670,89484,1979
95671,232700,1979
95672,146769,1990
95673,95824,1969
95674,104750,1979
95675,-666666666,1953
95676,-666666666,1953
95677,105713,1989
95678,100554,1990
95679,-666666666,-666666666
95680,-666666666,-666666666
95681,95978,1982
95682,122436,1986
95683,140457,1990
95684,87175,1984
95685,83878,1977
95686,52109,1973
95687,109566,1986
95688,118186,1982
95689,122936,1986
95690,90104,1946
95691,104750,1999
95692,95877,1993
95693,161354,1985
95694,109696,1982
95695,79486,1973
95697,-666666666,1980
95698,143182,1985
95699,250001,2004
95701,98125,1987
95703,100214,1980
95709,79780,1977
95713,87839,1985
95714,95795,1964
95715,163625,1973
95717,-666666666,1990
95720,-666666666,1949
95721,-666666666,1946
95722,125625,1981
95726,91128,1980
95728,89375,1983
95735,111125,1948
95736,190670,1976
95742,155855,2009
95746,183305,1990
95747,136750,2006
95757,138198,2007
95758,117017,1996
95762,165467,2002
95765,138090,2002
95776,106698,1997
95811,80827,1974
95814,58284,1975
95815,60097,1960
95816,90839,1949
95817,64212,1955
95818,118196,1942
95819,136306,1950
95820,78436,1957
95821,64963,1963
95822,86801,1959
95823,66895,1981
95824,56477,1966
95825,64602,1976
95826,82127,1975
95827,85841,1977
95828,81778,1985
95829,105395,2003
95830,135938,1981
95831,100751,1981
95832,82318,1973
95833,97792,1987
95834,101260,2005
95835,114468,2005
95837,193500,1971
95838,68349,1982
95841,61054,1976
95842,68276,1978
95843,98274,1992
95864,127953,1960
95901,69776,1979
95903,60122,2005
95910,-666666666,1938
95912,86457,1981
95913,121912,2002
95914,102188,1984
95915,-666666666,-666666666
95916,28333,1984
95917,90563,1975
95918,56750,1992
95919,-666666666,1977
95920,-666666666,1964
95922,36528,1987
95923,-666666666,1966
95925,-666666666,1948
95926,61920,1977
95928,64949,1984
95929,-666666666,-666666666
95930,2499,1967
95932,66964,1974
95934,-666666666,1993
95935,54110,1984
95936,-666666666,1956
95937,-666666666,2000
95938,82974,1974
95939,40568,1948
95941,-666666666,1973
95942,116400,1987
95943,49744,1970
95944,-666666666,2012
95945,65989,1977
95946,84795,1982
95947,82500,1979
95948,60294,1970
95949,98181,1984
95950,-666666666,1938
95951,70294,1975
95953,74786,1991
95954,61280,1982
95955,-666666666,1959
95956,61324,1973
95957,78333,1955
95958,-666666666,-666666666
95959,86524,1983
95960,52917,1965
95961,89561,2000
95962,77903,1991
95963,68091,1979
95965,53198,1976
95966,65586,1975
95968,42000,1975
95969,69067,1997
95970,69000,1969
95971,83269,1979
95972,-666666666,-666666666
95973,92813,1991
95974,-666666666,1967
95975,103216,1988
95977,104545,1997
95978,-666666666,-666666666
95979,24766,1984
95981,91016,1983
95982,96224,1976
95983,54968,1968
95984,-666666666,1966
95986,-666666666,1938
95987,95122,1995
95988,66339,1975
95991,70590,1977
95993,93763,1988
96001,72484,1976
96002,73222,1979
96003,72445,1988
96006,46094,1980
96007,61357,1979
96008,92313,1988
96009,-666666666,1960
96010,28958,1972
96011,25208,1978
96013,53688,1971
96014,-666666666,1946
96015,45991,1983
96016,54526,1980
96017,48500,1972
96019,67446,1982
96020,50489,1983
96021,59592,1984
96022,89338,1985
96023,47237,1958
96024,43750,1981
96025,46036,1946
96027,64308,1972
96028,76295,1979
96029,85682,1977
96031,-666666666,1965
96032,72951,1974
96033,44375,1976
96034,73750,1977
96035,49760,1982
96037,117379,1990
96038,59435,1967
96039,41813,1968
96040,-666666666,1973
96041,-666666666,1975
96044,51688,1983
96046,-666666666,1974
96047,-666666666,1983
96048,50521,1983
96050,40909,1979
96051,69688,1976
96052,37222,1981
96054,-666666666,1979
96055,59798,1976
96056,61442,1971
96057,50179,1943
96058,47266,1971
96059,-666666666,1988
96061,-666666666,1959
96062,129688,1977
96063,-666666666,1942
96064,61157,1977
96065,61250,1991
96067,65000,1979
96068,-666666666,2001
96069,71250,1987
96071,-666666666,1978
96073,120469,1979
96074,51346,1957
96075,-666666666,1970
96076,29156,1957
96078,-666666666,-666666666
96080,66076,1980
96084,60769,1991
96085,105179,1975
96086,88750,1973
96087,110375,1975
96088,65958,1985
96090,70893,1962
96091,61058,1981
96092,40855,1983
96093,65741,1970
96094,68103,1984
96096,64444,1980
96097,53059,1977
96101,61680,1976
96103,82589,1984
96104,52794,1972
96105,122750,2003
96106,-666666666,1996
96107,61563,1992
96108,-666666666,-666666666
96109,43988,1982
96110,78333,1938
96111,-666666666,1938
96112,-666666666,1968
96113,67083,1955
96114,79688,1986
96115,71719,1945
96116,-666666666,1991
96117,104583,1969
96118,54167,1972
96119,-666666666,1977
96120,100417,1979
96121,58021,1971
96122,54205,1978
96123,41563,1978
96124,205893,1993
96125,95554,1961
96126,-666666666,1980
96128,91012,1983
96129,52381,1995
96130,72465,1980
96132,68472,1990
96133,-666666666,-666666666
96134,49674,1964
96135,-666666666,-666666666
96136,-666666666,-666666666
96137,65896,1976
96140,181875,1975
96141,125662,1971
96142,95341,1973
96143,69922,1973
96145,112875,1975
96146,160833,1981
96148,103750,1979
96150,92517,1974
96155,-666666666,1941
96161,131702,1989
96701,111173,1975
96703,98214,1993
96704,86941,1989
96705,118438,1989
96706,129456,1998
96707,119940,1999
96708,100664,1990
96710,-666666666,1995
96712,88333,1973
96713,54375,1992
96714,132448,1984
96716,105000,1980
96717,102978,1975
96719,79471,1986
96720,80938,1978
96722,100938,1985
96725,93346,1984
96726,-666666666,-666666666
96727,85777,1972
96728,67500,1956
96729,59375,1989
96730,126563,1977
96731,73417,1978
96732,101739,1977
96734,132782,1970
96737,45841,2001
96738,80928,1996
96740,95542,1988
96741,110873,1982
96742,73750,1938
96743,101468,1998
96744,131653,1973
96746,88802,1983
96747,95625,1944
96748,77422,1977
96749,85399,1996
96750,92576,1981
96751,-666666666,-666666666
96752,90174,1975
96753,88408,1988
96754,90353,1990
96755,96813,1983
96756,99274,1983
96757,74432,1969
96759,-666666666,-666666666
96760,103286,2002
96761,101123,1982
96762,125645,1976
96763,92417,1989
96764,55769,1959
96765,102679,1985
96766,100678,1986
96768,100391,1984
96769,46250,1938
96770,54792,1979
96771,62426,2000
96772,48914,1994
96773,65179,2002
96774,-666666666,1975
96776,93241,1973
96777,64643,1975
96778,39750,1991
96779,98929,1980
96780,66250,1979
96781,96400,1977
96782,108669,1972
96783,77391,1980
96785,68463,1997
96786,85554,1977
96789,127066,1985
96790,100693,1983
96791,97470,1973
96792,87509,1978
96793,107668,1988
96795,120714,1977
96796,89205,1972
96797,114654,1983
96813,91690,1986
96814,77768,1991
96815,77096,1973
96816,114609,1964
96817,75476,1974
96818,100567,1982
96819,99848,1969
96820,-666666666,-666666666
96821,174938,1970
96822,95947,1970
96825,153210,1977
96826,68296,1974
96848,21042,-666666666
96850,-666666666,-666666666
96853,-666666666,-666666666
96857,-666666666,-666666666
96858,-666666666,-666666666
96859,-666666666,-666666666
96860,-666666666,-666666666
96863,-666666666,-666666666
97001,39250,1974
97002,70137,1979
97003,99072,1991
97004,112667,1977
97005,78239,1974
97006,104790,1998
97007,123533,1993
97008,96116,1978
97009,106650,1977
97011,91292,1984
97013,101832,1991
97014,75000,1979
97015,87333,1994
97016,79375,1976
97017,83355,1988
97018,96750,1991
97019,104022,1974
97020,80729,2000
97021,89500,1978
97022,92945,1979
97023,76762,1991
97024,69679,1994
97026,90461,1993
97027,94375,1976
97028,76716,1997
97029,61116,1970
97030,69239,1979
97031,91858,1985
97032,101250,1979
97033,-666666666,1938
97034,149236,1977
97035,130603,1982
97037,70000,1976
97038,89564,1991
97039,93056,1938
97040,73250,1979
97041,82679,1982
97042,118045,1977
97045,103573,1986
97048,77171,1978
97049,92056,1970
97050,39306,1983
97051,85869,1981
97053,142538,1978
97054,87327,1995
97055,112323,1996
97056,94209,1982
97057,-666666666,1938
97058,62181,1968
97060,88279,1989
97062,105407,1991
97063,58490,1987
97064,67317,1987
97065,53875,1960
97067,87794,1983
97068,151729,1987
97070,97429,1998
97071,70938,1977
97078,90606,1982
97080,96305,1988
97086,102359,1999
97089,123689,1981
97101,99837,1984
97102,-666666666,1992
97103,75147,1956
97106,104250,1991
97107,70417,1975
97108,69500,1974
97109,150893,1976
97110,68500,1978
97111,108453,1988
97112,61061,1980
97113,96859,1990
97114,84228,1977
97115,117446,1992
97116,92613,1981
97117,121818,1976
97118,53828,1969
97119,115515,1975
97121,59470,1980
97122,91058,1995
97123,109985,1994
97124,110067,1995
97125,250001,2018
97127,95089,2000
97128,75896,1990
97130,105192,1986
97131,70833,1989
97132,96493,1989
97133,133167,1996
97134,-666666666,1996
97135,93424,1992
97136,66106,1981
97137,106488,1968
97138,60411,1975
97140,123228,1996
97141,69831,1977
97144,-666666666,1938
97145,147647,1979
97146,82936,1988
97147,64792,1957
97148,109179,1988
97149,70643,1975
97201,63250,1987
97202,104971,1956
97203,78660,1963
97204,-666666666,1938
97205,57288,1963
97206,98548,1957
97208,-666666666,-666666666
97209,80301,2004
97210,93621,1954
97211,112586,1946
97212,131932,1938
97213,97068,1943
97214,87131,1938
97215,116264,1943
97216,70442,1969
97217,100361,1951
97218,88924,1959
97219,121306,1973
97220,70137,1960
97221,145671,1969
97222,83119,1971
97223,106757,1985
97224,98125,1988
97225,114598,1972
97227,93293,2005
97229,161570,1998
97230,75572,1974
97231,137527,1976
97232,70895,1974
97233,60198,1974
97236,75090,1979
97239,110134,1985
97258,-666666666,-666666666
97266,72577,1974
97267,87418,1973
97301,60422,1970
97302,85833,1973
97303,84871,1981
97304,98031,1989
97305,66326,1986
97306,101753,1995
97310,-666666666,-666666666
97317,84393,1978
97321,99416,1989
97322,69808,1980
97324,67891,1967
97325,100056,1990
97326,106628,1979
97327,81267,1980
97329,43929,1975
97330,70742,1974
97331,-666666666,-666666666
97333,65191,1991
97335,120446,1979
97336,-666666666,-666666666
97338,78858,1987
97341,66331,1988
97342,63125,1979
97343,-666666666,1967
97344,59000,1975
97345,-666666666,1976
97346,83750,1985
97347,52500,1987
97348,108611,1962
97350,41875,1966
97351,88519,1996
97352,107000,1987
97355,68595,1979
97357,64844,1979
97358,95391,1995
97360,67250,1972
97361,69505,1990
97362,66250,1979
97364,88056,1967
97365,64363,1978
97366,85577,1989
97367,58472,1982
97368,61821,1986
97369,-666666666,1975
97370,88091,1984
97371,-666666666,1992
97373,-666666666,-666666666
97374,97207,1976
97375,110758,1975
97376,70446,1981
97377,120478,1979
97378,79746,1991
97380,60132,1988
97381,89383,1980
97383,78853,1984
97384,-666666666,-666666666
97385,84796,1992
97386,64669,1974
97388,73750,1980
97389,94909,1995
97390,73487,1971
97391,62292,1967
97392,109237,1999
97394,60660,1989
97396,57614,1980
97401,52022,1984
97402,57658,1977
97403,45417,1974
97404,86776,1975
97405,95170,1972
97406,-666666666,1972
97408,104945,1997
97410,-666666666,1978
97411,50993,1988
97412,75972,1970
97413,63558,1987
97414,24851,1970
97415,69152,1986
97416,65035,1976
97417,50217,1976
97419,80234,1979
97420,61574,1973
97423,61020,1971
97424,79688,1976
97426,90125,1984
97429,54226,1978
97430,57262,1979
97431,60714,1975
97432,36556,1942
97434,55500,1948
97435,52067,1976
97436,61944,1978
97437,95129,1979
97438,125156,1970
97439,61982,1987
97441,-666666666,-666666666
97442,46979,1972
97443,82719,1978
97444,64920,1978
97446,78229,1978
97447,56522,1979
97448,81029,1977
97449,66000,1983
97450,63487,1962
97451,69028,1975
97452,97669,1992
97453,56417,1971
97454,88700,1981
97455,118456,1974
97456,71111,1981
97457,57356,1975
97458,51760,1972
97459,82035,1969
97461,106845,1946
97462,68507,1975
97463,41734,1962
97465,43777,1977
97466,50278,1973
97467,58202,1973
97469,57444,1962
97470,54751,1972
97471,71670,1979
97473,-666666666,1972
97476,42045,1994
97477,65662,1971
97478,80086,1979
97479,59335,1983
97480,67045,1958
97481,-666666666,1958
97484,54750,1985
97486,78795,1995
97487,65625,1991
97488,85688,1979
97489,87232,1988
97490,109375,1990
97492,-666666666,1958
97493,51116,1948
97494,-666666666,-666666666
97495,77986,1991
97496,56071,1979
97497,36210,1978
97498,67188,1982
97499,58958,1974
97501,63977,1977
97502,83488,1992
97503,70263,1988
97504,83923,1986
97520,67948,1980
97522,41563,1971
97523,47589,1983
97524,82933,1995
97525,72025,1979
97526,61019,1977
97527,66975,1988
97530,89239,1984
97531,28686,2002
97532,81167,1985
97534,39194,1982
97535,66052,1994
97536,58466,1979
97537,65849,1980
97538,44099,1983
97539,51875,1997
97540,65762,1992
97541,41105,1977
97543,-666666666,1991
97544,55583,1985
97601,51780,1965
97603,66937,1974
97604,-666666666,-666666666
97620,83750,1990
97621,23786,1979
97622,24902,1963
97623,66927,1987
97624,48628,1989
97625,123409,-666666666
97626,-666666666,1953
97627,63563,1974
97630,69531,1963
97632,44167,1959
97633,62019,1955
97634,68450,1969
97635,86172,2000
97636,58125,1978
97637,61875,1988
97638,52303,1984
97639,-666666666,1969
97640,63636,2005
97641,33125,1986
97701,87739,1998
97702,96112,2000
97703,120841,1999
97707,85272,1992
97709,-666666666,-666666666
97710,47344,1967
97711,-666666666,1975
97712,-666666666,1984
97720,49170,1975
97721,76250,1984
97722,78750,1960
97730,93750,1979
97731,147679,2011
97732,43750,1979
97733,45759,1992
97734,82429,1994
97735,-666666666,1987
97736,-666666666,1986
97737,107546,1949
97738,89071,1966
97739,58579,1992
97741,70983,1982
97750,54837,1979
97751,-666666666,1994
97752,-666666666,-666666666
97753,158125,2007
97754,77199,1993
97756,87278,2001
97758,21875,1964
97759,102734,1995
97760,87603,1997
97761,57000,1990
97801,71639,1969
97810,68654,1965
97812,77258,1985
97813,75700,1972
97814,64852,1965
97817,-666666666,1971
97818,61523,1985
97819,55000,1975
97820,67115,1973
97823,57727,1956
97824,80263,1992
97825,67500,1971
97826,58750,1957
97827,60766,1974
97828,58850,1961
97830,54583,1972
97833,83750,1979
97834,43889,1964
97835,132292,1938
97836,88591,1963
97837,-666666666,1938
97838,69599,1987
97839,40568,1969
97840,85469,1964
97841,73750,1974
97842,-666666666,1980
97843,104435,1971
97844,76090,1992
97845,68036,1965
97846,71471,1985
97848,50000,1979
97850,63421,1971
97856,44318,1978
97857,68375,1985
97859,61250,1974
97862,54786,1975
97864,39202,1958
97865,59247,1971
97867,83846,1963
97868,91813,1956
97869,56875,1974
97870,57159,1959
97873,39821,1947
97874,58636,1975
97875,57451,1975
97876,119531,1977
97877,25662,1973
97880,-666666666,1982
97882,69223,1992
97883,65172,1972
97884,45694,1977
97885,76645,1970
97886,92955,1979
97901,45500,1982
97902,-666666666,1938
97903,117778,1986
97904,53750,1974
97905,-666666666,1974
97906,47054,1970
97907,36688,1956
97908,-666666666,1938
97909,-666666666,-666666666
97910,73317,1978
97911,27500,1973
97913,55921,1962
97914,50857,1978
97917,130625,1974
97918,63342,1971
97920,-666666666,1965
98001,106791,1986
98002,78684,1979
98003,75319,1984
98004,182545,2001
98005,160849,1980
98006,198150,1980
98007,131109,1979
98008,184583,1968
98010,142048,2001
98011,131667,1993
98012,146144,1999
98014,164306,1992
98019,161212,1994
98020,130319,1972
98021,183786,1997
98022,120406,1982
98023,104893,1984
98024,160641,1980
98025,-666666666,-666666666
98026,133638,1977
98027,153301,1988
98028,139764,1985
98029,170759,2001
98030,91761,1986
98031,105965,1984
98032,82636,1985
98033,182500,1989
98034,135219,1980
98036,88958,1985
98037,107281,1985
98038,152261,1998
98039,250001,1973
98040,219069,1973
98042,127552,1988
98043,107687,1973
98045,175765,1988
98047,115188,1987
98050,-666666666,1992
98051,136439,1991
98052,163460,1992
98053,192292,2001
98055,97224,1990
98056,113688,1988
98057,68552,1987
98058,115201,1980
98059,138654,1992
98065,198216,2004
98068,100096,1979
98070,120571,1975
98072,175805,1987
98074,244362,1992
98075,250001,1999
98077,184306,1986
98087,106693,2001
98092,122300,1998
98101,128882,2000
98102,114925,1972
98103,131154,1970
98104,61460,1997
98105,74349,1975
98106,124212,1981
98107,142662,1995
98108,95780,1969
98109,133663,2005
98110,172188,1989
98112,171572,1942
98115,156142,1962
98116,126151,1974
98117,182984,1950
98118,113762,1968
98119,123551,1969
98121,152019,2005
98122,106886,1988
98125,99868,1974
98126,116466,1965
98133,93662,1975
98134,68214,1967
98136,149269,1960
98144,96969,1975
98146,102520,1965
98148,87342,1976
98154,-666666666,-666666666
98155,131540,1969
98158,-666666666,-666666666
98164,250001,2004
98166,114969,1961
98168,88083,1965
98174,-666666666,-666666666
98177,169918,1960
98178,99505,1962
98188,76438,1976
98195,-666666666,-666666666
98198,86239,1976
98199,180789,1960
98201,74554,1961
98203,107376,1975
98204,68513,1990
98207,-666666666,-666666666
98208,103705,1989
98220,92266,1961
98221,96528,1990
98222,106333,1970
98223,99681,1995
98224,78636,1972
98225,63941,1976
98226,79375,1995
98229,90945,1987
98230,86623,1993
98232,104559,1981
98233,87614,1986
98235,63307,1953
98236,94362,1990
98237,61711,1987
98238,-666666666,-666666666
98239,92125,1992
98240,110116,1989
98241,73185,1978
98243,139167,1977
98244,67159,1987
98245,95811,1989
98247,88724,1983
98248,91060,1994
98249,99519,1991
98250,88556,1991
98251,83891,1992
98252,98370,1994
98253,71131,1992
98255,68194,1951
98256,94375,1967
98257,94425,1983
98258,123898,1996
98260,101987,1993
98261,80119,1985
98262,83000,1979
98263,133750,1938
98264,103638,1992
98266,51361,1988
98267,-666666666,1994
98270,108147,1992
98271,95654,1995
98272,122352,1995
98273,76717,1983
98274,96177,1990
98275,132861,1989
98276,97159,2003
98277,83253,1990
98278,-666666666,-666666666
98279,70417,1990
98280,80192,1978
98281,78125,1980
98282,105231,1991
98283,72237,1981
98284,93006,1988
98286,74250,1977
98288,64583,1972
98290,132973,1987
98292,101765,1993
98294,96676,1996
98295,98965,1985
98296,177583,1995
98297,45625,1984
98303,80282,1993
98304,113718,1971
98305,98715,1960
98310,75878,1971
98311,108757,1983
98312,90449,1980
98314,184417,1938
98315,79918,1980
98320,55893,1984
98321,127411,1994
98323,121875,1977
98325,79191,1999
98326,46500,1977
98327,120781,2002
98328,103696,1992
98329,110316,1990
98330,-666666666,1965
98331,62135,1977
98332,135330,1996
98333,172292,1990
98335,128592,1990
98336,67632,1984
98337,68561,1941
98338,114819,1996
98339,77778,1980
98340,79876,1995
98342,102778,1991
98345,-666666666,1974
98346,114779,1993
98349,75875,1991
98350,51250,1987
98351,151660,1984
98353,-666666666,-666666666
98354,96866,1988
98355,102438,1977
98356,60060,1969
98357,55250,1985
98358,110368,1993
98359,114091,1989
98360,125842,2001
98361,-666666666,1980
98362,70123,1975
98363,64869,1981
98364,-666666666,-666666666
98365,98776,1993
98366,92011,1983
98367,115482,1995
98368,69688,1986
98370,116756,1991
98371,97242,1982
98372,98152,1988
98373,103796,1993
98374,112662,1995
98375,117074,2002
98376,57250,1988
98377,56167,1974
98380,125229,1991
98381,58571,1974
98382,74189,1991
98383,111139,1992
98385,152500,1981
98387,106872,1994
98388,100851,1978
98390,97795,1990
98391,135037,1999
98392,85530,1985
98394,-666666666,1983
98396,112031,1976
98402,60505,1988
98403,88056,1938
98404,82191,1971
98405,75946,1942
98406,104264,1963
98407,110288,1971
98408,80899,1952
98409,73348,1976
98416,-666666666,-666666666
98418,89706,1938
98421,26307,2017
98422,118604,1990
98424,94122,2000
98430,-666666666,-666666666
98433,60158,1991
98438,-666666666,2004
98439,50509,1979
98443,105035,1973
98444,65342,1976
98445,92520,1987
98446,101938,1994
98447,-666666666,-666666666
98465,73226,1970
98466,101778,1976
98467,91354,1984
98498,91664,1974
98499,67292,1975
98501,97198,1986
98502,92207,1988
98503,89002,1986
98505,-666666666,-666666666
98506,91596,1977
98512,101530,1992
98513,113053,1995
98516,98892,2003
98520,58153,1956
98524,99483,1996
98526,58162,1972
98527,59659,1994
98528,91058,1991
98530,80682,1978
98531,63406,1977
98532,89910,1984
98533,39208,1981
98535,92544,1970
98536,-666666666,1980
98537,79459,1968
98538,105000,1959
98539,87625,1938
98541,78816,1980
98542,52963,2004
98544,-666666666,-666666666
98546,97159,1989
98547,42400,1976
98548,68452,1989
98550,55040,1951
98552,47396,1976
98555,-666666666,1981
98556,-666666666,-666666666
98557,78594,1984
98558,-666666666,-666666666
98559,-666666666,-666666666
98560,72596,1991
98562,-666666666,1981
98563,84634,1976
98564,60147,1985
98565,73750,1991
98566,58269,1976
98568,84531,1983
98569,58378,1996
98570,95795,1981
98571,-666666666,2008
98572,64013,1957
98575,68125,1972
98576,104896,1994
98577,63780,1968
98579,99411,1994
98580,104684,1991
98581,43009,1942
98582,89387,1944
98583,62750,1938
98584,78610,1988
98585,74167,1986
98586,50893,1967
98587,51458,1981
98588,61975,1991
98589,83855,1993
98590,110706,1992
98591,78952,1984
98592,138370,1987
98593,84244,1988
98595,66579,1980
98596,80188,1989
98597,92219,1998
98601,106776,1988
98602,53617,1990
98603,78281,2002
98604,112448,1997
98605,72917,1960
98606,115151,1989
98607,128318,2000
98609,-666666666,-666666666
98610,72773,1978
98611,86322,1982
98612,59583,1982
98613,95000,1994
98614,94219,1982
98616,-666666666,1975
98617,71130,1987
98619,76667,1976
98620,60500,1981
98621,91250,1966
98623,-666666666,-666666666
98624,83214,1973
98625,116435,1995
98626,75528,1975
98628,63438,1954
98629,106779,1995
98631,71705,1980
98632,66305,1970
98635,61448,1996
98638,63664,1965
98639,100417,1992
98640,65735,1988
98641,86853,1995
98642,120822,2005
98643,-666666666,1974
98644,48333,1943
98645,101429,1991
98647,-666666666,1969
98648,96696,1981
98649,73750,1987
98650,76607,1994
98651,90000,1985
98660,67344,1971
98661,76913,1981
98662,94303,1993
98663,86018,1967
98664,85369,1978
98665,88559,1988
98670,-666666666,1984
98671,111545,1996
98672,97622,1992
98673,42188,1953
98674,94245,1995
98675,99877,1996
98682,99918,1996
98683,87659,1992
98684,90620,1996
98685,130972,1992
98686,107801,1997
98801,81488,1979
98802,87744,1991
98811,-666666666,-666666666
98812,59297,1984
98813,49969,1976
98814,98715,1971
98815,88108,1979
98816,82577,1988
98817,-666666666,1994
98819,63000,1996
98821,134233,1956
98822,86103,1984
98823,73074,1977
98824,44028,1965
98826,87646,1989
98827,43309,1991
98828,70197,1994
98829,36875,1984
98830,83125,1951
98831,82650,1997
98832,31964,1938
98833,117639,2001
98834,71667,1990
98836,-666666666,1965
98837,74586,1989
98840,57342,1973
98841,71809,1979
98843,69425,2001
98844,44201,1982
98845,56250,1969
98846,84464,1984
98847,68814,1979
98848,87714,1997
98849,63875,1987
98850,83125,1977
98851,63333,1974
98852,47750,1983
98853,-666666666,1989
98855,60179,1981
98856,70089,1986
98857,61860,1978
98858,78669,1938
98859,98108,2004
98860,62500,1955
98862,71080,1994
98901,57392,1982
98902,63092,1959
98903,75343,1978
98908,84197,1983
98921,-666666666,-666666666
98922,73603,1999
98923,47776,1970
98925,97250,1991
98926,71137,1992
98930,64583,1977
98932,71806,1977
98933,75972,1975
98934,79063,1971
98935,61316,1979
98936,99280,1997
98937,77143,1972
98938,46022,1984
98939,-666666666,1963
98940,246441,1999
98941,104800,1938
98942,84646,1985
98943,66750,1969
98944,64276,1976
98946,121875,1977
98947,75057,1993
98948,65759,1968
98950,-666666666,-666666666
98951,63356,1971
98952,50417,1976
98953,84766,1979
99001,62518,2012
99003,77129,1986
99004,67337,1994
99005,125530,1999
99006,72200,1991
99008,106544,1974
99009,81809,1983
99011,69917,1965
99012,88571,1959
99013,49518,1991
99014,-666666666,-666666666
99016,103472,2003
99017,58958,1968
99018,52813,1938
99019,120053,2001
99020,-666666666,-666666666
99021,85489,1986
99022,93812,1988
99023,114298,2003
99025,118712,1983
99026,100599,1994
99027,74718,1980
99029,69919,1973
99030,86250,1973
99031,98182,1978
99032,61964,1948
99033,58750,1960
99034,-666666666,1979
99036,121518,1991
99037,87713,1995
99039,65909,1985
99040,70200,1996
99101,78750,1995
99102,56833,1974
99103,53125,1953
99105,51250,1938
99109,62391,1977
99110,76106,1996
99111,73393,1955
99113,104643,1971
99114,62711,1980
99115,62708,1975
99116,65946,1957
99117,63750,1984
99118,68875,1992
99119,95385,1993
99121,-666666666,1992
99122,82386,1976
99123,87841,1977
99124,70000,1976
99125,52569,1938
99126,-666666666,1979
99128,58942,1938
99129,40938,1994
99130,82000,1948
99131,35391,1994
99133,68854,1968
99134,41774,1966
99135,80469,1938
99136,87708,1938
99137,50972,1998
99138,50833,1979
99139,52404,1978
99140,53529,1976
99141,58302,1988
99143,38214,1953
99144,-666666666,-666666666
99146,-666666666,1992
99147,84063,2002
99148,67431,1992
99149,26250,1938
99150,61833,1985
99151,55489,1950
99152,66250,1972
99153,44000,1959
99154,-666666666,-666666666
99155,50909,1983
99156,65271,1984
99157,43650,1977
99158,78375,1941
99159,64688,1953
99160,-666666666,1976
99161,87464,1944
99163,48231,1983
99166,56676,1987
99167,70364,1977
99169,66061,1952
99170,58750,1941
99171,53333,1954
99173,60000,1987
99174,50179,1958
99176,128000,1938
99179,79063,1960
99180,63750,1985
99181,63661,1981
99185,73094,1963
99201,41171,1938
99202,65189,1958
99203,104372,1951
99204,58277,1940
99205,77374,1949
99206,81764,1977
99207,60452,1951
99208,88599,1986
99212,67049,1972
99216,74278,1982
99217,73620,1985
99218,80733,1979
99223,94279,1988
99224,80770,1999
99251,-666666666,-666666666
99258,-666666666,-666666666
99301,87951,2000
99320,90102,1994
99321,75795,1977
99322,-666666666,1994
99323,93092,1986
99324,62839,1981
99326,82500,1973
99328,72756,1951
99329,-666666666,1963
99330,140093,1993
99333,98315,1963
99335,91667,1978
99336,62527,1975
99337,98848,1989
99338,111042,2005
99341,68558,1947
99343,59451,1975
99344,64888,1982
99345,102500,1980
99346,50865,1998
99347,64699,1959
99348,79167,1987
99349,61333,1998
99350,81014,1986
99352,100108,2001
99353,121845,2001
99354,91933,1969
99356,55750,1990
99357,57034,1987
99359,61000,1962
99360,93036,1975
99361,91367,1963
99362,72474,1970
99363,-666666666,2006
99371,77500,1942
99401,41438,1989
99402,78906,1985
99403,71482,1975
99501,70891,1974
99502,116071,1983
99503,76144,1975
99504,86710,1982
99505,100781,2004
99506,76258,1999
99507,107992,1986
99508,79314,1975
99513,-666666666,-666666666
99515,113995,1986
99516,173984,1987
99517,103880,1976
99518,93995,1984
99519,-666666666,-666666666
99530,-666666666,-666666666
99540,146086,1986
99546,250001,1984
99547,-666666666,1983
99548,80625,1985
99549,61250,1989
99550,46250,1977
99551,30000,1993
99552,78929,1986
99553,35833,1989
99554,41607,1993
99555,75417,1988
99556,62179,1994
99557,74286,1988
99558,80000,1986
99559,113333,1989
99561,51818,1986
99563,35875,1998
99564,-666666666,1983
99565,71875,1982
99566,-666666666,1995
99567,147319,1986
99568,85000,1993
99569,-666666666,1980
99571,70000,1985
99572,143672,1983
99573,78558,1990
99574,85132,1982
99575,58750,1990
99576,99125,1985
99577,136900,1989
99578,45417,2002
99579,24250,1983
99580,-666666666,1987
99581,57764,1996
99583,-666666666,1994
99585,52083,1995
99586,-666666666,1983
99587,163704,1987
99588,110136,1983
99589,26875,2001
99590,46250,1982
99591,-666666666,1979
99602,-666666666,1982
99603,78767,1992
99604,49688,1993
99605,-666666666,1987
99606,76250,1986
99607,47917,1993
99608,-666666666,1983
99609,60833,1986
99610,56333,1996
99611,79757,1985
99612,61645,1978
99613,129063,1990
99614,45250,1991
99615,88456,1987
99620,58043,1984
99621,51917,1989
99622,56250,1991
99623,88799,2002
99624,37188,1985
99625,21250,1986
99626,30500,1986
99627,59063,1979
99628,50625,1985
99630,28542,1983
99631,-666666666,1979
99632,65078,1984
99633,88750,1984
99634,43750,1990
99635,-666666666,1981
99636,66250,1990
99637,57083,1983
99638,-666666666,1985
99639,47333,1994
99640,58125,1989
99641,43438,1989
99643,30000,1975
99644,-666666666,1979
99645,100455,1997
99647,104063,1984
99648,47500,1993
99649,95625,1984
99650,45000,1986
99651,-666666666,1981
99652,78578,1993
99653,67750,1991
99654,97544,1997
99655,50208,1987
99656,-666666666,1992
99657,61875,1988
99658,47188,1990
99659,53750,1978
99660,158438,1987
99661,80469,1979
99662,41607,1984
99663,84306,1986
99664,87760,1986
99665,-666666666,1986
99666,-666666666,-666666666
99667,63750,1988
99668,-666666666,1992
99669,80980,1994
99670,54063,1977
99671,48056,1993
99672,100642,1992
99674,63688,1988
99675,66000,1986
99676,54028,1998
99677,49063,1989
99678,57083,1985
99679,67813,1978
99680,44583,1984
99681,54306,1985
99682,66250,1968
99683,73098,1993
99684,93750,1984
99685,135759,1992
99686,99349,1980
99688,77197,1996
99689,85000,1982
99690,38929,1982
99691,-666666666,1980
99692,110625,1993
99693,59688,1954
99694,74531,1996
99695,-666666666,1985
99701,75668,1976
99702,68640,1999
99703,68667,2005
99704,-666666666,-666666666
99705,96964,1985
99706,-666666666,1992
99707,-666666666,-666666666
99709,86294,1985
99712,112808,1988
99714,88258,1985
99720,-666666666,1988
99721,95500,1982
99722,38125,1986
99723,115313,1985
99724,-666666666,1985
99725,53364,1984
99726,129167,1986
99727,58990,1983
99729,43438,1982
99730,24545,1978
99732,-666666666,1983
99733,24500,1996
99734,-666666666,-666666666
99736,58333,1989
99737,83107,1988
99738,40750,1981
99739,37031,1986
99740,42022,1985
99741,87875,1985
99742,52500,1982
99743,106250,1993
99744,101875,1980
99745,-666666666,1989
99746,30417,1989
99747,93750,1983
99748,68125,1983
99749,67386,1991
99750,72589,1980
99751,37917,1991
99752,110357,1986
99753,36563,1986
99754,-666666666,1981
99755,63603,1988
99756,58125,1988
99757,-666666666,1985
99758,-666666666,1983
99759,104063,1987
99760,66823,1984
99761,83750,1991
99762,113558,1983
99763,63750,1991
99764,33036,1982
99765,53021,1987
99766,74844,1982
99767,-666666666,-666666666
99768,-666666666,1989
99769,53750,1982
99770,52500,1988
99771,80417,1991
99772,61458,1987
99773,78750,1986
99774,-666666666,1988
99775,71959,1977
99776,53125,1983
99777,83036,1984
99778,54375,1986
99780,64330,1989
99781,67500,1985
99782,93750,1980
99783,37188,1980
99784,62500,1988
99785,63088,1994
99786,40556,1990
99788,59286,1988
99789,78438,1982
99790,-666666666,1988
99791,90625,1991
99801,102217,1982
99820,45288,1977
99824,92188,1978
99825,-666666666,1981
99826,63558,1995
99827,85208,1986
99829,80500,1982
99830,52159,1983
99832,64750,1982
99833,75125,1979
99835,101727,1979
99836,57813,1982
99840,81136,1985
99841,54375,1986
99850,-666666666,-666666666
99901,92885,1977
99903,-666666666,1979
99918,62917,1993
99919,61250,1987
99921,64250,1988
99922,46875,1989
99923,-666666666,1945
99925,61250,1989
99926,72279,1983
99927,-666666666,-666666666
99929,64375,1976
