"Created at:","Mar 29, 2026"
"Applied Filters:"
"Area Median Income","0 - 30%; 30 - 60%; 60 - 80%; 80 - 100%; 100 - 150%; 150%+"
"Building Age","Before 1940; 1940 - 59; 1960 - 79; 1980 - 99; 2000 - 19; 2020+"
"Heating Fuel Type","Utility Gas; Bottled Gas; Electricity; Fuel Oil; Coal; Wood; Solar; Other; None"
"Building Type","1 unit detached; 1 unit attached; 2 units; 3 - 4 units; 5 - 9 units; 10 - 19 units; 20 - 49 units; 50+ units; Boat/RV/Van; Mobile/Trailer"
Rent/Own,"Renter-occupied; Owner-occupied"

"Geography ID",Name,State,"Energy Burden (% income)","Energy Burden (% income) (Electricity)","Energy Burden (% income) (Gas)","Energy Burden (% income) (Other)","Avg. Annual Energy Cost ($)","Avg. Annual Energy Cost ($) (Electricity)","Avg. Annual Energy Cost ($) (Gas)","Avg. Annual Energy Cost ($) (Other)","Total Households","Household Income","Black/ African American (% pop.)","American Indian/ Native Alaskan (% pop.)","Asian (% pop.)","Native Hawaiian/ Other Pacific Islander (% pop.)","White Hispanic or Latino (% pop.)","White Non-Hispanic or Latino (% pop.)","Two or More Races (% pop.)","Other Races (% pop.)","Less Than High School (% pop.)","High School (% pop.)","Associates or Some College (% pop.)","Bachelors or Higher (% pop.)"
100124,Abbeville,Alabama,4,4,0,0,2106,2032,63,11,500,56006,46,0,0,0,2,50,1,1,20,27,34,19
100460,Adamsville,Alabama,4,3,1,0,2854,2159,679,16,2374,71264,58,0,0,0,0,40,2,0,14,30,33,22
100820,Alabaster,Alabama,2,2,0,0,2763,2378,377,8,9603,117329,18,1,1,0,2,70,4,4,4,19,33,43
1008680,Bridgeville,Delaware,3,2,1,0,2307,1439,668,200,275,81229,21,0,0,0,6,60,12,1,13,25,27,35
100988,Albertville,Alabama,3,2,0,0,1963,1676,270,17,5327,72204,4,3,1,0,15,61,8,8,19,29,31,21
1010760,Camden,Delaware,3,2,1,0,2457,1500,786,171,1636,80654,30,0,3,0,2,56,5,3,4,28,28,40
101132,"Alexander City",Alabama,4,4,1,0,2722,2354,347,21,2594,62340,32,0,0,0,1,61,3,2,19,32,32,17
1015440,Clayton,Delaware,3,2,1,0,3140,2152,810,178,891,102528,31,0,2,0,2,55,9,1,7,26,30,37
101708,Andalusia,Alabama,3,3,0,0,1981,1781,185,15,1383,65165,23,0,0,0,1,72,3,1,11,24,39,27
101852,Anniston,Alabama,4,3,1,0,2520,2013,477,30,9923,65019,45,0,1,0,2,46,4,3,13,31,35,22
102116,Arab,Alabama,2,2,0,0,2037,1686,330,21,1561,83121,1,0,2,0,2,90,4,2,8,30,38,24
1021200,Dover,Delaware,3,2,1,0,2223,1416,596,211,11010,75174,41,1,3,0,3,41,9,2,10,26,36,29
102320,Argo,Alabama,3,2,1,0,3053,2449,591,13,1049,105838,9,0,0,0,0,87,1,3,5,25,38,32
1024540,Elsmere,Delaware,3,2,1,0,2529,1522,864,143,2127,85786,14,1,2,0,14,49,16,4,16,31,32,20
1029090,Georgetown,Delaware,3,2,1,0,2483,1641,625,217,677,78816,17,1,2,0,22,44,9,6,16,30,29,25
102956,Athens,Alabama,2,2,0,0,1916,1671,232,13,9266,82591,18,2,1,0,2,67,5,5,11,26,33,30
103004,Atmore,Alabama,4,4,0,0,2116,1987,103,26,587,52683,39,5,0,0,0,52,2,0,17,44,28,11
103028,Attalla,Alabama,4,3,1,0,2648,2161,471,16,1265,66287,9,0,0,0,2,86,2,1,12,29,48,11
103076,Auburn,Alabama,2,2,0,0,2014,1798,210,6,23944,82416,20,0,8,0,1,66,4,2,3,12,32,53
1033120,Harrington,Delaware,3,2,1,1,2519,1575,544,400,366,79837,18,0,3,0,2,71,6,0,7,30,37,26
1041310,Laurel,Delaware,4,2,1,1,2774,1662,547,565,497,74570,33,0,0,0,4,56,6,1,12,35,37,16
1041830,Lewes,Delaware,3,2,1,0,3169,2278,750,141,1249,125309,1,0,1,0,0,93,3,1,8,15,21,56
104660,"Bay Minette",Alabama,3,3,0,0,2383,2214,160,9,1758,82409,21,1,0,0,1,73,4,0,12,30,43,15
104684,"Bayou La Batre",Alabama,5,5,0,0,2342,2165,165,12,325,46750,7,1,13,0,2,67,5,5,34,29,28,9
1047030,Middletown,Delaware,2,1,1,0,2353,1520,745,88,5140,116890,32,0,3,0,3,51,6,5,4,24,32,41
1047420,Milford,Delaware,3,2,1,1,2410,1484,455,471,2953,70489,26,0,2,0,4,53,8,7,10,32,31,27
1047940,Millsboro,Delaware,2,2,1,0,2061,1375,607,79,1366,86492,18,1,2,0,0,66,9,4,5,21,35,40
1048330,Milton,Delaware,3,2,1,0,2665,1567,825,273,239,103200,7,0,1,0,1,83,7,2,7,26,28,39
1050670,Newark,Delaware,2,2,1,0,2176,1467,495,214,8342,96999,10,0,7,0,3,69,8,3,2,17,35,47
1050800,"New Castle",Delaware,3,2,1,0,3384,2545,609,230,2441,103928,26,0,1,0,5,60,3,5,5,33,26,35
105980,Bessemer,Alabama,4,3,1,0,2453,1895,537,21,12236,67994,64,0,2,0,1,26,4,3,11,35,31,23
1064320,Seaford,Delaware,5,4,1,0,3725,2861,573,291,1594,74792,29,0,2,0,3,55,8,2,12,31,38,19
1067310,Smyrna,Delaware,4,3,1,0,3259,2324,739,196,3304,89512,32,0,2,0,1,53,12,1,10,25,35,30
107000,Birmingham,Alabama,3,3,1,0,2414,1878,525,11,87576,70919,64,0,2,0,1,28,3,2,10,24,32,34
1077580,Wilmington,Delaware,3,2,1,0,2120,1367,650,103,31650,79200,54,0,1,0,4,30,5,5,9,31,23,36
107912,Boaz,Alabama,3,3,1,0,2293,1902,368,23,2032,67537,5,0,0,0,1,80,6,8,12,38,35,15
109136,Brent,Alabama,4,3,0,0,2462,2157,291,14,350,63914,39,0,1,0,0,58,2,0,31,31,23,15
109208,Brewton,Alabama,3,3,0,0,2124,1906,187,31,643,64005,44,0,0,0,2,48,5,0,14,33,26,27
109400,Brighton,Alabama,5,4,1,0,2715,2086,622,7,1111,55783,76,1,0,0,0,6,3,14,12,42,34,13
111416,Calera,Alabama,3,3,0,0,2611,2304,299,8,2683,90394,25,0,0,0,2,65,2,5,4,25,36,36
113264,"Center Point",Alabama,4,4,1,0,2591,2120,448,23,5881,60201,77,0,0,0,1,17,3,2,9,34,39,18
113648,Centre,Alabama,4,3,1,0,2363,1946,381,36,535,67316,10,0,0,0,0,87,3,0,18,28,35,19
113672,Centreville,Alabama,4,3,0,0,2528,2199,311,18,216,70209,25,0,1,0,0,71,2,0,29,31,25,14
114104,Chelsea,Alabama,2,2,0,0,2851,2331,498,22,2194,133391,6,0,0,0,1,89,3,1,3,14,32,52
114392,Chickasaw,Alabama,5,4,1,0,2691,2132,548,11,2229,54545,50,0,0,0,1,44,3,1,11,37,35,16
114464,Childersburg,Alabama,4,3,1,0,2679,2305,353,21,980,66911,38,0,1,0,0,57,3,1,16,33,40,11
1150000,Washington,"District of Columbia",1,1,0,0,1838,1166,635,37,315794,155416,45,0,4,0,3,36,7,5,7,13,15,65
115064,Citronelle,Alabama,6,3,2,0,4234,2379,1836,19,729,73930,14,1,1,0,0,71,8,4,11,46,29,13
115136,Clanton,Alabama,3,3,0,0,2392,2152,223,17,2352,69115,12,1,2,0,1,78,4,2,15,36,32,17
115256,Clay,Alabama,3,2,1,0,2909,2143,756,10,2680,86768,37,0,3,0,2,53,4,1,6,28,38,28
115376,Clayton,Alabama,4,3,0,0,2400,2094,286,20,26,60185,63,1,0,0,0,34,2,0,20,49,23,7
116768,Columbiana,Alabama,3,2,0,0,2717,2316,377,24,670,93713,20,0,0,0,2,72,4,1,13,37,24,26
118976,Cullman,Alabama,3,2,1,0,2254,1731,496,27,5734,75892,1,0,0,0,0,92,5,1,10,28,34,28
119336,Dadeville,Alabama,4,3,1,0,2742,2315,403,24,237,66902,24,0,0,0,0,72,3,0,25,27,31,17
119360,Daleville,Alabama,3,3,0,0,2002,1941,52,9,2118,58043,29,2,2,0,2,58,6,1,9,30,37,24
119648,Daphne,Alabama,2,2,0,0,1825,1726,91,8,6644,100720,15,0,2,0,1,77,4,0,4,23,31,43
1200375,Alachua,Florida,3,3,0,0,3195,2878,296,21,2870,103266,18,0,2,0,4,69,6,1,2,22,30,46
1200950,"Altamonte Springs",Florida,2,2,0,0,1703,1655,44,4,18612,86974,16,0,3,0,12,47,15,7,5,17,36,41
120104,Decatur,Alabama,3,2,0,0,2188,1803,368,17,21125,76268,23,0,1,0,4,60,5,7,14,28,33,24
1201700,Apopka,Florida,2,2,0,0,2391,2332,53,6,18051,104008,25,0,3,0,11,40,14,6,13,22,29,36
1201750,Arcadia,Florida,4,4,0,0,1882,1832,46,4,1336,44904,18,0,0,0,21,38,12,11,27,33,25,14
1202400,"Atlantic Beach",Florida,1,1,0,0,1958,1837,118,3,4632,131737,8,0,4,0,2,77,8,2,8,16,21,54
1202550,Auburndale,Florida,3,3,0,0,2169,2128,37,4,7425,84614,9,0,1,0,7,71,4,8,12,36,32,20
1202681,Aventura,Florida,1,1,0,0,1589,1512,75,2,18403,134219,2,0,2,0,23,47,23,4,3,13,26,58
1202750,"Avon Park",Florida,3,3,0,0,1920,1867,50,3,3419,58647,22,0,1,0,15,36,7,19,26,29,30,14
120296,Demopolis,Alabama,4,4,1,0,2583,2237,315,31,717,58111,56,0,1,0,2,38,2,2,5,34,33,27
1203275,"Bal Harbour",Florida,1,1,0,0,1546,1476,69,1,1325,156041,0,0,0,0,13,63,12,12,2,12,22,64
1203675,Bartow,Florida,3,2,0,0,2021,1968,49,4,8286,78771,22,0,2,0,4,57,8,7,8,35,37,20
1203975,"Bay Harbor Islands",Florida,1,1,0,0,1638,1550,86,2,537,132352,3,1,1,0,17,38,32,8,0,17,28,55
1205075,Belleair,Florida,2,1,0,0,2505,2231,270,4,1906,165652,2,0,3,0,1,87,7,1,0,17,17,65
1205200,"Belle Glade",Florida,4,4,0,0,1917,1878,38,1,2710,52378,86,1,1,0,3,3,2,4,32,28,29,11
1205300,"Belle Isle",Florida,2,2,0,0,2304,2154,113,37,3280,130343,3,0,3,0,8,72,7,7,6,16,28,51
1205375,Belleview,Florida,3,3,0,0,1868,1798,61,9,1259,70112,5,0,0,0,5,77,10,2,7,35,38,21
1206600,"Biscayne Park",Florida,2,2,0,0,2365,2291,73,1,928,113006,29,0,1,0,19,31,17,4,2,28,22,48
1206925,Blountstown,Florida,5,4,0,0,2647,2374,255,18,43,58127,40,2,1,0,2,46,7,4,15,44,28,13
1207300,"Boca Raton",Florida,1,1,0,0,2239,2171,63,5,43745,157189,5,0,3,0,6,73,8,4,3,12,24,61
1207450,Bonifay,Florida,4,4,0,0,1855,1772,72,11,196,50137,11,0,4,0,1,77,6,1,15,41,32,11
1207525,"Bonita Springs",Florida,1,1,0,0,1732,1650,77,5,23360,129905,1,0,1,0,10,73,9,5,6,20,28,46
1207775,"Bowling Green",Florida,3,3,0,0,2094,2002,91,1,75,62660,4,0,0,0,21,39,22,13,18,48,19,14
1207875,"Boynton Beach",Florida,2,2,0,0,1717,1694,20,3,31057,90580,32,0,2,0,7,45,10,4,11,23,33,33
1207950,Bradenton,Florida,2,2,0,0,1641,1589,44,8,19939,80570,13,1,2,0,13,60,8,3,11,28,30,31
1208800,Brooksville,Florida,3,3,0,0,1629,1544,74,11,3090,53618,11,0,0,0,5,75,7,2,10,28,43,20
1209550,Bunnell,Florida,2,2,0,0,1661,1589,66,6,3331,83231,9,0,2,0,3,78,4,3,7,32,39,23
1209625,Bushnell,Florida,4,4,0,0,2825,2686,133,6,425,69504,6,0,1,0,6,78,4,4,16,30,35,19
1209725,Callaway,Florida,3,3,0,0,2165,2020,140,5,3875,75204,18,0,5,0,3,62,8,4,10,23,45,21
1210250,"Cape Canaveral",Florida,1,1,0,0,1278,1226,33,19,2887,89335,1,0,1,0,5,86,2,5,4,27,31,38
1210275,"Cape Coral",Florida,2,2,0,0,2041,1996,42,3,71016,90741,4,0,2,0,10,66,14,3,6,34,33,27
1210725,Carrabelle,Florida,3,3,1,0,2461,2072,375,14,33,72908,27,1,0,0,2,41,18,12,11,34,32,23
1211050,Casselberry,Florida,2,2,0,0,1854,1718,131,5,11061,79320,11,0,4,0,11,54,9,11,7,21,37,36
1211800,Chattahoochee,Florida,6,5,1,0,3269,2865,374,30,128,54763,56,0,0,0,1,36,7,0,12,46,32,10
121184,Dothan,Alabama,2,2,0,0,1741,1671,61,9,26189,77368,35,0,1,0,2,56,4,1,11,27,35,27
1211925,Chiefland,Florida,3,2,0,0,1950,1748,191,11,94,70121,15,0,1,0,5,74,4,1,15,37,31,18
1211975,Chipley,Florida,3,3,0,0,2085,1898,177,10,209,65459,13,1,0,0,3,72,3,7,13,41,25,21
1212875,Clearwater,Florida,2,2,0,0,1966,1800,161,5,45768,91719,12,0,3,0,7,66,8,4,8,26,32,34
1212925,Clermont,Florida,2,2,0,0,2060,1924,131,5,10414,97764,15,0,4,0,8,48,22,4,7,20,38,35
1213000,Clewiston,Florida,5,5,0,0,3566,3496,69,1,1286,71324,13,3,2,0,29,36,13,4,19,37,33,11
1213150,Cocoa,Florida,2,2,0,0,1684,1590,84,10,7782,71864,26,0,1,0,7,54,9,2,12,28,34,26
1213175,"Cocoa Beach",Florida,1,1,0,0,1468,1409,54,5,5633,116467,1,0,1,0,3,89,5,1,1,15,33,51
1213275,"Coconut Creek",Florida,2,2,0,0,1653,1636,16,1,23227,95748,16,0,3,0,11,48,15,5,6,25,31,37
1214125,"Cooper City",Florida,2,2,0,0,2472,2416,50,6,11077,147135,7,0,6,0,18,49,15,4,3,17,28,52
1214250,"Coral Gables",Florida,1,1,0,0,2450,2325,120,5,18855,185322,2,0,3,0,30,34,28,3,3,8,19,70
1214400,"Coral Springs",Florida,2,2,0,0,2218,2188,26,4,43742,118962,25,0,6,0,13,37,15,5,4,20,33,43
1215475,Crestview,Florida,2,2,0,0,1986,1742,239,5,5190,85957,17,1,3,1,4,64,9,2,5,20,49,26
1215775,"Crystal River",Florida,3,3,0,0,1987,1883,98,6,775,72075,4,0,1,0,3,86,4,1,11,33,31,25
1215968,"Cutler Bay",Florida,2,2,0,0,2266,2184,80,2,13922,109802,9,0,2,0,30,22,31,6,9,25,32,34
1216125,"Dade City",Florida,3,3,0,0,1954,1894,54,6,2239,68689,15,0,0,0,20,50,6,8,19,30,30,21
1216335,"Dania Beach",Florida,2,2,0,0,1635,1596,35,4,12181,84053,17,0,2,0,17,44,16,4,6,30,31,33
1216450,Davenport,Florida,2,2,0,0,1971,1945,24,2,2083,84503,17,0,1,0,19,30,17,17,6,32,36,26
1216475,Davie,Florida,2,2,0,0,2029,1984,41,4,36942,116456,7,0,7,0,19,40,20,7,7,18,30,45
1216525,"Daytona Beach",Florida,2,2,0,0,1564,1483,75,6,32022,65292,32,0,3,0,4,52,5,4,10,28,35,27
1216550,"Daytona Beach Shores",Florida,2,2,0,0,1507,1439,63,5,820,87495,2,1,2,0,3,87,3,1,3,27,29,41
1216675,DeBary,Florida,2,2,0,0,2190,2117,65,8,8993,103523,6,0,4,0,7,72,5,6,4,24,41,32
1216725,"Deerfield Beach",Florida,2,2,0,0,1642,1616,24,2,34183,74471,25,0,2,0,8,43,16,5,11,26,32,30
1216800,"DeFuniak Springs",Florida,3,3,0,0,2087,1905,172,10,1043,73283,10,2,0,0,2,74,7,5,11,23,42,25
1216875,DeLand,Florida,2,2,0,0,1836,1739,87,10,10729,82683,14,0,1,0,7,62,9,8,7,26,35,32
1217100,"Delray Beach",Florida,2,1,0,0,1691,1646,39,6,27509,111249,30,0,2,0,5,52,8,3,8,20,26,45
1217200,Deltona,Florida,3,3,0,0,2204,2159,38,7,27382,83366,11,0,2,0,12,47,9,19,8,32,39,20
1217325,Destin,Florida,2,2,0,0,2163,1930,228,5,4825,113249,4,0,1,0,4,79,8,2,4,15,33,47
1217935,Doral,Florida,2,2,0,0,1820,1795,24,1,20295,111595,1,0,3,0,53,11,24,7,9,10,19,62
1218550,Dundee,Florida,3,3,0,0,2171,2130,39,2,2193,62789,19,0,2,0,14,35,8,22,22,40,23,16
1218575,Dunedin,Florida,2,2,0,0,1828,1747,75,6,17271,90944,4,0,1,0,3,85,6,1,5,24,33,38
1218875,"Eagle Lake",Florida,3,3,0,0,2255,2213,36,6,1071,82514,9,0,2,0,22,56,5,5,16,37,31,16
1219825,Edgewater,Florida,2,2,0,0,1812,1759,46,7,8440,74179,1,0,1,0,4,88,3,2,7,29,40,23
1219900,Edgewood,Florida,2,2,0,0,1998,1916,77,5,1233,108040,10,0,7,0,10,54,12,6,8,27,22,43
1221150,Estero,Florida,1,1,0,0,1864,1733,123,8,15797,138718,2,0,3,0,4,86,4,1,3,14,29,54
1221350,Eustis,Florida,3,3,0,0,2153,1992,152,9,6255,79565,22,0,2,0,8,58,9,2,8,34,32,25
1222100,Fellsmere,Florida,2,2,0,0,2097,1987,98,12,1111,86410,3,1,1,0,26,50,11,9,20,35,29,16
122216,"East Brewton",Alabama,4,4,0,0,2213,2011,184,18,29,55668,21,0,0,0,5,61,12,1,8,45,36,10
1222175,"Fernandina Beach",Florida,2,2,0,0,1985,1766,191,28,5501,116615,11,0,1,0,7,77,4,0,3,14,34,49
1222550,"Flagler Beach",Florida,2,1,0,0,1584,1512,64,8,1543,105280,4,1,1,0,1,87,6,0,4,24,37,36
1222975,"Florida City",Florida,3,3,0,0,1670,1636,33,1,3783,61840,35,1,0,0,29,7,16,12,28,30,31,10
1224000,"Fort Lauderdale",Florida,2,1,0,0,1790,1719,69,2,77313,115187,30,0,2,0,9,44,12,3,8,21,27,44
1224100,"Fort Meade",Florida,4,4,0,0,2468,2392,73,3,1329,65777,19,0,0,0,16,48,4,12,22,41,27,10
1224125,"Fort Myers",Florida,2,2,0,0,1608,1569,36,3,33681,85956,23,1,2,0,9,46,13,6,13,25,28,34
1224150,"Fort Myers Beach",Florida,1,1,0,0,1552,1489,59,4,2480,142325,0,0,1,1,1,92,5,0,4,21,28,47
1224300,"Fort Pierce",Florida,3,3,0,0,1731,1643,81,7,16456,54218,44,1,1,0,10,31,8,5,24,26,29,21
1224475,"Fort Walton Beach",Florida,3,2,0,0,2177,1861,311,5,8843,83252,12,0,4,0,3,65,10,6,6,27,38,30
1224825,Freeport,Florida,2,2,0,0,2115,1891,216,8,631,106542,2,0,1,0,4,82,7,4,4,22,46,28
1224900,Frostproof,Florida,3,3,0,0,2177,2060,114,3,997,68690,13,1,0,0,6,65,7,8,16,36,31,16
1224975,"Fruitland Park",Florida,2,2,0,0,2022,1820,189,13,2515,87588,12,0,1,0,5,74,5,3,10,30,29,31
1225175,Gainesville,Florida,3,3,0,0,1925,1674,244,7,53219,66524,21,0,6,0,6,56,8,2,4,14,32,49
1227000,Graceville,Florida,3,3,0,0,2102,1903,189,10,179,70044,32,0,1,0,2,63,2,1,8,36,37,19
1227256,Grant-Valkaria,Florida,2,2,0,0,1945,1885,53,7,1780,114886,8,0,0,0,4,78,9,0,5,22,33,40
1227322,Greenacres,Florida,2,2,0,0,1698,1657,35,6,14594,73733,25,0,3,0,20,24,11,17,16,29,30,24
1227400,"Green Cove Springs",Florida,4,4,0,0,3187,3088,89,10,3329,81411,14,0,1,0,6,66,9,5,6,26,38,29
1227800,Groveland,Florida,2,2,0,0,2057,1915,137,5,4267,101914,15,0,5,0,7,54,16,2,8,20,33,39
1228000,"Gulf Breeze",Florida,2,2,0,0,2757,2475,276,6,2668,134862,2,1,1,1,1,82,10,3,2,10,24,64
1228175,Gulfport,Florida,2,2,0,0,1852,1726,112,14,6103,81978,5,0,1,0,2,82,8,1,4,19,32,45
1228400,"Haines City",Florida,3,3,0,0,1969,1919,47,3,7438,72501,23,0,1,0,17,28,11,20,13,38,31,18
1228452,"Hallandale Beach",Florida,2,2,0,0,1271,1230,38,3,19026,67488,19,0,2,0,17,40,18,4,9,26,26,39
1230000,Hialeah,Florida,3,3,0,0,1867,1817,47,3,76307,68476,2,0,1,0,44,3,42,7,24,31,23,22
1230025,"Hialeah Gardens",Florida,3,3,0,0,1873,1841,31,1,7663,69559,1,0,0,0,43,3,44,8,21,31,29,19
1230200,"Highland Beach",Florida,1,1,0,0,1741,1718,21,2,2325,227948,4,0,2,0,5,84,1,4,2,5,13,80
1230525,"High Springs",Florida,2,2,0,0,2609,2408,186,15,884,106280,12,0,1,0,5,75,5,2,5,18,38,39
1230750,Hilliard,Florida,3,2,0,0,2160,2031,121,8,188,82775,10,0,0,0,0,85,4,0,18,45,26,11
1231350,"Holly Hill",Florida,3,2,0,0,1734,1630,94,10,6208,65494,20,0,1,0,3,64,8,3,8,32,39,21
1232000,Hollywood,Florida,2,2,0,0,1813,1754,57,2,60590,90602,19,0,2,0,19,36,18,6,9,24,33,35
1232150,"Holmes Beach",Florida,1,1,0,0,1526,1468,53,5,631,129154,0,0,1,0,2,90,4,3,2,14,18,67
1232275,Homestead,Florida,3,3,0,0,2031,2009,22,0,20372,73152,23,2,0,0,36,10,21,8,23,21,29,27
123296,Elba,Alabama,3,2,0,0,1739,1521,201,17,292,63210,21,0,0,0,0,75,4,0,20,31,31,18
1233150,Hypoluxo,Florida,1,1,0,0,1453,1437,14,2,1137,108471,16,0,0,0,3,75,3,3,5,10,27,57
1233375,Indialantic,Florida,2,2,0,0,1935,1834,94,7,717,119379,0,0,0,0,2,90,7,1,0,14,21,64
1233450,"Indian Harbour Beach",Florida,1,1,0,0,1756,1635,117,4,3712,119797,1,0,2,0,4,82,4,7,2,10,35,53
1233600,"Indian River Shores",Florida,1,1,0,0,1851,1714,119,18,1685,198799,1,0,3,0,1,92,4,0,1,6,13,80
1233625,"Indian Rocks Beach",Florida,1,1,0,0,1863,1791,69,3,1670,129564,0,0,4,0,2,86,4,3,4,14,30,51
1233950,Inverness,Florida,3,3,0,0,1716,1662,51,3,2070,59073,3,0,3,0,6,82,4,1,5,28,43,25
1234132,"Islamorada, Village of Islands",Florida,2,2,0,0,2566,2484,78,4,540,145427,1,0,1,0,6,79,8,5,2,25,31,42
1235000,Jacksonville,Florida,2,2,0,0,1908,1826,74,8,377616,88317,30,0,5,0,5,49,8,3,8,25,34,34
1235050,"Jacksonville Beach",Florida,1,1,0,0,1839,1722,114,3,10822,151501,2,0,2,0,3,87,5,1,3,13,20,65
1235375,Jasper,Florida,3,3,0,0,2229,2128,94,7,26,71035,53,0,2,0,6,36,4,0,13,38,44,5
1235850,"Juno Beach",Florida,1,1,0,0,1511,1430,78,3,2749,145604,0,0,1,0,4,89,4,1,3,21,19,57
1235875,Jupiter,Florida,1,1,0,0,2161,2012,144,5,24298,156112,2,0,2,0,7,75,12,3,4,14,26,55
1236175,"Kenneth City",Florida,2,2,0,0,1806,1740,58,8,1545,72946,5,0,6,0,5,68,12,4,8,36,35,22
1236300,"Key Biscayne",Florida,1,1,0,0,1827,1773,52,2,3930,213828,0,0,0,0,34,22,41,2,1,5,17,77
1236550,"Key West",Florida,2,2,0,0,2742,2669,70,3,6499,123489,13,0,2,0,9,58,12,5,5,25,29,41
1236950,Kissimmee,Florida,3,3,0,0,1989,1919,67,3,20993,64551,8,0,3,0,25,16,18,29,11,31,30,28
1237225,LaBelle,Florida,3,3,0,0,1919,1873,44,2,947,63474,3,2,0,0,39,29,17,9,28,30,31,12
1237375,"Lady Lake",Florida,3,2,0,0,1658,1554,98,6,5907,65100,4,0,1,0,3,88,3,0,5,28,42,25
1237525,"Lake Alfred",Florida,3,3,0,0,2037,1990,42,5,3587,75400,12,0,6,0,5,56,8,13,8,34,32,26
1237775,"Lake City",Florida,3,3,0,0,2032,1929,96,7,2534,70991,27,0,1,0,2,60,7,3,10,32,35,23
1237800,"Lake Clarke Shores",Florida,1,1,0,0,1832,1801,29,2,1114,138724,6,0,0,0,23,58,12,1,5,28,27,41
1238025,"Lake Helen",Florida,2,2,0,0,2267,2191,67,9,841,101614,12,0,0,0,3,68,5,10,4,23,35,38
1238250,Lakeland,Florida,2,2,0,0,1792,1731,54,7,44518,78653,19,0,2,0,7,58,7,6,9,30,33,28
1238425,"Lake Mary",Florida,2,2,0,0,2038,1998,38,2,7446,124516,10,0,9,0,6,64,8,4,2,16,26,56
1238600,"Lake Park",Florida,2,2,0,0,1808,1739,59,10,4590,95819,56,0,1,0,5,28,10,1,13,27,24,36
1238950,"Lake Wales",Florida,3,3,0,0,2052,1995,54,3,5213,64928,19,0,0,0,10,52,10,8,11,31,34,24
1239375,Lantana,Florida,2,2,0,0,1817,1773,43,1,4837,96977,31,0,0,0,8,46,5,9,12,26,33,29
1239425,Largo,Florida,2,2,0,0,1775,1715,55,5,36833,74506,9,0,3,0,7,71,8,2,8,27,37,28
1239475,Lauderdale-by-the-Sea,Florida,1,1,0,0,1626,1558,64,4,3239,124897,1,0,1,0,4,75,18,1,1,18,26,55
1239525,"Lauderdale Lakes",Florida,3,3,0,0,1674,1643,28,3,12702,56319,80,0,3,0,2,7,6,1,22,32,28,18
1239550,Lauderhill,Florida,3,3,0,0,1733,1711,16,6,26383,65234,79,0,2,0,3,8,7,2,13,35,30,22
1239875,Leesburg,Florida,3,3,1,0,2148,1802,343,3,8532,63504,17,0,1,0,12,58,8,4,11,32,35,22
1240450,"Lighthouse Point",Florida,2,2,0,0,2205,2107,94,4,5334,128704,2,0,1,0,6,80,10,2,3,16,33,48
1240875,"Live Oak",Florida,3,3,0,0,2178,1999,166,13,346,63271,24,0,0,0,5,63,6,1,13,40,26,22
1241150,"Longboat Key",Florida,1,1,0,0,1534,1429,102,3,4171,206671,1,0,1,0,2,93,3,1,2,11,18,70
1241250,Longwood,Florida,2,2,0,0,2054,1976,74,4,5113,96785,7,0,3,0,10,61,15,4,6,18,37,40
1241577,"Loxahatchee Groves",Florida,2,2,0,0,2552,2450,98,4,1927,132325,11,1,6,0,11,57,13,2,7,20,41,31
1241825,"Lynn Haven",Florida,2,2,0,0,2193,2019,168,6,4679,101880,8,1,3,0,3,77,7,2,5,21,41,32
124184,Enterprise,Alabama,3,3,0,0,2232,2133,89,10,8514,77765,21,1,1,0,5,61,8,3,10,21,41,28
1241950,Macclenny,Florida,2,2,0,0,2281,2089,183,9,285,97655,11,0,1,0,0,77,11,0,6,35,35,24
1242400,"Madeira Beach",Florida,2,2,0,0,1935,1866,66,3,2150,118480,1,0,1,0,4,89,5,0,3,21,24,53
1242425,Madison,Florida,4,4,0,0,2110,1925,171,14,138,53209,50,0,0,0,4,40,4,2,21,31,36,12
1242575,Maitland,Florida,1,1,0,0,1814,1717,92,5,7860,135786,16,1,4,0,5,61,8,4,2,10,26,62
1242625,Malabar,Florida,2,2,0,0,1936,1880,50,6,1007,111865,9,0,0,0,5,76,11,0,3,23,34,41
1242900,"Mangonia Park",Florida,3,3,0,0,1681,1668,12,1,433,52461,79,1,0,0,3,9,7,1,22,28,33,16
1243000,Marathon,Florida,2,2,0,0,2207,2126,74,7,1339,116768,3,0,0,0,21,52,20,3,9,28,30,33
1243083,"Marco Island",Florida,1,1,0,0,1882,1785,94,3,7794,161576,0,0,0,0,3,91,5,0,3,17,31,49
1243125,Margate,Florida,2,2,0,0,1667,1636,30,1,25508,75574,33,0,4,0,11,31,15,5,9,32,31,28
1243175,Marianna,Florida,3,3,0,0,2103,1892,195,16,924,62987,41,0,0,0,1,54,3,1,10,39,38,13
1243375,"Mary Esther",Florida,3,2,0,0,2442,2038,397,7,1052,95384,6,1,6,0,3,69,10,4,4,25,39,32
1243425,Mascotte,Florida,3,3,0,0,2235,1993,240,2,1576,76474,14,0,3,0,13,57,10,2,13,31,35,21
1243975,Melbourne,Florida,2,2,0,0,1696,1589,103,4,32804,76834,11,0,3,0,7,69,7,3,6,24,35,35
1244000,"Melbourne Beach",Florida,2,1,0,0,1913,1802,103,8,582,125160,0,0,4,0,6,85,3,1,5,11,19,64
1245000,Miami,Florida,2,2,0,0,1593,1544,47,2,184952,92507,14,0,1,0,34,12,32,6,19,21,21,39
1245025,"Miami Beach",Florida,1,1,0,0,1451,1365,85,1,32786,127213,4,0,2,0,27,36,19,11,8,15,23,53
1245060,"Miami Gardens",Florida,3,3,0,0,2229,2149,76,4,36008,71535,65,0,0,0,13,2,15,4,15,34,29,22
1245100,"Miami Lakes",Florida,2,2,0,0,2064,1988,72,4,9531,112953,2,0,2,0,45,8,37,7,5,17,32,46
1245175,"Miami Shores",Florida,2,1,0,0,2388,2252,132,4,5405,155267,25,1,2,0,15,33,15,9,9,15,25,51
1245200,"Miami Springs",Florida,2,1,0,0,1881,1802,76,3,5492,122246,2,0,1,0,44,18,29,6,12,18,27,42
1245425,Midway,Florida,3,3,0,0,2008,1740,256,12,254,68488,74,0,0,0,2,19,4,1,7,18,48,27
1245465,Midway,Florida,2,2,0,0,2591,2466,115,10,7743,121219,3,0,1,0,3,88,5,1,3,17,41,39
1245475,Midway,Florida,3,2,0,0,2314,2222,90,2,155,90873,47,1,1,0,13,22,8,8,4,35,33,28
124568,Eufaula,Alabama,4,4,0,0,2412,2244,148,20,3210,54281,51,0,0,0,0,39,3,7,20,33,33,14
1245750,Milton,Florida,3,3,0,0,2380,2224,148,8,3040,70692,7,1,5,0,3,71,8,5,12,27,41,20
1245900,Minneola,Florida,2,2,0,0,2192,2066,114,12,3097,102219,9,0,4,0,9,56,14,8,9,29,32,30
1245975,Miramar,Florida,2,2,0,0,2081,2005,72,4,43480,108875,46,0,6,0,19,10,14,4,6,31,28,35
1246550,"Moore Haven",Florida,4,4,0,0,2265,2189,69,7,15,55897,22,1,0,0,14,44,11,8,25,34,32,9
124664,Eutaw,Alabama,5,4,1,0,2493,1920,501,72,146,51580,83,0,0,0,0,15,0,0,21,27,23,29
1247050,"Mount Dora",Florida,3,2,0,0,2243,2078,156,9,4515,83747,12,0,0,1,9,69,7,1,6,26,34,34
1247200,Mulberry,Florida,2,2,0,0,2087,2040,38,9,961,111934,2,0,4,0,8,69,6,11,10,22,29,39
1247625,Naples,Florida,1,1,0,0,1862,1745,112,5,11043,201846,5,0,1,0,4,84,5,1,3,16,18,63
124808,Evergreen,Alabama,5,3,2,0,3113,1827,1237,49,226,57002,61,0,0,0,0,38,0,1,11,48,27,14
1248100,"Neptune Beach",Florida,1,1,0,0,1858,1729,124,5,3020,137143,0,1,0,0,4,91,2,0,2,11,25,62
1248200,Newberry,Florida,3,2,0,0,2647,2367,265,15,2569,103997,18,0,3,0,3,63,11,1,5,21,38,37
1248500,"New Port Richey",Florida,3,3,0,0,1689,1661,24,4,7206,57637,6,0,1,0,5,75,9,3,9,40,34,17
1248625,"New Smyrna Beach",Florida,2,1,0,0,1492,1440,46,6,9779,96933,4,0,1,0,4,85,5,2,7,22,34,37
1248750,Niceville,Florida,2,2,0,0,2547,2076,466,5,4544,119640,6,0,3,0,3,80,5,2,3,15,40,42
1249225,"North Bay Village",Florida,1,1,0,0,1362,1327,34,1,3395,115802,4,0,4,0,22,24,27,18,4,12,35,50
1249425,"North Lauderdale",Florida,2,2,0,0,1768,1746,21,1,15016,72029,59,0,4,0,11,11,9,6,14,32,32,23
1249450,"North Miami",Florida,3,3,0,0,1827,1771,51,5,19873,68892,56,0,1,0,16,9,14,4,15,34,26,24
1249475,"North Miami Beach",Florida,2,2,0,0,1769,1708,61,0,13402,77885,41,0,3,0,20,16,16,4,13,27,29,31
1249600,"North Palm Beach",Florida,1,1,0,0,1761,1650,102,9,6716,132715,2,0,2,0,4,83,7,1,3,17,24,57
1249675,"North Port",Florida,2,2,0,0,1828,1761,64,3,30264,99653,5,0,2,0,5,80,6,1,6,25,40,29
1250525,Oakland,Florida,2,1,0,0,2383,2260,107,16,1009,150982,18,0,2,0,8,55,14,3,5,17,33,44
1250575,"Oakland Park",Florida,2,2,0,0,1783,1727,54,2,17587,90860,32,0,2,0,12,33,17,4,10,26,32,32
1250750,Ocala,Florida,2,2,0,0,1794,1591,193,10,24995,72605,20,0,2,0,6,59,10,2,8,29,35,28
1251075,Ocoee,Florida,2,2,0,0,2487,2406,74,7,11725,106381,20,1,5,0,9,38,12,14,13,21,32,34
125120,Fairfield,Alabama,5,4,1,0,2720,2030,676,14,3256,53538,91,0,0,0,0,6,2,0,4,39,40,18
1251200,Okeechobee,Florida,3,3,0,0,1898,1838,56,4,951,67671,12,0,2,0,14,62,6,5,14,33,31,23
1251350,Oldsmar,Florida,2,2,0,0,2236,2136,96,4,5382,105369,5,1,3,0,6,71,11,2,3,21,34,42
1251650,Opa-locka,Florida,3,3,0,0,1817,1764,47,6,5835,53914,49,0,0,0,19,3,25,3,26,39,23,12
1251825,"Orange City",Florida,2,2,0,0,1909,1839,62,8,5119,80074,8,0,1,0,7,68,5,9,7,26,40,26
1252125,"Orange Park",Florida,2,2,0,0,1755,1704,41,10,3139,91561,22,0,5,0,6,54,8,5,5,20,51,23
125240,Fairhope,Alabama,2,2,0,0,2309,2010,291,8,4623,109569,7,0,1,0,1,86,3,2,5,13,28,53
1253000,Orlando,Florida,2,2,0,0,1725,1656,64,5,118537,97976,22,0,4,0,15,35,16,8,7,20,28,45
1253150,"Ormond Beach",Florida,2,2,0,0,1814,1719,84,11,16220,95813,7,0,2,0,4,81,4,2,7,23,35,35
1253575,Oviedo,Florida,2,2,0,0,2343,2275,67,1,10203,126978,7,0,6,0,9,61,12,4,2,13,28,56
1253800,Pahokee,Florida,4,3,0,0,2020,1964,50,6,560,57123,65,0,0,0,7,10,8,10,28,35,20,17
1253875,Palatka,Florida,4,3,0,0,1859,1688,166,5,2715,52347,46,0,1,0,2,43,7,0,15,44,26,15
1254000,"Palm Bay",Florida,2,2,0,0,1907,1867,35,5,42475,78557,19,0,2,0,7,56,13,4,7,26,40,27
1254025,"Palm Beach",Florida,1,1,0,0,1910,1841,60,9,3740,271056,0,0,1,0,1,93,4,1,3,4,22,71
1254075,"Palm Beach Gardens",Florida,1,1,0,0,2201,1988,194,19,26893,163685,6,0,4,0,5,76,6,2,3,14,27,56
1254200,"Palm Coast",Florida,2,2,0,0,1730,1670,54,6,31969,92209,11,0,2,0,5,69,7,5,7,26,35,31
1254250,Palmetto,Florida,2,2,0,0,1752,1680,62,10,3632,85053,17,0,2,0,13,55,7,5,12,28,34,26
1254275,"Palmetto Bay",Florida,1,1,0,0,2529,2420,107,2,7518,177429,4,1,4,0,27,40,23,2,5,12,19,65
1254450,"Palm Springs",Florida,2,2,0,0,1757,1702,51,4,9769,75195,15,0,3,0,25,19,20,17,23,30,25,22
1254700,"Panama City",Florida,3,3,0,0,2184,2032,143,9,14164,72576,22,1,2,0,3,61,8,3,10,27,38,25
1254725,"Panama City Beach",Florida,2,2,0,0,2119,1955,159,5,5909,103934,6,1,1,0,3,82,5,3,5,20,40,35
1255075,Parker,Florida,3,3,0,0,2292,2173,113,6,1036,83381,19,0,1,0,3,75,1,0,7,32,42,19
1255125,Parkland,Florida,1,1,0,0,3030,2890,136,4,10205,210138,14,0,8,0,9,56,11,3,2,13,16,69
1255750,"Pembroke Park",Florida,3,3,0,0,1525,1483,41,1,3069,50814,43,0,1,0,15,13,20,8,20,27,33,21
1255775,"Pembroke Pines",Florida,2,2,0,0,1888,1821,65,2,60684,104192,22,0,4,0,27,24,17,6,5,26,29,39
1255925,Pensacola,Florida,3,2,0,0,2480,2153,317,10,23805,92738,23,0,2,0,2,64,7,2,6,19,32,43
1256150,Perry,Florida,3,3,0,0,2182,1999,171,12,635,68361,30,0,0,0,1,67,1,0,13,40,25,22
1256625,Pinecrest,Florida,1,1,0,0,3677,3462,207,8,5744,250523,2,0,4,0,18,46,28,2,1,8,16,75
1256975,"Pinellas Park",Florida,2,2,0,0,1781,1723,50,8,19912,76228,5,0,11,0,7,66,8,2,11,29,32,28
1257425,Plantation,Florida,2,2,0,0,2077,1975,95,7,36187,111005,25,0,5,0,12,38,16,5,5,16,29,50
1257450,Plantation,Florida,2,2,0,0,1541,1482,48,11,2567,96753,0,0,1,0,1,95,1,1,2,15,32,51
1257550,"Plant City",Florida,3,2,0,0,2008,1921,86,1,13984,79724,11,2,1,0,16,49,11,10,18,30,28,23
1258050,"Pompano Beach",Florida,2,2,0,0,1840,1782,56,2,42870,87431,31,0,2,0,11,39,14,3,14,26,29,32
1258200,"Ponce Inlet",Florida,1,1,0,0,1729,1683,41,5,3149,115472,2,0,1,0,1,91,4,1,4,22,31,43
125840,Fayette,Alabama,4,4,1,0,2745,2265,421,59,148,63825,23,0,0,0,0,74,2,0,16,37,28,19
1258575,"Port Orange",Florida,2,2,0,0,1781,1724,51,6,22851,80762,4,1,2,0,3,85,4,1,6,25,40,29
1258600,"Port Richey",Florida,3,3,0,0,1753,1718,31,4,1484,65906,2,0,1,0,5,78,8,4,7,31,37,25
1258675,"Port St. Joe",Florida,3,2,1,0,2576,2099,462,15,219,92121,9,0,0,0,1,85,4,0,3,22,38,37
1258715,"Port St. Lucie",Florida,2,2,0,0,1974,1909,60,5,73046,93752,18,0,2,0,10,53,11,5,8,25,39,28
1259200,"Punta Gorda",Florida,2,2,0,0,1671,1609,53,9,7788,105320,3,0,1,0,2,88,5,1,4,21,33,42
1259325,Quincy,Florida,8,7,1,0,3817,3548,258,11,686,48809,72,1,0,0,5,15,3,3,17,41,27,16
1260975,"Riviera Beach",Florida,2,2,0,0,1974,1869,87,18,10708,81679,68,0,1,0,3,20,6,2,14,33,29,24
1261500,Rockledge,Florida,2,2,0,0,1908,1724,172,12,9548,98954,14,0,1,0,7,69,5,3,7,21,33,39
1262100,"Royal Palm Beach",Florida,2,2,0,0,2226,2165,56,5,12388,114744,26,0,5,0,11,41,13,3,6,23,32,39
1262425,"Safety Harbor",Florida,2,2,0,0,2275,2112,158,5,4774,126128,6,0,3,0,5,80,5,1,2,22,28,48
1262500,"St. Augustine",Florida,2,2,0,0,1975,1803,162,10,6158,117100,4,0,2,0,4,84,4,1,4,17,31,49
1262525,"St. Augustine Beach",Florida,1,1,0,0,1788,1658,124,6,2008,121768,0,0,1,0,2,93,3,1,1,12,38,49
1262625,"St. Cloud",Florida,2,2,0,0,1853,1822,28,3,14689,84784,8,1,2,0,13,44,18,14,8,29,36,27
1262885,"St. Pete Beach",Florida,1,1,0,0,2018,1946,63,9,4661,143579,1,0,2,0,1,90,4,2,3,17,30,49
1263000,"St. Petersburg",Florida,2,2,0,0,1972,1871,91,10,113180,104188,20,0,3,0,3,64,7,2,5,20,31,44
1263650,Sanford,Florida,2,2,0,0,1820,1778,40,2,20019,78384,27,0,4,0,7,41,11,9,10,26,35,29
1263700,Sanibel,Florida,1,1,0,0,2101,2000,92,9,3024,180750,1,1,1,0,0,96,1,0,0,19,17,64
1264175,Sarasota,Florida,1,1,0,0,1629,1570,57,2,23820,118075,15,0,2,0,7,65,9,2,7,22,27,44
1264400,"Satellite Beach",Florida,2,1,0,0,2084,1926,154,4,4343,138496,2,0,1,0,4,84,7,2,1,8,32,59
1264825,Sebastian,Florida,2,2,0,0,1893,1806,74,13,8499,92692,2,0,2,0,3,86,6,2,6,25,36,32
1264875,Sebring,Florida,3,3,0,0,1740,1680,56,4,4755,66167,8,0,1,0,10,67,7,6,11,35,34,21
1264975,Seminole,Florida,2,2,0,0,2040,1935,98,7,7997,95318,4,0,3,1,4,82,6,1,5,24,35,36
1267175,"South Bay",Florida,4,4,0,0,2191,2108,78,5,200,54098,48,1,1,0,16,14,19,1,43,23,22,13
1267325,"South Daytona",Florida,3,2,0,0,1707,1636,67,4,6246,68041,11,1,1,0,5,78,3,2,10,27,37,26
1267550,"South Miami",Florida,2,1,0,0,1957,1880,75,2,4723,125717,10,0,4,0,26,29,29,2,5,15,19,62
1267675,"South Pasadena",Florida,2,2,0,0,1307,1267,30,10,2732,82596,2,0,1,0,3,86,7,1,5,21,41,33
1268135,"Southwest Ranches",Florida,2,2,0,0,2807,2718,82,7,4901,180070,6,0,7,0,22,42,19,4,4,12,30,54
1268275,Springfield,Florida,4,3,0,0,2206,2073,126,7,2547,62393,20,1,5,1,3,62,7,2,12,42,34,11
1268525,Starke,Florida,5,4,0,0,2976,2899,70,7,552,66028,26,0,1,0,1,64,7,1,8,37,37,18
1268875,Stuart,Florida,2,2,0,0,1598,1555,39,4,7917,87508,14,0,1,0,5,68,9,3,6,22,34,37
126896,Florence,Alabama,3,3,0,0,1997,1700,284,13,13965,60492,19,1,1,0,2,71,5,1,10,33,32,25
1269555,"Sunny Isles Beach",Florida,1,1,0,0,1319,1267,52,0,8334,95586,1,0,3,0,24,45,24,2,5,16,31,48
1269700,Sunrise,Florida,2,2,0,0,1885,1827,51,7,37219,90022,34,0,5,0,14,25,17,5,7,24,35,34
126992,Foley,Alabama,2,2,0,0,1961,1727,227,7,7269,80802,7,1,2,0,3,78,5,4,10,33,29,28
1270075,Surfside,Florida,2,2,0,0,2239,2109,125,5,1305,136454,4,0,1,0,22,56,12,5,1,23,19,57
1270345,Sweetwater,Florida,3,3,0,0,1843,1799,44,0,6045,66799,3,0,1,0,49,4,39,5,34,23,16,27
1270600,Tallahassee,Florida,2,2,0,0,1539,1412,122,5,76329,76953,37,0,4,0,3,50,5,2,5,13,34,47
1270675,Tamarac,Florida,2,2,0,0,1618,1587,30,1,30105,75500,31,0,2,0,16,31,13,6,8,27,32,32
1271000,Tampa,Florida,2,2,0,0,1939,1830,107,2,156461,108204,22,0,4,0,11,44,14,5,9,21,25,45
1271150,"Tarpon Springs",Florida,2,2,0,0,2084,1960,118,6,9139,99835,5,0,1,0,5,80,7,2,5,24,34,36
1271225,Tavares,Florida,3,2,0,0,1834,1706,120,8,4553,72669,12,0,2,0,4,72,6,4,12,25,43,21
1271400,"Temple Terrace",Florida,2,2,0,0,1767,1693,68,6,11104,85142,21,0,7,0,10,47,11,4,7,17,34,42
1271525,Tequesta,Florida,1,1,0,0,2111,1960,149,2,2140,144395,0,0,2,0,3,85,7,4,1,13,29,57
1271900,Titusville,Florida,2,2,0,0,1744,1626,110,8,17706,77483,15,0,1,0,2,71,8,3,8,29,37,26
1272325,"Treasure Island",Florida,1,1,0,0,1874,1810,60,4,3688,131441,4,0,1,0,3,89,4,0,3,10,35,52
1273025,Umatilla,Florida,2,2,0,0,2132,1995,130,7,323,105009,2,1,0,0,4,91,2,0,7,32,39,22
1273675,Valparaiso,Florida,2,2,0,0,2383,1974,405,4,1942,114833,12,0,3,0,4,71,7,3,4,18,38,39
1273900,Venice,Florida,2,1,0,0,1479,1407,68,4,10751,98100,1,0,2,0,1,89,6,1,3,23,28,46
1274150,"Vero Beach",Florida,2,2,0,0,1638,1579,53,6,8089,90150,7,0,2,0,2,75,9,5,5,19,34,41
1274575,"Virginia Gardens",Florida,2,2,0,0,2009,1949,58,2,802,101087,0,0,0,0,42,21,26,12,25,19,25,30
1275375,Wauchula,Florida,6,6,0,0,2694,2632,57,5,849,47761,9,2,0,0,31,36,11,11,31,42,21,6
1275812,Wellington,Florida,2,2,0,0,2687,2618,66,3,20102,151201,12,0,5,0,10,53,15,4,5,13,31,51
127616,"Fort Payne",Alabama,3,3,0,0,2069,1749,293,27,3242,67511,2,1,0,0,7,74,4,12,19,27,34,20
1276500,"West Melbourne",Florida,2,2,0,0,1927,1783,141,3,8931,102657,4,1,5,0,6,73,8,2,6,19,32,44
1276525,"West Miami",Florida,2,2,0,0,2494,2377,114,3,2752,121791,2,0,4,0,41,7,40,6,11,22,31,36
1276582,Weston,Florida,1,1,0,0,2498,2436,60,2,20774,171400,4,0,7,0,24,31,29,5,1,9,17,73
1276600,"West Palm Beach",Florida,2,2,0,0,1760,1706,50,4,50047,97727,33,0,2,0,10,38,12,5,11,19,30,41
1276658,"West Park",Florida,3,3,0,0,2095,2021,72,2,4529,72815,46,1,1,0,17,12,19,4,19,21,38,21
1277675,Wildwood,Florida,2,2,0,0,1873,1677,184,12,8441,87159,8,0,1,0,2,84,2,3,5,25,30,39
1277825,Williston,Florida,4,4,0,0,2681,2577,99,5,362,61299,22,0,2,0,5,57,5,8,22,37,29,12
1278000,"Wilton Manors",Florida,1,1,0,0,1753,1682,69,2,6158,118240,8,0,3,2,3,71,12,2,6,12,36,46
1278050,Windermere,Florida,2,1,0,0,3170,2802,353,15,1083,197057,5,0,10,0,1,71,10,3,2,8,27,63
1278250,"Winter Garden",Florida,2,2,0,0,2360,2244,103,13,11334,123731,16,0,7,0,13,46,15,3,11,18,23,48
1278275,"Winter Haven",Florida,3,3,0,0,2046,2000,41,5,19407,72033,25,0,1,0,7,49,10,7,13,30,35,22
1278300,"Winter Park",Florida,1,1,0,0,2182,2034,141,7,13351,158988,8,0,5,0,6,71,8,2,3,14,22,62
1278325,"Winter Springs",Florida,2,2,0,0,2084,2030,52,2,13361,105355,8,0,5,0,10,61,10,5,4,14,32,49
1279225,Zephyrhills,Florida,3,3,0,0,1716,1637,64,15,6522,58652,4,0,2,0,8,73,9,4,10,35,37,17
128552,Fultondale,Alabama,3,2,1,0,2580,1975,595,10,2865,87885,38,0,3,0,2,52,3,3,10,28,27,35
128696,Gadsden,Alabama,5,4,1,0,2485,2008,464,13,11283,54290,38,1,1,0,1,51,4,4,15,33,38,14
129056,Gardendale,Alabama,3,2,1,0,2715,2111,593,11,4696,98601,12,0,0,0,1,75,5,6,8,31,28,34
129464,Geneva,Alabama,4,4,0,0,2348,2211,131,6,634,61524,9,0,2,0,3,83,3,0,14,39,31,16
129992,Glencoe,Alabama,3,3,1,0,2811,2324,470,17,1471,86473,6,0,1,0,1,89,2,1,8,26,41,25
1300184,Abbeville,Georgia,5,4,1,0,2425,2138,253,34,21,49234,50,0,0,0,3,43,4,1,14,44,27,15
1300408,Acworth,Georgia,2,2,0,0,1987,1655,320,12,7158,98389,21,0,3,0,7,55,6,8,8,22,35,35
1300436,Adairsville,Georgia,3,3,0,0,2413,2108,296,9,1127,79176,2,0,0,0,3,70,2,22,15,37,25,24
1300576,Adel,Georgia,13,13,0,0,8923,8850,63,10,267,66265,28,1,0,0,2,60,8,1,16,32,30,21
1300996,Alamo,Georgia,4,4,0,0,2112,1993,91,28,22,49346,47,0,0,0,0,49,1,3,27,32,28,14
1301052,Albany,Georgia,3,3,0,0,1682,1484,183,15,24991,56988,74,0,1,0,1,20,3,1,13,28,33,26
1301612,Alma,Georgia,3,3,0,0,2010,1928,76,6,115,58857,19,0,1,0,0,67,10,3,17,37,37,9
1301696,Alpharetta,Georgia,1,1,0,0,2098,1747,341,10,24006,184425,10,0,23,0,4,53,6,4,2,6,16,76
1302116,Americus,Georgia,5,4,0,0,2436,2223,193,20,1669,53538,49,0,1,0,6,39,4,1,11,32,27,30
1303236,Ashburn,Georgia,4,4,0,0,2077,1945,125,7,102,53472,54,0,0,0,6,39,1,1,29,21,41,9
1303440,"Athens-Clarke County unified government (balance)",Georgia,2,2,0,0,1742,1595,134,13,52859,76201,27,0,4,0,4,55,7,3,7,17,29,47
1304000,Atlanta,Georgia,1,1,0,0,1732,1514,210,8,227224,129179,47,0,5,0,2,39,5,2,5,14,20,61
1304140,Auburn,Georgia,3,2,0,0,2193,1953,223,17,1452,85320,9,2,5,0,4,65,9,7,13,35,36,16
1304204,"Augusta-Richmond County consolidated government (balance)",Georgia,3,3,0,0,2068,1829,228,11,72973,71590,56,0,2,0,2,32,6,2,11,29,33,27
1304252,Austell,Georgia,6,2,4,0,5152,1631,3513,8,2838,92602,52,0,2,0,4,29,6,7,11,24,39,27
1304644,"Avondale Estates",Georgia,1,1,0,0,1792,1454,330,8,1882,136200,29,0,3,0,1,59,5,2,2,17,16,65
1304896,Bainbridge,Georgia,4,4,0,0,2433,2352,67,14,2043,60838,49,0,1,0,5,39,2,3,15,28,41,16
130496,"Good Hope",Alabama,3,2,0,0,2352,1954,365,33,606,79094,0,2,0,0,0,92,4,2,16,29,39,16
1304980,Baldwin,Georgia,4,3,0,0,2017,1866,132,19,707,57265,5,1,2,6,12,48,13,15,33,30,20,17
1305344,Barnesville,Georgia,5,5,0,0,4407,4088,292,27,405,88104,40,0,1,0,2,54,2,1,13,32,36,20
1306016,Baxley,Georgia,3,3,0,0,2096,1958,126,12,447,70465,19,1,0,0,4,65,8,4,18,40,31,12
1308284,Blackshear,Georgia,3,3,0,0,2051,1982,63,6,278,71633,9,0,0,0,2,83,2,4,14,41,26,19
1308536,Blakely,Georgia,4,4,0,0,2844,2758,76,10,206,64452,62,0,0,0,0,37,1,0,17,43,26,14
1308844,Bloomingdale,Georgia,2,2,0,0,2113,2010,97,6,1417,101599,20,0,1,0,3,66,7,4,7,24,37,32
1310076,Braselton,Georgia,2,1,0,0,2169,1907,248,14,3527,141426,12,0,4,0,4,70,8,3,8,18,26,48
1310132,Bremen,Georgia,3,2,0,0,2445,2030,360,55,884,93521,7,0,1,0,0,87,3,2,13,37,26,23
1310944,Brookhaven,Georgia,1,1,0,0,1810,1535,269,6,23998,172978,12,3,7,0,6,59,9,4,5,7,11,77
1311560,Brunswick,Georgia,4,4,0,0,2058,1970,83,5,5902,54497,55,0,1,0,4,33,4,2,20,29,30,21
1311784,Buford,Georgia,3,2,2,0,3663,1789,1867,7,6932,111515,14,1,7,0,7,49,16,7,16,22,29,33
1312260,Byron,Georgia,3,2,0,0,2515,2253,240,22,1313,92783,28,0,1,1,3,63,5,0,8,32,34,26
1312400,Cairo,Georgia,4,4,0,0,3027,2902,112,13,566,70595,38,1,0,0,5,47,6,3,20,35,29,16
1312456,Calhoun,Georgia,2,2,0,0,1886,1653,202,31,3637,77000,4,8,1,0,7,66,7,7,26,30,25,19
1312624,Camilla,Georgia,8,8,0,0,4332,4201,123,8,161,53817,62,2,0,0,1,26,6,2,11,37,42,10
1312988,Canton,Georgia,2,2,0,0,1959,1697,256,6,7087,98251,10,4,1,0,7,60,10,8,15,21,31,33
1313492,Carrollton,Georgia,2,2,0,0,1876,1656,197,23,6215,75950,33,2,1,0,4,52,5,3,14,29,30,27
1313688,Cartersville,Georgia,3,2,1,0,2358,1857,487,14,7068,91846,16,0,1,0,7,67,8,1,9,35,28,27
1314500,Cedartown,Georgia,3,2,0,0,2364,2070,276,18,1441,87651,10,0,3,0,11,61,6,9,7,36,28,28
1314920,Centerville,Georgia,3,3,0,0,2095,2018,69,8,2076,79628,41,0,4,0,1,46,3,5,10,24,33,33
1315172,Chamblee,Georgia,2,1,0,0,1691,1456,231,4,11226,111986,18,4,9,0,12,34,15,7,15,14,14,56
1315508,Chatsworth,Georgia,3,3,0,0,2150,1986,137,27,858,69440,1,0,0,0,24,69,4,2,22,24,35,19
1315552,"Chattahoochee Hills",Georgia,2,2,0,0,2214,1850,347,17,2264,113745,49,0,1,0,7,38,3,3,8,26,30,36
1315984,Chickamauga,Georgia,3,3,0,0,2112,1895,184,33,815,74850,1,0,1,0,0,96,1,0,3,36,31,30
1316544,Clarkston,Georgia,3,2,0,0,1786,1600,181,5,4136,65862,70,0,17,0,1,8,3,1,22,22,28,29
1316824,Cleveland,Georgia,3,3,0,0,1960,1655,274,31,898,63056,6,0,2,0,0,84,8,0,17,31,33,20
131720,Greensboro,Alabama,7,6,1,0,2803,2473,304,26,120,41688,83,0,0,0,0,15,1,0,34,47,11,8
1317328,Cochran,Georgia,4,4,0,0,2509,2274,203,32,634,63790,48,0,3,0,0,45,4,0,17,21,44,19
1317776,"College Park",Georgia,2,2,0,0,1778,1519,254,5,7122,72364,82,0,1,0,1,10,3,3,8,29,35,28
1319000,Columbus,Georgia,3,3,1,0,2450,1898,541,11,79856,75716,47,0,3,0,2,38,7,3,10,23,36,32
1319112,Commerce,Georgia,3,3,0,0,2373,2126,232,15,1187,71120,14,0,2,0,4,67,10,3,11,37,35,18
131912,Greenville,Alabama,3,3,0,0,2607,2374,214,19,974,78286,46,0,3,0,0,48,2,0,8,43,29,20
1319336,Conyers,Georgia,3,2,0,0,1832,1615,207,10,5750,72636,63,0,1,0,7,24,3,1,9,25,38,28
1319616,Cordele,Georgia,3,3,0,0,2216,2076,129,11,1412,74094,51,0,0,0,2,45,0,1,19,28,27,26
1319728,Cornelia,Georgia,3,3,0,0,2055,1897,136,22,829,62972,6,0,6,5,9,46,12,17,29,32,22,18
1320064,Covington,Georgia,3,2,1,0,1966,1553,402,11,4955,74318,50,0,2,0,3,37,3,5,12,26,39,23
1320932,Cumming,Georgia,2,1,0,0,1885,1585,294,6,3627,122984,5,0,8,0,5,69,10,2,8,18,32,42
1321017,"Cusseta-Chattahoochee County",Georgia,3,2,0,0,1969,1626,318,25,2031,66608,17,2,3,1,7,54,11,5,3,27,44,26
1321072,Cuthbert,Georgia,6,5,1,0,2356,1982,362,12,20,37766,68,0,0,0,0,29,2,1,19,31,36,14
1321184,Dacula,Georgia,3,2,1,0,2950,1912,1035,3,1216,104466,32,1,5,0,3,40,9,11,8,19,36,37
1321240,Dahlonega,Georgia,3,3,0,0,1950,1751,182,17,1120,61992,5,1,1,0,5,84,3,1,5,19,48,28
1321324,Dallas,Georgia,2,2,0,0,1656,1422,210,24,2568,68190,24,0,1,0,4,62,7,3,5,31,44,20
1321380,Dalton,Georgia,2,2,0,0,1758,1585,159,14,9236,82007,4,4,2,0,25,41,10,14,27,26,25,23
1321716,Darien,Georgia,4,3,0,0,2291,2209,75,7,271,65394,36,0,0,0,1,56,6,0,18,40,27,15
1321912,Dawson,Georgia,5,5,0,0,2505,2357,138,10,95,48725,81,0,1,0,0,18,0,0,17,38,30,15
1321940,Dawsonville,Georgia,2,2,0,0,2222,1796,368,58,504,99839,2,0,3,0,1,91,3,1,10,23,37,30
1322052,Decatur,Georgia,1,1,0,0,1901,1607,288,6,9203,185409,15,0,4,0,2,65,12,0,5,8,12,75
132224,Guin,Alabama,4,3,0,0,2316,1988,312,16,326,63449,8,0,0,0,1,81,2,8,5,42,39,14
132272,"Gulf Shores",Alabama,2,2,0,0,1630,1504,119,7,4457,89545,2,1,2,0,2,90,2,1,2,22,35,41
1323368,Donalsonville,Georgia,3,3,0,0,1791,1602,178,11,216,54135,58,0,2,0,0,36,3,0,16,27,45,13
1323536,Doraville,Georgia,2,2,0,0,1771,1479,288,4,5592,79237,12,3,20,0,13,25,12,15,19,23,19,40
1323872,Douglas,Georgia,3,3,0,0,1828,1730,90,8,1367,64570,29,0,0,0,7,53,9,1,15,42,27,17
1323900,Douglasville,Georgia,2,2,0,0,1955,1599,336,20,10752,91075,55,0,1,0,4,31,7,3,9,24,33,34
132416,Guntersville,Alabama,2,2,0,0,2177,1845,314,18,1863,89460,6,0,1,0,7,77,7,3,18,24,29,29
1324376,Dublin,Georgia,4,4,0,0,2080,1946,124,10,3850,52560,66,0,1,0,0,32,1,0,19,45,21,15
1324600,Duluth,Georgia,2,1,0,0,1924,1594,326,4,11091,116669,24,0,22,0,6,33,9,7,4,15,28,53
1324768,Dunwoody,Georgia,1,1,0,0,1801,1541,256,4,21070,163123,12,0,17,0,3,59,6,3,4,7,18,72
1325300,"East Dublin",Georgia,4,4,0,0,2367,2244,110,13,422,60767,50,0,0,0,0,38,5,7,7,32,44,16
1325552,Eastman,Georgia,3,3,0,0,2168,1896,257,15,510,68593,22,0,0,0,10,67,2,0,8,37,32,23
1325720,"East Point",Georgia,2,2,0,0,1631,1334,280,17,16523,77454,76,0,2,0,3,12,4,4,9,25,29,37
1326084,Eatonton,Georgia,3,3,0,0,2557,2195,337,25,1204,80554,60,0,0,2,1,37,0,0,5,43,29,23
1326156,"Echols County",Georgia,4,4,0,0,2712,2562,143,7,1227,70144,4,0,2,0,10,56,20,9,14,53,17,16
1326616,Elberton,Georgia,6,5,1,0,3839,3054,759,26,743,63633,42,0,1,0,3,48,6,0,6,36,47,11
132704,Haleyville,Alabama,4,3,1,0,2686,2237,373,76,308,67938,1,1,1,0,1,89,3,3,20,33,33,14
1327092,Ellijay,Georgia,3,2,0,0,1989,1597,342,50,364,73963,0,2,1,0,8,77,4,8,19,24,32,25
1327988,Euharlee,Georgia,3,2,0,0,2811,2413,377,21,379,105622,9,0,1,0,1,85,4,1,10,34,31,26
1328380,Fairburn,Georgia,3,2,0,0,2220,1939,268,13,7342,85754,80,0,0,0,1,12,4,3,8,21,34,37
132848,Hamilton,Alabama,4,3,1,0,2234,1846,355,33,727,60263,9,0,0,0,0,87,4,0,14,34,35,17
1328968,Fayetteville,Georgia,2,1,0,0,2078,1712,357,9,4058,121674,34,0,4,0,3,49,5,4,4,20,30,46
1329528,Fitzgerald,Georgia,9,8,0,0,4087,4003,76,8,1124,47910,47,0,0,0,5,43,1,3,14,56,18,11
132968,Hanceville,Alabama,4,3,0,0,2016,1760,217,39,190,54654,3,0,1,0,1,89,6,0,24,37,30,9
1330340,"Flowery Branch",Georgia,2,1,0,0,2052,1774,266,12,2949,122588,4,0,2,0,4,74,13,3,6,17,39,39
1330424,Folkston,Georgia,5,5,0,0,2396,2325,65,6,356,50741,47,0,2,0,0,49,2,0,19,42,33,6
1330536,"Forest Park",Georgia,3,3,0,0,1969,1704,259,6,6499,59136,52,0,7,0,9,11,9,12,19,39,29,13
1330732,Forsyth,Georgia,5,4,0,0,3942,3558,320,64,242,82150,37,1,0,0,1,58,2,1,11,27,30,32
1330956,"Fort Oglethorpe",Georgia,3,3,0,0,1809,1700,88,21,3850,66172,5,0,2,0,1,87,5,1,10,36,36,18
1331096,"Fort Valley",Georgia,3,3,1,0,2317,1891,408,18,451,74174,56,1,0,0,5,29,5,3,18,27,34,21
1331908,Gainesville,Georgia,2,2,0,0,1992,1711,269,12,13518,84404,13,1,3,0,21,38,15,10,24,27,25,24
1332048,"Garden City",Georgia,3,3,0,0,1857,1697,150,10,4289,58475,47,0,4,0,7,33,2,6,8,34,36,23
1333336,Glennville,Georgia,3,3,0,0,2184,2097,71,16,245,76327,21,0,0,0,2,63,2,11,13,40,26,21
133424,Hartford,Alabama,3,3,0,0,2200,2104,84,12,109,66488,16,0,0,0,1,74,7,1,12,32,42,14
1334428,Grantville,Georgia,2,2,0,0,2340,1953,369,18,212,103591,15,0,1,0,0,79,3,1,8,37,35,19
133448,Hartselle,Alabama,2,2,0,0,2174,1945,208,21,3657,87033,6,0,0,0,0,88,4,1,10,32,32,27
1334512,Gray,Georgia,3,2,0,0,2459,2211,225,23,510,95625,20,0,1,0,0,77,1,1,4,40,30,26
1334596,Grayson,Georgia,2,1,1,0,2646,1891,751,4,1676,126954,46,0,4,0,3,32,12,2,5,21,31,43
1334876,Greensboro,Georgia,3,3,0,0,2417,2131,218,68,301,74093,47,0,0,0,1,42,2,8,12,30,32,27
1335324,Griffin,Georgia,3,2,0,0,1840,1555,269,16,6384,69180,47,1,1,0,3,42,5,1,20,33,27,20
1335716,Grovetown,Georgia,2,2,0,0,2198,2013,170,15,1588,90532,31,1,2,0,9,46,6,4,9,18,40,33
1336052,Hahira,Georgia,2,2,0,0,1839,1767,66,6,143,81464,11,0,0,0,0,79,3,6,8,17,43,32
1336276,Hampton,Georgia,2,2,0,0,2012,1762,243,7,1104,97456,51,0,1,0,2,40,6,0,5,31,41,23
1336472,Hapeville,Georgia,2,2,0,0,2277,1887,374,16,2773,91687,34,0,4,0,6,25,18,13,13,26,24,38
1336696,Harlem,Georgia,2,2,0,0,2321,2153,151,17,575,102133,21,0,2,0,2,69,6,1,3,30,40,27
1337144,Hartwell,Georgia,3,3,0,0,2073,1737,316,20,632,67237,33,0,0,0,1,59,5,2,25,28,28,18
1337396,Hawkinsville,Georgia,5,5,0,0,2530,2311,202,17,963,50793,66,0,3,0,0,27,4,0,13,34,36,17
1337564,Hazlehurst,Georgia,3,3,0,0,1997,1936,50,11,148,63261,19,0,0,0,2,65,11,3,21,34,35,10
1338040,Hephzibah,Georgia,3,3,0,0,2378,2168,193,17,955,80892,40,0,0,0,1,50,5,3,11,36,33,20
133856,Headland,Alabama,3,3,0,0,2485,2407,69,9,1085,93960,18,0,1,0,1,77,2,0,19,22,31,29
1338964,Hinesville,Georgia,3,3,0,0,1989,1923,64,2,10028,68689,48,0,2,1,4,29,11,5,4,30,47,19
1339076,Hiram,Georgia,2,1,0,0,1799,1506,277,16,1489,104741,42,0,4,0,4,34,12,3,5,21,39,35
1339244,Hogansville,Georgia,4,3,0,0,2376,2088,267,21,364,63984,26,0,1,0,9,60,3,1,14,46,31,9
1339524,"Holly Springs",Georgia,2,2,0,0,2181,1850,323,8,4307,121637,7,1,1,0,5,79,4,3,4,23,36,37
133976,Heflin,Alabama,4,3,1,0,2723,2226,455,42,250,72025,5,0,0,0,1,90,3,0,10,40,31,20
134024,Helena,Alabama,2,2,0,0,2852,2347,496,9,8789,130854,15,0,2,0,2,73,6,2,2,14,28,57
1341596,Jackson,Georgia,4,4,0,0,2752,2492,235,25,434,66377,42,0,0,0,0,53,5,0,17,41,29,13
1341932,Jasper,Georgia,3,2,0,0,2134,1782,309,43,1047,77978,0,0,1,0,1,92,6,1,11,36,33,21
1341988,Jefferson,Georgia,2,2,0,0,2370,2164,188,18,2622,119943,11,0,3,0,4,76,3,3,6,22,33,39
1342268,Jesup,Georgia,3,3,0,0,2271,2139,123,9,1958,66033,30,0,0,0,4,59,4,2,12,46,24,18
1342425,"Johns Creek",Georgia,1,1,0,0,2135,1712,415,8,28002,195283,11,0,27,0,2,51,6,2,2,5,16,77
1342604,Jonesboro,Georgia,3,2,0,0,2092,1795,285,12,1821,77165,62,0,6,0,3,14,9,7,12,36,30,22
1343192,Kennesaw,Georgia,2,1,0,0,1915,1559,344,12,11751,114727,23,0,6,0,3,55,8,5,4,15,28,53
1343640,Kingsland,Georgia,2,2,0,0,2111,2054,51,6,4357,86199,20,0,3,0,3,64,10,1,11,26,38,25
1344312,LaFayette,Georgia,7,7,1,0,3242,2936,282,24,1960,43590,5,1,2,0,3,77,11,0,16,36,41,6
1344340,LaGrange,Georgia,3,3,0,0,2092,1778,301,13,8126,69121,49,0,4,0,2,40,2,4,13,35,31,21
1344508,"Lake City",Georgia,3,3,0,0,2310,1984,320,6,888,71652,46,0,21,0,8,12,4,8,18,31,25,26
1344592,Lakeland,Georgia,5,5,0,0,2591,2506,81,4,75,54672,40,0,0,0,0,54,3,3,16,35,29,20
1345488,Lawrenceville,Georgia,3,2,1,0,2286,1479,798,9,12714,84197,34,1,9,0,7,27,13,11,12,22,33,33
1345768,Leesburg,Georgia,3,3,0,0,2659,2468,177,14,238,91749,34,0,1,0,0,61,3,1,8,28,31,34
1346356,Lilburn,Georgia,2,2,0,0,2056,1699,348,9,5439,88220,16,0,17,0,6,22,19,19,22,23,23,31
1347140,"Locust Grove",Georgia,2,2,0,0,2119,1895,215,9,2151,104446,33,0,1,0,4,56,5,1,7,35,37,21
1347196,Loganville,Georgia,3,2,0,0,2589,2136,443,10,3261,100651,32,0,4,0,8,46,5,5,5,24,42,29
1347560,Louisville,Georgia,4,3,0,0,2498,2159,317,22,42,67208,59,0,0,0,1,35,1,2,18,42,22,18
1347616,Lovejoy,Georgia,3,3,0,0,2195,1961,223,11,1299,77971,75,0,1,0,3,14,5,1,4,23,44,29
1347784,Ludowici,Georgia,3,3,0,0,1896,1860,33,3,44,63017,22,0,0,2,0,62,7,8,41,24,20,16
1347896,Lula,Georgia,3,2,0,0,2209,2015,170,24,217,80767,3,0,1,0,1,84,11,1,13,36,32,19
1348232,Lyons,Georgia,4,3,0,0,2072,1974,82,16,296,56975,35,0,1,0,4,48,8,4,14,40,33,13
1348624,McDonough,Georgia,2,2,0,0,1946,1720,221,5,6923,87036,72,0,2,0,2,18,5,2,6,27,40,27
1349008,"Macon-Bibb County",Georgia,3,3,0,0,2267,2019,237,11,59480,75274,54,0,2,0,1,36,4,2,12,27,32,29
1349100,McRae-Helena,Georgia,4,3,0,0,2330,2171,126,33,115,63607,47,0,0,0,1,38,8,6,22,35,29,14
1349196,Madison,Georgia,2,2,0,0,2379,2047,315,17,383,106322,27,0,0,0,0,70,2,1,11,28,15,45
1349532,Manchester,Georgia,5,4,1,0,3098,2506,571,21,867,57815,45,0,3,0,0,47,1,5,7,41,35,17
1349756,Marietta,Georgia,2,1,0,0,1515,1211,301,3,24496,96959,30,1,4,0,3,40,8,13,9,15,29,47
1351072,Metter,Georgia,4,4,0,0,2210,2042,144,24,144,57462,22,0,1,0,2,60,4,11,26,32,35,7
1351492,Milledgeville,Georgia,4,3,0,0,2081,1915,152,14,4706,57541,46,0,2,0,1,46,3,2,12,29,37,22
1351520,Millen,Georgia,4,4,0,0,2098,1960,126,12,47,48913,35,0,0,0,0,55,4,5,19,39,29,13
1351670,Milton,Georgia,1,1,0,0,2270,1863,397,10,15908,218251,12,0,15,0,3,61,8,1,3,4,12,81
1352192,Monroe,Georgia,4,4,1,0,3073,2677,383,13,2618,69923,41,0,1,0,2,53,2,1,20,31,30,19
1352304,Montezuma,Georgia,4,4,1,0,2745,2371,345,29,70,64029,59,0,2,0,1,33,1,4,20,37,27,16
1352416,Monticello,Georgia,4,3,1,0,2429,1972,429,28,80,67049,38,0,0,0,0,57,2,3,8,49,20,22
1353004,Morrow,Georgia,3,3,0,0,2166,1914,243,9,3111,65748,55,0,16,0,6,8,6,8,13,30,31,26
1353060,Moultrie,Georgia,5,5,0,0,2902,2825,68,9,3883,56560,49,1,0,0,4,37,3,5,23,30,32,15
1353508,"Mount Vernon",Georgia,4,4,0,0,2039,1951,78,10,71,53401,35,0,0,0,2,51,5,5,18,31,29,22
135392,"Hokes Bluff",Alabama,3,3,1,0,2826,2314,484,28,1179,89547,1,0,0,0,1,97,1,0,5,21,53,21
1354264,Nashville,Georgia,3,3,0,0,1952,1870,64,18,86,63843,11,0,3,0,1,78,6,1,20,30,32,18
1355020,Newnan,Georgia,2,2,0,0,1780,1573,201,6,11909,103162,29,0,3,0,5,55,6,2,9,22,29,39
1355440,Nicholls,Georgia,4,4,0,0,1876,1816,58,2,23,44985,57,1,0,0,1,39,2,0,25,34,38,3
1355776,Norcross,Georgia,3,2,0,0,2586,2263,312,11,6569,98293,27,0,13,0,8,20,11,21,16,21,27,36
1357260,Oakwood,Georgia,2,2,0,0,1912,1763,137,12,1968,89483,6,0,3,0,17,51,17,5,15,25,37,23
1357428,Ocilla,Georgia,3,3,0,0,1889,1739,136,14,13,55214,19,0,0,0,1,78,1,1,11,43,32,14
135800,Homewood,Alabama,2,1,0,0,2549,2003,541,5,10236,147991,16,0,3,0,3,73,4,2,2,10,19,69
1358884,Palmetto,Georgia,2,2,0,0,2143,1842,267,34,1508,86688,62,0,0,0,2,18,4,13,13,25,34,29
135896,Hoover,Alabama,2,2,0,0,2523,2011,505,7,29739,131191,19,0,4,0,2,69,4,2,2,12,24,62
1359724,"Peachtree City",Georgia,1,1,0,0,2139,1787,346,6,12540,149903,9,0,8,0,4,71,6,2,2,14,23,61
1359735,"Peachtree Corners",Georgia,2,1,0,0,1864,1522,336,6,16808,111822,24,1,8,0,3,47,7,10,6,16,26,51
1359976,Pelham,Georgia,5,5,0,0,2370,2266,96,8,162,45891,73,0,0,0,0,23,4,0,15,44,35,7
1360340,Perry,Georgia,2,2,0,0,2272,2180,84,8,4020,93740,28,0,4,0,2,59,4,2,6,25,38,31
1362104,Pooler,Georgia,2,2,0,0,1983,1907,72,4,9111,107761,31,0,2,1,4,54,7,2,5,20,33,41
1362328,"Port Wentworth",Georgia,3,3,0,0,2098,2016,80,2,3764,77594,54,0,3,0,5,32,3,4,4,30,33,33
1362524,"Powder Springs",Georgia,3,1,2,0,3728,1720,1998,10,4845,119307,56,2,2,0,2,27,4,7,6,21,31,42
1363224,Quitman,Georgia,5,4,0,0,2338,2193,136,9,105,50925,57,0,0,0,7,32,2,2,18,39,34,8
136448,Hueytown,Alabama,4,3,1,0,2979,2383,589,7,4338,79244,41,0,0,0,2,50,4,2,6,32,40,21
1364512,Reidsville,Georgia,4,4,0,0,2327,2217,97,13,1139,52622,46,0,0,0,0,45,3,6,12,34,32,22
1365044,"Richmond Hill",Georgia,2,2,0,0,2081,2020,55,6,4798,103998,14,0,3,0,2,66,8,6,4,14,42,41
1365296,Rincon,Georgia,2,2,0,0,2233,2157,61,15,2538,108320,19,0,2,0,4,69,4,2,7,29,35,29
1365324,Ringgold,Georgia,2,2,0,0,2121,1936,161,24,1319,100962,1,0,1,0,2,92,2,1,5,26,34,35
1365464,Riverdale,Georgia,3,3,0,0,2130,1852,268,10,5139,69222,82,0,5,0,2,4,3,4,12,30,37,21
1366276,Rockmart,Georgia,4,3,0,0,2361,2018,310,33,382,65144,16,0,0,0,0,74,7,2,13,46,24,17
1366668,Rome,Georgia,3,3,0,0,2131,1863,250,18,11642,69633,23,1,2,0,8,51,10,5,20,27,31,23
1367256,Rossville,Georgia,4,3,0,0,1815,1714,74,27,1223,51376,7,0,0,0,0,83,6,4,15,22,35,27
1367284,Roswell,Georgia,1,1,0,0,2134,1762,363,9,35552,173726,13,0,5,0,6,61,8,6,4,9,19,68
1367452,Royston,Georgia,4,3,1,0,2209,1752,440,17,251,61479,14,0,4,0,0,78,2,2,23,27,27,23
1367984,"St. Marys",Georgia,2,2,0,0,2053,1983,64,6,6617,83236,16,0,1,0,2,69,10,2,5,28,45,22
1368208,Sandersville,Georgia,15,14,0,0,9105,8807,277,21,423,61102,53,1,1,0,1,39,4,0,13,41,23,23
1368516,"Sandy Springs",Georgia,1,1,0,0,2001,1705,288,8,50862,165237,21,0,8,0,5,57,5,4,2,8,20,69
1369000,Savannah,Georgia,3,2,0,0,2139,1968,161,10,56600,79759,51,0,3,0,2,38,5,2,8,23,35,34
1369672,Senoia,Georgia,2,2,0,0,2378,2078,290,10,598,121115,14,0,1,0,2,76,7,1,4,17,35,43
137000,Huntsville,Alabama,2,2,0,0,1938,1717,206,15,87228,96646,31,0,2,0,2,57,5,3,7,17,29,46
1371492,Smyrna,Georgia,1,1,0,0,1828,1543,281,4,23532,127255,33,1,8,0,3,43,7,7,5,9,29,58
1371604,Snellville,Georgia,2,2,0,0,2260,1854,387,19,6917,102053,40,0,8,0,7,34,7,4,8,22,32,38
1371660,"Social Circle",Georgia,2,2,0,0,2453,2128,306,19,945,98580,17,0,1,0,2,78,1,0,12,30,29,29
1371772,Soperton,Georgia,3,3,0,0,2087,1866,202,19,70,65141,37,0,0,0,0,59,4,0,26,40,20,13
1372780,Springfield,Georgia,3,3,0,0,2209,2137,64,8,333,83396,22,0,0,0,0,71,5,2,6,40,29,25
1373256,Statesboro,Georgia,4,4,0,0,1855,1811,38,6,6901,51289,38,0,2,0,1,51,6,2,4,20,51,25
1373312,Statham,Georgia,2,2,0,0,2191,2061,113,17,491,89490,14,0,1,0,6,71,5,3,10,32,33,24
1373704,Stockbridge,Georgia,2,2,0,0,2037,1729,303,5,8313,86666,61,0,6,0,4,21,6,1,6,25,37,32
1373784,Stonecrest,Georgia,3,2,0,0,2096,1787,305,4,22769,78512,91,0,0,0,0,3,4,1,6,22,42,31
1373816,"Stone Mountain",Georgia,3,2,1,0,1901,1552,341,8,1861,67697,83,0,2,0,0,12,1,1,6,33,38,22
1374180,"Sugar Hill",Georgia,2,1,1,0,3226,1823,1393,10,6633,134846,13,1,14,0,6,56,7,4,8,20,25,47
1374376,Summerville,Georgia,5,4,1,0,2530,1860,638,32,508,48354,14,0,0,0,0,80,4,1,27,41,25,7
137465,"Indian Springs Village",Alabama,2,1,0,0,2964,2306,653,5,1373,159710,3,0,3,0,1,89,3,1,3,10,25,63
1374936,Suwanee,Georgia,2,1,0,0,2000,1637,354,9,7310,127728,14,0,25,0,2,52,6,2,1,8,24,66
1374964,Swainsboro,Georgia,3,3,0,0,2095,1940,131,24,262,60920,32,0,0,0,2,56,8,2,17,35,35,12
1375160,Sylvania,Georgia,3,2,0,0,1824,1654,150,20,62,69094,50,0,0,0,0,47,2,1,11,37,32,19
1375188,Sylvester,Georgia,4,3,0,0,2536,2414,110,12,279,70672,38,1,1,0,0,55,5,0,7,43,31,19
1375300,Tallapoosa,Georgia,3,2,0,0,2430,1979,404,47,546,86852,7,0,1,0,0,90,2,1,22,41,22,16
1375832,Temple,Georgia,2,2,0,0,2260,1946,280,34,923,95374,20,0,1,0,1,73,4,1,16,24,39,21
1376168,Thomaston,Georgia,4,4,0,0,2779,2485,281,13,1654,65841,37,0,1,2,0,56,2,2,14,41,27,19
1376224,Thomasville,Georgia,2,2,0,0,1727,1604,113,10,4973,82359,42,0,1,0,0,54,2,0,10,21,38,31
1376280,Thomson,Georgia,3,3,0,0,2415,2050,337,28,380,71380,55,0,0,0,3,39,2,2,13,38,28,21
1376364,Thunderbolt,Georgia,3,2,0,0,2090,1870,211,9,446,83266,45,0,1,0,0,50,3,1,12,24,26,38
1376476,Tifton,Georgia,3,3,0,0,2328,2234,85,9,4960,68450,34,0,1,0,3,47,12,2,20,27,34,19
1376756,Toccoa,Georgia,4,3,1,0,2244,1892,327,25,1162,60958,17,0,1,0,0,71,5,4,15,40,29,16
1377652,Tucker,Georgia,2,1,0,0,1930,1585,338,7,16110,112672,37,0,6,0,5,42,7,3,6,16,26,52
1378036,"Tybee Island",Georgia,2,2,0,0,2361,2156,200,5,876,119240,1,0,0,0,0,95,4,0,2,23,21,54
1378044,Tyrone,Georgia,1,1,0,0,2181,1791,382,8,3308,150131,25,0,7,1,2,56,5,4,4,17,18,62
1378156,Unadilla,Georgia,4,3,0,0,3291,2915,348,28,69,90664,43,1,0,0,2,46,6,3,15,37,34,14
1378324,"Union City",Georgia,3,2,0,0,2125,1813,301,11,11378,77796,88,0,0,0,1,4,3,4,6,23,39,33
137864,Irondale,Alabama,2,2,1,0,2774,2094,673,7,4073,123388,21,0,1,0,3,67,7,1,6,23,24,48
1378800,Valdosta,Georgia,3,3,0,0,1807,1740,60,7,20740,57184,55,0,1,0,2,35,4,2,11,29,36,24
1379388,Vidalia,Georgia,3,3,0,0,2314,2237,67,10,2405,68799,32,0,2,0,7,49,9,0,12,33,33,22
1379444,Vienna,Georgia,4,4,0,0,2842,2726,102,14,54,73298,56,0,0,0,2,36,3,2,17,37,28,18
1379528,"Villa Rica",Georgia,2,2,0,0,2009,1728,246,35,3753,92301,43,0,4,0,2,44,6,1,9,24,41,25
1380256,Walthourville,Georgia,3,3,0,0,2066,2004,59,3,1204,69629,51,0,1,1,4,35,6,2,4,32,48,16
1380508,"Warner Robins",Georgia,2,2,0,0,2031,1930,91,10,26841,84475,37,1,3,0,3,49,6,1,7,27,36,29
1380704,Washington,Georgia,12,12,1,0,7911,7529,340,42,86,64263,40,0,0,0,0,53,5,1,13,47,24,16
1380788,Watkinsville,Georgia,2,2,0,0,2209,1996,196,17,382,131988,4,0,1,0,1,89,5,0,3,13,28,56
1380956,Waycross,Georgia,4,4,0,0,2221,2155,62,4,3316,50837,61,0,1,0,1,34,3,1,16,37,27,20
1380984,Waynesboro,Georgia,4,3,0,0,2322,2043,266,13,91,65391,59,0,0,0,2,34,4,1,13,36,36,15
1381128,"Webster County",Georgia,5,4,1,0,2536,2078,434,24,876,54410,45,0,0,0,3,38,6,8,18,36,42,5
138152,Jackson,Alabama,4,3,1,0,2578,2038,494,46,362,73560,46,0,1,0,0,49,1,2,11,40,25,24
1382132,"West Point",Georgia,7,6,0,0,4383,4054,306,23,362,64298,51,0,0,0,0,44,0,4,12,41,34,13
138272,Jacksonville,Alabama,3,3,0,0,2170,2066,90,14,2656,65531,23,1,1,0,1,70,3,1,12,25,33,30
1383420,Winder,Georgia,3,2,1,0,2325,1874,438,13,4208,79746,18,1,2,0,4,61,11,4,11,31,35,23
138416,Jasper,Alabama,3,3,0,0,2562,2335,212,15,3586,75920,9,0,0,0,2,81,4,3,11,28,39,23
1384176,Woodstock,Georgia,2,1,0,0,1889,1595,287,7,11421,119347,12,0,3,0,5,66,8,4,4,15,31,50
1384512,Wrightsville,Georgia,4,4,1,0,2367,2051,294,22,142,53805,40,0,1,0,0,54,4,0,29,45,18,8
138608,Jemison,Alabama,3,3,0,0,2573,2280,275,18,462,82159,6,1,0,0,2,74,9,7,26,35,25,15
139856,Kimberly,Alabama,3,2,0,0,2841,2339,494,8,683,103036,3,1,1,0,0,94,1,0,9,21,40,29
140672,"La Fayette",Alabama,4,3,1,0,2445,2037,368,40,128,63641,57,0,0,0,2,40,1,0,19,41,31,9
140928,"Lake View",Alabama,3,3,0,0,2716,2429,270,17,196,91358,13,0,1,0,0,82,2,1,14,23,36,28
141296,Lanett,Alabama,4,4,1,0,2445,2093,333,19,1259,55663,71,0,0,0,2,26,1,1,17,36,37,9
141968,Leeds,Alabama,3,2,1,0,2736,2144,586,6,4334,99863,16,0,0,0,1,75,5,2,9,24,31,36
143120,Lincoln,Alabama,3,3,1,0,2625,2174,426,25,1033,84332,23,0,0,0,0,70,4,2,11,32,31,25
143720,Livingston,Alabama,5,4,1,0,2475,1954,476,45,40,51491,68,0,1,0,0,30,1,0,14,24,36,26
144728,Luverne,Alabama,3,3,0,0,2020,1792,210,18,156,68319,18,0,3,0,2,70,5,2,13,42,20,24
145784,Madison,Alabama,2,1,0,0,2123,1761,351,11,18973,129772,15,0,7,0,4,67,6,1,3,11,19,67
146696,Margaret,Alabama,3,3,0,0,2899,2530,356,13,1327,88443,14,1,0,0,1,83,2,0,7,32,38,23
146768,Marion,Alabama,5,4,1,0,2385,1922,412,51,120,46662,72,0,0,0,0,27,0,0,27,39,21,13
148376,Midfield,Alabama,5,4,1,0,2843,2183,643,17,2136,61399,87,0,0,0,1,5,4,3,9,35,36,21
148712,Millbrook,Alabama,3,3,0,0,2396,2074,311,11,4057,80813,22,1,2,0,4,63,6,3,10,28,33,29
150000,Mobile,Alabama,3,3,1,0,2455,1987,458,10,80414,72357,51,0,2,0,1,41,3,1,9,27,33,31
150192,Monroeville,Alabama,5,4,1,0,2604,2224,357,23,884,57462,60,0,0,0,0,34,6,0,12,48,20,20
150312,Montevallo,Alabama,3,3,0,0,2503,2255,235,13,1478,81259,13,0,1,0,4,73,2,6,11,23,33,32
151000,Montgomery,Alabama,3,3,1,0,2434,1971,450,13,75218,75135,62,0,3,0,1,29,3,1,10,23,31,36
151096,Moody,Alabama,3,2,0,0,2865,2419,432,14,4529,97480,11,1,0,0,0,84,4,0,5,28,40,27
151600,Moulton,Alabama,5,4,1,0,2563,2074,467,22,280,54594,13,1,0,0,0,75,10,0,13,50,23,13
151648,Moundville,Alabama,2,2,0,0,2602,2268,314,20,120,108518,38,0,0,0,0,57,4,1,9,27,27,36
151696,"Mountain Brook",Alabama,2,1,0,0,2968,2255,705,8,9367,184590,6,0,1,0,0,91,2,0,1,3,13,82
153016,"Muscle Shoals",Alabama,4,2,1,0,2825,1767,1047,11,5264,77432,17,1,0,0,0,76,2,3,9,34,36,21
154168,"New Hope",Alabama,3,2,0,0,2392,1997,373,22,293,95416,1,1,1,0,1,92,3,1,8,37,29,27
155200,Northport,Alabama,3,2,0,0,2420,2072,327,21,6948,89928,29,0,0,0,2,65,4,0,7,21,35,36
156400,Odenville,Alabama,4,3,0,0,2819,2500,304,15,1451,79205,11,0,0,0,1,84,3,1,8,33,35,24
157000,Oneonta,Alabama,4,3,0,0,2593,2296,277,20,1075,67581,4,1,0,0,8,76,2,8,27,18,32,22
157048,Opelika,Alabama,2,2,0,0,1982,1636,336,10,10290,80043,37,0,3,0,3,54,3,0,10,25,30,34
157120,Opp,Alabama,4,3,0,0,2065,1864,169,32,1916,54440,21,0,0,0,1,74,2,1,15,45,29,11
157144,"Orange Beach",Alabama,1,1,0,0,1752,1611,137,4,2349,122674,0,0,2,0,0,94,4,0,3,21,34,42
157576,Oxford,Alabama,3,3,0,0,2603,2229,353,21,4966,75753,21,0,1,0,1,69,4,4,13,32,31,25
157648,Ozark,Alabama,4,3,0,0,2173,2080,82,11,3981,61494,33,1,2,0,3,56,3,2,12,30,39,19
158848,Pelham,Alabama,2,2,0,0,2592,2156,429,7,6683,111137,12,0,3,0,6,69,6,4,8,17,28,47
158896,"Pell City",Alabama,3,3,0,0,2602,2316,271,15,3750,83080,15,0,2,0,0,79,3,2,12,26,36,27
159472,"Phenix City",Alabama,4,3,0,0,2303,2055,231,17,12866,64865,46,0,1,0,2,43,5,2,13,26,42,19
159640,Piedmont,Alabama,4,3,1,0,2870,2309,525,36,412,67802,10,0,0,0,3,85,2,0,12,42,33,12
159760,"Pike Road",Alabama,2,2,0,0,2501,2144,344,13,1625,129031,33,0,6,0,1,55,5,0,6,11,27,57
1601900,"American Falls",Idaho,3,2,1,0,1952,1136,742,74,21,72706,0,2,0,0,11,58,8,21,14,35,39,12
1601990,Ammon,Idaho,2,1,1,0,1749,1133,583,33,4329,89322,0,1,1,0,4,85,4,5,4,23,36,37
1606220,Bellevue,Idaho,2,1,1,0,2717,1724,804,189,15,142572,0,1,0,0,27,53,5,15,11,20,22,47
160648,Pinson,Alabama,3,3,1,0,2709,2174,521,14,1905,85528,44,1,1,0,3,47,3,1,12,31,34,23
1607840,Blackfoot,Idaho,3,2,1,0,2193,1305,788,100,695,78346,0,5,0,0,6,72,8,9,14,27,37,21
1608830,"Boise City",Idaho,1,1,0,0,1557,1028,495,34,91642,104691,1,1,3,0,4,82,7,2,4,18,32,47
1609370,"Bonners Ferry",Idaho,4,2,1,1,3295,1912,897,486,26,79413,0,2,1,0,1,94,2,1,15,25,37,22
161008,"Pleasant Grove",Alabama,3,3,1,0,3003,2273,723,7,3188,89911,69,0,0,0,0,27,2,1,4,26,47,23
1610810,Buhl,Idaho,3,2,1,0,2120,1394,568,158,674,68433,0,1,0,0,7,72,11,8,15,23,32,29
1611260,Burley,Idaho,4,3,1,0,2325,1952,316,57,1773,62648,0,1,0,0,17,52,15,16,22,32,31,16
1612250,Caldwell,Idaho,3,2,1,0,1823,1248,517,58,13915,71822,1,1,1,0,9,55,13,20,17,31,34,19
1614680,Chubbuck,Idaho,2,1,1,0,1651,1143,475,33,3956,84970,0,1,2,0,4,81,5,5,4,23,45,29
1616750,"Coeur d'Alene",Idaho,2,1,1,0,1742,1130,523,89,17274,84434,0,1,1,0,3,85,7,3,6,20,45,29
1620350,"Dalton Gardens",Idaho,2,1,1,0,1995,1222,693,80,960,115203,1,0,3,0,1,90,4,1,11,14,37,37
162328,Prattville,Alabama,3,2,0,0,2422,1995,416,11,11527,94823,20,0,2,0,2,70,5,1,6,24,29,40
1623410,Eagle,Idaho,1,1,0,0,1997,1232,708,57,9916,148370,0,1,2,0,3,86,6,1,3,13,31,52
162472,Priceville,Alabama,2,2,0,0,2614,2200,389,25,502,107864,5,1,0,0,0,88,5,1,7,27,30,35
162496,Prichard,Alabama,5,4,1,0,2726,2121,596,9,7021,50795,84,0,0,0,0,14,0,0,16,43,27,14
1625570,Emmett,Idaho,2,2,0,0,2354,1573,468,313,550,95543,0,1,0,0,3,83,7,5,11,27,34,27
1627730,Filer,Idaho,2,2,1,0,2243,1514,495,234,24,90267,0,2,0,0,3,90,2,2,14,25,37,24
1628990,Fruitland,Idaho,3,2,1,0,2221,1489,507,225,443,88266,0,0,2,0,4,78,11,4,7,36,36,21
1629620,"Garden City",Idaho,1,1,0,0,1563,1036,515,12,4493,106599,1,0,1,0,6,84,5,2,6,23,31,40
1632140,Gooding,Idaho,3,2,1,0,2064,1452,345,267,671,65401,0,2,0,0,7,70,10,11,12,37,41,10
163288,"Rainbow City",Alabama,4,3,1,0,2880,2403,463,14,2669,80671,8,0,4,0,1,80,4,4,8,29,37,25
1632950,Grangeville,Idaho,4,2,1,1,2799,1372,650,777,18,76230,0,4,1,0,3,86,4,2,3,38,38,21
163336,Rainsville,Alabama,3,2,0,0,2227,1861,324,42,1282,75436,1,2,0,0,0,82,7,8,18,22,38,22
1634390,Hailey,Idaho,2,1,0,0,1799,1268,447,84,2016,117502,0,0,0,0,14,71,10,6,14,21,23,42
163576,"Red Bay",Alabama,3,3,1,0,2657,2235,398,24,173,75939,0,0,0,0,3,93,2,1,11,44,19,27
1636370,Hayden,Idaho,2,1,1,0,1955,1196,644,115,4835,91398,0,1,0,0,0,94,4,0,5,26,38,31
1637360,Heyburn,Idaho,3,2,0,0,2660,2195,381,84,161,92748,0,1,0,0,22,62,3,11,17,39,24,20
1638170,Homedale,Idaho,4,3,1,1,2463,1694,409,360,45,67726,0,1,0,0,11,64,9,14,20,42,24,14
1639700,"Idaho Falls",Idaho,2,1,1,0,1564,1079,447,38,18150,84595,1,1,1,0,6,79,6,6,7,26,36,30
1641320,Jerome,Idaho,3,2,1,0,2007,1375,504,128,1717,72111,0,1,0,0,15,49,25,9,29,24,32,15
1643030,Ketchum,Idaho,2,1,1,0,1974,1304,608,62,44,120500,1,0,0,0,28,52,8,11,6,13,12,69
1643570,Kimberly,Idaho,2,1,0,0,2190,1486,445,259,231,104500,0,0,0,0,4,78,14,5,8,25,43,24
1644290,Kuna,Idaho,2,1,1,0,1873,1173,670,30,5130,103989,0,0,1,0,6,86,4,3,3,25,38,34
1646540,Lewiston,Idaho,2,1,1,0,2005,1258,618,129,9147,83958,0,1,1,0,2,90,4,1,4,27,40,29
1648790,McCall,Idaho,3,1,1,1,3514,1647,1213,654,117,123263,0,0,0,0,0,99,0,1,7,16,31,46
164920,Riverside,Alabama,4,3,0,0,2719,2480,223,16,829,77635,10,0,2,0,0,85,3,0,14,28,39,19
165040,Roanoke,Alabama,5,4,1,0,2616,2174,411,31,640,55633,34,0,0,0,0,63,2,1,12,48,28,12
165208,Robertsdale,Alabama,3,3,0,0,2622,2548,67,7,925,78577,10,1,0,0,3,82,2,3,8,38,38,16
1652120,Meridian,Idaho,1,1,1,0,1794,1108,655,31,37950,120732,2,0,2,0,3,82,8,2,3,17,37,43
1652660,Middleton,Idaho,2,2,1,0,1979,1236,673,70,1896,80078,0,0,1,0,2,78,7,11,4,26,45,25
1653920,Montpelier,Idaho,3,2,1,0,2195,1082,904,209,14,70779,0,0,1,0,3,92,3,1,9,35,41,15
1654550,Moscow,Idaho,3,2,1,0,1592,1119,379,94,3184,60788,1,1,3,0,3,86,4,2,3,17,34,46
1654730,"Mountain Home",Idaho,3,2,1,0,2081,1369,651,61,2071,68606,1,3,6,0,3,72,10,4,9,34,44,13
1656260,Nampa,Idaho,2,1,1,0,1753,1192,521,40,30251,82828,1,1,1,0,9,68,9,11,10,27,38,24
1659320,Orofino,Idaho,4,2,1,1,2859,1404,633,822,53,68429,0,2,1,0,3,85,7,2,9,32,39,20
1661300,Payette,Idaho,3,2,1,0,2100,1458,358,284,190,65789,0,3,0,0,10,64,17,6,13,39,37,11
1664090,Pocatello,Idaho,2,2,1,0,1591,1045,504,42,17139,68785,2,2,3,0,5,81,6,2,6,23,40,31
1664810,"Post Falls",Idaho,2,1,1,0,1935,1191,666,78,11334,87905,0,1,0,0,3,87,8,1,7,23,45,25
1665260,Preston,Idaho,4,1,2,0,3249,1167,1912,170,49,80241,0,0,0,0,2,89,5,4,5,46,32,17
1666340,Rathdrum,Idaho,2,1,1,0,1987,1249,673,65,1435,108501,0,1,2,0,1,87,6,3,10,25,44,21
1667420,Rexburg,Idaho,2,1,1,0,1205,813,364,28,7183,61628,1,0,3,0,3,83,6,3,1,16,55,29
1667780,Rigby,Idaho,2,1,1,0,2045,1237,718,90,783,88061,0,3,1,0,5,79,6,6,7,22,29,42
167056,Russellville,Alabama,4,3,1,0,2323,1772,535,16,1322,61299,11,1,0,0,1,50,6,32,26,34,24,16
1670660,Rupert,Idaho,3,2,0,0,2278,1926,289,63,327,78339,0,1,1,0,16,58,11,14,17,33,38,13
1671020,"St. Anthony",Idaho,4,2,2,0,2972,1383,1291,298,49,78664,0,2,0,0,7,81,3,6,11,35,34,19
1671470,"St. Maries",Idaho,6,2,1,2,3348,1292,811,1245,18,56688,0,1,0,1,0,96,1,0,16,29,34,21
1671650,Salmon,Idaho,5,3,2,1,2983,1385,1081,517,12,55237,0,1,0,0,0,93,5,1,5,33,46,17
1672100,Sandpoint,Idaho,2,1,1,0,2090,1202,722,166,1338,83936,1,0,0,0,3,87,6,2,7,20,35,38
1673450,Shelley,Idaho,2,1,1,0,2433,1382,958,93,135,112068,0,0,0,0,2,84,7,8,8,24,41,27
1675195,"Soda Springs",Idaho,3,2,1,0,2471,1305,958,208,10,79560,0,0,0,0,0,96,3,0,9,25,50,16
1676870,Star,Idaho,2,1,1,0,2183,1237,891,55,3004,109986,1,0,0,0,3,82,13,2,0,21,45,34
168160,Saraland,Alabama,3,3,0,0,2560,2171,380,9,4976,79830,17,1,1,0,0,77,4,1,7,45,28,20
1682810,"Twin Falls",Idaho,2,2,1,0,1727,1197,460,70,15445,77673,1,0,3,0,8,76,8,5,11,26,40,23
168352,Satsuma,Alabama,3,2,0,0,2726,2381,336,9,1837,103488,14,0,1,0,0,79,3,2,7,38,27,27
1686140,Weiser,Idaho,3,2,1,0,1828,1096,496,236,15,67440,0,1,0,0,4,82,3,9,9,34,34,23
1686320,Wendell,Idaho,3,2,1,0,2346,1609,505,232,32,67719,0,2,0,0,15,63,10,11,24,32,32,12
168736,Scottsboro,Alabama,3,2,0,0,2247,1887,338,22,4351,78371,5,0,1,0,0,88,4,2,10,29,32,29
169120,Selma,Alabama,6,4,1,0,2701,2046,639,16,5197,48347,76,1,2,0,1,18,1,0,14,35,29,22
169240,Semmes,Alabama,3,3,0,0,2596,2275,311,10,2432,87508,21,0,1,0,1,72,3,1,9,37,28,25
169648,Sheffield,Alabama,4,3,1,0,2541,1798,734,9,3769,57650,24,0,0,0,0,70,3,2,20,31,30,18
1700113,Abingdon,Illinois,4,3,2,0,2833,1688,1123,22,49,63290,2,0,0,0,5,91,2,1,7,38,36,19
1700243,Addison,Illinois,2,1,1,0,2648,1256,1381,11,12295,109726,4,1,9,0,13,48,10,14,14,32,28,25
1700646,Aledo,Illinois,3,2,1,0,2538,1467,993,78,252,80865,2,0,1,0,2,93,2,0,6,36,33,25
1700685,Algonquin,Illinois,2,1,1,0,2857,1365,1481,11,10102,146181,2,1,7,0,6,74,6,4,7,16,34,43
1701010,Alsip,Illinois,3,1,2,0,2594,1237,1353,4,7124,87221,19,1,2,0,12,51,8,7,8,29,37,26
1701114,Alton,Illinois,4,3,2,0,2896,1835,1041,20,10454,66389,23,0,1,0,1,68,7,1,9,27,43,20
1701543,Anna,Illinois,5,3,1,0,2699,1994,677,28,641,59917,4,0,0,0,0,91,5,0,9,30,41,20
1701595,Antioch,Illinois,2,1,1,0,2768,1304,1452,12,3048,129891,4,0,3,0,2,80,6,4,6,20,36,38
1701881,Arcola,Illinois,4,2,2,0,3411,2058,1280,73,46,83860,3,1,0,0,14,64,14,5,15,37,29,19
1702154,"Arlington Heights",Illinois,2,1,1,0,2467,1176,1286,5,32102,139235,3,0,10,0,3,72,6,5,4,15,21,60
1702414,Arthur,Illinois,4,2,1,0,3403,1947,1237,219,17,91263,0,0,0,0,0,96,2,1,35,26,22,17
1702921,Auburn,Illinois,3,2,1,0,3114,2093,997,24,236,118639,0,0,0,0,5,93,3,0,3,39,29,29
1703012,Aurora,Illinois,2,1,1,0,2826,1354,1468,4,55950,117988,10,1,10,0,16,33,17,13,16,21,27,36
1703844,Barrington,Illinois,2,1,1,0,3198,1523,1669,6,1987,190556,2,0,13,0,2,77,3,3,3,6,18,73
1703883,"Barrington Hills",Illinois,2,1,1,0,3093,1513,1571,9,4837,144615,2,2,7,1,7,62,7,11,6,17,24,53
1704013,Bartlett,Illinois,2,1,1,0,2793,1295,1492,6,11860,143097,4,1,16,0,6,60,6,7,5,18,29,48
1704039,Bartonville,Illinois,3,2,1,0,2927,1629,1283,15,2055,87064,2,0,1,0,1,93,3,0,7,34,39,20
1704078,Batavia,Illinois,2,1,1,0,2804,1282,1509,13,8088,147015,3,0,3,0,3,82,6,4,2,16,29,53
1704303,"Beach Park",Illinois,3,1,2,0,2802,1322,1472,8,3920,93079,13,1,2,0,15,37,22,12,13,28,37,22
1704351,Beardstown,Illinois,4,2,1,0,2770,1706,1046,18,883,70461,7,2,2,2,16,49,13,10,18,39,26,16
1704585,Beecher,Illinois,3,1,2,0,3589,1528,1901,160,142,110956,1,0,2,0,5,82,3,7,4,40,33,23
1704845,Belleville,Illinois,4,2,1,0,2733,1792,923,18,16640,74834,30,0,1,0,1,59,6,2,6,23,44,26
1704975,Bellwood,Illinois,4,2,2,0,3254,1323,1923,8,6131,87662,72,0,1,0,4,4,7,12,11,29,41,19
1705092,Belvidere,Illinois,3,2,2,0,2664,1342,1307,15,7423,76475,1,0,1,0,12,58,9,18,20,34,35,11
1705248,Bensenville,Illinois,2,1,1,0,2420,1259,1154,7,5448,98188,6,1,3,0,13,46,11,19,15,29,31,25
1705300,Benton,Illinois,4,3,1,0,2429,1844,562,23,545,66991,1,0,0,0,1,93,5,0,9,27,33,31
1705404,Berkeley,Illinois,3,1,2,0,3118,1263,1848,7,1557,95313,25,1,2,0,15,28,11,19,6,42,25,27
1705573,Berwyn,Illinois,2,1,1,0,2358,1131,1224,3,19904,98526,9,1,4,0,11,26,14,36,13,29,33,25
1705599,Bethalto,Illinois,3,2,1,0,2891,1945,934,12,3687,90194,1,0,0,0,0,96,2,0,6,28,39,27
1706587,Bloomingdale,Illinois,2,1,1,0,2805,1317,1475,13,9049,118758,4,1,15,0,5,64,7,4,6,22,30,43
1706613,Bloomington,Illinois,2,1,1,0,2012,1105,899,8,28170,91629,10,0,6,0,3,74,6,1,4,21,30,46
1706704,"Blue Island",Illinois,4,2,2,0,2486,1142,1336,8,7390,68678,38,0,1,0,23,20,5,13,20,29,33,18
1707133,Bolingbrook,Illinois,2,1,1,0,3048,1441,1597,10,24279,134283,18,1,12,0,9,40,10,11,7,21,31,41
1707471,Bourbonnais,Illinois,3,2,1,0,2744,1441,1287,16,3765,88597,9,0,2,0,5,77,6,1,4,35,35,26
1707744,Bradley,Illinois,4,2,2,0,2774,1352,1406,16,2983,75344,7,1,0,0,5,75,8,3,6,39,40,15
1707770,Braidwood,Illinois,3,2,2,0,3211,1565,1622,24,1377,103839,0,0,0,0,2,91,5,2,5,35,41,19
1707913,Breese,Illinois,4,3,1,0,3577,2527,1026,24,146,99632,0,0,1,0,1,93,3,2,7,26,45,22
1708225,Bridgeview,Illinois,3,2,1,0,2564,1337,1221,6,5621,87692,5,1,2,0,12,63,10,7,14,35,30,20
1708446,Broadview,Illinois,3,1,2,0,2689,1094,1590,5,2624,81971,59,0,3,0,4,21,5,8,7,39,33,21
1708576,Brookfield,Illinois,2,1,1,0,3018,1298,1712,8,7671,133933,4,0,1,0,7,74,9,5,6,19,32,42
1709447,"Buffalo Grove",Illinois,2,1,1,0,3011,1416,1589,6,13285,181698,2,1,23,0,3,64,4,3,1,11,21,66
1709642,Burbank,Illinois,3,1,2,0,3069,1349,1710,10,7781,111841,2,0,3,0,13,46,19,18,19,37,28,15
1709798,Burnham,Illinois,5,2,3,0,3294,1357,1929,8,1522,70535,65,0,0,0,8,10,3,13,14,27,45,15
1709980,"Burr Ridge",Illinois,1,1,1,0,3077,1421,1651,5,4725,209146,1,1,13,0,4,73,6,3,2,9,22,67
1710110,Bushnell,Illinois,5,3,1,0,2978,2176,767,35,85,62304,0,0,1,0,0,94,3,2,11,44,29,16
1710240,Byron,Illinois,3,1,2,0,2775,1309,1456,10,537,95762,0,0,0,0,0,88,9,2,6,21,42,31
1710370,Cahokia,Illinois,6,4,2,0,3036,1911,1098,27,3232,47471,64,1,1,0,1,28,4,1,15,39,34,12
1710383,Cairo,Illinois,17,12,4,0,7247,5325,1903,19,354,42817,68,0,0,0,0,29,2,0,18,32,40,9
1710487,"Calumet City",Illinois,5,2,3,0,3252,1373,1873,6,13659,68981,71,0,0,0,8,9,3,9,10,28,40,23
1710513,"Calumet Park",Illinois,4,2,2,0,2527,1368,1154,5,2549,66598,82,0,0,0,4,4,3,7,11,18,50,21
1710906,"Campton Hills",Illinois,2,1,1,0,3408,1656,1743,9,3457,206224,1,0,5,0,3,85,5,2,2,8,33,58
1711007,Canton,Illinois,4,2,1,0,2538,1542,975,21,3178,70478,3,1,0,0,1,90,2,2,9,39,33,19
1711163,Carbondale,Illinois,3,3,1,0,1710,1404,295,11,6070,53794,24,0,7,0,1,60,5,2,4,12,36,49
1711202,Carlinville,Illinois,4,2,2,0,2745,1554,1179,12,1084,77068,3,0,0,0,0,89,6,2,15,27,32,26
1711228,Carlyle,Illinois,3,2,1,0,3053,1950,1062,41,133,95398,2,0,0,0,1,90,7,0,0,35,35,29
1711293,Carmi,Illinois,5,3,1,0,3251,2293,931,27,681,68156,1,0,1,0,1,95,2,1,7,35,45,13
1711332,"Carol Stream",Illinois,2,1,1,0,2667,1259,1397,11,13539,131394,6,0,19,0,5,55,8,6,7,16,30,47
1711358,Carpentersville,Illinois,3,1,1,0,2729,1217,1503,9,7336,103207,4,2,4,0,15,35,11,29,21,29,28,22
1711514,Carterville,Illinois,3,2,0,0,2243,1845,378,20,1300,88730,2,0,3,0,1,87,6,0,3,18,35,45
1711592,Cary,Illinois,2,1,1,0,2926,1418,1499,9,4240,137822,0,0,1,0,6,84,6,2,2,16,36,45
1711618,Casey,Illinois,4,2,1,0,2573,1641,899,33,89,70444,1,0,0,0,0,95,3,0,11,35,31,22
1711644,Caseyville,Illinois,4,2,1,0,3163,1952,1192,19,1873,79474,12,0,1,0,6,70,7,4,11,35,35,20
171190,"Smiths Station",Alabama,3,2,0,0,2379,2200,161,18,1924,91816,21,0,1,0,2,71,5,1,9,21,43,27
1712164,Centralia,Illinois,4,3,1,0,2504,1647,841,16,3252,63849,10,0,1,0,2,80,6,1,11,34,36,18
1712203,Centreville,Illinois,6,4,2,0,2607,1757,802,48,1367,45461,94,1,1,0,0,3,1,0,13,37,34,16
1712385,Champaign,Illinois,3,2,1,0,1994,1354,635,5,29844,78686,17,0,15,0,3,57,5,2,4,16,30,50
1712476,Channahon,Illinois,2,1,1,0,3097,1512,1560,25,2573,134584,4,0,1,0,7,81,4,4,4,21,41,34
1712567,Charleston,Illinois,3,2,1,0,1998,1428,562,8,4351,63421,10,0,2,0,4,79,4,2,4,20,42,34
1712684,Chatham,Illinois,2,1,1,0,2571,1526,1029,16,1132,135629,3,0,4,0,0,90,3,0,3,13,34,50
1713074,"Cherry Valley",Illinois,2,1,1,0,2681,1275,1392,14,1719,108830,4,0,10,0,3,70,8,6,5,29,32,35
1713139,Chester,Illinois,3,2,1,0,2254,1661,573,20,457,82230,6,0,0,0,1,88,2,2,5,49,35,11
1714000,Chicago,Illinois,2,1,1,0,2440,1090,1343,7,1093379,110289,29,1,7,0,10,32,10,12,11,19,24,46
1714026,"Chicago Heights",Illinois,5,2,3,0,3496,1469,1999,28,9122,76774,42,0,0,0,8,20,7,22,11,32,33,24
1714065,"Chicago Ridge",Illinois,3,1,1,0,2395,1188,1204,3,4769,82457,9,0,3,0,7,59,17,6,11,29,37,24
1714117,Chillicothe,Illinois,3,2,1,0,2812,1623,1178,11,1751,84263,2,0,0,0,2,87,9,1,2,34,35,29
1714286,Christopher,Illinois,5,3,1,0,2631,1739,833,59,329,57205,0,0,0,0,0,94,5,0,10,29,45,15
1714351,Cicero,Illinois,3,1,1,0,2379,1158,1217,4,24600,83794,4,1,1,0,17,8,14,57,31,36,22,11
1714572,"Clarendon Hills",Illinois,2,1,1,0,3097,1443,1648,6,3000,202528,0,0,8,0,2,82,6,2,2,5,15,77
1715001,Clinton,Illinois,4,2,2,0,2784,1618,1152,14,1922,67017,2,1,0,0,2,90,4,1,7,40,34,18
1715170,"Coal City",Illinois,3,1,1,0,2863,1415,1405,43,505,112399,1,0,0,0,3,92,2,2,5,39,39,16
1715235,"Coal Valley",Illinois,2,1,1,0,2105,1023,1067,15,430,110968,0,0,1,0,1,93,2,3,6,21,39,34
1715599,Collinsville,Illinois,3,2,1,0,2534,1617,904,13,9306,84620,17,1,1,0,3,72,5,2,6,30,38,27
1715664,Colona,Illinois,2,1,1,0,1953,1046,887,20,687,83929,0,0,0,0,3,86,8,2,7,45,33,16
1715833,Columbia,Illinois,2,1,1,0,2839,1898,930,11,2910,132032,1,0,0,0,1,94,2,2,2,16,27,55
1716470,Cortland,Illinois,3,1,1,0,2650,1309,1293,48,360,103715,6,0,1,0,6,70,11,6,9,27,29,35
1716691,"Country Club Hills",Illinois,4,2,2,0,3356,1453,1893,10,4431,91951,85,0,2,0,1,9,2,2,5,23,39,32
1716873,Countryside,Illinois,2,1,1,0,2694,1240,1447,7,2839,155255,4,0,2,0,7,74,6,6,5,15,32,48
1717458,"Crest Hill",Illinois,3,1,2,0,2500,1188,1301,11,6349,85159,21,0,3,0,11,52,8,6,8,31,35,25
1717497,Crestwood,Illinois,3,1,2,0,2663,1247,1408,8,2785,92353,12,0,2,0,9,67,5,5,6,28,37,29
1717523,Crete,Illinois,3,1,2,0,3085,1445,1615,25,2574,105571,36,0,1,0,2,53,5,4,5,29,36,30
1717549,"Creve Coeur",Illinois,4,2,2,0,2527,1465,1046,16,2281,68541,1,0,0,0,0,94,4,1,11,37,39,14
1717887,"Crystal Lake",Illinois,2,1,1,0,2716,1351,1356,9,13756,124388,1,0,3,0,8,80,5,2,4,19,35,42
171832,Southside,Alabama,3,3,1,0,2901,2356,530,15,2434,90753,1,0,0,0,1,94,2,2,6,27,43,24
1718563,Danville,Illinois,4,3,1,0,2278,1457,803,18,6423,57874,33,0,1,0,3,55,5,2,10,39,37,14
1718628,Darien,Illinois,2,1,1,0,2671,1227,1437,7,8684,150070,4,0,9,0,3,74,8,2,3,18,28,51
1718719,"Davis Junction",Illinois,3,1,1,0,3114,1500,1541,73,71,104287,0,0,0,0,5,83,11,1,6,30,40,23
1718823,Decatur,Illinois,4,2,1,0,2615,1661,946,8,24998,67542,26,0,1,0,2,64,6,1,8,39,32,22
1718992,Deerfield,Illinois,1,1,1,0,3585,1655,1919,11,6019,239277,1,0,5,0,3,88,2,1,2,5,11,81
1719083,"Deer Park",Illinois,2,1,1,0,3518,1628,1882,8,1767,212079,1,0,7,0,0,87,3,0,3,8,19,70
1719161,DeKalb,Illinois,3,2,1,0,2022,1078,932,12,10540,63822,17,0,5,0,6,58,9,5,6,19,39,36
1719642,"Des Plaines",Illinois,2,1,1,0,2656,1189,1457,10,24170,112961,4,1,14,0,8,58,10,6,11,19,28,43
171976,"Spanish Fort",Alabama,2,2,0,0,1984,1845,133,6,2556,120955,10,0,2,0,1,81,6,0,3,18,34,44
1719837,Diamond,Illinois,3,1,1,0,3106,1534,1545,27,257,107455,0,0,0,0,2,91,4,2,4,36,41,18
1720149,Dixmoor,Illinois,6,3,3,0,3685,1660,2019,6,647,62969,32,1,0,0,24,11,13,19,18,28,43,10
1720162,Dixon,Illinois,4,2,2,0,2824,1472,1327,25,2426,72645,8,0,1,0,3,82,6,1,9,36,35,20
1720292,Dolton,Illinois,5,2,3,0,3526,1475,2043,8,7876,69379,91,0,0,0,1,4,3,1,7,24,45,24
1720591,"Downers Grove",Illinois,2,1,1,0,2735,1296,1432,7,20737,166475,4,0,7,0,3,79,5,1,3,14,24,59
1721254,Dupo,Illinois,3,3,1,0,2810,2035,753,22,769,80789,4,0,0,0,1,93,2,0,6,45,33,15
1721267,"Du Quoin",Illinois,4,3,1,0,2617,1890,702,25,1248,60464,6,0,1,0,0,87,2,4,11,33,44,11
1721358,Dwight,Illinois,4,2,2,0,3059,1600,1442,17,1357,84795,1,0,0,0,3,87,4,5,12,42,30,17
1721553,"East Alton",Illinois,4,3,2,0,2788,1789,991,8,3471,64674,4,0,0,0,1,90,5,0,9,40,37,14
1721696,"East Dundee",Illinois,3,1,1,0,2492,1131,1358,3,2032,94713,5,2,1,0,10,49,6,28,19,30,25,27
1722073,"East Moline",Illinois,2,1,1,0,1883,882,989,12,7471,78441,15,0,4,0,8,60,8,5,11,29,37,23
1722164,"East Peoria",Illinois,3,2,1,0,2626,1513,1099,14,7896,94702,1,0,1,0,2,93,3,0,5,27,41,27
1722255,"East St. Louis",Illinois,6,4,2,0,2915,1741,1154,20,7519,46382,94,0,1,0,0,2,2,1,20,34,34,12
1722697,Edwardsville,Illinois,2,1,1,0,2672,1720,928,24,7659,118968,7,0,2,0,1,86,4,0,3,15,29,53
1722736,Effingham,Illinois,3,2,1,0,2309,1614,677,18,1628,79953,2,0,1,0,3,92,2,1,7,29,40,25
1722931,Elburn,Illinois,2,1,1,0,3336,1568,1761,7,516,174865,0,0,0,0,9,90,1,0,1,8,35,55
1723009,Eldorado,Illinois,4,3,1,0,2510,1602,879,29,987,62379,0,0,1,0,0,94,2,1,6,35,45,15
1723074,Elgin,Illinois,2,1,1,0,2662,1218,1440,4,35605,109839,6,1,6,0,12,40,13,22,15,22,34,29
1723256,"Elk Grove Village",Illinois,2,1,1,0,2408,1167,1237,4,10117,117129,2,1,12,0,8,61,11,5,9,22,31,38
1723620,Elmhurst,Illinois,2,1,1,0,2967,1406,1553,8,15860,190784,2,0,8,0,4,78,8,1,3,10,21,66
1723724,"Elmwood Park",Illinois,2,1,1,0,2223,1139,1080,4,9404,101787,2,0,4,0,12,57,10,14,9,26,32,34
1723737,"El Paso",Illinois,3,2,1,0,3083,1651,1399,33,31,97081,1,0,1,0,0,95,2,0,7,35,30,28
1724543,Eureka,Illinois,4,2,2,0,2909,1498,1393,18,185,79223,2,0,0,0,0,91,3,4,2,26,39,33
1724582,Evanston,Illinois,1,1,1,0,2245,1092,1144,9,27611,151350,18,0,9,0,3,57,9,4,3,10,18,70
1724634,"Evergreen Park",Illinois,2,1,1,0,2638,1359,1274,5,6962,110969,22,0,2,0,6,57,9,4,6,17,31,46
1724764,Fairbury,Illinois,3,2,2,0,3385,1726,1628,31,23,97056,1,0,1,0,4,92,2,0,8,30,41,21
1724816,Fairfield,Illinois,6,4,1,0,3475,2606,839,30,705,60512,2,0,1,0,1,93,2,1,8,35,41,16
1724933,"Fairmont City",Illinois,6,4,2,0,3235,1968,1259,8,880,54700,11,8,1,0,16,30,8,26,26,31,27,15
1725141,"Fairview Heights",Illinois,3,2,1,0,2619,1783,824,12,5992,83408,26,0,1,0,3,57,12,1,7,20,37,36
172600,Springville,Alabama,3,3,0,0,2871,2482,364,25,622,93208,5,0,0,0,0,87,2,5,7,29,38,26
1726454,Flora,Illinois,8,7,1,0,5303,4607,680,16,752,68831,0,1,1,0,0,94,4,0,10,32,40,18
1726571,Flossmoor,Illinois,3,1,1,0,3494,1494,1983,17,3416,132491,56,0,1,0,0,34,8,1,2,8,26,64
1726710,"Ford Heights",Illinois,5,2,3,0,3384,1447,1918,19,458,72270,67,0,1,0,3,21,4,3,5,34,43,18
1726935,"Forest Park",Illinois,2,1,1,0,2039,1096,939,4,6522,105437,25,1,7,0,1,55,6,6,2,16,28,54
1727091,Forsyth,Illinois,2,1,1,0,2900,1786,1088,26,220,158353,2,0,4,0,1,88,4,0,1,19,27,53
1727442,"Fox Lake",Illinois,3,1,1,0,2674,1238,1415,21,3373,100445,2,0,2,0,4,79,10,3,7,32,36,25
1727533,"Fox River Grove",Illinois,2,1,1,0,3455,1943,1504,8,400,152377,0,0,3,0,5,83,8,1,1,12,28,60
1727624,Frankfort,Illinois,2,1,1,0,3252,1570,1675,7,6210,159193,10,0,3,0,2,77,7,1,3,16,24,56
1727702,"Franklin Park",Illinois,3,1,1,0,2501,1207,1291,3,6231,94973,1,2,4,0,15,37,21,19,17,32,29,21
1727806,Freeburg,Illinois,3,2,1,0,3442,2180,1198,64,790,113738,1,0,0,0,1,91,7,0,3,16,45,36
1727884,Freeport,Illinois,4,2,2,0,2616,1273,1328,15,7744,62498,13,0,2,0,4,69,11,1,8,34,40,19
1728144,Fulton,Illinois,3,2,1,0,2575,1427,1128,20,1209,75477,1,0,0,0,0,98,1,0,10,43,37,11
1728300,Galena,Illinois,3,2,2,0,3203,1577,1573,53,243,92424,1,0,1,0,1,96,1,0,2,29,29,40
1728326,Galesburg,Illinois,4,3,2,0,2486,1476,988,22,7226,57356,12,0,2,0,3,73,6,4,11,30,37,22
1728430,Galva,Illinois,4,2,2,0,2692,1581,1083,28,174,70917,0,0,1,0,1,90,8,0,8,33,35,24
1728846,Geneseo,Illinois,3,2,1,0,3040,2123,900,17,807,91152,0,0,1,0,0,95,4,0,3,31,32,34
1728872,Geneva,Illinois,2,1,1,0,2594,1054,1533,7,7067,172644,1,0,3,0,3,83,6,3,2,12,21,65
1728898,Genoa,Illinois,3,1,1,0,2707,1335,1354,18,177,99242,0,0,0,0,3,85,5,6,11,30,46,13
1728963,Georgetown,Illinois,4,2,1,0,2502,1521,955,26,150,65993,9,0,0,0,1,89,1,1,5,52,36,7
1729080,"Germantown Hills",Illinois,2,1,1,0,2926,1729,1175,22,283,138812,1,0,0,0,1,95,3,0,1,13,30,57
1729125,"Gibson City",Illinois,4,2,1,0,2556,1556,987,13,620,72916,1,0,0,0,1,87,8,3,15,29,37,20
1729171,Gilberts,Illinois,2,1,1,0,2943,1397,1541,5,1598,149237,0,0,7,0,7,59,9,18,1,13,28,58
1729236,Gillespie,Illinois,3,2,1,0,2611,1580,995,36,330,77056,0,0,0,0,1,96,3,0,9,40,32,19
1729639,"Glen Carbon",Illinois,2,1,1,0,2581,1750,814,17,5108,133693,6,0,2,0,2,84,5,1,3,16,25,56
1729652,Glencoe,Illinois,1,1,1,0,4167,2047,2111,9,2375,287728,2,0,3,0,2,91,2,0,0,4,12,84
1729730,"Glendale Heights",Illinois,2,1,1,0,2713,1225,1480,8,7596,113383,9,1,22,0,11,35,13,9,12,25,30,33
1729756,"Glen Ellyn",Illinois,2,1,1,0,2800,1325,1469,6,10455,173670,4,0,8,0,3,78,7,1,4,11,21,64
1729938,Glenview,Illinois,2,1,1,0,3132,1549,1577,6,18328,204662,2,0,19,0,4,68,5,2,3,9,19,69
1730029,Glenwood,Illinois,4,2,2,0,3330,1462,1856,12,1344,87630,62,0,0,0,5,26,5,1,3,27,40,31
1730094,Godfrey,Illinois,3,2,1,0,2748,1799,923,26,7407,102415,7,0,0,0,1,86,5,0,4,21,41,34
1730926,"Granite City",Illinois,4,3,2,0,2877,1783,1082,12,12287,71047,11,0,1,0,3,78,5,2,10,34,40,17
1731121,Grayslake,Illinois,2,1,1,0,2620,1307,1301,12,7418,135433,8,0,5,0,5,69,8,3,3,14,29,55
1731446,"Green Oaks",Illinois,2,1,1,0,2299,1156,1139,4,1513,148910,2,0,13,0,3,75,6,1,8,10,19,63
1731589,Greenville,Illinois,4,2,1,0,2336,1615,685,36,2286,65894,16,1,1,0,4,76,2,0,6,14,51,29
1732018,Gurnee,Illinois,2,1,1,0,2619,1322,1289,8,9111,166161,8,1,14,0,5,59,9,5,3,16,27,54
1732200,Hainesville,Illinois,2,1,1,0,2703,1294,1391,18,1742,111684,5,2,8,0,13,51,12,9,12,23,27,37
1732434,Hamilton,Illinois,4,3,1,0,3025,2108,845,72,389,82948,1,0,0,0,0,97,1,0,5,30,43,22
1732525,Hampshire,Illinois,3,1,2,0,3810,1483,2323,4,867,126236,6,0,4,0,5,79,3,3,9,27,30,34
1732746,"Hanover Park",Illinois,2,1,1,0,2640,1157,1475,8,9946,111923,6,1,20,0,10,37,12,14,13,27,28,32
1733136,Harrisburg,Illinois,4,2,1,0,2399,1595,777,27,2386,64443,2,0,1,0,1,92,4,0,12,25,39,24
1733331,Harvard,Illinois,4,2,2,0,2774,1332,1426,16,888,78651,1,0,0,0,27,46,17,9,19,36,29,16
1733383,Harvey,Illinois,6,2,3,0,3510,1442,2055,13,6789,61503,64,0,2,0,9,4,9,12,17,39,33,12
1733435,"Harwood Heights",Illinois,2,1,1,0,2204,1105,1094,5,2844,106837,1,1,10,0,8,69,5,7,11,26,32,31
1733513,Havana,Illinois,4,2,1,0,2608,1597,998,13,1045,70156,1,0,0,0,0,97,2,0,11,39,37,14
1733630,"Hawthorn Woods",Illinois,2,1,1,0,3398,1585,1809,4,2596,209419,1,0,14,0,2,76,5,2,3,7,18,72
1733695,"Hazel Crest",Illinois,4,2,2,0,3321,1496,1816,9,3929,77125,86,0,1,0,1,7,4,2,4,27,35,34
1734358,Herrin,Illinois,3,3,1,0,2399,1848,530,21,3638,71791,5,2,0,0,1,87,5,1,11,29,38,22
1734449,Heyworth,Illinois,2,1,1,0,2634,1408,1217,9,65,117790,0,0,1,0,3,93,3,1,3,30,25,42
1734514,"Hickory Hills",Illinois,3,1,1,0,2794,1301,1487,6,5528,101271,10,2,3,0,7,66,7,5,11,27,33,29
1734670,Highland,Illinois,3,2,1,0,3233,2159,1033,41,2684,96749,0,0,3,0,1,94,2,0,5,29,38,29
1734722,"Highland Park",Illinois,1,1,1,0,3424,1576,1836,12,10631,228926,1,0,3,0,4,83,6,3,1,6,14,79
1734865,Highwood,Illinois,2,1,1,0,3147,1475,1663,9,1734,148343,2,0,2,0,8,57,8,22,12,20,21,47
1735047,Hillsboro,Illinois,4,2,1,0,2848,1878,947,23,967,76926,0,0,0,0,2,95,1,1,9,30,36,25
1735086,Hillside,Illinois,3,1,2,0,3108,1280,1822,6,3114,91422,45,1,1,0,9,23,4,18,17,22,34,27
1735307,Hinsdale,Illinois,1,1,1,0,3490,1626,1856,8,5286,275608,1,0,12,0,1,78,7,1,2,3,9,85
1735411,"Hoffman Estates",Illinois,2,1,1,0,2550,1138,1408,4,17970,130159,5,0,25,0,5,47,10,7,6,14,27,52
1735835,"Homer Glen",Illinois,2,1,1,0,3242,1532,1703,7,8239,144729,1,0,3,0,3,87,5,2,3,23,33,42
1735866,Hometown,Illinois,3,2,2,0,2011,982,1012,17,1907,63414,2,0,1,0,8,61,14,13,11,33,37,19
1735879,Homewood,Illinois,3,1,2,0,3396,1446,1929,21,6135,99326,51,0,1,0,2,37,5,3,4,18,32,46
1736061,Hoopeston,Illinois,4,3,1,0,2430,1563,851,16,818,60793,6,1,2,0,0,85,5,2,13,39,41,7
1736750,Huntley,Illinois,2,1,1,0,2758,1277,1465,16,7714,113394,3,0,3,0,6,82,3,2,4,22,32,43
1737257,"Indian Head Park",Illinois,2,1,1,0,2745,1279,1459,7,1075,169337,2,2,5,0,3,83,5,1,4,8,24,64
1737608,Inverness,Illinois,2,1,1,0,3203,1472,1727,4,4310,203293,1,0,24,0,1,69,4,1,1,7,20,72
1737894,"Island Lake",Illinois,2,1,1,0,2796,1318,1471,7,1342,113964,1,0,3,0,10,79,5,2,7,24,36,33
1737907,Itasca,Illinois,2,1,1,0,2646,1194,1436,16,3580,152864,1,0,14,0,4,66,12,3,3,22,26,50
1738115,Jacksonville,Illinois,3,2,1,0,2522,1600,909,13,5023,76416,8,0,1,0,2,81,6,1,9,31,33,27
1738414,Jerseyville,Illinois,3,2,1,0,2838,1728,1079,31,312,97109,0,0,1,0,0,96,2,0,7,33,31,29
1738479,Johnsburg,Illinois,2,1,1,0,2853,1348,1454,51,2598,124195,1,0,0,0,6,86,5,2,5,25,36,34
173848,Sumiton,Alabama,4,4,0,0,2562,2299,249,14,330,60377,8,0,0,0,0,88,3,2,17,34,39,9
1738544,"Johnston City",Illinois,4,3,1,0,2582,1876,685,21,246,70551,1,0,2,0,1,92,3,1,8,29,42,21
1738570,Joliet,Illinois,3,1,1,0,2766,1329,1431,6,46222,100780,17,1,2,0,13,44,10,13,14,26,34,26
1738830,Justice,Illinois,3,1,1,0,2484,1167,1313,4,4216,89837,15,0,3,0,8,58,8,7,14,34,36,16
1738934,Kankakee,Illinois,4,2,2,0,2739,1374,1352,13,8204,61191,41,0,1,0,10,38,6,4,16,34,36,14
1739519,Kenilworth,Illinois,1,1,1,0,5035,2355,2671,9,735,376019,0,0,3,0,2,84,10,1,0,0,6,94
1739727,Kewanee,Illinois,4,3,2,0,2692,1578,1095,19,2204,60577,3,0,0,0,1,83,4,9,13,40,29,18
1739883,Kildeer,Illinois,2,1,1,0,3406,1588,1810,8,1673,209066,1,0,15,0,2,76,5,1,2,9,14,75
1740416,Knoxville,Illinois,3,2,1,0,2766,1606,1116,44,358,81547,0,0,0,0,2,95,3,0,3,42,33,22
1740767,"La Grange",Illinois,2,1,1,0,3198,1459,1731,8,5335,197561,3,0,1,0,4,81,6,3,2,9,20,69
1740793,"La Grange Park",Illinois,2,1,1,0,2846,1267,1572,7,3960,141507,2,0,3,0,7,76,9,3,3,12,25,59
1740884,"Lake Barrington",Illinois,2,1,1,0,3023,1586,1428,9,1636,175827,1,0,4,0,2,85,6,2,2,10,20,68
1740910,"Lake Bluff",Illinois,1,1,1,0,3099,1518,1572,9,1784,215506,2,0,6,0,3,80,6,2,1,11,13,75
1741105,"Lake Forest",Illinois,1,1,1,0,3312,1652,1650,10,6236,237509,1,1,6,0,2,83,6,2,1,4,13,82
1741183,"Lake in the Hills",Illinois,2,1,1,0,2763,1354,1394,15,8842,129718,4,0,7,0,6,71,9,3,4,21,35,41
1741326,Lakemoor,Illinois,2,1,1,0,2902,1360,1505,37,1456,125648,0,0,3,0,3,86,5,3,3,25,32,40
1741586,"Lake Villa",Illinois,2,1,1,0,2835,1328,1490,17,3464,136609,4,0,4,0,12,65,10,6,3,29,29,39
1741651,Lakewood,Illinois,2,1,1,0,3002,1466,1528,8,2074,159002,1,0,5,0,3,83,6,2,3,15,31,51
1741742,"Lake Zurich",Illinois,2,1,1,0,3105,1449,1648,8,5450,172331,0,0,8,0,3,83,4,1,2,14,23,62
1742028,Lansing,Illinois,4,2,2,0,3271,1426,1837,8,9893,85644,48,0,3,0,8,27,8,6,8,28,34,30
1742184,LaSalle,Illinois,3,2,2,0,2311,1249,1049,13,2472,69870,4,0,0,0,9,74,9,3,13,31,41,14
1742405,Lawrenceville,Illinois,4,2,1,0,2648,1668,965,15,598,73100,4,0,2,0,1,87,4,1,8,26,44,22
1742496,Lebanon,Illinois,3,2,1,0,3300,2067,1177,56,129,99875,9,0,1,0,0,85,5,0,5,14,42,39
1742795,Lemont,Illinois,2,1,1,0,3278,1549,1720,9,4338,150683,2,0,2,0,3,86,6,1,3,20,34,44
1742834,Lena,Illinois,4,2,2,0,3228,1460,1690,78,48,88616,2,0,0,0,0,95,2,1,5,34,39,21
1742971,"Le Roy",Illinois,2,1,1,0,2618,1271,1326,21,65,112720,1,0,0,0,0,98,1,0,0,40,26,34
1743250,Libertyville,Illinois,1,1,1,0,2908,1436,1464,8,6534,208816,1,0,7,0,3,80,6,2,2,9,16,74
174352,Sylacauga,Alabama,6,5,1,0,3584,3226,339,19,3566,59542,32,0,0,0,1,62,4,1,17,33,35,15
1743536,Lincoln,Illinois,3,2,1,0,2710,1637,1060,13,2401,78271,3,0,0,0,1,90,5,0,7,39,33,22
1743666,Lincolnshire,Illinois,1,1,1,0,3087,1604,1475,8,2660,230428,1,0,27,0,2,66,3,1,1,10,9,80
1743744,Lincolnwood,Illinois,2,1,1,0,2671,1308,1351,12,4669,145561,4,0,23,0,5,62,5,1,3,19,20,58
1743770,Lindenhurst,Illinois,2,1,1,0,2646,1298,1338,10,3532,141670,3,0,6,0,5,76,7,3,4,15,34,47
1743939,Lisle,Illinois,2,1,1,0,2292,1174,1116,2,10092,136107,4,0,15,0,3,70,5,2,1,10,28,61
1743965,Litchfield,Illinois,5,3,2,0,2786,1767,985,34,1652,58596,1,0,0,0,0,97,2,0,9,47,24,20
1744225,Lockport,Illinois,2,1,1,0,2909,1371,1526,12,7417,121799,3,0,1,0,5,84,6,2,3,24,30,43
1744407,Lombard,Illinois,2,1,1,0,2615,1277,1331,7,16803,133972,5,0,11,0,6,67,8,3,3,18,26,52
1744524,"Long Grove",Illinois,2,1,1,0,3569,1765,1798,6,5761,221731,1,0,22,0,4,63,6,3,4,7,17,71
1745031,"Loves Park",Illinois,3,2,2,0,2483,1245,1226,12,9856,78070,7,0,3,0,5,75,9,2,8,31,34,27
1745421,Lynwood,Illinois,4,2,2,0,3233,1379,1827,27,2985,89511,64,0,0,0,2,16,6,11,11,24,36,29
1745434,Lyons,Illinois,3,1,1,0,2672,1273,1394,5,3927,99506,4,0,2,0,23,42,7,22,11,28,40,21
1745694,McHenry,Illinois,2,1,1,0,2629,1274,1348,7,7462,111926,1,0,2,0,9,80,6,3,8,27,36,29
1745726,"Machesney Park",Illinois,3,1,2,0,2757,1348,1398,11,7795,92053,4,0,2,0,3,84,5,2,8,31,42,18
1745824,McLeansboro,Illinois,5,4,1,0,2785,2186,579,20,340,57608,0,0,1,1,1,92,3,2,11,28,47,14
1745889,Macomb,Illinois,4,3,1,0,2381,1688,678,15,3444,57460,12,0,3,0,1,80,3,1,5,24,36,35
174592,Talladega,Alabama,5,4,1,0,2598,2124,449,25,4462,55618,57,0,0,0,2,36,3,1,21,34,27,18
1745993,Madison,Illinois,5,3,2,0,2853,1768,1076,9,2388,60635,28,1,0,0,5,56,5,5,14,37,36,12
1746136,Mahomet,Illinois,2,1,1,0,2906,1770,1015,121,1397,134066,1,0,1,0,1,92,5,0,2,15,28,55
1746357,Manhattan,Illinois,2,1,1,0,3516,1605,1799,112,750,150909,2,0,0,0,1,89,7,0,4,21,39,36
1746500,Manteno,Illinois,3,1,1,0,2775,1388,1358,29,852,99551,2,1,0,0,5,86,2,4,3,30,43,24
1746786,Marengo,Illinois,3,1,1,0,2988,1484,1470,34,434,113687,1,0,0,0,8,87,3,1,7,34,32,28
174688,Tallassee,Alabama,3,3,0,0,2497,2274,199,24,490,75424,25,0,0,0,1,72,2,0,14,40,32,14
1746916,Marion,Illinois,3,3,1,0,2199,1728,454,17,5013,68169,6,0,4,0,1,83,5,1,7,31,35,27
1747007,Markham,Illinois,5,2,3,0,3386,1451,1923,12,3708,65308,72,1,1,0,5,13,4,5,7,28,46,19
1747111,"Marquette Heights",Illinois,3,2,1,0,2692,1510,1167,15,249,88724,1,0,1,0,0,94,4,0,7,34,38,22
1747150,Marseilles,Illinois,3,2,2,0,2925,1424,1475,26,319,90286,0,0,1,0,2,92,3,1,4,36,40,20
1747163,Marshall,Illinois,4,3,1,0,3444,2570,857,17,496,78056,1,0,0,0,0,97,3,0,3,42,35,19
1747397,Maryville,Illinois,2,1,1,0,2576,1655,903,18,2342,116674,6,0,2,0,1,85,6,0,1,14,41,45
1747423,Mascoutah,Illinois,3,2,1,0,3353,2296,1036,21,1751,116755,3,1,3,0,3,80,9,2,3,18,38,41
1747540,Matteson,Illinois,3,1,2,0,3352,1470,1862,20,6988,109025,79,0,3,0,1,12,4,1,4,21,33,42
1747553,Mattoon,Illinois,4,2,1,0,2380,1532,835,13,3737,61635,2,0,0,0,1,93,4,0,7,33,36,23
1747774,Maywood,Illinois,4,2,2,0,3094,1335,1754,5,7488,86167,61,0,1,0,8,5,8,17,20,34,31,15
1748242,"Melrose Park",Illinois,3,1,2,0,2861,1185,1673,3,8375,91064,4,1,1,0,22,17,22,33,26,32,30,12
1748333,Mendota,Illinois,4,2,2,0,2887,1349,1516,22,385,81127,1,0,2,0,7,74,4,13,8,32,40,20
1748606,Metamora,Illinois,2,1,1,0,2852,1579,1254,19,118,117077,0,0,2,0,0,96,2,0,5,16,27,51
1748645,Metropolis,Illinois,5,4,2,0,3152,2230,904,18,2081,58366,6,0,1,0,2,87,5,1,19,33,32,16
1748892,Midlothian,Illinois,3,1,2,0,2926,1276,1635,15,5612,88069,9,1,3,0,15,51,10,11,9,32,36,22
1749009,Milan,Illinois,3,1,1,0,1956,918,1024,14,1166,76743,3,1,2,0,4,83,7,0,11,35,35,19
1749386,Millstadt,Illinois,3,2,1,0,3710,2108,1462,140,219,123877,0,1,0,0,0,97,1,1,1,23,42,34
1749607,Minooka,Illinois,2,1,1,0,3003,1465,1507,31,1473,129995,3,0,1,0,9,81,3,3,3,23,39,35
174976,Tarrant,Alabama,5,4,1,0,2405,1937,464,4,2695,51965,55,0,0,0,3,29,4,10,17,36,38,9
1749854,Mokena,Illinois,2,1,1,0,3085,1462,1616,7,5747,145285,2,0,2,0,2,88,5,0,1,17,32,50
1749867,Moline,Illinois,2,1,1,0,1959,919,1026,14,17896,81790,9,0,2,0,6,68,8,7,9,23,38,30
1749893,Momence,Illinois,4,2,2,0,3260,1450,1632,178,43,83082,10,2,1,0,6,67,9,5,7,42,33,17
1749945,Monee,Illinois,3,1,1,0,3185,1495,1677,13,498,118330,38,0,1,0,4,41,11,4,6,27,38,29
1750010,Monmouth,Illinois,4,2,2,0,2745,1533,1171,41,1460,75398,6,2,3,1,5,71,3,9,13,35,31,20
1750218,Montgomery,Illinois,3,1,1,0,2889,1415,1467,7,6783,111621,8,0,3,0,10,56,12,11,9,25,34,32
1750244,Monticello,Illinois,3,2,1,0,3090,1980,1065,45,428,94330,1,0,0,0,0,96,2,0,5,28,26,40
1750491,Morris,Illinois,3,1,1,0,2566,1255,1297,14,3690,91122,1,0,1,0,6,84,5,3,7,30,37,25
1750530,Morrison,Illinois,4,2,2,0,3042,1561,1447,34,88,82997,0,0,0,0,1,96,2,0,4,35,39,22
1750621,Morton,Illinois,2,1,1,0,2646,1521,1113,12,3490,107462,1,0,2,0,2,92,3,0,3,19,40,39
1750647,"Morton Grove",Illinois,2,1,1,0,2845,1293,1543,9,9635,138987,2,1,32,0,2,56,5,2,7,15,22,55
1750868,"Mount Carmel",Illinois,4,2,1,0,2663,1743,875,45,791,71230,1,0,2,0,2,90,4,1,8,29,47,17
1750998,"Mount Morris",Illinois,3,1,1,0,2432,1245,1145,42,63,84321,1,0,2,0,2,90,5,0,19,32,29,20
1751089,"Mount Prospect",Illinois,2,1,1,0,2457,1160,1292,5,21381,127585,3,1,13,0,4,64,8,7,8,16,27,49
1751180,"Mount Vernon",Illinois,4,3,1,0,2619,1763,824,32,2816,66218,17,0,1,0,1,71,9,0,9,29,47,16
1751206,"Mount Zion",Illinois,3,2,1,0,2727,1703,1003,21,423,102208,4,0,1,0,1,93,1,0,6,30,34,30
1751349,Mundelein,Illinois,2,1,1,0,2710,1290,1411,9,9184,135439,2,2,10,0,15,48,12,10,9,17,30,45
1751453,Murphysboro,Illinois,5,3,1,0,2416,1653,746,17,1855,53678,16,0,1,0,1,67,5,11,9,27,44,21
1751622,Naperville,Illinois,2,1,1,0,2915,1422,1488,5,46464,178200,5,0,19,0,3,66,6,1,2,8,18,73
1751700,Nashville,Illinois,3,2,1,0,2342,1643,687,12,327,78924,1,0,0,0,0,97,2,0,5,31,45,19
1752142,"New Baden",Illinois,3,2,1,0,3029,1952,1038,39,60,104672,4,0,1,0,0,89,5,1,8,18,43,32
1752584,"New Lenox",Illinois,2,1,1,0,3200,1543,1648,9,6966,145429,1,0,1,0,3,89,6,1,2,22,30,46
1752844,Newton,Illinois,4,3,2,0,2837,1829,997,11,1207,66210,0,0,0,0,0,97,2,0,15,32,34,19
1753000,Niles,Illinois,2,1,1,0,2631,1175,1448,8,10661,119291,2,1,24,0,4,61,6,3,9,25,23,44
1753234,Normal,Illinois,2,1,1,0,1864,1094,763,7,15890,85533,13,0,3,0,4,75,4,1,1,13,40,45
1753377,Norridge,Illinois,2,1,1,0,2261,1111,1145,5,5553,104520,1,0,7,0,5,78,4,6,11,31,30,29
1753442,"North Aurora",Illinois,2,1,1,0,2792,1330,1457,5,5151,118823,7,1,2,0,9,65,9,8,6,22,38,34
1753455,"North Barrington",Illinois,2,1,1,0,3124,1595,1520,9,1499,186698,1,0,6,0,2,86,4,1,1,6,17,75
1753481,Northbrook,Illinois,1,1,1,0,3255,1580,1669,6,12574,228669,2,0,16,0,2,75,4,1,2,6,16,76
1753559,"North Chicago",Illinois,3,2,2,0,2536,1254,1276,6,6728,80645,26,1,5,0,8,28,16,15,23,25,29,22
1753663,Northfield,Illinois,2,1,1,0,3470,1639,1823,8,1891,222518,3,0,12,0,4,79,2,1,0,5,18,77
1753871,Northlake,Illinois,3,1,2,0,2775,1172,1600,3,4726,91667,5,0,3,0,17,28,20,26,24,32,29,15
1754144,"North Riverside",Illinois,3,1,2,0,2720,1187,1527,6,2636,97108,11,0,2,0,7,65,7,8,4,27,31,38
1754534,"Oak Brook",Illinois,2,1,1,0,2445,1292,1146,7,4783,156151,4,0,18,0,2,68,6,1,3,14,21,62
1754560,"Oakbrook Terrace",Illinois,2,1,1,0,2169,1322,843,4,1881,104822,9,0,15,0,9,53,10,4,5,24,22,49
1754638,"Oak Forest",Illinois,3,1,1,0,2842,1275,1556,11,8038,107404,9,0,6,0,5,68,8,4,5,24,37,34
1754820,"Oak Lawn",Illinois,3,1,1,0,2509,1289,1217,3,22364,99891,8,0,3,0,9,66,8,7,9,25,34,32
1754885,"Oak Park",Illinois,1,1,1,0,2060,1041,1014,5,23345,145351,19,0,6,0,3,60,9,2,2,7,16,75
1755249,O'Fallon,Illinois,2,2,1,0,2554,1785,753,16,8408,116334,17,0,3,0,2,68,10,1,4,13,34,48
1755353,Oglesby,Illinois,4,3,1,0,3472,2274,1180,18,1009,79143,0,0,0,0,3,91,3,2,8,33,40,18
1755912,Olney,Illinois,4,2,2,0,3004,1673,1315,16,3421,69479,1,0,0,0,1,91,4,2,4,30,48,18
1755938,"Olympia Fields",Illinois,3,1,2,0,3513,1529,1965,19,1942,109567,73,0,3,0,1,20,3,1,2,14,36,47
1756484,Oregon,Illinois,3,2,2,0,2639,1296,1323,20,459,78690,1,0,0,0,5,90,3,1,6,41,34,19
1756627,"Orland Hills",Illinois,2,1,1,0,2960,1348,1606,6,1941,123343,9,0,3,0,5,73,8,2,4,22,39,34
1756640,"Orland Park",Illinois,2,1,1,0,2911,1329,1576,6,20264,127620,4,0,5,0,4,78,6,2,5,20,30,45
1756887,Oswego,Illinois,2,1,1,0,2719,1296,1415,8,8030,124676,9,0,3,0,7,66,12,2,3,19,37,41
1756926,Ottawa,Illinois,3,2,1,0,2415,1231,1163,21,4537,82016,4,0,2,0,7,80,5,2,8,31,44,17
1757225,Palatine,Illinois,2,1,1,0,2513,1204,1307,2,22984,133791,4,0,13,0,5,60,5,12,8,14,25,53
1757381,"Palos Heights",Illinois,2,1,1,0,2955,1346,1603,6,3809,135978,2,0,1,0,5,84,5,2,2,20,32,46
1757394,"Palos Hills",Illinois,2,1,1,0,2501,1169,1325,7,6727,102497,5,0,3,0,6,81,4,1,10,31,32,27
1757407,"Palos Park",Illinois,2,1,1,0,3243,1483,1754,6,2068,146499,3,0,2,0,2,86,5,2,3,21,27,49
1757472,Pana,Illinois,4,3,2,0,2689,1619,1058,12,1381,61120,0,0,1,0,2,95,2,0,10,45,32,13
1757628,Paris,Illinois,4,3,2,0,2654,1630,1003,21,919,62571,1,0,0,0,0,96,1,2,13,39,25,23
1757654,"Park City",Illinois,2,1,1,0,2390,1274,1112,4,1389,103235,10,1,21,0,16,18,15,19,15,28,22,35
1757732,"Park Forest",Illinois,4,2,2,0,3109,1330,1764,15,6353,72165,73,2,0,0,2,17,2,4,5,22,41,31
1757875,"Park Ridge",Illinois,2,1,1,0,2684,1322,1353,9,14558,172347,1,0,8,0,2,80,7,2,3,12,21,64
1758174,Pawnee,Illinois,4,2,2,0,3398,1966,1403,29,41,84813,2,0,0,0,0,94,3,0,7,40,30,23
1758239,Paxton,Illinois,4,2,1,0,2715,1638,1040,37,880,73888,1,0,1,0,1,91,3,3,5,28,49,19
1758447,Pekin,Illinois,3,2,1,0,2443,1427,1006,10,12037,73658,2,0,1,0,1,92,4,0,8,38,35,19
1759000,Peoria,Illinois,3,2,1,0,2518,1478,1029,11,43118,77380,28,0,5,0,3,55,7,3,9,23,33,35
1759026,"Peoria Heights",Illinois,3,2,1,0,2531,1431,1086,14,2747,79973,3,0,2,0,1,87,6,1,4,22,42,31
1759052,Peotone,Illinois,3,1,2,0,3338,1556,1732,50,77,113883,1,0,1,0,5,91,2,1,11,37,30,22
1759234,Peru,Illinois,2,1,1,0,2062,987,1061,14,3041,93189,0,0,1,0,4,90,4,1,5,30,42,23
175960,Thomasville,Alabama,3,3,1,0,2565,2082,429,54,172,82214,56,0,0,0,0,43,0,0,5,49,33,12
1759884,Pinckneyville,Illinois,4,3,1,0,2536,1787,714,35,204,66953,15,0,1,0,2,78,3,0,10,20,53,17
1759988,"Pingree Grove",Illinois,2,1,1,0,3107,1481,1622,4,1803,167720,11,0,8,0,3,64,9,6,1,6,42,51
1760222,Pittsfield,Illinois,4,4,1,0,3546,2808,723,15,573,79270,2,0,1,0,1,95,1,0,5,34,32,29
1760287,Plainfield,Illinois,2,1,1,0,3084,1494,1580,10,10283,163221,9,0,10,0,3,69,6,2,3,13,29,54
1760352,Plano,Illinois,3,1,1,0,2836,1415,1404,17,1204,110012,3,0,2,0,13,60,12,10,9,35,29,27
1761015,Pontiac,Illinois,4,2,2,0,3006,1445,1546,15,1795,77879,11,0,1,0,3,81,3,1,7,38,33,22
1761067,"Pontoon Beach",Illinois,3,2,1,0,2822,1811,996,15,1835,85789,6,0,3,0,5,77,6,3,12,30,39,18
1761145,"Poplar Grove",Illinois,2,1,1,0,2989,1505,1463,21,747,120817,9,0,0,0,8,73,9,0,4,29,31,36
1761314,Posen,Illinois,5,2,3,0,3304,1471,1820,13,1323,69790,21,0,2,0,32,11,10,24,21,34,30,15
1761899,Princeton,Illinois,5,3,2,0,3932,2642,1272,18,1322,81116,0,0,3,0,2,91,2,2,7,30,31,32
1762016,"Prospect Heights",Illinois,2,1,1,0,2156,1123,1029,4,7911,110708,1,0,11,0,7,63,6,11,12,16,27,46
1762367,Quincy,Illinois,3,2,1,0,2612,1662,933,17,13863,75638,6,0,1,0,1,87,4,1,6,29,36,29
1762783,Rantoul,Illinois,7,5,2,0,3641,2605,1026,10,2812,55818,26,0,1,0,7,46,17,3,8,35,44,13
1763043,"Red Bud",Illinois,4,3,1,0,3479,2633,797,49,156,91805,0,0,3,0,0,94,2,0,4,26,47,22
1763706,"Richton Park",Illinois,4,2,2,0,2939,1502,1425,12,3730,83756,88,0,0,0,0,8,2,2,4,21,45,30
1764278,Riverdale,Illinois,6,3,4,0,3453,1466,1981,6,4340,55957,79,0,0,0,6,4,7,4,10,25,46,19
1764304,"River Forest",Illinois,1,1,1,0,2594,1259,1324,11,4341,176804,4,0,5,0,2,82,6,1,3,4,13,80
1764343,"River Grove",Illinois,3,1,1,0,2137,1096,1038,3,3892,82881,0,2,1,0,9,60,8,20,7,25,43,25
1764421,Riverside,Illinois,2,1,1,0,2671,1287,1376,8,3405,172353,1,1,3,0,6,61,22,7,1,13,22,64
1764486,Riverton,Illinois,3,2,1,0,3228,1865,1340,23,305,111112,0,0,1,0,0,97,2,1,6,44,24,27
1764538,Riverwoods,Illinois,2,1,1,0,3318,1605,1706,7,1820,219513,9,0,15,0,2,71,3,1,1,3,10,86
1764616,Robbins,Illinois,4,2,2,0,3074,1360,1702,12,1157,70269,76,0,0,0,10,6,2,4,17,27,36,20
1764707,Robinson,Illinois,3,2,1,0,2583,1610,960,13,1862,79012,1,3,0,0,1,93,1,0,14,22,36,28
1764746,Rochelle,Illinois,3,1,2,0,2325,1069,1233,23,1124,77412,4,1,0,0,12,66,15,2,18,27,38,17
1764759,Rochester,Illinois,2,1,1,0,3043,1721,1278,44,126,133441,0,0,1,0,1,96,2,1,1,23,26,50
1764928,"Rock Falls",Illinois,6,3,2,0,3597,2175,1395,27,2580,62516,0,0,0,0,6,81,9,3,11,38,33,18
1765000,Rockford,Illinois,4,2,2,0,2653,1233,1409,11,58140,70953,21,1,3,0,7,53,9,6,14,29,34,23
1765078,"Rock Island",Illinois,3,1,1,0,1973,908,1048,17,14251,74606,16,0,5,1,5,65,7,3,9,31,37,24
1765156,Rockton,Illinois,2,1,1,0,2467,1285,1169,13,1730,110259,4,0,1,0,4,86,5,1,1,34,33,32
1765338,"Rolling Meadows",Illinois,2,1,1,0,2390,1137,1251,2,9757,120405,3,0,15,0,8,56,9,10,7,21,28,44
1765442,Romeoville,Illinois,3,1,1,0,2871,1346,1513,12,11235,110984,10,1,7,0,12,46,14,11,11,28,35,27
1765611,Roscoe,Illinois,2,1,1,0,2659,1359,1290,10,2649,111385,2,0,2,0,4,86,5,1,4,22,41,32
1765806,Roselle,Illinois,2,1,1,0,2587,1194,1381,12,6979,131969,1,0,10,0,4,76,8,1,5,24,31,40
1765819,Rosemont,Illinois,2,1,1,0,1733,981,749,3,1069,93740,1,2,6,0,14,60,11,6,14,34,28,25
1766027,"Round Lake",Illinois,3,1,1,0,2907,1337,1543,27,3205,107861,5,1,8,0,11,50,13,12,11,23,33,33
1766040,"Round Lake Beach",Illinois,3,1,2,0,3185,1478,1696,11,6416,103219,5,1,1,0,23,36,18,15,20,33,29,19
1766053,"Round Lake Heights",Illinois,3,1,1,0,2493,1183,1291,19,731,92222,6,1,4,0,14,46,18,11,13,24,43,20
1766066,"Round Lake Park",Illinois,3,2,2,0,2898,1342,1543,13,1504,88796,4,2,7,0,21,36,14,15,18,30,31,22
1766339,Rushville,Illinois,4,2,1,0,2599,1624,951,24,258,65674,3,0,1,0,3,93,1,0,3,45,36,16
1766703,"St. Charles",Illinois,2,1,1,0,2692,1282,1403,7,12520,139156,4,0,4,0,4,77,6,3,3,15,27,56
1766950,"St. Joseph",Illinois,2,1,1,0,2618,1649,962,7,1379,116587,0,0,2,0,2,94,2,0,0,20,41,39
1767236,Salem,Illinois,3,2,1,0,2144,1648,473,23,2291,68507,3,0,0,0,0,93,3,0,7,38,39,16
1767548,Sandwich,Illinois,3,1,1,0,2750,1425,1311,14,1460,98589,1,1,1,0,6,83,4,4,7,24,46,23
1767769,"Sauk Village",Illinois,5,2,3,0,3357,1461,1867,29,1292,72107,65,1,0,0,3,20,7,3,9,34,40,17
1767821,Savanna,Illinois,5,3,2,0,2612,1479,1019,114,197,57941,0,0,1,0,1,88,8,2,11,34,34,20
1767860,Savoy,Illinois,2,1,1,0,2433,1473,922,38,1666,129604,4,0,14,0,2,75,4,0,1,15,16,69
1768003,Schaumburg,Illinois,2,1,1,0,2305,1009,1293,3,30962,115769,6,0,22,0,3,54,8,6,4,18,28,49
1768081,"Schiller Park",Illinois,3,1,1,0,2350,1074,1272,4,4271,87777,1,0,7,0,10,59,6,18,18,22,34,26
1768640,Seneca,Illinois,3,1,2,0,2997,1345,1612,40,172,100086,1,0,1,0,3,87,6,2,4,38,36,22
176872,Trinity,Alabama,3,2,0,0,2661,2248,394,19,289,95799,22,1,0,0,2,69,3,3,5,30,40,24
1769186,Shelbyville,Illinois,4,2,2,0,2852,1624,1216,12,1210,66013,0,0,0,0,0,97,3,0,5,36,43,16
176920,Troy,Alabama,2,2,0,0,1441,1274,153,14,3097,63548,40,0,5,0,1,51,3,1,4,27,36,33
1769277,Sheridan,Illinois,3,1,2,0,3312,1471,1621,220,46,107416,15,0,1,0,6,74,5,1,7,31,37,25
1769342,Sherman,Illinois,2,1,1,0,2849,1723,1106,20,139,161558,3,0,0,0,1,94,3,0,3,18,31,49
176944,Trussville,Alabama,3,2,1,0,3242,2149,1083,10,8015,123111,17,0,1,0,1,78,3,1,2,17,35,47
1769524,Shiloh,Illinois,2,2,1,0,2546,1773,759,14,6224,109523,25,0,2,0,2,63,7,1,2,15,41,43
1769758,Shorewood,Illinois,2,1,1,0,2835,1349,1481,5,4444,122616,4,0,3,0,6,75,5,6,3,21,34,42
1769979,Silvis,Illinois,2,1,1,0,1696,807,880,9,3530,75111,6,0,3,0,4,75,7,4,8,31,39,22
1770122,Skokie,Illinois,2,1,1,0,2687,1203,1469,15,23703,135449,9,0,27,0,4,49,7,5,6,16,22,56
1770161,"Sleepy Hollow",Illinois,2,1,1,0,2767,1301,1460,6,715,129002,3,1,6,0,4,74,6,6,6,18,31,46
1770252,Smithton,Illinois,3,2,1,0,3641,2191,1384,66,169,115214,1,0,1,0,0,94,4,0,3,24,40,33
1770564,"South Barrington",Illinois,2,1,1,0,3498,1610,1872,16,1735,208281,1,0,33,0,1,61,3,1,1,4,25,69
1770590,"South Beloit",Illinois,3,1,1,0,2503,1268,1219,16,2604,89383,4,0,1,0,3,84,6,2,9,32,35,25
1770629,"South Chicago Heights",Illinois,5,2,3,0,3134,1351,1768,15,1196,63437,30,0,0,0,8,30,6,25,21,26,45,8
1770720,"South Elgin",Illinois,2,1,1,0,3102,1560,1536,6,5804,150739,6,0,7,0,10,60,10,6,7,23,34,36
1770850,"South Holland",Illinois,4,2,2,0,3594,1439,2147,8,8339,86045,76,0,1,0,3,11,4,6,9,23,41,27
1770889,"South Jacksonville",Illinois,4,2,1,0,2466,1590,860,16,392,66045,3,0,1,0,0,92,3,0,7,35,27,30
1771448,Sparta,Illinois,3,2,1,0,2228,1627,587,14,1486,78313,13,0,0,0,2,79,5,0,8,34,38,21
1772000,Springfield,Illinois,3,2,1,0,2197,1271,911,15,44943,82325,20,0,3,0,1,71,5,1,8,27,31,34
1772052,"Spring Grove",Illinois,2,1,1,0,3067,1438,1616,13,1370,139156,0,0,1,0,4,86,8,1,1,30,32,36
1772156,"Spring Valley",Illinois,4,2,1,0,2780,1668,1081,31,1067,78279,1,0,0,0,10,76,3,9,13,31,40,16
1772403,Staunton,Illinois,4,2,2,0,2793,1561,1196,36,1736,67788,0,0,1,0,0,96,3,0,2,42,42,15
1772520,Steger,Illinois,4,2,2,0,3206,1385,1805,16,3175,73765,18,0,1,0,8,55,7,11,10,34,40,16
1772546,Sterling,Illinois,4,2,2,0,2832,1498,1315,19,5066,71157,3,1,2,0,15,65,12,4,10,32,39,19
177256,Tuscaloosa,Alabama,3,3,0,0,2235,1921,300,14,33856,74689,41,0,3,0,2,49,3,1,7,27,30,36
1772676,Stickney,Illinois,3,1,1,0,2649,1377,1262,10,2392,98250,0,0,1,0,14,27,20,38,9,34,38,19
177280,Tuscumbia,Alabama,4,3,1,0,2378,1640,725,13,3007,64268,22,0,0,0,0,72,4,0,13,44,25,18
1772923,"Stone Park",Illinois,4,2,2,0,3404,1350,2049,5,1164,85789,1,0,0,0,32,4,21,41,35,37,23,5
177304,Tuskegee,Alabama,6,5,1,0,3038,2517,501,20,1987,53497,87,0,1,0,0,9,2,0,12,22,39,27
1773157,Streamwood,Illinois,2,1,1,0,2595,1157,1432,6,12982,108908,4,1,12,0,10,41,20,11,11,27,31,31
1773170,Streator,Illinois,4,2,2,0,2615,1215,1390,10,3896,69744,3,0,1,0,6,79,6,6,14,40,35,12
1773391,"Sugar Grove",Illinois,2,1,1,0,3071,1476,1590,5,1971,168099,6,0,3,0,3,80,6,1,4,13,33,51
1773495,Sullivan,Illinois,4,3,1,0,2976,2201,759,16,1396,72968,2,0,0,0,0,95,2,0,4,37,39,19
1773638,Summit,Illinois,3,1,1,0,2443,1242,1193,8,3731,91592,9,1,4,0,27,13,16,30,35,31,20,14
1773703,Sumner,Illinois,4,2,2,0,3299,1801,1454,44,13,86165,18,1,0,0,4,71,5,2,10,37,36,18
1774119,Swansea,Illinois,3,2,1,0,2734,1816,900,18,4723,108049,17,0,2,0,0,74,6,0,3,21,34,41
1774223,Sycamore,Illinois,3,1,1,0,2551,1272,1263,16,4257,99862,4,0,1,0,5,83,5,2,4,16,39,42
1774574,Taylorville,Illinois,4,3,2,0,2629,1635,981,13,2711,61575,7,0,1,0,0,91,1,0,7,42,34,17
1775276,Tilton,Illinois,4,2,2,0,2479,1425,1020,34,584,66223,2,0,0,0,0,94,3,1,10,50,31,9
1775484,"Tinley Park",Illinois,2,1,1,0,2889,1312,1570,7,17887,134711,6,0,3,0,4,77,7,3,3,24,33,40
1775614,Tolono,Illinois,3,2,1,0,2960,1776,1060,124,38,115295,3,0,1,0,0,92,4,0,3,25,39,34
1775991,Trenton,Illinois,3,2,1,0,2902,1826,1012,64,158,104467,0,0,0,0,1,94,3,1,3,25,41,31
1776199,Troy,Illinois,2,2,1,0,2710,1722,964,24,1623,113498,3,0,1,0,1,91,3,1,3,15,39,43
1776407,Tuscola,Illinois,3,2,1,0,2657,1791,851,15,1247,79304,2,0,2,0,3,89,4,0,1,30,46,24
1776935,"University Park",Illinois,4,2,2,0,3319,1431,1871,17,2994,85719,74,0,1,0,2,19,3,1,5,22,35,38
1777005,Urbana,Illinois,3,2,1,0,1879,1270,603,6,13200,64623,17,0,14,0,4,56,6,2,3,19,28,51
1777317,Vandalia,Illinois,4,2,2,0,2378,1398,966,14,1572,56370,12,2,0,0,2,77,7,1,10,41,36,13
1777694,"Vernon Hills",Illinois,1,1,1,0,2813,1394,1415,4,8440,191160,2,0,25,0,3,64,4,2,3,9,15,73
1777993,"Villa Park",Illinois,2,1,1,0,2752,1303,1438,11,8200,125687,5,1,4,0,9,66,9,6,7,26,27,40
1778149,Virden,Illinois,4,3,1,0,3144,2140,993,11,403,84316,0,0,0,0,0,100,0,0,5,45,36,14
1778227,Volo,Illinois,2,1,1,0,2923,1353,1548,22,1459,152504,4,0,8,0,5,69,9,4,2,13,32,52
1778370,Wadsworth,Illinois,2,1,1,0,2797,1344,1445,8,1149,134080,14,0,8,0,6,53,10,8,5,20,30,44
177880,"Union Springs",Alabama,6,5,1,0,2527,2165,341,21,84,42976,73,0,1,0,4,14,2,7,27,41,21,11
1778929,Warrenville,Illinois,2,1,1,0,2516,1185,1327,4,4119,128524,5,1,9,0,6,69,7,4,5,13,26,56
1779033,Washington,Illinois,3,1,1,0,2767,1537,1218,12,2011,110360,1,0,2,0,2,94,1,1,2,16,36,46
1779085,"Washington Park",Illinois,7,4,3,0,3040,1878,1142,20,1077,44263,83,1,1,0,0,2,4,10,14,33,44,10
1779150,Waterloo,Illinois,3,2,1,0,3028,2025,967,36,584,114869,1,0,1,0,0,96,1,0,5,25,34,35
1779228,Watseka,Illinois,5,3,2,0,2592,1521,1049,22,603,52238,2,0,1,0,1,85,2,8,12,49,27,12
1779267,Wauconda,Illinois,2,1,1,0,2952,1346,1598,8,2739,136674,1,0,5,0,5,78,7,6,4,19,36,41
1779293,Waukegan,Illinois,3,1,2,0,2641,1257,1380,4,29654,85632,16,1,6,0,17,20,19,22,20,29,28,22
1780047,Westchester,Illinois,2,1,1,0,2932,1216,1706,10,6319,121951,21,0,3,0,7,57,7,5,6,17,29,48
1780060,"West Chicago",Illinois,2,1,1,0,2807,1247,1544,16,6236,118592,3,0,8,0,15,38,12,25,17,25,26,33
1780125,"West Dundee",Illinois,2,1,1,0,2837,1338,1491,8,1525,137462,1,0,9,0,5,75,6,3,6,13,30,51
1780242,"Western Springs",Illinois,1,1,1,0,3450,1561,1879,10,4084,231509,0,0,2,0,3,89,4,1,1,6,10,83
1780333,"West Frankfort",Illinois,5,3,1,0,2514,1811,678,25,1609,54789,0,0,0,0,0,97,3,0,11,37,42,11
1780645,Westmont,Illinois,2,1,1,0,2629,1221,1400,8,9409,159262,3,0,16,0,4,67,6,3,3,18,21,58
1780736,"West Peoria",Illinois,4,2,2,0,2800,1565,1221,14,1867,67992,27,0,2,0,0,63,7,2,5,35,42,18
1780931,Westville,Illinois,3,2,1,0,2267,1518,730,19,334,69850,0,0,1,0,1,97,1,0,7,36,40,17
1781048,Wheaton,Illinois,2,1,1,0,2726,1282,1438,6,17464,162180,3,0,6,0,3,79,6,2,3,10,21,67
1781087,Wheeling,Illinois,2,1,1,0,2377,1123,1250,4,14133,108164,2,1,14,0,6,51,5,21,12,18,26,44
1781919,Willowbrook,Illinois,2,1,1,0,2485,1179,1300,6,3820,143668,2,0,15,0,5,71,5,2,3,17,25,55
1781938,Willowbrook,Illinois,3,1,1,0,3252,1531,1693,28,194,122559,62,0,0,0,4,27,3,4,5,31,28,35
178204,Valley,Alabama,4,3,1,0,2560,2137,404,19,1969,65631,32,0,0,0,3,62,2,1,15,31,44,11
1782049,"Willow Springs",Illinois,2,1,1,0,2966,1354,1606,6,2043,154724,2,0,3,0,11,69,8,7,6,23,33,38
1782075,Wilmette,Illinois,1,1,1,0,3941,1852,2079,10,9264,268161,0,0,12,0,2,79,5,1,2,5,8,85
1782101,Wilmington,Illinois,3,2,2,0,2846,1368,1459,19,1779,87951,1,0,1,0,4,89,3,2,10,36,35,20
178232,"Valley Grande",Alabama,4,4,1,0,2611,2121,462,28,1183,59931,69,0,0,0,0,30,1,0,9,41,34,15
1782400,Winfield,Illinois,2,1,1,0,3019,1388,1623,8,2303,167031,2,0,5,0,7,74,7,6,5,15,27,54
1782491,Winnebago,Illinois,3,1,1,0,3208,1432,1734,42,69,116177,1,0,1,0,1,90,3,3,7,26,34,33
1782530,Winnetka,Illinois,2,1,1,0,5493,3144,2340,9,3627,337151,0,0,2,0,1,91,5,2,0,3,7,90
1782686,"Winthrop Harbor",Illinois,2,1,1,0,2878,1355,1513,10,2142,119212,5,2,0,0,7,78,6,3,4,38,32,27
1782855,"Wonder Lake",Illinois,2,1,1,0,2835,1343,1483,9,1354,114188,1,0,1,0,6,80,9,3,8,28,32,33
1782985,"Wood Dale",Illinois,2,1,1,0,2707,1319,1377,11,4604,113016,4,0,4,0,11,57,15,7,10,35,30,25
1783245,Woodridge,Illinois,2,1,1,0,2642,1285,1353,4,12221,145045,10,0,11,0,7,61,7,4,6,17,31,47
1783271,"Wood River",Illinois,4,2,1,0,2894,1823,1057,14,4245,78285,6,0,0,0,1,88,5,0,3,38,41,18
1783349,Woodstock,Illinois,3,1,1,0,2664,1334,1307,23,6729,100408,2,1,3,0,9,69,14,2,7,28,36,29
1783518,Worth,Illinois,3,1,2,0,2541,1177,1360,4,3931,79426,3,0,3,0,6,73,4,11,10,40,29,21
1784038,Yorkville,Illinois,2,1,1,0,2888,1408,1471,9,4828,135051,7,0,3,0,9,73,4,5,4,22,35,39
1784220,Zion,Illinois,3,2,2,0,2799,1322,1472,5,7588,82493,24,2,3,0,16,30,13,12,14,31,36,19
178552,"Vestavia Hills",Alabama,2,1,0,0,2643,2065,571,7,13230,156375,8,0,5,0,1,83,2,1,2,10,19,69
179944,Warrior,Alabama,4,3,1,0,2673,2240,370,63,818,70312,24,0,0,0,0,72,3,0,17,35,38,9
1800910,Alexandria,Indiana,4,2,1,0,2819,1836,960,23,704,78566,1,0,0,0,0,97,1,0,9,36,43,11
1801468,Anderson,Indiana,4,2,1,0,2196,1265,887,44,23370,61543,15,0,1,0,3,73,5,2,11,38,32,18
1801666,Angola,Indiana,3,2,1,0,2162,1417,718,27,1234,75590,1,0,0,0,2,92,5,1,10,37,26,27
1802620,Attica,Indiana,4,3,1,0,2811,1825,944,42,697,71540,0,0,0,0,0,98,1,0,9,45,32,14
1802674,Auburn,Indiana,3,2,1,0,1841,1086,723,32,2929,69536,0,0,0,0,0,98,2,0,11,42,31,16
1802782,Aurora,Indiana,4,3,1,0,2474,1852,570,52,852,63090,1,0,0,1,0,85,10,2,10,46,28,15
1802800,Austin,Indiana,5,4,1,0,2179,1827,324,28,677,46138,0,0,0,0,2,91,6,1,12,46,27,15
1802908,Avon,Indiana,2,1,0,0,2456,1842,605,9,11534,122955,14,0,5,0,3,71,6,2,7,19,31,43
1803394,Bargersville,Indiana,2,1,1,0,2842,1884,907,51,2981,137697,2,0,2,0,1,91,3,1,2,23,28,46
180352,Weaver,Alabama,3,3,0,0,2611,2262,328,21,682,76544,13,0,1,0,1,79,4,3,14,29,27,30
1803664,Batesville,Indiana,3,2,1,0,2550,1841,601,108,348,91936,0,0,1,0,2,92,4,2,5,36,32,27
1804114,Bedford,Indiana,4,3,1,0,2684,1885,768,31,5272,66101,1,0,1,0,1,93,3,0,8,39,35,17
1804204,"Beech Grove",Indiana,3,2,1,0,1902,1448,438,16,5814,68953,9,0,1,0,4,81,4,1,13,35,31,21
1804888,Berne,Indiana,4,3,1,0,2668,2028,552,88,702,67605,0,0,1,0,1,89,8,1,5,46,28,21
1805176,Bicknell,Indiana,4,3,1,0,2674,1798,846,30,476,65869,0,0,1,0,0,91,7,1,12,38,44,5
1805860,Bloomington,Indiana,3,2,1,0,1934,1474,455,5,27782,69200,5,0,10,0,2,77,5,1,3,15,28,54
1806220,Bluffton,Indiana,3,2,1,0,1876,1140,707,29,2501,70220,4,0,0,0,2,86,4,4,8,44,32,15
1806616,Boonville,Indiana,3,2,1,0,2626,1754,840,32,1016,85249,1,0,0,0,0,96,1,1,7,39,34,20
1807174,Brazil,Indiana,4,3,1,0,2830,2223,548,59,1193,72589,0,0,0,0,0,94,4,1,8,42,37,13
1807318,Bremen,Indiana,8,7,1,0,6231,5323,880,28,591,79211,0,1,3,0,6,77,11,1,21,29,27,23
1808182,Brookville,Indiana,4,3,1,0,2637,1787,775,75,187,67186,0,0,3,0,2,92,1,2,12,41,22,25
1808416,Brownsburg,Indiana,2,1,1,0,2436,1764,662,10,8440,117796,7,0,1,0,2,84,5,1,6,21,27,46
1808470,Brownstown,Indiana,3,2,1,0,2567,2042,432,93,109,82536,1,0,1,0,0,97,1,0,7,34,38,20
1809532,Butler,Indiana,3,2,1,0,2634,1803,667,164,61,77889,0,0,0,0,1,97,2,0,12,45,31,12
1810342,Carmel,Indiana,1,1,0,0,2685,1783,897,5,37575,188622,3,0,11,0,2,77,5,1,2,7,15,76
1811062,"Cedar Lake",Indiana,2,1,1,0,2678,1489,1165,24,3018,111246,0,0,2,0,1,92,4,1,4,29,41,27
1811836,Centerville,Indiana,4,3,1,0,2869,1893,838,138,478,69859,1,0,0,0,1,91,4,3,9,32,41,17
1812034,Chandler,Indiana,4,2,1,0,2780,1834,923,23,741,78614,0,0,0,0,0,97,3,0,7,48,27,18
1812124,Charlestown,Indiana,3,2,1,0,2603,1861,680,62,1122,91715,4,0,1,0,1,85,7,3,13,30,32,25
1812412,Chesterton,Indiana,2,1,1,0,2419,1360,1041,18,3693,100813,1,0,3,0,6,80,8,1,2,31,32,35
1812628,Cicero,Indiana,2,2,1,0,2780,1982,788,10,327,112968,1,0,0,0,0,97,2,0,1,25,40,34
1812934,Clarksville,Indiana,3,3,1,0,2253,1705,535,13,8050,66562,7,1,0,0,9,75,5,2,14,35,35,17
1813780,Clinton,Indiana,5,3,1,0,2836,1992,815,29,1401,60703,1,0,0,0,0,97,1,0,7,39,43,11
1814716,"Columbia City",Indiana,4,3,1,0,2910,2234,636,40,2018,72738,0,1,0,0,1,91,7,0,7,43,22,28
1814734,Columbus,Indiana,3,2,1,0,2383,1717,652,14,15596,94463,2,0,11,0,3,76,5,3,6,27,25,42
1814932,Connersville,Indiana,5,3,1,0,2499,1639,819,41,3988,55061,2,0,0,0,1,91,4,1,17,41,24,17
1815256,Corydon,Indiana,3,2,1,0,2478,1823,603,52,172,81541,2,0,0,0,4,93,2,0,3,33,33,32
1815742,Crawfordsville,Indiana,3,2,1,0,2037,1203,817,17,4820,64739,1,0,1,0,3,84,7,3,15,45,24,16
1816138,"Crown Point",Indiana,2,1,1,0,2645,1451,1159,35,9182,109241,9,0,1,0,5,76,8,1,5,24,33,38
1816336,Cumberland,Indiana,2,2,1,0,2351,1797,543,11,1310,99250,28,0,1,0,0,59,5,7,6,32,32,30
1816804,Danville,Indiana,3,2,1,0,2633,1858,750,25,1095,104721,3,0,1,0,2,90,2,1,6,28,35,31
1817074,Decatur,Indiana,4,3,1,0,2585,1958,556,71,1192,61288,1,0,0,0,4,89,3,2,4,50,30,15
181720,Wetumpka,Alabama,3,2,0,0,2603,2168,424,11,1438,88906,22,0,0,0,1,73,4,0,7,36,28,29
1817614,Delphi,Indiana,4,3,1,0,2564,1889,657,18,546,67318,0,0,0,0,12,82,5,1,10,48,30,12
1817722,"De Motte",Indiana,3,2,1,0,2559,1539,977,43,349,80667,1,0,0,0,0,85,12,1,5,39,29,27
1819270,Dyer,Indiana,2,1,1,0,2672,1501,1161,10,6150,120507,4,0,2,0,6,80,7,1,2,25,33,40
1819486,"East Chicago",Indiana,4,2,2,0,2466,1310,1151,5,10142,55627,38,0,0,0,13,7,9,33,25,38,26,11
1820404,Edinburgh,Indiana,5,4,1,0,3361,2541,814,6,1549,61527,0,0,0,0,0,98,1,0,16,42,32,10
1820728,Elkhart,Indiana,3,2,1,0,2340,1509,813,18,18995,68207,11,0,1,0,8,62,8,9,15,37,31,17
1820800,Ellettsville,Indiana,2,2,1,0,2571,1899,650,22,1529,106452,1,0,1,0,0,94,4,0,2,22,38,38
1821070,Elwood,Indiana,4,3,1,0,2882,1937,908,37,2304,68736,1,0,0,0,1,95,2,1,9,47,35,10
1822000,Evansville,Indiana,4,3,1,0,2485,1729,745,11,51241,65034,13,0,1,0,2,77,5,1,10,32,34,24
1822432,Fairmount,Indiana,4,3,1,0,3008,2070,889,49,96,68210,0,0,0,0,0,95,4,1,10,52,27,10
1823278,Fishers,Indiana,2,1,1,0,2707,1840,858,9,29602,161406,5,0,7,0,1,81,4,1,1,9,20,71
1824250,"Fort Branch",Indiana,3,2,1,0,2611,1763,824,24,72,79215,0,0,0,0,1,88,6,5,2,37,37,24
1824286,Fortville,Indiana,3,2,1,0,2910,2282,600,28,489,92452,2,0,0,0,2,91,3,2,12,34,24,30
1825000,"Fort Wayne",Indiana,3,2,1,0,2195,1510,672,13,97625,76626,15,0,6,0,3,64,7,4,10,27,34,29
1825324,Frankfort,Indiana,3,2,1,0,1962,1040,903,19,4499,62901,1,0,1,0,8,67,11,12,19,44,23,14
1825450,Franklin,Indiana,3,2,1,0,2553,1742,792,19,4956,89323,5,0,1,0,0,90,4,0,8,34,37,22
1826386,Garrett,Indiana,5,4,1,0,3318,2522,767,29,585,71081,0,0,2,0,6,89,3,0,11,43,33,12
1827000,Gary,Indiana,6,3,3,0,2963,1590,1339,34,27618,51396,78,0,0,0,3,10,6,3,14,37,34,15
1827054,"Gas City",Indiana,4,3,1,0,2744,1836,885,23,1824,66951,2,0,1,0,0,90,7,0,9,41,29,20
1827324,Georgetown,Indiana,2,2,0,0,2631,2126,439,66,293,124504,1,0,0,0,1,94,3,0,4,27,34,35
1828386,Goshen,Indiana,3,2,1,0,2087,1220,843,24,9280,74077,2,0,1,0,9,65,10,12,15,33,26,27
1829358,Greencastle,Indiana,3,2,1,0,2346,1663,655,28,907,77595,2,0,4,0,0,88,5,0,9,37,25,29
1829448,Greendale,Indiana,7,6,1,0,5407,4508,855,44,948,76660,0,0,0,0,2,97,1,0,7,42,29,23
1829520,Greenfield,Indiana,2,1,1,0,1916,1106,790,20,7396,87462,2,0,2,0,0,92,4,1,5,33,33,29
1829718,Greensburg,Indiana,4,3,1,0,2660,1858,774,28,1889,73518,0,0,1,0,2,92,5,1,8,42,24,26
1829772,Greentown,Indiana,3,2,1,0,2831,1883,882,66,45,98477,0,0,1,0,2,95,2,0,8,26,33,33
1829898,Greenwood,Indiana,2,2,1,0,2210,1619,579,12,22595,95861,4,0,5,0,3,81,5,1,7,26,33,34
182992,Winfield,Alabama,4,3,0,0,2445,2116,298,31,425,66077,4,0,1,0,1,93,1,0,12,38,36,15
1830042,Griffith,Indiana,3,2,1,0,2925,1571,1329,25,7310,96837,15,1,2,0,6,61,9,5,3,38,34,25
1831000,Hammond,Indiana,4,2,2,0,2649,1438,1187,24,29316,67001,22,1,1,0,8,34,8,25,13,40,30,17
1831216,Hanover,Indiana,4,3,0,0,2696,2299,335,62,431,69244,1,0,1,0,1,95,1,0,3,32,49,17
1832242,"Hartford City",Indiana,5,4,2,0,2630,1793,785,52,1649,49011,1,0,0,0,0,95,3,0,10,50,27,13
1832818,Hebron,Indiana,2,1,1,0,2697,1546,1112,39,115,112829,0,0,0,0,3,93,1,3,6,64,20,11
1833466,Highland,Indiana,3,1,1,0,2469,1369,1086,14,10085,94420,9,0,2,0,6,69,8,6,6,29,32,33
1833484,Highland,Indiana,3,2,1,0,2957,2063,883,11,1774,107379,2,0,1,0,3,91,2,0,4,22,40,34
1834114,Hobart,Indiana,3,2,1,0,2695,1469,1210,16,11481,89639,11,0,2,0,9,68,7,3,6,36,35,24
1835266,Huntertown,Indiana,2,1,0,0,2407,1689,698,20,1815,140454,4,0,6,0,2,84,2,2,3,15,33,49
1835284,Huntingburg,Indiana,4,3,1,0,2691,2171,431,89,1228,64601,7,0,0,0,8,64,16,5,18,48,18,15
1835302,Huntington,Indiana,4,3,1,0,2484,1717,732,35,3337,67329,2,0,2,0,1,93,1,1,7,40,28,25
1836003,"Indianapolis city (balance)",Indiana,2,2,1,0,1986,1489,486,11,354742,84280,28,0,4,0,4,52,6,5,11,25,29,35
1837782,Jasper,Indiana,2,2,1,0,1706,1273,408,25,3770,74585,1,0,1,0,1,92,3,3,10,31,35,25
1838358,Jeffersonville,Indiana,3,2,1,0,2397,1805,579,13,19954,81531,13,0,1,0,3,74,8,1,8,30,36,26
1839402,Kendallville,Indiana,3,2,1,0,2504,1749,692,63,1657,87243,0,0,1,0,3,91,5,0,15,36,30,19
1840374,Knox,Indiana,4,2,2,0,2242,1297,926,19,1144,55604,0,2,0,0,2,90,4,1,13,45,21,21
1840392,Kokomo,Indiana,3,2,1,0,2254,1527,710,17,24634,68950,11,0,2,0,2,79,5,1,10,37,35,18
1840788,Lafayette,Indiana,3,2,1,0,2093,1423,660,10,30806,65957,9,0,3,0,7,72,5,4,8,31,32,29
1840860,Lagrange,Indiana,3,2,1,0,2271,1398,753,120,152,78410,0,0,0,0,3,83,10,4,23,37,30,10
184096,York,Alabama,6,5,1,0,2481,2099,328,54,50,43930,82,0,0,0,0,15,3,0,16,30,43,11
1841535,"Lake Station",Indiana,4,2,2,0,3077,1662,1386,29,4642,69670,3,0,1,0,10,61,16,8,19,43,26,12
1842246,"La Porte",Indiana,3,2,1,0,2379,1343,1012,24,5973,76306,3,0,1,0,5,78,8,5,10,36,33,20
1842426,Lawrence,Indiana,2,2,0,0,2041,1660,373,8,19493,96071,32,0,1,0,6,45,9,6,13,25,26,35
1842462,Lawrenceburg,Indiana,6,5,1,0,4816,4224,567,25,1639,78306,3,0,0,0,2,94,1,0,7,39,27,28
1842624,Lebanon,Indiana,3,1,1,0,2104,1180,877,47,4434,82349,1,0,0,0,2,89,7,1,10,32,37,22
1842861,Leo-Cedarville,Indiana,2,1,1,0,2635,1867,740,28,507,136361,1,0,1,0,1,93,3,1,4,21,30,45
1843686,Ligonier,Indiana,3,2,1,0,2448,1602,807,39,813,74063,0,0,1,0,24,46,22,7,45,34,12,9
1844190,Linton,Indiana,5,4,2,0,2841,2001,804,36,1130,52161,0,0,0,0,3,92,3,2,14,41,33,12
1844658,Logansport,Indiana,3,2,1,0,1755,929,811,15,5565,59084,2,1,1,0,8,61,10,16,19,40,29,12
1844910,Loogootee,Indiana,4,3,1,0,2899,2068,789,42,192,70673,0,0,0,0,2,93,4,1,9,32,40,19
1845144,Lowell,Indiana,3,1,1,0,2604,1421,1096,87,1729,100318,0,0,0,0,4,84,9,2,2,33,42,24
1845648,McCordsville,Indiana,2,2,0,0,2719,2253,458,8,1655,127273,10,0,0,0,1,82,5,2,1,22,20,58
1845990,Madison,Indiana,3,2,1,0,2360,1772,558,30,2758,71917,4,0,1,0,2,90,2,1,12,32,26,30
1846908,Marion,Indiana,5,3,1,0,2676,1896,750,30,7391,57785,14,0,1,0,3,73,7,2,15,36,33,16
1847448,Martinsville,Indiana,3,2,1,0,2464,1729,705,30,3272,70459,0,0,0,0,0,98,1,0,17,43,28,12
1848528,Merrillville,Indiana,3,2,1,0,2405,1320,1072,13,16404,83496,44,0,1,0,6,34,9,5,7,30,35,28
1848798,"Michigan City",Indiana,3,2,1,0,2333,1331,981,21,10815,72576,24,0,1,0,3,63,7,2,8,33,36,23
1848924,Middlebury,Indiana,2,1,1,0,2278,1267,966,45,329,114399,2,0,1,0,1,93,2,1,28,23,25,25
1849014,Middletown,Indiana,3,2,1,0,2841,1766,886,189,74,89441,0,0,1,0,0,94,3,1,6,39,36,19
1849932,Mishawaka,Indiana,2,1,1,0,1546,856,679,11,19427,70282,8,0,3,0,3,78,7,1,7,33,33,28
1849950,Mitchell,Indiana,4,3,1,0,2642,1972,647,23,1145,60314,1,1,1,0,0,94,3,0,23,41,26,11
1850760,Monticello,Indiana,4,3,1,0,2138,1463,658,17,2563,56689,0,0,0,0,3,91,3,4,4,47,34,14
1850976,Mooresville,Indiana,3,2,1,0,2545,1809,703,33,2858,89050,0,0,0,0,1,95,3,0,6,39,32,24
1851732,"Mount Vernon",Indiana,3,2,1,0,2350,1725,607,18,1440,78208,3,0,0,0,1,93,2,2,9,37,35,18
1851876,Muncie,Indiana,4,3,1,0,2335,1553,742,40,24805,56390,10,0,2,0,2,79,5,1,9,29,37,26
1851912,Munster,Indiana,2,1,1,0,2589,1457,1118,14,9296,123856,6,1,7,0,5,72,7,3,2,22,24,52
1852020,Nappanee,Indiana,3,1,1,0,2070,1181,864,25,1630,79236,1,0,1,0,9,81,2,5,16,35,36,13
1852326,"New Albany",Indiana,3,2,1,0,2463,1704,732,27,14741,72539,8,0,1,0,2,82,6,1,9,31,33,27
1852650,Newburgh,Indiana,2,2,1,0,2742,1993,724,25,1045,124962,1,0,1,0,1,97,0,1,1,16,39,44
1852740,"New Castle",Indiana,4,3,2,0,2681,1675,970,36,5264,61353,5,0,1,0,1,88,4,1,8,46,32,15
1852992,"New Haven",Indiana,3,2,1,0,2212,1518,673,21,5081,76324,4,0,1,0,3,88,3,1,9,31,35,26
1853874,"New Whiteland",Indiana,3,2,1,0,2578,1759,807,12,837,93419,0,0,3,0,1,88,8,0,4,40,34,23
1854180,Noblesville,Indiana,2,1,1,0,2725,1880,828,17,18939,135650,5,0,4,0,2,83,5,1,2,16,27,55
1854954,"North Manchester",Indiana,4,2,1,0,2750,1933,789,28,1801,78559,4,0,0,0,3,89,4,0,7,34,26,33
1855116,"North Vernon",Indiana,4,3,1,0,2530,2015,478,37,1157,65646,2,0,0,0,4,88,3,2,12,34,38,15
1857114,Osceola,Indiana,3,2,1,0,2204,1410,776,18,242,85771,3,0,0,0,1,89,6,0,5,34,35,25
1857168,Ossian,Indiana,3,2,1,0,2773,1906,778,89,102,81496,1,0,0,0,0,95,4,0,7,36,34,22
1857780,Paoli,Indiana,4,3,1,0,2608,1931,632,45,508,59067,0,0,0,0,0,91,9,0,14,52,20,14
1858662,Pendleton,Indiana,3,2,1,0,3204,2260,904,40,2359,97194,2,0,1,0,1,94,3,0,3,27,35,35
1859328,Peru,Indiana,3,2,1,0,2016,1152,836,28,3215,61023,5,0,0,0,1,86,7,1,11,36,31,21
1860192,Pittsboro,Indiana,2,1,1,0,2802,1862,896,44,291,142452,1,0,0,0,0,92,4,3,4,30,30,36
1860246,Plainfield,Indiana,2,2,1,0,2303,1760,528,15,10634,103407,8,0,5,0,1,77,6,2,6,31,28,35
1860822,Plymouth,Indiana,3,2,1,0,2320,1390,909,21,2256,71767,2,0,0,0,15,71,3,9,15,35,24,26
1861092,Portage,Indiana,3,2,1,0,2445,1382,1051,12,13496,87892,8,0,1,0,10,69,9,3,7,41,33,19
1861164,Porter,Indiana,2,1,1,0,2553,1423,1110,20,1421,103915,2,0,1,0,7,82,6,2,2,32,33,33
1861236,Portland,Indiana,5,3,1,0,3068,2185,791,92,1187,64685,1,0,1,0,1,90,7,2,16,36,35,13
1862046,Princeton,Indiana,4,3,1,0,2687,2019,648,20,1611,69739,6,0,1,3,1,80,4,5,10,47,28,14
1863792,Rensselaer,Indiana,6,4,2,0,4729,3264,1423,42,142,81345,1,0,0,0,2,87,6,2,6,40,35,19
1864260,Richmond,Indiana,4,2,1,0,2291,1361,849,81,11477,57894,8,1,1,0,1,79,7,2,12,34,34,20
1865214,Rochester,Indiana,4,3,1,0,2760,1832,907,21,1703,70280,2,0,0,0,2,86,2,8,8,40,31,21
1865520,Rockville,Indiana,4,3,1,0,2554,1710,800,44,86,64662,2,0,0,0,1,92,5,0,11,35,39,15
1866438,Rushville,Indiana,4,3,1,0,2549,1660,826,63,966,66273,2,0,0,0,5,88,4,0,13,38,31,18
1866852,"St. John",Indiana,2,1,1,0,2772,1560,1195,17,5782,137664,3,0,1,0,5,81,6,4,5,22,33,40
1867464,Salem,Indiana,4,3,1,0,2463,1780,643,40,1484,58179,0,0,0,0,0,96,3,1,15,38,29,18
1868022,"Santa Claus",Indiana,2,2,1,0,2288,1540,696,52,176,96609,1,0,1,0,3,92,3,0,5,34,34,27
1868220,Schererville,Indiana,2,1,1,0,2372,1371,992,9,10828,107985,8,0,3,0,6,72,8,2,5,25,32,38
1868526,Scottsburg,Indiana,7,6,1,0,3612,3234,354,24,2026,54299,0,1,0,0,0,90,8,0,12,46,26,16
1868670,Sellersburg,Indiana,3,2,1,0,2574,1935,609,30,1948,92688,2,0,2,0,2,90,4,0,3,31,33,34
1868832,Seymour,Indiana,3,3,1,0,2362,1870,469,23,5157,73124,3,1,3,0,3,77,9,5,13,40,29,18
1869318,Shelbyville,Indiana,4,2,1,0,2568,1782,759,27,6478,71869,3,0,1,0,2,89,2,4,10,47,25,18
1869354,Sheridan,Indiana,3,2,1,0,2913,2008,782,123,90,88624,0,0,0,0,1,95,3,1,7,35,33,25
1871000,"South Bend",Indiana,3,2,1,0,2274,1416,845,13,38888,68770,24,0,2,0,5,52,10,6,11,29,30,30
1871828,Speedway,Indiana,3,2,1,0,1811,1332,460,19,7775,68131,29,0,0,0,5,48,7,11,11,31,31,27
1874006,Sullivan,Indiana,4,3,1,0,2776,2111,586,79,327,64782,0,0,0,0,0,97,3,1,5,40,42,12
1874744,Syracuse,Indiana,3,1,1,0,2283,1271,988,24,258,87850,0,0,0,0,3,92,3,2,10,34,28,28
1875248,"Tell City",Indiana,7,6,1,0,4823,4168,633,22,1666,66870,4,0,2,0,0,92,2,0,8,38,36,18
1875428,"Terre Haute",Indiana,4,3,1,0,2398,1710,658,30,22436,58768,9,0,2,0,1,81,5,2,8,30,38,24
1875986,Tipton,Indiana,5,4,1,0,4153,3161,965,27,1426,82732,1,0,0,0,1,97,1,0,7,42,30,22
1877768,"Union City",Indiana,5,3,1,0,2768,1936,766,66,682,57406,0,0,0,0,3,78,13,5,13,42,31,13
1877966,Upland,Indiana,4,3,1,0,2972,2257,671,44,124,80343,3,0,2,0,1,88,5,1,6,38,24,32
1878326,Valparaiso,Indiana,2,1,1,0,2222,1279,932,11,12966,90914,4,0,3,0,5,80,6,1,4,24,29,43
1879208,Vincennes,Indiana,4,2,1,0,2327,1626,676,25,5241,66096,5,0,1,0,2,84,5,2,16,31,35,17
1879370,Wabash,Indiana,3,2,1,0,2493,1744,727,22,3440,72027,0,0,0,0,1,94,2,2,10,39,29,22
1880306,Warsaw,Indiana,3,2,1,0,2052,1199,830,23,5314,70217,3,1,3,0,2,80,9,2,12,28,28,32
1880504,Washington,Indiana,5,4,1,0,3181,2346,812,23,3403,65493,4,0,1,0,5,79,8,3,11,40,33,17
1882700,Westfield,Indiana,2,1,1,0,2936,1988,935,13,14861,156942,4,0,3,0,5,79,8,2,3,16,22,60
1882862,"West Lafayette",Indiana,3,2,1,0,1844,1406,430,8,14208,58240,4,0,20,0,1,68,4,2,1,14,35,51
1883420,Westville,Indiana,3,2,1,0,2671,1526,1123,22,105,80549,0,0,0,0,0,97,2,1,15,21,44,19
1883816,Whiteland,Indiana,3,2,1,0,2631,1792,830,9,2146,92757,0,0,2,0,1,92,5,0,3,41,31,25
1884014,Whitestown,Indiana,2,1,0,0,3229,2323,874,32,1622,175167,5,0,6,0,1,81,7,1,2,7,28,63
1884122,Whiting,Indiana,4,2,2,0,2898,1516,1373,9,1580,81241,5,3,1,0,14,43,11,24,12,36,28,24
1884734,Winamac,Indiana,7,5,2,0,4377,3361,973,43,135,62141,0,0,0,0,0,90,7,3,7,43,33,17
1884752,Winchester,Indiana,4,3,1,0,3216,2325,791,100,434,74292,0,0,2,0,1,96,1,0,10,33,40,18
1884878,Winfield,Indiana,2,1,1,0,2991,1682,1295,14,2065,142201,1,0,1,0,4,83,8,2,3,21,33,43
1884950,"Winona Lake",Indiana,2,1,1,0,2329,1428,866,35,1509,115942,1,0,1,0,4,79,5,10,5,18,22,55
1886084,Yorktown,Indiana,3,2,1,0,2771,1932,792,47,5103,95141,1,0,2,0,0,92,4,0,2,22,38,38
1886372,Zionsville,Indiana,2,1,1,0,3241,2272,948,21,12759,183816,3,0,5,0,1,86,3,1,2,8,19,70
1900505,Adel,Iowa,2,1,1,0,2359,1161,1147,51,487,114412,1,1,0,0,1,90,5,2,6,27,27,39
1900910,Albia,Iowa,4,2,2,0,3554,1935,1531,88,37,88126,0,0,1,0,0,94,4,0,7,36,31,26
1901135,Algona,Iowa,6,4,1,0,4007,2966,1030,11,800,70276,1,0,1,0,3,89,3,3,6,33,36,24
1901630,Altoona,Iowa,2,1,1,0,1854,1069,776,9,5655,108481,4,0,1,0,3,87,4,1,3,29,31,37
1901855,Ames,Iowa,2,1,1,0,1739,961,766,12,21599,80356,3,0,11,0,1,77,6,1,1,11,38,50
1901990,Anamosa,Iowa,4,2,1,0,2777,1648,1103,26,519,75344,4,0,0,0,0,91,4,0,4,27,49,19
1902305,Ankeny,Iowa,2,1,1,0,1898,1083,805,10,20537,114964,1,0,3,0,2,88,4,1,1,14,33,51
1903160,Asbury,Iowa,2,1,1,0,2771,1498,1217,56,618,125573,3,0,3,0,0,90,3,0,1,28,26,45
1903520,Atlantic,Iowa,5,3,1,0,3523,2685,825,13,1594,77863,1,1,1,0,4,93,1,0,6,34,34,26
1905680,Belmond,Iowa,4,3,2,0,3433,2107,1275,51,27,82931,0,0,0,0,5,87,7,1,1,31,39,29
1906355,Bettendorf,Iowa,2,1,1,0,2095,1116,971,8,14838,126464,2,0,7,0,3,82,6,1,3,15,30,52
1907030,Bloomfield,Iowa,5,2,2,1,4242,2051,1717,474,16,93795,0,1,0,0,1,97,1,0,29,31,25,15
1907390,Bondurant,Iowa,2,1,1,0,2239,1201,1016,22,630,139466,4,0,2,0,3,90,2,0,0,11,29,59
1907480,Boone,Iowa,3,2,1,0,2731,1655,1055,21,4027,82758,1,0,0,0,1,93,5,0,5,33,37,25
1909550,Burlington,Iowa,4,3,1,0,2937,1846,1063,28,10423,71453,7,0,1,0,3,82,6,1,9,34,37,20
1910135,Camanche,Iowa,3,2,2,0,2673,1371,1178,124,471,77759,1,0,0,0,0,97,2,0,3,37,40,21
1910765,Carlisle,Iowa,3,2,1,0,2378,1421,927,30,570,93466,3,0,3,0,6,80,7,0,9,32,35,24
1911080,Carroll,Iowa,3,2,1,0,2234,1435,773,26,2533,82291,2,0,1,0,1,93,2,1,4,32,39,25
1911215,"Carter Lake",Iowa,2,1,1,0,1957,1032,914,11,1351,81734,1,1,1,0,3,77,15,4,10,43,29,18
1911755,"Cedar Falls",Iowa,2,1,1,0,1902,1160,731,11,12794,97481,1,0,4,0,2,90,2,0,2,17,36,45
1912000,"Cedar Rapids",Iowa,2,2,1,0,2175,1353,812,10,51285,88888,9,0,3,0,3,78,6,1,5,23,39,32
1912270,"Center Point",Iowa,3,2,1,0,3082,1634,1417,31,74,104176,0,0,0,0,0,99,1,0,5,29,34,32
1912315,Centerville,Iowa,5,3,2,0,2869,1785,1045,39,880,54431,1,0,0,0,2,91,6,0,5,38,39,18
1912720,Chariton,Iowa,5,3,2,0,2960,1885,1021,54,410,65483,1,0,1,0,2,93,2,1,7,47,34,12
1912765,"Charles City",Iowa,3,2,1,0,2321,1289,990,42,1284,78807,2,0,3,0,4,84,7,0,8,33,36,23
1913080,Cherokee,Iowa,3,1,1,0,2069,1123,891,55,766,75619,0,0,0,0,2,92,5,1,4,45,27,24
1913575,Clarinda,Iowa,3,2,1,0,2059,1091,935,33,590,66542,2,1,3,0,3,87,4,1,3,34,44,20
1913620,Clarion,Iowa,3,2,2,0,2490,1336,1128,26,61,72640,0,0,1,0,7,82,6,4,7,26,41,26
1914025,"Clear Lake",Iowa,3,2,1,0,3127,1750,1363,14,697,95080,1,0,1,0,3,89,5,2,5,25,41,29
1914430,Clinton,Iowa,4,2,2,0,2922,1734,1161,27,9817,74106,5,0,0,0,3,86,5,0,9,36,36,19
1914520,Clive,Iowa,1,1,1,0,2010,1095,906,9,7506,154047,3,0,6,0,3,79,4,4,4,11,25,59
1916230,Coralville,Iowa,2,1,1,0,1592,972,613,7,9448,101380,14,0,8,0,2,67,7,1,4,11,26,58
1916860,"Council Bluffs",Iowa,3,1,1,0,1936,1000,920,16,23210,75844,2,0,1,0,5,83,6,2,9,33,36,21
1917220,Cresco,Iowa,4,2,2,0,2892,1575,1271,46,717,74288,0,0,0,0,1,96,2,0,5,36,32,27
1917265,Creston,Iowa,4,3,1,0,2882,1862,987,33,1514,66323,0,0,1,0,1,94,3,0,6,32,35,27
1919000,Davenport,Iowa,2,1,1,0,2022,1069,948,5,42771,86282,11,0,2,0,5,72,8,2,7,26,37,30
1919405,Decorah,Iowa,4,2,2,0,2980,1613,1301,66,554,83239,1,0,1,0,2,93,2,1,3,21,30,46
1919945,Denison,Iowa,5,4,1,0,3797,2935,809,53,919,75576,4,0,4,0,22,43,16,12,22,29,33,17
1921000,"Des Moines",Iowa,2,1,1,0,1885,1070,805,10,87933,81876,12,0,6,0,6,64,7,4,10,27,31,32
1921180,DeWitt,Iowa,3,2,1,0,2974,1790,1147,37,270,106749,1,0,4,0,1,93,1,0,4,25,30,41
1922395,Dubuque,Iowa,3,2,1,0,2672,1408,1211,53,23497,84400,4,0,2,1,2,86,4,1,5,29,29,36
1923115,Dyersville,Iowa,3,2,2,0,2980,1497,1440,43,596,94408,2,0,0,0,0,92,1,4,7,38,32,23
1923250,"Eagle Grove",Iowa,4,2,2,0,2585,1358,1214,13,579,70512,0,0,0,0,11,71,9,10,17,36,32,14
1924465,Eldora,Iowa,4,2,2,0,3034,1719,1295,20,186,75745,2,5,3,0,1,83,6,0,6,30,42,23
1924600,Eldridge,Iowa,2,1,1,0,2583,1473,1098,12,1653,126185,1,0,3,0,3,86,7,0,2,25,26,48
1925590,Emmetsburg,Iowa,3,2,2,0,2339,1220,1084,35,373,69972,0,0,1,0,2,95,2,0,8,27,41,24
1925860,Estherville,Iowa,5,3,2,0,3525,2224,1210,91,1341,71927,4,0,0,0,4,81,9,2,14,29,42,15
1925995,Evansdale,Iowa,3,2,1,0,1986,1121,856,9,2186,73424,5,0,0,0,1,89,5,0,13,38,38,12
1926400,Fairfax,Iowa,2,1,1,0,2175,1346,822,7,391,124839,3,0,1,0,4,84,6,2,3,26,34,38
1926445,Fairfield,Iowa,4,2,2,0,2681,1649,1016,16,2136,66560,11,2,6,0,3,75,3,0,2,16,33,49
1928380,"Forest City",Iowa,5,3,2,0,3901,2562,1326,13,642,81170,2,0,8,0,3,84,2,1,5,27,40,28
1928515,"Fort Dodge",Iowa,3,2,1,0,2239,1225,985,29,6165,72597,5,0,1,0,3,84,5,2,11,33,35,20
1928605,"Fort Madison",Iowa,4,3,1,0,2728,1852,844,32,2154,70318,4,0,0,0,5,88,3,0,5,36,39,21
1929955,Garner,Iowa,4,2,2,0,3333,1859,1451,23,49,89071,2,0,1,0,4,91,2,1,10,23,43,24
1931350,Glenwood,Iowa,2,1,1,0,2012,990,997,25,769,92010,0,0,0,0,6,93,1,0,1,26,42,30
1933060,Grimes,Iowa,2,1,1,0,2091,1106,979,6,3769,122861,1,0,3,0,2,89,3,1,1,25,23,51
1933105,Grinnell,Iowa,4,2,1,0,2897,1846,1032,19,1198,76725,2,0,3,0,1,90,3,1,5,30,31,33
1933195,"Grundy Center",Iowa,3,2,1,0,2970,1528,1344,98,71,95773,0,0,1,0,1,97,1,1,6,35,29,31
1933960,Hampton,Iowa,4,2,2,0,2368,1342,990,36,341,65295,0,0,0,0,13,76,8,3,9,37,39,15
1934500,Harlan,Iowa,3,3,1,0,2856,2258,574,24,158,89099,2,0,0,0,1,91,4,3,5,27,42,26
1935265,Hawarden,Iowa,3,2,1,0,3113,1835,1211,67,27,98179,0,2,0,0,7,75,10,6,14,35,31,21
1935940,Hiawatha,Iowa,2,1,1,0,2186,1344,831,11,2917,96081,4,0,5,0,1,81,6,2,5,24,41,30
1937560,Humboldt,Iowa,3,2,1,0,2163,1263,881,19,758,82477,0,0,1,1,3,93,2,0,6,33,39,22
1937920,Huxley,Iowa,2,1,1,0,3163,1864,1265,34,148,127116,2,0,0,0,1,93,3,1,1,18,38,43
1938100,Independence,Iowa,3,1,1,0,2479,1230,1215,34,1160,85883,2,0,0,0,3,92,2,0,3,35,35,27
1938280,Indianola,Iowa,3,3,1,0,3166,2366,784,16,4923,92202,1,0,2,0,1,92,4,0,2,26,37,34
1938595,"Iowa City",Iowa,2,1,1,0,1542,855,675,12,26573,85563,9,0,8,0,3,74,5,2,2,11,33,54
1938640,"Iowa Falls",Iowa,4,3,2,0,3070,1758,1252,60,303,68925,1,1,1,0,2,93,2,1,3,31,38,27
1939450,Jefferson,Iowa,4,2,1,0,2812,1656,1111,45,62,76647,1,0,1,0,1,92,5,1,6,28,43,23
1939585,Jesup,Iowa,3,1,1,0,2704,1363,1167,174,44,91902,0,0,0,0,0,98,1,0,8,31,41,20
1939765,Johnston,Iowa,1,1,1,0,2022,1149,865,8,7862,141695,11,0,6,0,2,77,3,1,3,13,26,58
1940170,Kalona,Iowa,4,2,1,0,3233,2007,1175,51,64,92053,0,0,0,0,1,94,3,1,9,33,29,29
1940845,Keokuk,Iowa,4,3,1,0,2631,1934,675,22,3435,60315,5,0,0,0,2,88,5,1,12,36,36,16
1942015,Knoxville,Iowa,3,2,1,0,2008,1068,923,17,1187,63805,1,0,3,0,1,86,9,0,6,47,31,16
1943365,"La Porte City",Iowa,3,2,1,0,3033,1620,1389,24,75,100070,0,0,0,0,0,95,2,2,5,30,43,22
1944085,"Le Claire",Iowa,2,1,1,0,2099,1156,920,23,1413,122062,1,0,0,0,0,93,6,0,8,21,36,35
1944400,"Le Mars",Iowa,2,1,1,0,2066,1297,760,9,1722,95193,3,0,0,1,3,86,2,4,4,31,39,27
1948450,Madrid,Iowa,3,2,1,0,3331,2068,1226,37,20,98789,3,0,0,0,1,94,2,0,2,29,37,32
1948810,Manchester,Iowa,3,2,1,0,2531,1430,1076,25,1010,79075,0,0,0,0,1,94,4,1,17,38,26,19
1949215,Maquoketa,Iowa,3,2,2,0,2368,1173,1165,30,1117,74577,2,0,0,2,1,92,2,1,7,40,40,13
1949395,Marengo,Iowa,4,3,2,0,3647,2104,1460,83,36,83409,1,0,0,0,1,94,2,1,6,36,42,16
1949485,Marion,Iowa,2,1,1,0,2253,1385,857,11,12250,109732,2,1,2,0,1,90,4,0,3,22,35,41
1949755,Marshalltown,Iowa,4,3,2,0,3038,1880,1139,19,7014,74539,3,1,5,0,17,53,13,7,16,30,33,22
1950160,"Mason City",Iowa,4,2,2,0,2897,1653,1230,14,9482,75268,3,0,1,1,3,88,4,0,5,35,39,21
1952095,Milford,Iowa,3,2,1,0,2785,1798,960,27,92,106641,0,0,1,0,1,95,3,1,2,24,38,36
1952860,"Missouri Valley",Iowa,3,1,1,0,2159,1127,992,40,589,75981,0,0,0,0,1,97,2,0,6,39,38,17
1953625,Monticello,Iowa,3,2,1,0,2952,1705,1222,25,836,86125,2,0,0,0,2,90,6,0,7,33,27,33
1954705,"Mount Pleasant",Iowa,4,3,1,0,3150,2182,950,18,1567,79330,5,1,3,0,2,79,6,3,8,27,37,28
1954840,"Mount Vernon",Iowa,3,2,1,0,2698,1553,1130,15,411,102645,2,0,1,0,1,93,2,1,4,27,28,41
1955110,Muscatine,Iowa,3,2,1,0,2362,1302,1043,17,7690,77834,4,0,1,0,10,70,5,10,10,36,33,21
1955695,Nevada,Iowa,3,2,1,0,2722,1619,1086,17,687,90862,0,0,0,0,1,90,5,4,3,24,39,34
1956100,"New Hampton",Iowa,5,3,2,0,3445,2119,1261,65,385,74328,1,0,0,0,6,94,0,0,3,35,38,24
1956505,Newton,Iowa,3,2,1,0,2466,1442,1001,23,6099,71525,2,0,0,0,3,89,4,1,5,40,36,20
1957360,"North Liberty",Iowa,1,1,1,0,2056,1245,795,16,3850,137505,5,0,6,0,2,78,6,1,1,10,27,62
1957675,Norwalk,Iowa,2,1,1,0,2044,1185,819,40,3357,119705,1,0,0,0,1,96,2,0,1,22,31,46
1958620,Oelwein,Iowa,5,3,2,0,2717,1579,1075,63,980,56392,1,1,0,0,2,90,6,0,8,43,34,15
1959115,Onawa,Iowa,3,2,1,0,1833,955,849,29,924,63608,0,0,0,1,2,94,4,0,8,35,46,11
1959475,"Orange City",Iowa,4,3,1,0,4031,3229,775,27,1396,96730,1,0,0,0,1,93,3,2,5,16,36,43
1959745,Osage,Iowa,4,3,1,0,3451,2435,1004,12,662,79421,2,0,2,0,1,94,1,1,5,33,40,22
1959835,Osceola,Iowa,4,2,1,0,2597,1711,783,103,1431,72665,0,0,1,0,11,68,10,10,27,35,26,12
1959925,Oskaloosa,Iowa,3,2,1,0,2142,1295,828,19,2639,74874,2,0,2,0,2,91,2,1,8,28,39,25
1960465,Ottumwa,Iowa,4,2,1,0,2653,1694,932,27,5901,72489,4,0,2,1,8,74,6,4,13,32,36,19
1962040,Pella,Iowa,4,3,1,0,4195,3263,919,13,2166,96000,1,0,1,0,2,92,2,2,4,26,23,47
1962355,Perry,Iowa,4,2,1,0,2435,1412,1011,12,1945,67455,4,1,0,0,14,63,9,8,14,36,38,13
1963525,"Pleasant Hill",Iowa,2,1,1,0,1956,1129,817,10,3567,115558,4,0,4,0,2,85,4,0,2,31,34,32
1964020,"Polk City",Iowa,2,1,1,0,2639,1439,1184,16,485,166878,0,0,0,0,0,98,2,0,2,13,32,53
1964290,Postville,Iowa,5,2,2,0,3981,1867,1716,398,12,87389,6,2,2,0,13,65,8,4,12,43,32,13
1966135,"Red Oak",Iowa,3,2,1,0,2058,1135,906,17,1104,72334,1,3,1,1,0,90,4,1,9,37,38,16
1967800,Robins,Iowa,2,1,1,0,2393,1479,895,19,1421,150505,1,0,5,0,1,88,4,0,1,11,26,61
1968160,"Rock Rapids",Iowa,4,2,2,0,3690,1857,1802,31,49,94477,0,0,0,0,0,94,4,1,5,41,32,22
1968205,"Rock Valley",Iowa,3,2,1,0,3137,2040,1035,62,69,101409,0,0,0,0,6,82,10,3,12,35,28,24
1971625,"Sergeant Bluff",Iowa,2,1,1,0,2498,1647,844,7,1602,137908,0,0,4,0,3,89,3,1,3,24,37,37
1972390,Sheldon,Iowa,2,1,1,0,2092,1333,733,26,728,93021,2,0,1,0,1,84,8,3,8,33,32,27
1972525,Shenandoah,Iowa,3,2,1,0,2025,1118,882,25,982,69974,1,0,0,0,4,90,5,0,6,38,35,20
1972975,Sibley,Iowa,4,2,1,0,3268,1971,1266,31,26,89153,1,0,2,0,5,87,2,3,9,38,36,18
1973290,"Sioux Center",Iowa,4,3,1,0,4135,3488,630,17,2025,105536,0,0,1,0,7,83,2,7,13,25,26,37
1973335,"Sioux City",Iowa,2,1,1,0,2097,1237,847,13,31249,84323,5,2,3,1,9,64,13,4,13,30,34,24
1973875,Solon,Iowa,2,1,1,0,2962,1401,1534,27,30,147624,0,0,0,0,2,95,2,1,2,18,28,51
1974280,Spencer,Iowa,3,2,1,0,2979,2111,848,20,3160,85510,0,0,1,0,2,91,4,1,3,28,38,32
1974415,"Spirit Lake",Iowa,3,2,1,0,2493,1543,937,13,1358,83000,0,0,0,0,0,92,7,0,1,33,30,36
1975630,"Storm Lake",Iowa,3,2,1,0,2056,1276,760,20,748,77448,4,0,13,4,19,36,11,12,30,27,22,20
1975675,"Story City",Iowa,4,3,1,0,4115,3013,1085,17,118,103013,0,0,0,0,1,95,3,0,1,25,42,32
1977115,Tama,Iowa,5,3,2,0,3226,1969,1233,24,242,69503,2,13,0,0,11,54,13,7,14,45,31,11
1978060,Tiffin,Iowa,2,1,1,0,2186,1262,896,28,166,119088,4,0,2,0,5,81,7,2,2,15,32,51
1978285,Tipton,Iowa,4,3,2,0,3316,1999,1280,37,116,78620,1,0,0,0,3,94,2,0,10,37,29,24
1979950,Urbandale,Iowa,2,1,1,0,2086,1125,952,9,16174,138368,5,0,5,0,4,81,3,1,4,16,27,53
1981210,Vinton,Iowa,4,2,2,0,3212,1892,1301,19,891,80853,1,0,1,0,1,92,3,1,8,30,32,29
1982335,Washington,Iowa,4,3,1,0,2699,1785,897,17,1194,71299,1,0,1,0,3,82,5,8,8,36,33,23
1982425,Waterloo,Iowa,3,2,1,0,2029,1151,869,9,27719,73489,18,1,3,1,3,67,5,3,10,30,37,23
1982695,Waukee,Iowa,1,1,1,0,2033,1064,951,18,9746,137773,4,0,6,0,3,81,6,1,1,15,26,57
1982740,Waukon,Iowa,4,2,2,0,2836,1461,1239,136,431,66112,0,1,1,0,0,95,1,2,8,35,38,19
1982875,Waverly,Iowa,4,3,1,0,3767,2710,1015,42,1684,95620,3,0,2,0,0,90,4,1,6,22,30,42
1983145,"Webster City",Iowa,5,3,2,0,3623,2430,1171,22,1314,74790,2,0,3,2,5,82,6,1,6,34,36,23
1983685,"West Burlington",Iowa,3,2,1,0,2682,1762,913,7,1005,77624,15,0,0,0,2,76,7,0,8,37,36,19
1983910,"West Des Moines",Iowa,1,1,1,0,1659,969,678,12,29694,116778,4,0,6,0,2,79,6,2,3,14,27,57
1984315,"West Liberty",Iowa,5,3,1,0,4323,2939,1335,49,39,90263,2,0,0,0,18,57,7,15,17,31,35,18
1984765,"West Union",Iowa,4,2,2,0,2631,1507,1065,59,267,70412,0,0,0,0,5,92,1,1,5,34,35,25
1985845,Williamsburg,Iowa,3,2,1,0,3474,2094,1338,42,42,99500,1,0,0,0,5,90,4,0,4,24,41,31
1986070,Wilton,Iowa,3,2,2,0,3269,1721,1459,89,46,95259,0,0,0,0,2,90,6,2,2,42,32,24
1986250,"Windsor Heights",Iowa,2,1,1,0,2094,1113,962,19,2159,108132,5,1,6,0,5,79,1,3,0,16,33,51
1986520,Winterset,Iowa,4,3,1,0,3082,2036,1019,27,936,79829,3,0,0,0,0,95,2,0,3,34,38,25
2000125,Abilene,Kansas,3,2,1,0,2478,1533,924,21,930,75814,1,0,0,0,2,91,3,2,9,25,40,26
2001800,Andover,Kansas,2,1,1,0,2802,1826,966,10,3391,135998,2,1,3,0,4,81,5,3,2,14,28,56
2002300,"Arkansas City",Kansas,5,3,2,0,2820,1562,1233,25,2477,59136,3,2,0,0,9,66,15,5,10,30,36,23
2002900,Atchison,Kansas,4,3,2,0,2653,1590,989,74,1695,61081,4,0,0,0,1,86,7,1,8,39,30,23
2003300,Augusta,Kansas,4,3,1,0,3022,2020,990,12,1771,69230,0,1,0,0,3,91,3,0,9,25,39,27
2003900,"Baldwin City",Kansas,3,2,1,0,3323,2202,1090,31,74,116116,1,0,2,0,2,88,4,2,1,19,35,45
2004400,Basehor,Kansas,2,2,1,0,2553,1649,860,44,1273,104533,2,0,0,0,1,89,4,4,6,41,20,32
2004625,"Baxter Springs",Kansas,4,3,1,0,2807,1881,867,59,441,63371,0,3,0,0,6,82,7,2,8,28,53,11
2005337,"Bel Aire",Kansas,2,1,1,0,2712,1746,956,10,2932,131293,9,0,6,0,6,68,10,1,3,12,33,52
2005775,Beloit,Kansas,4,3,1,0,3378,2244,1060,74,31,76166,0,0,0,0,0,94,3,3,6,29,36,29
2007975,"Bonner Springs",Kansas,3,2,1,0,3068,2056,993,19,2776,110653,5,0,5,0,3,75,7,4,6,38,30,26
2009400,Burlington,Kansas,4,3,1,0,3153,2264,852,37,100,75526,1,0,1,0,3,88,7,0,9,27,35,29
2012500,Chanute,Kansas,3,2,1,0,2130,1173,910,47,606,68775,1,0,0,0,5,89,4,0,7,28,45,20
2013625,"Clay Center",Kansas,5,4,1,0,3451,2448,951,52,353,65757,3,0,0,0,3,92,1,0,8,31,35,27
2013925,Clearwater,Kansas,3,2,1,0,2651,1745,889,17,176,93410,0,0,2,0,1,89,6,1,4,33,34,29
2014600,Coffeyville,Kansas,4,3,2,0,2123,1276,810,37,1845,48583,11,5,1,0,5,60,13,4,11,33,39,17
2014650,Colby,Kansas,3,2,1,0,2899,2077,809,13,114,83668,1,0,0,0,3,90,2,3,5,19,48,27
2015075,Columbus,Kansas,4,3,1,0,2752,1922,792,38,91,62551,3,1,0,0,0,88,8,0,11,38,31,21
2015200,Concordia,Kansas,4,2,2,0,2463,1455,988,20,423,60970,1,0,0,3,5,87,4,0,5,32,42,21
2017800,Derby,Kansas,3,2,1,0,2518,1641,862,15,5445,95232,2,0,1,0,3,80,9,4,4,22,36,38
2017850,"De Soto",Kansas,2,1,1,0,2710,1754,942,14,932,149950,1,0,2,0,6,85,4,2,8,17,28,47
2018250,"Dodge City",Kansas,3,2,1,0,2395,1419,961,15,4495,85495,3,0,2,0,36,29,13,16,28,23,28,21
2020000,Edwardsville,Kansas,3,2,1,0,3024,2045,963,16,1674,90157,3,0,2,0,11,67,11,5,10,26,36,28
2020075,"El Dorado",Kansas,4,2,1,0,2504,1519,955,30,3724,68866,1,1,2,0,1,88,6,1,5,28,44,23
2020500,Ellsworth,Kansas,4,2,1,0,2952,1902,1000,50,13,77331,5,2,1,0,4,82,7,0,5,35,43,18
2021275,Emporia,Kansas,3,2,1,0,2123,1422,681,20,7937,62126,2,1,3,0,11,66,13,4,10,33,33,24
2021675,Eudora,Kansas,3,2,1,0,3233,2257,954,22,181,116147,5,0,0,0,2,86,6,0,4,29,36,30
2022700,Fairway,Kansas,2,1,1,0,2769,1572,1179,18,1335,184111,1,0,2,0,2,88,3,3,1,5,17,77
2024000,"Fort Scott",Kansas,4,3,1,0,2636,1747,866,23,1547,60692,4,0,0,0,3,85,8,1,10,27,41,21
2024850,Frontenac,Kansas,4,2,1,0,2738,1828,869,41,286,76845,2,0,2,0,1,91,4,0,6,19,45,29
2025100,Galena,Kansas,5,4,1,0,2689,1950,682,57,405,52691,0,3,1,0,1,84,11,0,8,43,34,14
2025325,"Garden City",Kansas,3,1,1,0,2128,1174,948,6,5647,82624,3,0,5,0,22,40,19,11,25,21,28,26
2025425,Gardner,Kansas,3,2,1,0,2782,1849,925,8,5853,107190,6,1,2,0,3,80,7,2,3,26,38,33
2025925,Garnett,Kansas,4,3,1,0,2696,1908,752,36,39,74531,1,1,0,0,3,91,3,0,14,29,37,19
2026300,Girard,Kansas,6,4,2,0,3773,2685,1051,37,98,64527,1,0,0,0,2,90,4,3,3,25,44,28
2026725,Goddard,Kansas,2,2,1,0,2908,2022,874,12,980,124830,0,0,1,0,3,91,5,0,2,20,38,40
2026875,Goodland,Kansas,4,3,1,0,2886,2050,820,16,208,74463,3,0,0,0,8,78,5,7,11,23,41,24
2028300,"Great Bend",Kansas,4,2,1,0,2395,1392,986,17,3720,68108,2,1,0,0,10,70,14,3,10,30,39,21
203000,Anchorage,Alaska,2,1,1,0,2836,1238,1531,67,107147,132926,5,7,10,3,4,55,13,3,4,20,36,40
2031100,Hays,Kansas,3,2,1,0,2144,1303,825,16,5444,81270,1,0,1,0,2,89,6,2,4,20,29,47
2031125,Haysville,Kansas,3,2,1,0,2613,1761,839,13,3170,75885,0,0,1,1,2,86,6,3,9,34,44,14
2031600,Hesston,Kansas,3,2,1,0,2307,1583,698,26,24,86492,0,0,0,0,1,93,4,1,4,16,27,53
2031675,Hiawatha,Kansas,3,2,1,0,2545,1497,1027,21,137,76453,2,1,1,0,0,90,6,2,10,37,25,29
2032275,Hillsboro,Kansas,4,2,1,0,3127,1961,1093,73,26,83256,3,0,1,0,2,90,3,1,5,23,39,33
2032550,Hoisington,Kansas,4,3,2,0,3006,1873,1087,46,40,68781,2,0,0,0,2,90,3,2,4,29,49,18
2032825,Holton,Kansas,3,2,1,0,2426,1348,1044,34,196,72118,3,5,0,0,3,81,5,4,8,26,39,27
2033425,Hugoton,Kansas,4,3,1,0,3002,2069,927,6,106,78491,0,0,0,0,18,53,11,18,20,26,41,13
2033625,Hutchinson,Kansas,3,2,1,0,2342,1412,906,24,14517,69285,3,1,1,0,7,79,8,2,7,27,44,22
2033875,Independence,Kansas,4,3,1,0,2547,1684,833,30,1515,65575,5,2,0,0,5,75,8,4,6,30,32,33
2034300,Iola,Kansas,7,5,1,0,3895,3131,746,18,487,58549,4,0,0,1,2,86,7,0,7,37,35,21
2035750,"Junction City",Kansas,3,2,1,0,2413,1597,806,10,6527,69165,18,1,3,1,6,54,14,3,8,29,44,20
2036000,"Kansas City",Kansas,3,2,1,0,2491,1475,997,19,56828,72505,22,1,5,0,12,36,10,13,17,31,30,22
2036225,Kechi,Kansas,2,1,1,0,2654,1704,926,24,372,133105,7,1,7,0,6,70,9,1,5,17,27,51
2036950,Kingman,Kansas,6,4,1,0,3920,2932,966,22,383,68839,1,0,0,0,1,91,4,4,15,30,39,16
2038650,Lansing,Kansas,2,1,1,0,2696,1688,966,42,1672,117615,12,0,1,0,4,74,7,2,4,16,34,46
2038700,Larned,Kansas,4,3,1,0,2937,1995,907,35,88,70912,7,2,0,0,6,81,3,1,6,32,39,24
2038900,Lawrence,Kansas,2,1,1,0,1948,1302,635,11,33029,88206,5,2,6,0,3,75,8,1,3,15,31,52
2039000,Leavenworth,Kansas,3,2,1,0,2608,1628,954,26,12302,85796,11,1,2,0,4,72,9,3,6,24,36,35
2039075,Leawood,Kansas,1,1,1,0,2928,1785,1136,7,13476,207818,1,0,6,0,2,88,3,0,1,4,17,78
2039350,Lenexa,Kansas,2,1,1,0,2531,1555,967,9,23388,129502,7,1,4,0,2,77,7,2,2,11,29,59
2039825,Liberal,Kansas,3,2,1,0,2627,1721,899,7,3480,80968,3,1,3,0,18,28,20,26,25,29,32,13
2041375,Lindsborg,Kansas,4,3,1,0,3065,2084,950,31,124,82830,4,0,1,0,5,87,3,1,4,15,32,48
2042875,Louisburg,Kansas,2,2,1,0,2515,1919,569,27,145,112180,0,0,0,0,2,93,4,1,2,29,33,35
2043525,Lyons,Kansas,3,2,1,0,2140,1283,805,52,112,66113,2,1,1,0,7,73,5,11,11,27,44,17
2043950,McPherson,Kansas,3,1,1,0,2156,1169,963,24,1650,79553,2,0,1,0,4,85,7,0,4,23,41,32
2044200,Maize,Kansas,2,2,1,0,2617,1698,900,19,999,109971,1,0,2,0,8,84,2,3,3,13,38,46
2044250,Manhattan,Kansas,3,2,1,0,2024,1364,652,8,15392,71025,4,1,5,0,3,78,7,1,3,12,36,49
2045050,Marysville,Kansas,3,2,1,0,2552,1538,988,26,192,79825,2,0,1,0,1,90,6,0,8,35,33,24
2046000,Merriam,Kansas,2,1,1,0,2170,1300,864,6,5254,92281,9,1,2,0,6,74,5,3,5,17,30,48
2047225,Mission,Kansas,2,1,1,0,2059,1191,857,11,5127,97180,5,1,5,0,4,79,5,1,1,13,30,56
2047350,"Mission Hills",Kansas,1,1,1,0,2797,1610,1175,12,2100,199245,0,0,4,0,2,89,5,0,0,4,13,83
2049100,Mulvane,Kansas,3,2,1,0,3079,2175,868,36,295,95288,0,0,0,0,2,90,8,0,2,23,45,30
2050475,Newton,Kansas,3,2,1,0,2449,1611,809,29,3241,86741,2,2,1,0,6,73,10,5,7,25,37,31
2051500,Norton,Kansas,4,2,2,0,2886,1692,1156,38,19,75557,3,1,1,0,4,87,4,2,6,27,43,24
2052575,Olathe,Kansas,2,1,1,0,2359,1570,782,7,47335,129640,5,0,4,0,7,74,7,2,4,15,28,53
2053200,"Osage City",Kansas,5,4,1,0,3142,2359,755,28,535,62446,0,0,0,0,1,95,3,0,7,40,37,17
2053225,Osawatomie,Kansas,4,3,1,0,3165,2030,1109,26,192,74879,3,0,0,0,1,87,7,1,0,45,32,23
2053550,Ottawa,Kansas,5,4,1,0,3541,2661,855,25,2117,74844,1,0,1,0,2,87,7,2,7,31,34,29
2053775,"Overland Park",Kansas,2,1,1,0,2496,1587,902,7,81259,144826,5,0,9,0,3,76,5,2,2,9,24,65
2054250,Paola,Kansas,3,2,1,0,2569,1796,753,20,1055,93139,2,1,1,0,1,91,3,0,10,27,34,28
2054450,"Park City",Kansas,3,2,1,0,2692,1659,1017,16,2649,99610,5,0,2,0,4,78,6,5,9,31,37,23
2054675,Parsons,Kansas,4,3,1,0,2657,1676,943,38,1378,66959,8,0,0,0,2,80,7,3,5,25,36,34
2055675,Phillipsburg,Kansas,3,2,1,0,2294,1407,867,20,80,83089,0,2,0,0,2,94,1,0,6,34,40,20
2056025,Pittsburg,Kansas,4,3,1,0,2454,1554,873,27,5097,60184,3,1,2,0,7,80,6,1,6,27,38,29
2057575,"Prairie Village",Kansas,2,1,1,0,2515,1450,1053,12,9911,150458,1,0,2,0,3,88,5,1,1,6,18,75
2057625,Pratt,Kansas,5,3,1,0,3477,2403,1056,18,403,70769,3,1,0,0,4,86,5,1,7,26,37,30
2060825,"Roeland Park",Kansas,2,1,1,0,2436,1384,1039,13,3117,122663,1,0,1,0,7,79,11,1,2,11,32,55
2061250,"Rose Hill",Kansas,3,2,1,0,3094,2218,858,18,495,99915,1,1,2,0,4,82,10,0,2,17,42,39
2061825,Russell,Kansas,7,5,2,0,4068,2997,1052,19,155,61623,1,0,0,0,1,88,7,3,10,37,31,22
2062025,Sabetha,Kansas,4,3,1,0,3933,2768,1106,59,29,88179,1,1,0,0,1,96,2,0,7,30,33,30
2062400,"St. Marys",Kansas,3,2,1,0,3278,2225,1022,31,15,96082,1,0,1,0,4,85,6,2,2,40,31,27
2062700,Salina,Kansas,3,2,1,0,2405,1507,876,22,16130,75138,4,0,2,0,9,78,6,1,6,28,39,27
2063600,"Scott City",Kansas,6,4,1,0,3873,2930,923,20,21,69498,0,0,1,0,9,76,5,9,9,32,37,21
2064500,Shawnee,Kansas,2,1,1,0,2685,1618,1053,14,25662,132248,7,0,4,0,3,78,5,3,4,14,29,53
206520,Bethel,Alaska,5,2,0,3,6065,2747,162,3156,426,117350,3,68,4,1,1,16,7,1,8,33,32,27
2067625,"Spring Hill",Kansas,2,1,1,0,2546,1752,784,10,686,125067,1,0,0,0,5,89,4,1,3,16,37,44
2068200,Sterling,Kansas,4,3,2,0,3304,2091,1166,47,12,75920,3,0,0,1,3,87,6,0,2,26,37,36
2070800,Tonganoxie,Kansas,3,2,1,0,3030,1844,1148,38,337,87638,0,0,4,0,2,77,13,4,1,30,24,45
2071000,Topeka,Kansas,3,2,1,0,2319,1416,888,15,48767,71463,11,1,2,0,7,66,8,6,8,30,33,29
2071975,Ulysses,Kansas,2,2,1,0,2512,1635,869,8,418,108351,0,2,0,0,30,45,21,2,35,15,34,17
2073250,"Valley Center",Kansas,3,2,1,0,2488,1632,823,33,2082,91491,1,0,3,0,3,84,10,0,2,28,33,38
2075325,Wamego,Kansas,3,2,1,0,3565,2482,1053,30,236,108595,2,0,0,0,2,89,7,0,6,20,32,42
2076475,Wellington,Kansas,6,5,1,0,4100,3098,973,29,336,65065,2,7,0,0,4,81,5,1,11,36,35,18
2079000,Wichita,Kansas,3,2,1,0,2352,1511,827,14,144226,80010,10,1,5,0,8,60,10,5,10,24,34,31
2079950,Winfield,Kansas,3,3,1,0,2270,1704,537,29,2147,67405,3,0,3,0,5,82,6,1,8,28,34,30
2100802,Alexandria,Kentucky,2,1,0,0,2397,1709,603,85,1202,123557,1,0,3,0,1,91,4,0,6,26,30,38
2102368,Ashland,Kentucky,4,3,1,0,2793,1975,793,25,8244,70496,2,0,0,0,1,91,4,2,9,25,38,28
2103574,Barbourville,Kentucky,3,3,1,0,2183,1746,410,27,513,68198,2,0,0,0,0,97,1,0,7,29,19,45
2103628,Bardstown,Kentucky,3,2,0,0,1811,1500,275,36,3279,71106,11,0,1,0,3,78,4,2,7,40,31,22
2104654,"Beaver Dam",Kentucky,4,3,1,0,2307,1679,604,24,211,64866,2,2,0,0,1,84,11,1,22,27,30,21
2105446,Bellevue,Kentucky,3,2,1,0,2451,1631,802,18,2220,92291,1,0,0,0,4,90,3,1,3,24,29,45
2105824,Benton,Kentucky,4,2,2,0,2995,1769,1181,45,585,74196,2,1,1,0,3,90,3,1,4,39,36,22
2105842,Berea,Kentucky,2,2,0,0,1603,1292,280,31,3907,66782,3,1,0,0,2,90,3,1,10,28,33,29
2108902,"Bowling Green",Kentucky,2,2,1,0,1806,1388,400,18,25849,76881,11,0,6,1,3,71,5,3,11,23,34,32
2109226,Brandenburg,Kentucky,3,2,1,0,2150,1543,550,57,295,74971,2,0,3,0,0,87,8,1,10,32,36,22
2111692,Cadiz,Kentucky,4,3,1,0,2423,1827,550,46,107,68853,10,0,0,0,2,78,10,0,9,37,36,18
2112016,"Calvert City",Kentucky,4,3,1,0,2715,2169,515,31,1002,75127,1,0,0,0,0,97,2,0,6,28,44,21
2112160,Campbellsville,Kentucky,2,2,0,0,1782,1357,388,37,1400,77863,8,0,2,0,1,85,4,0,13,30,30,27
2113024,Carrollton,Kentucky,3,2,1,0,2157,1725,394,38,226,72236,2,0,0,0,0,86,5,7,17,40,39,3
2113492,"Cave City",Kentucky,4,3,1,0,2052,1600,410,42,196,54180,3,0,1,0,1,91,3,2,20,43,32,6
2113978,"Central City",Kentucky,3,2,1,0,2220,1707,473,40,677,68955,4,1,1,0,2,85,7,1,16,38,31,15
2116372,"Cold Spring",Kentucky,2,2,0,0,1805,1380,383,42,1762,88110,2,0,1,0,1,93,3,0,5,24,31,39
2116750,Columbia,Kentucky,3,2,0,0,1837,1519,270,48,224,66069,1,0,1,0,1,91,6,0,12,34,27,27
2117362,Corbin,Kentucky,3,2,1,0,2032,1503,499,30,2035,74500,1,0,0,0,1,93,5,0,11,35,31,24
2117848,Covington,Kentucky,3,2,1,0,2203,1501,653,49,18739,81684,9,0,1,0,2,77,5,5,13,26,28,34
2118352,"Crescent Springs",Kentucky,2,1,0,0,1865,1426,421,18,1276,122851,3,0,2,0,1,91,3,1,6,19,27,48
2118442,"Crestview Hills",Kentucky,2,1,1,0,1946,1360,570,16,1365,110915,5,0,2,0,1,87,3,2,3,19,30,48
2118496,Crestwood,Kentucky,2,1,0,0,2426,1695,703,28,1088,156221,4,0,2,0,3,86,5,1,2,14,30,54
2118568,Crittenden,Kentucky,3,2,1,0,2626,1778,675,173,208,90948,2,0,0,0,0,89,3,5,10,42,29,19
2119432,Cynthiana,Kentucky,3,2,1,0,2334,1675,573,86,243,72386,3,0,0,0,1,92,4,0,9,45,25,21
2119882,Danville,Kentucky,3,2,1,0,2000,1584,398,18,3226,65111,14,0,2,0,2,77,3,2,8,33,33,25
2120224,"Dawson Springs",Kentucky,4,3,1,0,2231,1787,412,32,221,52502,0,0,0,0,0,95,3,1,19,49,24,7
2120350,Dayton,Kentucky,3,2,1,0,2343,1602,725,16,2501,86962,3,0,0,0,1,89,6,1,10,28,31,31
2122204,"Douglass Hills",Kentucky,2,1,1,0,2456,1433,1013,10,1779,116319,4,0,1,0,0,92,3,0,2,17,23,58
2123824,Eddyville,Kentucky,2,2,0,0,2397,1926,444,27,189,97090,9,0,1,0,3,85,2,0,6,38,32,24
2123932,Edgewood,Kentucky,2,1,0,0,2185,1641,504,40,3021,139649,4,0,1,0,0,93,1,0,1,19,22,57
2124274,Elizabethtown,Kentucky,2,2,0,0,1783,1565,198,20,11829,76150,11,0,3,0,2,76,7,2,8,25,39,28
2124778,Elsmere,Kentucky,2,2,1,0,2166,1568,578,20,3221,88398,8,0,2,0,1,82,7,0,8,31,35,26
2124904,Eminence,Kentucky,3,2,1,0,2316,1776,503,37,169,71469,6,0,1,0,0,81,8,5,12,45,27,16
2125300,Erlanger,Kentucky,2,1,0,0,2013,1495,486,32,9027,104950,5,0,2,0,1,87,5,0,7,26,31,36
2126434,Falmouth,Kentucky,5,3,1,0,2764,1844,783,137,40,60119,0,0,0,1,1,97,1,0,21,42,26,11
2127802,Flatwoods,Kentucky,4,3,1,0,2857,2140,691,26,2023,75320,1,0,0,0,0,97,2,0,11,31,41,18
2127856,Flemingsburg,Kentucky,3,2,1,0,2115,1622,411,82,69,72845,0,0,0,0,2,94,3,1,17,37,30,16
2127982,Florence,Kentucky,2,2,0,0,1734,1342,368,24,10796,82450,7,0,2,0,2,82,5,3,8,29,38,26
2128558,"Fort Mitchell",Kentucky,2,1,0,0,2222,1534,627,61,3051,131630,1,0,1,0,0,93,3,1,2,17,30,50
2128594,"Fort Thomas",Kentucky,2,1,1,0,2306,1643,648,15,5799,116755,2,0,1,0,0,92,4,1,3,13,27,58
2128612,"Fort Wright",Kentucky,2,1,1,0,2138,1502,601,35,3227,114302,3,0,1,0,1,90,5,1,4,23,27,47
2128900,Frankfort,Kentucky,3,2,1,0,1863,1309,547,7,9598,73975,12,0,2,0,1,74,8,3,9,30,32,29
2128918,Franklin,Kentucky,3,2,1,0,2092,1645,417,30,1282,73385,10,0,1,0,0,84,6,0,8,43,34,16
2129566,Fulton,Kentucky,5,4,1,0,2382,1707,625,50,43,45184,23,1,0,2,2,66,7,0,14,36,31,19
2130700,Georgetown,Kentucky,2,2,0,0,2134,1693,407,34,8086,88335,7,0,1,0,1,83,6,2,6,31,33,30
2131114,Glasgow,Kentucky,3,3,1,0,2098,1620,448,30,4017,62028,7,1,1,0,1,82,6,2,11,43,21,26
2132523,Graymoor-Devondale,Kentucky,2,1,1,0,2473,1562,899,12,1231,114230,7,0,3,0,3,82,5,0,2,12,23,62
2132572,Grayson,Kentucky,5,4,1,0,2857,2505,309,43,175,61317,0,0,0,0,1,96,3,0,15,48,23,14
2133022,Greenville,Kentucky,2,2,0,0,2314,1861,416,37,483,107124,5,0,7,0,0,82,6,0,6,38,27,29
2134966,Harrodsburg,Kentucky,3,2,1,0,2211,1741,449,21,504,70221,4,0,0,0,1,89,5,1,7,29,42,21
2135020,Hartford,Kentucky,3,3,1,0,2500,1914,539,47,89,72208,1,1,0,0,1,91,4,3,14,34,34,18
2135362,Hazard,Kentucky,3,3,0,0,2480,2240,205,35,1301,76274,2,1,3,0,0,90,5,0,10,16,47,27
2135866,Henderson,Kentucky,3,2,1,0,1638,1227,387,24,7809,63467,12,0,0,0,3,77,4,3,14,34,34,18
2136604,"Highland Heights",Kentucky,2,2,0,0,1693,1324,347,22,1280,83959,3,0,2,0,0,92,3,0,3,22,30,45
2136982,Hillview,Kentucky,3,2,1,0,2133,1515,596,22,3373,79927,2,0,3,0,0,86,7,2,11,40,35,14
2137396,Hodgenville,Kentucky,3,2,1,0,2346,1871,428,47,113,75086,2,0,0,0,1,92,4,1,19,28,40,13
2137918,Hopkinsville,Kentucky,3,3,1,0,2018,1567,429,22,10577,58293,31,0,1,0,1,58,6,2,12,30,36,23
2138814,Hurstbourne,Kentucky,2,1,1,0,1891,1241,638,12,1372,123064,9,0,19,0,0,62,9,1,4,10,24,61
2139142,Independence,Kentucky,2,1,0,0,2239,1659,459,121,8664,119332,1,0,2,0,1,93,3,0,3,20,39,38
2139304,"Indian Hills",Kentucky,1,1,1,0,2720,1643,1063,14,1044,205070,1,0,2,0,0,93,2,2,0,4,11,85
2140222,Jeffersontown,Kentucky,2,1,1,0,2146,1389,744,13,11677,97284,13,0,3,0,2,77,4,1,4,19,34,43
2143480,"La Grange",Kentucky,2,2,0,0,2514,1941,543,30,1186,121233,5,0,0,0,2,87,4,1,6,22,35,38
2143606,"Lakeside Park",Kentucky,2,1,0,0,1865,1329,516,20,1282,103207,1,0,4,0,0,87,4,3,3,17,34,45
2143840,Lancaster,Kentucky,3,2,0,0,2162,1777,357,28,110,73053,6,0,0,0,1,90,3,0,16,38,29,17
2144146,Lawrenceburg,Kentucky,3,2,0,0,2232,1827,391,14,1568,80060,4,0,0,0,0,94,1,0,6,40,27,27
2144344,Lebanon,Kentucky,3,3,1,0,2164,1719,412,33,452,65571,12,0,1,0,2,79,4,1,14,39,32,15
2144686,Leitchfield,Kentucky,4,4,0,0,2366,2053,280,33,510,57584,1,0,0,0,0,95,2,1,16,44,26,13
2146027,Lexington-Fayette,Kentucky,2,1,1,0,2007,1470,528,9,136104,98899,15,0,4,0,2,70,6,3,6,16,30,48
2147476,London,Kentucky,3,3,0,0,2047,1795,204,48,2746,65742,2,0,1,0,1,93,2,1,8,40,31,20
2147854,Louisa,Kentucky,4,3,1,0,2885,2384,427,74,204,71164,1,0,1,0,3,94,1,0,20,42,26,13
2148006,"Louisville/Jefferson County metro government (balance)",Kentucky,2,1,1,0,2305,1423,871,11,159156,103115,18,0,3,0,3,68,7,2,7,26,32,35
2148378,Ludlow,Kentucky,3,2,1,0,2319,1462,758,99,891,82219,3,0,0,0,4,84,8,0,7,33,27,33
2148558,Lyndon,Kentucky,2,1,1,0,2165,1398,751,16,6099,101982,13,0,3,0,5,75,4,1,4,15,32,50
2149368,Madisonville,Kentucky,3,2,1,0,1808,1280,502,26,4182,64122,12,2,1,0,1,76,8,0,11,34,35,19
2150034,Marion,Kentucky,4,3,1,0,2461,1728,691,42,124,63095,2,0,1,0,2,92,2,1,12,47,29,12
2150898,Mayfield,Kentucky,4,3,1,0,2175,1536,605,34,1188,59844,7,1,0,0,3,73,7,9,11,42,26,21
2151024,Maysville,Kentucky,3,2,1,0,2137,1539,564,34,2045,80546,8,2,1,0,0,85,4,0,10,29,38,23
2151924,Middlesborough,Kentucky,4,3,1,0,2197,1782,344,71,1459,62056,3,0,1,0,3,90,4,0,13,28,41,19
2151978,Middletown,Kentucky,2,1,1,0,2314,1449,856,9,4842,123336,6,0,5,0,1,85,3,0,3,15,23,59
2153130,Monticello,Kentucky,4,3,0,0,1907,1609,236,62,564,51321,1,2,0,0,0,90,2,5,21,41,24,14
2153418,Morehead,Kentucky,2,2,0,0,1786,1570,164,52,631,73452,4,0,1,0,2,90,2,0,7,23,38,32
2153472,Morganfield,Kentucky,4,3,1,0,2630,2042,567,21,51,74277,18,0,1,0,0,77,3,0,7,39,43,12
2153490,Morgantown,Kentucky,4,3,1,0,2084,1684,372,28,124,48830,0,0,1,0,8,83,5,2,20,40,27,13
2154084,"Mount Sterling",Kentucky,3,2,1,0,2026,1622,369,35,646,65300,2,2,0,0,1,90,3,2,10,40,34,16
2154174,"Mount Vernon",Kentucky,4,3,0,0,2182,1825,195,162,142,54743,0,0,0,0,2,90,7,0,27,28,33,12
2154228,"Mount Washington",Kentucky,2,2,1,0,2151,1601,527,23,3018,101589,0,0,0,0,1,94,3,1,8,28,41,23
2154642,Murray,Kentucky,3,3,1,0,1937,1531,387,19,3602,59388,4,0,3,0,1,87,3,2,7,24,34,34
2155884,Newport,Kentucky,2,2,1,0,2144,1517,609,18,6583,91955,8,0,1,0,2,84,4,2,13,19,31,37
2156136,Nicholasville,Kentucky,3,3,0,0,2583,2160,402,21,6232,82053,6,0,0,0,2,87,5,1,13,34,31,23
2157090,"Oak Grove",Kentucky,4,4,0,0,2087,1939,138,10,2462,47351,28,0,0,0,5,54,11,2,8,26,54,12
2158620,Owensboro,Kentucky,3,2,1,0,1889,1294,582,13,18195,73028,6,0,2,1,1,83,5,2,8,32,34,26
2158836,Paducah,Kentucky,3,2,1,0,2304,1764,506,34,9914,73238,20,0,1,0,1,72,6,1,8,29,33,30
2158962,Paintsville,Kentucky,5,4,1,0,2693,2339,318,36,578,59237,1,0,0,0,0,98,1,0,13,43,27,16
2159196,Paris,Kentucky,3,3,1,0,2258,1637,582,39,2090,65357,6,1,0,0,0,86,5,2,17,26,31,26
2159255,"Park Hills",Kentucky,2,1,1,0,2293,1514,763,16,1146,103935,3,0,1,0,3,82,10,2,6,13,22,59
2160852,Pikeville,Kentucky,4,4,0,0,2305,2155,130,20,3071,55002,4,0,1,0,0,92,2,0,20,24,22,34
2161356,"Pioneer Village",Kentucky,3,2,1,0,2105,1535,553,17,1084,81936,1,0,1,0,0,85,9,3,7,39,36,17
2162940,Prestonsburg,Kentucky,4,3,1,0,2442,1983,436,23,1075,62481,1,0,0,0,0,96,3,0,14,34,35,17
2163138,Princeton,Kentucky,5,4,1,0,3979,3288,661,30,523,75409,5,0,0,0,1,88,4,1,20,29,35,16
2163264,Prospect,Kentucky,2,1,1,0,2873,1685,1177,11,1722,187008,2,0,5,0,1,91,1,0,1,5,21,73
2163372,Providence,Kentucky,5,4,1,0,2736,2166,534,36,171,56762,12,0,0,0,0,88,1,0,13,42,27,18
2163858,Raceland,Kentucky,4,3,1,0,2832,2123,685,24,781,68767,3,0,1,0,0,93,2,0,10,32,38,20
2163912,Radcliff,Kentucky,3,2,0,0,2057,1766,269,22,7123,71541,26,0,3,1,2,59,8,2,8,33,43,16
2165226,Richmond,Kentucky,2,2,0,0,1660,1558,84,18,10474,70322,6,0,1,0,1,85,5,1,9,21,33,36
2167458,Russell,Kentucky,3,2,1,0,2955,2218,710,27,1027,95589,1,0,3,0,0,94,2,0,6,26,38,30
2167494,"Russell Springs",Kentucky,3,2,0,0,1782,1525,97,160,254,62258,0,0,0,0,2,93,5,1,14,34,30,22
2167512,Russellville,Kentucky,3,2,1,0,2433,1708,668,57,309,73211,9,0,0,0,2,84,2,2,6,39,33,22
2167944,"St. Matthews",Kentucky,2,1,1,0,2176,1318,851,7,8065,116765,5,0,4,0,1,85,4,1,2,11,25,62
2169114,Scottsville,Kentucky,4,3,1,0,2099,1762,306,31,323,59601,2,0,0,0,4,90,4,0,7,38,39,16
2170050,Shelbyville,Kentucky,3,2,1,0,2177,1661,487,29,3695,74060,11,0,0,0,9,64,12,4,21,35,26,18
2170086,Shepherdsville,Kentucky,3,2,1,0,2093,1603,473,17,3956,81723,1,0,0,0,1,93,3,1,15,42,25,18
2170284,Shively,Kentucky,4,2,2,0,2245,1281,948,16,7482,60446,58,0,0,0,3,32,6,1,11,35,37,17
2170752,Simpsonville,Kentucky,2,2,1,0,2421,1723,680,18,192,109214,5,0,0,0,6,80,8,1,8,23,28,41
2171688,Somerset,Kentucky,3,2,0,0,1807,1593,177,37,3447,66112,3,0,1,0,5,87,3,0,22,31,28,20
2171976,Southgate,Kentucky,2,2,1,0,2147,1497,630,20,1451,95695,5,0,1,0,0,89,4,0,9,18,30,43
2172660,Springfield,Kentucky,3,2,0,0,2034,1658,348,28,171,73855,17,0,1,0,1,74,7,0,5,42,26,27
2173110,Stanford,Kentucky,3,2,0,0,2221,1949,202,70,188,78790,4,0,1,0,1,89,3,2,14,38,29,19
2173164,Stanton,Kentucky,4,3,1,0,2162,1642,477,43,48,59623,1,0,0,0,1,96,2,1,15,46,28,12
217410,Cordova,Alaska,7,5,0,2,7566,4852,429,2285,9,106905,0,4,15,1,3,66,11,1,8,26,38,29
2175738,"Taylor Mill",Kentucky,2,2,0,0,2333,1623,516,194,2089,106089,1,0,0,0,1,96,1,1,6,28,29,37
2177160,Tompkinsville,Kentucky,3,3,1,0,2229,1799,358,72,60,67986,5,0,1,0,1,92,1,1,19,40,20,21
2178384,Union,Kentucky,1,1,0,0,1850,1395,428,27,2835,132372,3,0,2,0,0,85,7,3,1,23,29,48
2179482,Versailles,Kentucky,2,2,1,0,2326,1780,535,11,1806,93948,5,0,0,0,6,82,4,2,9,25,26,41
2179698,"Villa Hills",Kentucky,2,1,0,0,2039,1458,553,28,3211,115457,4,0,1,0,2,90,3,0,7,24,27,43
2179734,"Vine Grove",Kentucky,2,2,0,0,2081,1767,287,27,2307,84570,18,0,2,1,2,67,9,1,4,32,37,27
2180490,Walton,Kentucky,2,2,0,0,2103,1539,450,114,716,102312,0,0,0,3,0,89,7,0,6,37,30,28
2181858,"West Liberty",Kentucky,3,2,1,0,2066,1615,401,50,113,65391,9,0,2,0,0,84,3,1,15,30,24,30
2183172,Wilder,Kentucky,2,1,0,0,1573,1245,312,16,2268,83139,5,0,2,0,1,90,2,1,3,20,28,50
2183334,Williamsburg,Kentucky,4,3,1,0,2075,1672,377,26,176,55304,2,0,1,0,0,96,1,1,23,36,20,21
2183406,Williamstown,Kentucky,4,3,1,0,2748,2006,523,219,652,75965,0,0,0,0,0,91,9,0,6,32,43,18
2183550,Wilmore,Kentucky,2,2,0,0,2155,1789,330,36,367,99039,4,0,2,0,0,90,2,1,5,16,26,54
2183676,Winchester,Kentucky,3,2,1,0,2201,1614,545,42,3872,66107,7,0,0,0,4,85,3,1,12,32,37,19
2200100,Abbeville,Louisiana,4,3,1,0,2520,2131,377,12,2588,62849,49,0,5,0,1,39,4,2,19,44,24,13
2200240,"Abita Springs",Louisiana,2,2,0,0,2570,2126,421,23,263,109869,15,1,1,0,2,70,10,0,6,21,36,37
2200415,Addis,Louisiana,2,2,0,0,2316,1801,509,6,379,111425,35,0,0,0,0,61,1,2,3,38,28,31
2200975,Alexandria,Louisiana,4,3,0,0,2435,2258,166,11,12619,69480,56,0,2,0,2,35,4,1,12,31,29,28
2201885,"Amite City",Louisiana,4,3,1,0,2144,1793,325,26,632,56298,54,0,1,0,0,40,4,0,6,40,25,29
2202655,Arcadia,Louisiana,5,4,1,0,2433,1821,595,17,226,50191,68,1,0,0,0,28,3,1,14,47,20,19
2203985,Baker,Louisiana,4,3,1,0,2764,2334,418,12,3251,75198,86,0,0,0,0,13,1,0,11,34,33,22
2204020,Baldwin,Louisiana,6,5,0,0,2521,2350,168,3,648,45590,85,0,0,0,0,15,0,0,9,65,16,10
2204055,Ball,Louisiana,4,3,0,0,2987,2621,352,14,706,77788,12,0,0,0,0,80,6,1,5,62,19,15
2204685,Bastrop,Louisiana,6,5,1,0,2486,1914,549,23,2842,40558,73,0,0,0,0,24,2,0,22,38,35,5
2205000,"Baton Rouge",Louisiana,3,3,1,0,2654,2129,521,4,87732,82780,52,0,4,0,1,36,4,2,10,24,29,38
2207100,Berwick,Louisiana,3,3,0,0,2337,2189,143,5,1261,77170,12,0,0,0,2,78,6,2,26,31,26,18
2207730,Blanchard,Louisiana,3,2,0,0,2670,2213,443,14,419,97417,13,0,0,0,1,83,3,0,11,26,42,21
2208150,Bogalusa,Louisiana,4,3,1,0,2355,1831,515,9,2050,52594,43,0,0,0,2,51,2,1,17,36,31,16
2208920,"Bossier City",Louisiana,3,2,1,0,2186,1751,422,13,18405,71748,32,0,3,0,5,52,6,2,10,28,38,23
2209340,"Breaux Bridge",Louisiana,4,3,0,0,2371,2064,300,7,1637,64512,31,0,2,1,1,59,5,0,16,41,27,16
2210075,Broussard,Louisiana,2,2,0,0,2300,1922,372,6,4849,113028,17,0,1,0,2,75,4,0,9,26,27,38
2210600,Brusly,Louisiana,2,2,0,0,2321,1801,514,6,220,112801,35,0,0,0,0,61,1,2,3,37,29,31
2210950,Bunkie,Louisiana,6,4,1,0,2667,2093,559,15,79,46837,42,0,0,0,0,52,4,1,27,43,17,13
2212665,Carencro,Louisiana,3,2,0,0,2016,1801,206,9,2988,78455,46,0,0,0,0,49,4,1,14,33,32,20
2213960,Central,Louisiana,2,2,0,0,2573,2044,518,11,10402,110611,12,0,2,0,1,78,6,1,5,33,34,28
2215465,"Church Point",Louisiana,3,3,0,0,2240,1983,245,12,323,68264,26,2,0,0,8,59,5,0,26,41,24,8
2218055,Coushatta,Louisiana,5,4,1,0,2538,2032,486,20,105,53303,63,0,0,0,0,31,5,0,26,38,23,13
2218125,Covington,Louisiana,2,2,0,0,2695,2201,487,7,3396,110633,15,0,1,0,1,76,5,1,9,19,28,44
2218650,Crowley,Louisiana,5,4,1,0,2430,2016,401,13,2093,46714,28,0,0,0,0,66,6,0,22,30,22,26
2220190,Delhi,Louisiana,5,4,1,0,2518,1904,589,25,348,53654,55,1,0,0,0,42,3,0,24,36,29,10
2220435,"Denham Springs",Louisiana,3,2,0,0,2461,2155,294,12,3709,89213,8,0,0,0,2,81,6,4,7,25,35,33
2220575,DeQuincy,Louisiana,3,3,0,0,2624,2318,294,12,168,92010,5,0,0,0,3,82,10,0,9,44,29,19
2220610,DeRidder,Louisiana,3,3,0,0,2322,1948,360,14,1465,77323,26,0,1,0,4,56,9,4,8,33,37,22
2221240,Donaldsonville,Louisiana,4,3,1,0,2107,1816,286,5,517,55717,81,0,1,0,0,17,1,0,9,52,29,10
2224565,Eunice,Louisiana,5,4,0,0,2372,2123,240,9,3239,52357,33,0,0,0,3,57,7,0,27,34,26,13
2225160,Farmerville,Louisiana,5,4,1,0,2114,1679,407,28,751,43769,60,0,0,0,0,35,4,0,9,48,30,13
2225440,Ferriday,Louisiana,4,3,1,0,2616,2103,493,20,163,62952,62,0,0,0,0,38,0,0,12,53,18,17
2227155,Franklin,Louisiana,4,3,1,0,2667,2226,431,10,1908,64447,47,1,1,0,0,43,7,1,21,41,26,12
2227190,Franklinton,Louisiana,4,3,0,0,2208,1902,291,15,136,61905,43,0,0,0,0,53,3,1,23,38,27,12
2229850,Gonzales,Louisiana,3,3,0,0,2189,2104,79,6,3986,82459,50,0,0,0,1,40,3,5,9,29,33,29
2230515,Grambling,Louisiana,4,3,1,0,2030,1560,457,13,693,45573,77,0,1,0,1,16,4,1,13,24,20,44
2230550,Gramercy,Louisiana,2,2,0,0,2238,2088,147,3,83,99288,61,0,0,0,0,38,1,0,4,31,52,13
2231705,Greenwood,Louisiana,3,2,1,0,2552,2038,492,22,514,84942,38,0,0,0,3,52,4,2,9,40,32,18
2231915,Gretna,Louisiana,3,2,1,0,1936,1535,392,9,8416,63974,35,0,3,0,5,37,12,7,22,26,27,24
2232755,Hammond,Louisiana,3,3,0,0,2106,1761,333,12,5825,67290,42,0,2,0,2,49,4,1,14,30,26,29
2232930,Harahan,Louisiana,2,2,0,0,1956,1631,317,8,4116,101721,2,0,2,0,6,86,3,1,7,24,34,36
2233420,Haughton,Louisiana,3,3,1,0,2370,1946,410,14,517,67885,25,0,0,0,2,72,1,0,9,40,34,17
2233525,Haynesville,Louisiana,6,4,2,0,2226,1537,675,14,337,36878,61,0,0,0,0,37,2,0,26,35,29,10
2235870,Homer,Louisiana,7,4,2,0,2570,1703,853,14,397,38513,70,0,1,0,0,22,7,0,28,39,25,8
2237445,Iowa,Louisiana,2,2,0,0,2361,2026,324,11,721,102644,29,0,0,0,1,66,3,1,6,42,31,21
2237830,Jackson,Louisiana,3,3,0,0,2611,2444,153,14,89,80347,47,1,0,0,1,47,4,0,14,37,31,18
2238075,Jeanerette,Louisiana,4,3,1,0,2769,2301,463,5,15,75951,61,0,0,0,0,34,4,1,15,35,30,20
2238285,Jena,Louisiana,3,2,0,0,2451,2185,240,26,305,88261,15,0,4,0,5,73,2,1,10,32,25,34
2238355,Jennings,Louisiana,3,3,1,0,2279,1831,437,11,3005,66868,23,0,0,0,0,67,8,1,23,38,24,15
2238670,Jonesboro,Louisiana,5,4,1,0,2274,1649,610,15,186,43851,50,2,0,0,0,42,5,0,21,39,30,10
2239055,Kaplan,Louisiana,5,4,0,0,3033,2694,318,21,444,65690,5,0,0,2,0,90,3,0,17,39,27,17
2239475,Kenner,Louisiana,2,2,0,0,1939,1608,326,5,25309,88512,18,1,5,0,12,47,11,7,12,25,29,33
2239755,Kinder,Louisiana,3,3,0,0,2064,1878,179,7,96,70648,14,2,1,0,2,76,5,0,12,44,32,11
2240735,Lafayette,Louisiana,2,2,0,0,2064,1729,328,7,47819,86813,30,0,2,0,2,59,6,1,9,24,27,40
2241050,"Lake Arthur",Louisiana,3,2,1,0,2278,1886,385,7,485,76331,8,0,0,0,0,85,3,3,28,35,24,13
2241155,"Lake Charles",Louisiana,3,2,0,0,2109,1757,344,8,29175,77886,45,0,2,0,1,45,6,1,10,29,34,27
2241400,"Lake Providence",Louisiana,6,4,1,0,2447,1805,629,13,198,43667,90,0,0,0,0,5,5,1,33,34,17,15
224230,Fairbanks,Alaska,4,2,0,2,3654,1767,151,1736,8828,93199,6,13,6,1,3,56,14,2,6,25,42,28
2243010,Leesville,Louisiana,5,4,1,0,2549,2181,360,8,1713,56424,31,4,2,0,6,49,4,3,12,35,32,22
2246720,Lutcher,Louisiana,2,2,0,0,1980,1843,134,3,1019,84370,43,0,0,0,2,55,0,0,10,41,27,22
2248085,Mamou,Louisiana,8,7,1,0,2708,2475,228,5,480,35215,48,0,0,0,1,33,7,12,13,53,20,13
2248225,Mandeville,Louisiana,2,1,0,0,2135,1704,422,9,5150,119304,2,0,3,0,3,86,6,0,4,18,29,48
2248365,Mansfield,Louisiana,6,5,1,0,2335,1794,525,16,151,38830,81,1,1,0,1,15,2,0,28,45,18,9
2248470,Many,Louisiana,5,4,1,0,2336,1844,476,16,133,51001,40,1,1,0,0,53,5,0,10,44,30,16
2248750,Marksville,Louisiana,4,3,1,0,2223,1745,461,17,749,55300,35,4,0,0,0,45,14,0,12,30,39,19
2250885,Minden,Louisiana,8,7,1,0,3702,3122,570,10,3944,45460,52,0,0,0,0,43,4,0,12,40,32,16
2251410,Monroe,Louisiana,4,3,1,0,2362,1853,501,8,16050,62030,62,0,2,0,0,32,1,2,14,31,31,24
2252040,"Morgan City",Louisiana,5,5,0,0,3452,3220,226,6,3359,66547,17,1,1,0,5,62,7,6,21,43,22,14
2253545,Natchitoches,Louisiana,3,3,1,0,1952,1513,424,15,4221,56337,54,0,1,0,0,39,5,1,9,35,31,26
2254035,"New Iberia",Louisiana,4,4,1,0,2561,2151,404,6,9272,58253,46,0,1,0,1,44,6,1,19,37,27,17
2254175,"New Llano",Louisiana,4,3,0,0,2309,1999,299,11,218,63295,34,0,3,3,6,39,14,1,11,31,36,22
2255000,"New Orleans",Louisiana,2,2,0,0,2050,1797,245,8,155647,85617,57,0,3,0,2,31,5,2,10,20,28,43
2255105,"New Roads",Louisiana,2,2,0,0,1692,1452,234,6,691,87867,49,0,2,0,0,45,4,0,14,27,34,25
2256540,Oakdale,Louisiana,4,4,1,0,2470,2095,370,5,616,59303,32,0,1,0,14,51,2,0,28,40,19,13
2258045,Opelousas,Louisiana,5,4,1,0,2481,2049,424,8,4988,50095,78,0,0,0,0,18,3,0,25,33,32,11
2259340,Patterson,Louisiana,4,4,0,0,2181,2055,122,4,979,49921,51,0,0,0,0,42,6,1,16,53,26,6
2259445,"Pearl River",Louisiana,3,2,0,0,2320,2075,237,8,623,87195,16,0,1,0,3,68,9,2,12,21,36,32
2260530,Pineville,Louisiana,3,3,0,0,2625,2227,377,21,3914,76891,24,0,0,0,1,68,6,0,12,29,33,26
2260880,Plaquemine,Louisiana,4,3,1,0,3359,2692,658,9,961,79516,55,0,0,0,0,38,5,1,22,31,32,14
2261615,Ponchatoula,Louisiana,3,3,0,0,2220,1888,314,18,1082,72508,29,0,3,0,2,61,4,2,12,42,20,26
2261790,"Port Allen",Louisiana,5,3,2,0,2941,1748,1185,8,1927,63388,49,0,2,0,0,48,1,0,11,28,41,20
2263645,Rayne,Louisiana,5,4,1,0,2890,2551,332,7,1493,61067,34,0,0,0,0,61,4,1,18,47,26,9
2263680,Rayville,Louisiana,6,5,1,0,2404,1885,497,22,153,41870,73,0,0,0,0,26,1,0,29,28,25,18
2264660,Richwood,Louisiana,7,6,1,0,2481,2011,460,10,458,34144,84,0,0,0,0,12,2,2,19,33,36,11
2266655,Ruston,Louisiana,2,1,1,0,1175,661,499,15,5313,57194,40,1,3,0,1,50,4,1,8,20,36,36
2267250,"St. Gabriel",Louisiana,2,2,0,0,2050,1940,96,14,1001,94665,53,0,0,0,2,39,5,0,6,25,37,32
2267600,"St. Martinville",Louisiana,4,3,1,0,2136,1765,365,6,447,55727,52,0,0,0,0,43,4,0,13,59,20,7
2268475,Scott,Louisiana,3,3,0,0,1963,1794,161,8,4239,70296,26,0,1,0,6,60,7,1,20,35,26,20
2270000,Shreveport,Louisiana,3,3,1,0,2452,1847,592,13,63972,70369,58,0,2,0,1,35,4,1,13,29,31,27
2270805,Slidell,Louisiana,3,2,0,0,2391,2061,322,8,9040,85404,19,1,2,0,2,67,8,1,9,24,35,32
2272485,Springhill,Louisiana,5,4,1,0,2338,1782,537,19,1557,43409,30,1,0,0,8,59,2,0,24,31,34,11
2273395,Stonewall,Louisiana,2,2,0,0,2901,2411,472,18,500,116592,8,1,0,0,0,89,1,0,6,26,35,33
2273640,Sulphur,Louisiana,3,3,0,0,2170,1824,336,10,7257,70901,9,0,1,0,3,82,2,3,11,35,36,18
2274060,Sunset,Louisiana,3,2,1,0,2099,1716,361,22,295,71116,42,0,2,0,0,54,1,0,33,32,18,17
2274690,Tallulah,Louisiana,6,4,2,0,2374,1693,656,25,1206,41445,80,0,0,0,0,18,2,0,13,41,33,12
2275425,Thibodaux,Louisiana,2,2,0,0,1794,1688,98,8,4569,78231,30,2,0,0,2,61,5,1,11,34,24,31
2278470,Vidalia,Louisiana,7,6,1,0,4530,3886,621,23,506,60477,24,0,0,0,0,76,0,0,8,30,30,31
2278715,"Ville Platte",Louisiana,7,6,1,0,2294,2039,249,6,1045,33914,70,0,0,0,0,24,6,0,28,40,23,10
2278820,Vinton,Louisiana,4,3,1,0,2079,1801,272,6,792,53478,10,0,1,0,16,69,3,0,20,37,33,10
2278890,Vivian,Louisiana,6,4,1,0,2592,1987,552,53,610,45182,45,0,0,0,0,54,1,0,15,33,51,2
2279240,Walker,Louisiana,3,3,1,0,2846,2281,557,8,1931,90213,4,0,5,0,1,85,4,1,7,38,29,26
2280430,Welsh,Louisiana,2,2,0,0,1796,1512,270,14,135,89312,17,0,0,0,1,77,5,0,16,43,33,8
2280815,Westlake,Louisiana,3,3,1,0,2411,1870,532,9,1784,72728,16,0,1,0,0,80,3,1,17,41,27,14
2280955,"West Monroe",Louisiana,3,3,1,0,2222,1789,424,9,4006,65209,30,2,1,0,1,62,3,2,12,31,34,22
2281165,Westwego,Louisiana,3,3,1,0,2050,1623,416,11,4074,59576,25,1,4,0,2,62,3,3,24,43,21,12
2282460,Winnfield,Louisiana,6,5,1,0,3297,2755,528,14,698,53858,56,0,0,0,1,38,4,0,19,38,25,18
2282495,Winnsboro,Louisiana,5,4,2,0,2719,1931,765,23,630,50478,55,0,0,0,3,36,6,0,28,34,25,13
2283335,Youngsville,Louisiana,2,1,0,0,2316,1975,338,3,4287,136291,11,0,2,0,1,82,3,0,3,17,36,44
2283405,Zachary,Louisiana,2,2,0,0,2687,2429,232,26,4633,110529,41,0,1,0,0,55,4,0,8,24,25,43
2300695,Alfred,Maine,5,2,1,2,3993,1607,512,1874,180,78246,2,0,0,0,0,95,2,0,7,47,26,20
2301360,Anson,Maine,5,2,0,3,3684,1463,291,1930,32,67886,0,0,0,1,0,95,4,0,11,52,22,15
2302060,Auburn,Maine,4,2,1,2,3652,1542,447,1663,10309,85679,2,0,1,0,1,92,4,0,6,32,33,29
2302100,Augusta,Maine,6,2,1,3,3639,1463,406,1770,9249,65754,2,1,1,0,1,92,3,1,5,41,27,27
2302795,Bangor,Maine,4,2,1,2,3115,1389,525,1201,13982,77798,3,1,2,0,1,88,4,1,4,27,31,39
2302830,"Bar Harbor",Maine,4,2,1,1,3682,1543,883,1256,116,100197,4,0,2,0,0,91,2,1,4,19,13,63
2303355,Bath,Maine,4,1,1,2,4052,1410,527,2115,4014,97249,0,0,0,0,1,95,3,0,6,23,35,37
2303950,Belfast,Maine,5,2,1,2,3700,1499,475,1726,3355,79420,2,0,1,0,1,86,7,4,5,24,29,42
2304685,Berwick,Maine,4,2,1,2,4055,1683,564,1808,175,106073,0,0,1,0,0,93,4,1,4,27,29,39
2304790,Bethel,Maine,5,2,1,3,3973,1603,412,1958,28,73244,0,0,0,0,0,88,7,4,3,34,23,41
2304860,Biddeford,Maine,4,2,0,2,3713,1485,401,1827,9575,97488,1,0,2,0,1,91,4,1,6,31,33,30
2305665,"Blue Hill",Maine,4,2,1,2,3690,1550,477,1663,65,85399,0,0,0,0,0,98,2,0,6,27,20,47
2306330,Bowdoinham,Maine,4,2,1,2,4389,1662,607,2120,105,107488,1,0,0,0,4,92,2,0,13,33,22,32
2306925,Brewer,Maine,4,2,1,1,3304,1473,713,1118,4156,78433,1,0,0,0,0,94,3,1,5,27,38,31
2307135,Bridgton,Maine,5,2,1,2,4311,1823,676,1812,466,87009,2,0,0,0,3,94,1,0,3,20,37,39
2308395,Brunswick,Maine,3,1,1,1,3641,1506,591,1544,6058,104617,2,0,3,0,2,88,5,1,4,19,27,50
2308780,Bucksport,Maine,5,2,1,2,3566,1545,503,1518,544,74511,0,0,1,0,3,95,0,0,2,25,46,26
2309585,Calais,Maine,5,1,1,3,3317,897,619,1801,1595,69268,2,1,0,0,0,93,2,1,11,32,35,22
2309690,Camden,Maine,4,1,1,2,4056,1589,715,1752,426,113202,0,0,0,0,2,94,4,0,4,10,20,66
2310565,Caribou,Maine,6,2,0,3,3891,1337,262,2292,3526,67318,0,1,0,0,0,92,6,0,7,32,36,25
2311090,Casco,Maine,5,2,1,2,3746,1509,640,1597,183,80610,0,0,0,0,0,78,22,0,5,29,23,43
2313435,Clinton,Maine,5,2,1,3,4498,1773,457,2268,285,87185,0,0,0,0,0,99,1,0,2,46,24,28
2315500,Cumberland,Maine,3,1,0,1,4630,1844,644,2142,382,171768,1,0,1,0,1,92,4,1,3,12,15,70
2317495,Dexter,Maine,5,2,1,2,3466,1567,436,1463,250,65382,0,0,0,0,0,95,5,0,10,48,30,12
2318230,Dover-Foxcroft,Maine,6,3,1,2,4086,1840,472,1774,223,72746,0,0,1,0,0,91,4,3,11,32,34,22
2323200,Ellsworth,Maine,4,2,1,2,3703,1520,694,1489,3820,84152,1,1,1,0,2,92,2,1,4,23,33,40
2324285,Fairfield,Maine,6,3,0,3,3793,1714,264,1815,371,62109,0,0,0,0,1,98,1,0,9,42,40,9
2324480,Falmouth,Maine,2,1,0,1,4075,1718,653,1704,480,183908,0,0,2,0,0,92,5,1,1,7,11,81
2324635,Farmingdale,Maine,5,2,0,3,4388,1651,353,2384,318,85372,0,0,0,0,0,93,7,0,2,23,36,39
2324740,Farmington,Maine,5,2,1,2,3393,1509,354,1530,252,68022,1,0,1,0,0,92,5,1,5,30,26,39
2325580,"Fort Fairfield",Maine,6,2,0,3,4313,1528,317,2468,58,75825,0,2,0,0,0,94,3,0,9,35,27,29
2325720,"Fort Kent",Maine,5,2,0,3,4024,1440,299,2285,177,86764,2,0,0,0,0,92,6,1,8,27,29,36
2326490,Freeport,Maine,3,1,1,1,4013,1449,993,1571,131,136176,0,0,4,0,1,93,2,0,3,12,18,67
2326875,Fryeburg,Maine,5,2,1,2,3958,1583,681,1694,64,73042,1,0,1,0,0,95,3,0,7,37,29,27
2327085,Gardiner,Maine,5,2,1,2,4297,1554,645,2098,2612,84447,0,0,1,0,0,94,3,2,8,32,31,29
2328205,Gorham,Maine,3,1,0,1,4049,1695,654,1700,1436,145281,1,0,3,0,0,88,7,1,0,28,25,46
2328835,Gray,Maine,4,1,1,2,4329,1678,674,1977,243,116703,1,0,1,0,1,89,9,0,3,27,24,46
2329220,Greene,Maine,4,2,0,2,4539,1947,460,2132,119,111799,0,0,0,0,0,97,2,1,3,41,33,22
2330550,Hallowell,Maine,5,2,1,2,3762,1341,580,1841,1359,80924,0,0,0,0,0,99,0,0,7,18,23,52
2330760,Hampden,Maine,4,1,1,2,4280,1652,613,2015,892,116254,1,0,0,0,0,91,8,0,4,14,34,49
233140,Homer,Alaska,3,2,1,1,3227,1578,964,685,1286,94029,0,7,2,1,3,78,9,1,4,18,39,40
2333945,Houlton,Maine,5,1,0,3,3416,969,202,2245,405,73837,3,5,0,0,1,88,2,0,13,33,32,22
2336500,Kennebunk,Maine,3,2,0,2,3683,1657,423,1603,1974,106494,0,0,1,0,1,93,3,2,1,14,34,51
2336710,Kennebunkport,Maine,4,1,1,1,4336,1763,823,1750,216,119482,0,0,0,0,0,96,2,1,0,16,23,61
2337235,Kittery,Maine,4,2,1,2,4004,1756,577,1671,485,105317,3,1,1,0,0,91,4,1,3,20,31,45
2338740,Lewiston,Maine,5,2,0,2,3323,1458,367,1498,15611,73657,11,0,2,0,1,80,6,0,10,37,29,25
2339440,Lincoln,Maine,7,3,1,4,3771,1511,344,1916,264,50825,0,0,0,0,0,98,2,0,7,30,43,20
2340000,Lisbon,Maine,4,2,0,2,4058,1713,348,1997,455,94807,0,0,0,0,0,95,4,1,6,30,39,24
2340735,"Livermore Falls",Maine,8,4,0,4,3975,1826,221,1928,85,48767,0,0,0,0,0,98,1,0,8,46,31,14
2342485,Madawaska,Maine,6,2,1,3,3669,1302,317,2050,195,60434,0,0,1,0,0,98,1,0,6,40,33,21
2342625,Madison,Maine,6,2,1,3,3684,1449,457,1778,250,66082,0,0,0,0,0,99,1,0,5,39,37,19
2344620,"Mechanic Falls",Maine,5,2,0,2,4520,1829,424,2267,290,92110,2,0,1,0,0,88,9,0,6,33,40,21
2345250,Mexico,Maine,6,3,0,3,3939,1585,245,2109,30,62407,0,0,0,0,2,96,2,0,5,48,30,16
2345635,Milford,Maine,5,2,1,2,3890,1738,502,1650,74,76193,0,3,7,0,1,86,4,0,7,40,27,26
2345845,Millinocket,Maine,7,3,1,4,3913,1466,302,2145,1079,54176,0,0,0,0,0,99,1,0,7,46,30,17
2345985,Milo,Maine,6,3,1,3,3941,1741,465,1735,61,66651,2,0,1,0,1,93,3,0,8,44,30,18
2348050,Naples,Maine,5,2,1,2,3805,1636,687,1482,184,81650,0,0,0,1,2,91,6,0,2,37,30,31
2349100,Newport,Maine,5,2,0,2,3876,1702,365,1809,192,78653,1,0,0,0,1,96,2,0,7,34,32,27
2349800,Norridgewock,Maine,5,2,0,3,3991,1686,338,1967,308,77774,2,0,0,0,0,97,1,0,7,34,30,29
2350290,"North Berwick",Maine,4,2,1,2,4223,1700,773,1750,184,108757,1,0,0,0,1,93,4,0,4,28,35,33
2353965,Norway,Maine,5,2,1,2,3832,1657,453,1722,215,81537,0,0,0,0,4,88,7,1,9,33,31,27
2354525,Oakland,Maine,4,2,1,2,4248,1685,638,1925,552,106653,0,0,1,0,0,96,3,0,4,35,28,33
2355120,"Old Orchard Beach",Maine,4,2,1,1,3309,1512,485,1312,5224,92346,0,1,1,0,0,93,5,0,3,23,32,41
2355225,"Old Town",Maine,5,2,1,2,3477,1502,554,1421,3145,76470,0,3,0,0,0,94,2,0,2,24,34,40
2355575,Orono,Maine,4,2,1,1,2866,1370,553,943,2283,74578,2,0,5,0,2,85,5,1,3,9,31,57
2356240,Oxford,Maine,5,2,1,2,4172,1730,551,1891,227,87781,0,1,0,0,0,96,4,0,7,32,32,29
2358970,Pittsfield,Maine,6,3,0,3,3854,1765,325,1764,315,65622,2,0,0,0,4,89,5,0,11,42,26,21
2360545,Portland,Maine,2,1,0,1,2478,1143,447,888,32087,101036,9,0,3,0,1,82,4,1,4,13,24,60
2360825,"Presque Isle",Maine,5,2,0,3,3577,1337,251,1989,4067,67096,1,3,1,0,1,90,4,1,6,32,35,27
2362610,Richmond,Maine,5,2,1,3,4496,1551,519,2426,344,86786,0,1,0,0,0,97,2,0,4,32,34,30
2363590,Rockland,Maine,5,2,1,2,3641,1397,550,1694,3371,69416,0,0,1,0,0,96,3,0,10,30,22,37
236400,Juneau,Alaska,3,1,0,1,3416,1329,368,1719,13019,121917,1,9,7,1,2,62,15,2,3,19,33,46
2364255,Rumford,Maine,6,2,0,3,3644,1411,267,1966,337,63400,0,0,0,0,0,94,5,1,8,42,34,16
2364535,Sabattus,Maine,5,2,0,3,4284,1756,312,2216,88,88255,1,0,0,0,0,96,3,1,8,39,36,16
2364675,Saco,Maine,3,1,0,2,4033,1561,495,1977,8872,121996,2,0,1,0,1,90,5,1,3,26,28,43
2365725,Sanford,Maine,5,2,0,2,4040,1688,424,1928,9019,88878,1,0,2,0,2,90,5,0,8,35,36,21
2366600,Searsport,Maine,5,2,1,2,3930,1624,596,1710,148,80877,0,0,0,0,3,94,3,0,5,34,32,30
2368875,Skowhegan,Maine,5,2,1,3,3694,1547,354,1793,1323,67435,0,0,0,0,1,96,2,0,7,35,34,24
2369995,"South Berwick",Maine,4,2,1,2,4262,1685,650,1927,445,95165,0,0,2,0,3,90,4,1,2,13,46,39
2371990,"South Portland",Maine,3,1,0,1,3133,1438,467,1228,11771,111969,7,0,2,0,1,84,5,1,2,20,27,50
2373635,Standish,Maine,4,2,1,2,4264,1736,792,1736,184,112808,0,0,1,0,0,91,8,0,5,27,38,31
2376330,Thomaston,Maine,6,2,1,3,3871,1464,415,1992,242,67427,1,2,0,0,0,88,1,8,4,36,31,29
2376925,Topsham,Maine,4,2,1,2,4234,1593,630,2011,1860,98420,0,0,1,0,1,94,4,1,3,28,25,43
2377765,Turner,Maine,4,2,0,2,4310,1761,419,2130,46,96540,1,0,0,0,4,90,4,1,1,25,50,25
2379515,Waldoboro,Maine,5,2,1,2,4032,1564,526,1942,187,81878,0,1,0,0,1,95,3,0,5,42,21,32
2380740,Waterville,Maine,5,2,0,3,3682,1417,270,1995,6366,67979,1,1,3,0,1,89,4,1,10,28,31,31
2382105,Westbrook,Maine,3,1,0,1,3187,1307,417,1463,8910,105084,4,0,3,0,2,84,5,2,5,22,35,39
238420,Kenai,Alaska,3,2,1,0,3014,1555,1390,69,1234,100723,1,10,3,0,2,70,10,4,5,30,45,21
2385815,Wilton,Maine,6,2,0,3,4091,1769,296,2026,176,73701,1,0,0,0,1,96,1,1,2,35,36,27
2386480,Winslow,Maine,5,2,0,3,3766,1513,259,1994,1895,74218,0,0,0,0,1,93,6,1,3,29,39,28
2386725,Winterport,Maine,4,2,1,2,4039,1627,523,1889,297,102011,1,0,0,0,1,96,3,0,3,41,28,28
2386935,Winthrop,Maine,4,2,0,2,4136,1670,384,2082,523,92076,6,0,0,0,0,90,4,0,2,23,36,40
2387040,Wiscasset,Maine,4,2,1,2,4035,1612,543,1880,136,92227,1,0,1,0,1,92,3,1,7,29,29,35
2387810,Yarmouth,Maine,3,1,0,1,4297,1649,543,2105,1176,153922,1,0,1,0,0,94,2,2,3,7,25,66
238970,Ketchikan,Alaska,3,1,0,1,2930,1353,177,1400,1749,96675,1,19,12,0,2,53,11,1,7,27,40,26
2400125,Aberdeen,Maryland,3,2,1,0,2383,1429,763,191,4506,85966,24,0,3,0,4,54,9,5,14,29,34,23
2401600,Annapolis,Maryland,2,1,0,0,2152,1609,398,145,8742,124036,19,0,2,0,4,58,6,11,8,12,22,58
2404000,Baltimore,Maryland,3,2,1,0,2516,1449,981,86,247257,87889,61,0,3,0,1,27,4,3,12,24,26,38
2405525,"Bel Air",Maryland,3,2,1,0,2316,1277,701,338,73,72300,0,0,1,0,0,97,1,0,12,42,28,17
2405550,"Bel Air",Maryland,2,1,1,0,2142,1471,601,70,4000,112283,4,0,4,0,3,79,5,4,6,24,29,41
2406800,Berlin,Maryland,3,2,0,0,2807,2269,279,259,729,94893,23,0,1,0,2,67,7,0,10,32,28,29
2406925,"Berwyn Heights",Maryland,2,1,1,0,3230,1805,1076,349,1001,151947,17,0,8,0,13,30,11,20,10,13,21,56
2407850,Bladensburg,Maryland,3,2,1,0,1855,1203,647,5,3048,74176,60,0,1,0,6,2,5,27,14,34,33,19
2408625,Boonsboro,Maryland,2,1,0,0,2575,1660,387,528,405,111697,4,0,0,0,1,95,1,0,5,26,40,28
2408775,Bowie,Maryland,2,1,1,0,2723,1595,1054,74,17223,156631,57,0,4,0,1,27,6,4,3,16,25,56
240950,Kodiak,Alaska,4,1,0,3,4376,1324,291,2761,899,101472,0,11,30,0,6,41,10,1,4,27,38,31
2409500,Brentwood,Maryland,2,2,1,0,2462,1537,905,20,1294,101411,40,4,1,0,4,10,9,33,25,24,20,32
2410900,Brunswick,Maryland,2,1,0,1,2434,1609,257,568,1357,111739,9,0,3,0,1,72,13,1,6,36,34,24
2412400,Cambridge,Maryland,3,2,0,0,2273,1792,183,298,3993,72824,43,0,1,0,1,39,10,5,11,34,31,23
2413000,"Capitol Heights",Maryland,3,2,1,0,2735,1753,897,85,1321,98118,77,0,0,0,4,3,5,10,15,30,28,26
2414950,Centreville,Maryland,3,2,1,0,3860,2431,1007,422,81,151843,8,0,2,0,1,86,1,3,4,25,33,38
2415925,"Chesapeake Beach",Maryland,2,2,0,0,2676,2107,400,169,1158,139973,12,0,4,0,1,73,10,0,7,19,26,48
2416225,Chestertown,Maryland,3,2,1,0,2656,1911,474,271,827,89088,22,0,2,0,3,70,3,1,9,24,22,45
2416550,Cheverly,Maryland,2,1,1,0,2824,1610,852,362,2108,132007,47,0,6,0,2,31,10,4,2,19,24,55
2416620,"Chevy Chase",Maryland,1,1,0,0,3888,2114,1579,195,607,394568,0,0,4,0,2,85,8,1,0,1,5,95
2416625,"Chevy Chase",Maryland,1,1,0,0,3217,1917,1251,49,3293,321902,7,0,5,0,2,78,8,1,1,2,5,92
241830,Kotzebue,Alaska,5,2,0,3,5955,2415,161,3379,26,124360,3,65,2,0,3,14,12,1,7,31,36,26
2418750,"College Park",Maryland,2,1,1,0,2392,1499,835,58,7658,103302,23,0,13,0,4,40,7,12,8,15,36,41
2420775,Crisfield,Maryland,5,3,1,1,2654,1788,496,370,212,57951,33,0,1,0,1,57,5,3,18,38,29,15
2421325,Cumberland,Maryland,3,2,1,0,2339,1199,981,159,6229,69665,4,0,1,0,1,89,5,0,9,32,34,25
2422600,Delmar,Maryland,3,2,0,0,2559,2020,285,254,418,85729,17,0,5,0,1,58,10,10,14,26,35,25
2422725,Denton,Maryland,4,3,1,1,3101,2175,487,439,824,79110,26,0,0,0,1,67,2,4,25,30,26,19
2423025,"District Heights",Maryland,3,2,1,0,2928,1819,1029,80,1691,95837,86,1,0,0,0,4,3,6,8,30,31,31
2424475,Easton,Maryland,2,2,0,0,2291,1656,376,259,4536,92105,20,1,0,0,3,62,9,5,11,28,24,37
2425800,Elkton,Maryland,3,2,1,0,2693,1798,649,246,5164,89234,12,0,1,0,2,69,11,5,11,36,31,23
2426200,Emmitsburg,Maryland,3,1,0,1,2595,1496,448,651,133,100727,10,1,1,0,2,77,7,3,14,33,32,21
2427900,Federalsburg,Maryland,5,3,1,1,3149,2085,540,524,113,62082,34,1,0,0,0,57,8,0,15,43,28,14
2428725,"Forest Heights",Maryland,3,2,1,0,2898,1889,965,44,946,106509,52,0,5,0,3,6,7,26,13,23,35,29
2430325,Frederick,Maryland,2,1,0,0,1844,1231,456,157,29278,116847,16,0,5,0,8,56,11,4,9,18,27,46
2430900,Frostburg,Maryland,4,2,1,0,2303,1347,762,194,731,65655,15,0,2,0,2,76,3,1,5,23,39,33
2430950,Fruitland,Maryland,3,2,0,0,2799,2193,316,290,1584,109779,22,1,3,0,3,65,4,2,8,23,26,44
2431175,Gaithersburg,Maryland,2,1,0,0,2134,1510,582,42,26576,138579,17,0,19,0,7,32,10,15,9,12,20,59
2432500,Glenarden,Maryland,2,1,1,0,2673,1587,925,161,1529,131700,76,1,4,0,2,5,5,8,8,21,26,45
2434775,Greenbelt,Maryland,2,1,0,0,1937,1468,451,18,8668,101796,48,1,11,0,2,17,6,14,9,15,28,48
2436075,Hagerstown,Maryland,3,1,1,0,1781,980,469,332,15540,67758,18,0,1,0,5,64,11,2,12,33,35,19
2436500,Hampstead,Maryland,2,1,0,1,2533,1547,365,621,759,122130,3,0,3,0,1,88,3,3,6,26,32,35
2437600,"Havre de Grace",Maryland,2,1,1,0,2386,1465,801,120,3218,115772,18,0,3,0,2,68,5,4,7,18,31,44
2441250,Hyattsville,Maryland,2,1,1,0,2330,1458,833,39,8555,116090,31,1,7,0,3,23,7,27,14,17,22,47
2441500,"Indian Head",Maryland,3,2,0,1,3350,2122,393,835,771,99938,49,1,2,0,0,43,3,1,5,40,34,21
2445750,"La Plata",Maryland,2,2,0,0,2670,2042,368,260,1630,129365,34,1,3,0,4,54,4,1,6,23,34,37
2445900,Laurel,Maryland,2,1,0,0,1929,1443,442,44,9840,108786,51,1,8,0,3,18,7,11,9,18,28,46
2446475,Leonardtown,Maryland,2,1,0,0,3440,2308,630,502,321,161945,8,0,4,0,1,82,5,1,5,19,22,53
2449950,Manchester,Maryland,2,1,0,1,3001,1695,508,798,267,135256,1,1,1,0,1,93,2,0,3,33,33,30
2452425,Middletown,Maryland,2,1,0,0,2742,1768,468,506,753,171493,2,0,9,0,1,80,7,1,0,15,25,60
2453875,"Mount Airy",Maryland,2,1,0,0,2605,1785,573,247,1271,163080,2,0,2,0,3,86,5,1,5,12,31,52
2454275,"Mount Rainier",Maryland,2,2,1,0,1897,1322,548,27,4133,84358,43,0,1,0,3,20,6,26,13,21,25,41
2455400,"New Carrollton",Maryland,2,1,1,0,2642,1562,1036,44,3354,113243,57,0,2,0,3,9,5,23,17,24,28,32
2456300,"North Beach",Maryland,2,1,0,0,2334,1865,198,271,221,129586,13,1,4,1,1,73,8,0,4,21,35,40
2456450,"North East",Maryland,3,2,1,0,3112,1800,984,328,369,98150,15,0,0,0,1,78,5,1,6,36,33,25
2458225,"Ocean City",Maryland,2,2,0,0,1898,1691,140,67,2963,98608,1,0,1,0,3,89,3,3,4,25,32,38
2461150,Perryville,Maryland,3,2,1,1,2887,1716,684,487,454,93945,12,0,0,0,2,81,4,1,8,29,34,28
2462475,"Pocomoke City",Maryland,4,3,1,1,2855,1903,453,499,259,67200,40,0,1,0,1,54,3,0,11,30,36,23
2462850,Poolesville,Maryland,2,1,0,0,3334,2125,892,317,149,208796,3,0,7,0,4,75,7,4,1,10,16,72
2464000,"Princess Anne",Maryland,4,3,1,0,2608,1883,426,299,58,67836,59,0,0,0,1,33,7,0,7,34,33,25
2466275,"Rising Sun",Maryland,3,2,1,1,3275,1838,623,814,208,105250,1,0,4,0,1,84,6,4,10,31,35,23
2466635,"Riverdale Park",Maryland,2,1,1,0,2518,1534,949,35,2602,132283,18,1,3,0,9,20,7,43,31,22,14,33
2467675,Rockville,Maryland,1,1,0,0,2325,1513,786,26,23537,161999,10,0,22,0,5,46,8,9,6,8,17,69
2469925,Salisbury,Maryland,3,2,0,0,2369,1893,224,252,10232,80154,41,0,3,0,1,46,7,2,10,29,35,26
2470850,"Seat Pleasant",Maryland,3,2,1,0,2494,1562,902,30,1826,82739,84,1,1,0,0,1,4,9,14,40,25,21
2472900,Smithsburg,Maryland,2,2,0,1,2563,1668,216,679,150,107853,2,0,1,0,0,93,3,0,8,33,37,22
2476550,Sykesville,Maryland,1,1,0,0,2169,1455,501,213,1021,147384,15,0,2,0,1,77,5,0,5,10,25,60
2476650,"Takoma Park",Maryland,2,1,1,0,1928,1224,688,16,5071,117835,34,1,6,0,2,41,7,8,8,15,19,57
2476725,Taneytown,Maryland,2,2,0,0,2469,1758,305,406,423,108834,9,0,1,0,2,85,3,0,4,33,34,29
2477825,Thurmont,Maryland,3,2,0,1,3081,2007,393,681,842,111511,1,0,0,0,1,90,5,2,11,30,30,30
2479675,"University Park",Maryland,2,1,1,0,2701,1650,990,61,1025,160238,14,1,10,0,2,61,6,6,3,4,15,78
2481275,Walkersville,Maryland,2,1,0,0,2414,1627,440,347,1549,147507,8,0,3,0,4,74,9,2,3,21,32,44
2483100,Westminster,Maryland,2,1,0,0,2214,1503,385,326,3220,121437,4,0,2,0,1,85,6,1,6,25,30,39
2500135,Abington,Massachusetts,3,2,1,1,4474,2321,873,1280,6237,149223,1,0,3,0,0,86,7,3,2,26,28,43
2500530,Acushnet,Massachusetts,4,2,1,1,3934,1880,1203,851,752,97671,1,0,0,0,1,92,4,2,10,40,28,22
2500590,Adams,Massachusetts,4,2,1,1,3246,1418,998,830,1613,76845,1,0,0,0,1,90,8,0,5,37,31,27
2500840,"Agawam Town",Massachusetts,3,2,1,1,3721,2093,1018,610,11577,113002,2,0,2,0,3,88,3,1,4,27,33,36
2501260,"Amesbury Town",Massachusetts,3,1,1,0,3689,1883,1270,536,7619,134229,3,0,1,0,1,88,6,1,3,20,34,42
2501430,Andover,Massachusetts,2,1,1,0,3975,1916,1416,643,3450,182211,3,0,10,0,3,77,5,2,3,8,13,76
2501640,Arlington,Massachusetts,2,1,1,0,3465,1541,1198,726,19558,201860,3,0,13,0,2,74,6,2,2,11,12,75
2502515,Athol,Massachusetts,5,2,0,3,4498,1911,304,2283,1723,84032,0,0,1,0,3,88,4,3,10,32,39,19
2502690,Attleboro,Massachusetts,3,2,0,1,3502,1863,381,1258,18013,121867,4,0,3,0,3,81,5,3,8,27,29,35
2503040,Ayer,Massachusetts,3,2,1,1,3644,1878,1088,678,586,107257,5,0,4,0,1,69,11,9,10,23,30,37
2503690,"Barnstable Town",Massachusetts,3,2,1,0,3642,2150,1045,447,19553,125936,6,0,1,0,3,78,7,4,4,21,32,43
2503705,Barre,Massachusetts,5,2,0,2,4996,2030,409,2557,74,106835,1,0,0,0,1,94,4,0,6,37,25,32
2504790,Belchertown,Massachusetts,4,2,1,1,4278,2055,780,1443,886,111077,2,0,3,0,2,89,3,2,3,26,29,42
2504965,Bellingham,Massachusetts,3,1,1,1,4016,2050,1169,797,1481,140383,1,0,2,0,2,75,11,9,6,22,27,45
2505105,Belmont,Massachusetts,2,1,1,0,4324,2231,1412,681,10489,225204,2,0,18,0,2,71,6,1,2,8,10,80
2505595,Beverly,Massachusetts,2,1,1,1,3608,1756,996,856,16963,147791,3,0,3,0,3,85,5,1,3,20,24,53
2507000,Boston,Massachusetts,2,1,1,0,2528,1399,965,164,278898,137250,23,0,10,0,4,44,12,7,10,16,17,56
2507140,Bourne,Massachusetts,3,2,1,0,3667,2002,1147,518,810,123163,0,0,1,0,0,90,1,8,1,18,30,51
2507385,Boxford,Massachusetts,2,1,1,0,5041,2440,1540,1061,626,231402,0,0,1,0,0,92,6,0,3,6,17,74
2507740,"Braintree Town",Massachusetts,2,1,1,1,3502,1318,1027,1157,14526,174708,3,0,21,0,1,70,4,1,5,21,24,50
2507945,Brewster,Massachusetts,3,1,1,1,4078,2083,959,1036,725,147424,0,0,0,0,1,96,3,0,1,14,28,57
2509000,Brockton,Massachusetts,4,2,1,1,4003,1867,1237,899,35489,100532,40,0,2,0,3,29,16,10,17,31,31,21
2509070,Brookfield,Massachusetts,5,2,0,2,5079,2407,459,2213,101,105809,0,0,0,0,1,94,1,3,4,34,29,32
2509210,Brookline,Massachusetts,1,1,1,0,2834,1545,1042,247,27115,203213,3,0,18,0,2,66,8,2,2,5,8,85
2509875,Burlington,Massachusetts,2,1,1,1,4460,2074,1177,1209,10121,190067,2,0,14,0,2,75,5,1,2,15,19,64
2511000,Cambridge,Massachusetts,1,1,0,0,2170,1297,809,64,49673,173046,11,0,19,0,3,56,8,2,4,5,10,81
2512960,Chatham,Massachusetts,2,1,1,0,3528,2029,1112,387,330,145670,1,0,3,0,1,91,4,0,1,10,19,70
2513205,Chelsea,Massachusetts,3,2,1,0,2925,1606,1136,183,13780,91394,6,1,3,0,14,20,44,12,28,28,16,28
2513310,Cheshire,Massachusetts,4,2,1,2,4340,1842,877,1621,15,98034,1,0,2,0,0,90,6,0,5,23,44,28
2513660,Chicopee,Massachusetts,4,2,1,1,3082,1463,898,721,23732,84551,6,0,2,0,9,68,8,7,12,31,32,24
2514430,Clinton,Massachusetts,3,2,1,1,3148,1644,779,725,2538,106842,2,0,0,0,7,76,7,6,6,24,38,32
2516285,Danvers,Massachusetts,2,1,1,1,3671,1405,1030,1236,11228,155890,2,0,2,0,2,89,2,2,5,18,27,51
2516530,Dedham,Massachusetts,2,1,1,0,3852,1864,1519,469,10452,168106,6,0,2,0,3,81,5,2,5,17,19,59
2516635,Deerfield,Massachusetts,4,2,1,1,4169,1893,734,1542,134,117007,1,0,0,0,4,88,7,0,3,19,35,43
2516740,Dennis,Massachusetts,2,1,1,0,3402,1997,1127,278,1087,149174,0,0,1,0,0,95,3,1,4,24,19,53
2517370,Dover,Massachusetts,2,1,0,1,6978,2878,984,3116,533,365529,2,0,13,0,2,77,6,1,1,3,8,88
2517860,Duxbury,Massachusetts,2,1,1,0,4687,2206,1667,814,556,206126,0,0,1,0,0,94,4,0,2,6,11,81
2519370,"Easthampton Town",Massachusetts,4,2,1,1,3203,1716,578,909,7935,90237,1,0,2,0,1,86,9,2,6,24,27,43
2521115,Edgartown,Massachusetts,4,2,1,1,4752,2476,1523,753,45,131624,4,1,0,0,0,85,9,1,6,17,34,43
2521815,Essex,Massachusetts,3,1,1,1,4688,2263,1173,1252,194,175474,0,0,0,0,0,98,1,1,4,13,17,65
2521990,Everett,Massachusetts,3,1,1,0,3265,1625,1353,287,17457,112938,14,1,9,0,6,40,21,10,16,30,29,26
2523000,"Fall River",Massachusetts,3,2,1,0,2181,1413,646,122,41113,71982,6,0,3,0,4,71,11,6,23,31,30,16
2523070,Falmouth,Massachusetts,3,2,1,1,3170,1742,773,655,1557,107400,2,3,3,0,2,80,8,1,6,16,25,53
2523875,Fitchburg,Massachusetts,4,2,1,1,3714,1940,967,807,16645,85887,7,0,2,0,11,58,15,7,10,29,36,24
2524855,Foxborough,Massachusetts,2,1,1,1,3728,2043,904,781,1177,155309,6,0,7,0,1,80,6,0,3,19,20,59
2524960,Framingham,Massachusetts,3,1,1,1,3706,1987,848,871,28013,137542,6,0,8,0,4,56,12,14,10,18,19,53
2525172,"Franklin Town",Massachusetts,2,1,1,0,4163,2109,1298,756,12181,182351,1,0,6,0,2,86,4,0,2,17,24,58
2525485,Gardner,Massachusetts,5,2,0,2,3797,1879,397,1521,8872,81706,2,0,3,0,2,84,5,3,9,30,39,23
2526150,Gloucester,Massachusetts,3,1,1,1,3713,1709,926,1078,13300,124114,1,0,3,0,1,90,3,2,5,25,30,41
2526500,Granby,Massachusetts,4,2,0,2,4644,1999,507,2138,322,124185,2,0,1,0,2,93,2,0,7,21,32,41
2526780,"Great Barrington",Massachusetts,4,2,1,1,4261,1743,1197,1321,89,102773,4,0,1,0,1,87,5,2,4,24,22,50
2527445,Groton,Massachusetts,3,1,0,1,5270,2602,855,1813,201,186269,0,0,5,0,1,86,7,1,2,14,18,66
2528460,Hanson,Massachusetts,3,2,1,1,5024,2299,1001,1724,778,147536,1,0,3,0,2,90,3,1,6,29,22,43
2529055,Harwich,Massachusetts,3,2,1,0,3600,2005,1107,488,651,123101,1,0,0,0,0,95,2,1,2,17,32,50
2529230,Hatfield,Massachusetts,3,2,1,1,3810,1837,841,1132,228,110110,0,1,2,0,1,89,4,4,3,18,36,44
2529405,Haverhill,Massachusetts,4,2,1,0,3716,1925,1465,326,25976,105462,4,0,1,0,6,66,13,10,9,27,33,32
2530175,Hingham,Massachusetts,2,1,1,0,5668,3427,1251,990,1557,229158,1,0,2,0,1,91,3,0,1,10,11,78
2530420,Holbrook,Massachusetts,3,1,1,1,4489,1916,999,1574,4620,131202,10,0,3,0,2,73,11,1,9,28,31,32
2530630,Holland,Massachusetts,4,2,1,2,4669,2112,593,1964,216,105793,0,1,1,0,3,92,3,0,4,28,36,32
2530840,Holyoke,Massachusetts,3,2,1,1,2083,1164,518,401,15112,72174,5,1,1,0,24,43,19,7,21,29,27,23
2530980,Hopedale,Massachusetts,3,2,0,1,4708,2296,411,2001,716,145042,2,0,0,0,0,94,4,0,3,21,24,52
2531050,Hopkinton,Massachusetts,2,1,1,0,5111,2526,1454,1131,442,250804,1,0,8,0,1,82,6,2,1,15,11,73
2531575,Hudson,Massachusetts,2,1,1,0,2941,1060,1354,527,5746,153304,1,1,4,0,1,83,6,4,9,21,23,48
2531680,Hull,Massachusetts,2,1,1,0,3464,1435,1558,471,4514,181072,0,0,2,0,0,95,2,1,2,16,28,54
2532275,Ipswich,Massachusetts,3,2,1,1,4416,2456,1143,817,1811,146090,1,0,5,0,3,88,3,0,5,19,16,60
2533185,Kingston,Massachusetts,3,2,1,1,4989,2380,1290,1319,1947,156004,1,0,0,0,2,95,2,0,2,19,28,51
2534550,Lawrence,Massachusetts,5,2,2,0,3533,1837,1554,142,30333,74008,5,0,2,0,13,13,15,51,29,30,25,16
2534620,Lee,Massachusetts,3,2,1,1,3835,1852,1049,934,126,120542,1,0,2,0,1,91,3,2,1,26,24,49
2534935,Lenox,Massachusetts,3,1,1,1,3818,1691,1265,862,204,128028,2,0,0,0,1,92,3,3,3,14,25,58
2535075,Leominster,Massachusetts,4,2,1,1,3901,2147,705,1049,18474,109396,6,0,3,0,6,71,10,4,8,25,32,35
2535250,Lexington,Massachusetts,2,1,0,1,5003,2225,1249,1529,12492,256402,2,0,32,0,1,58,6,2,2,4,7,88
2536335,Longmeadow,Massachusetts,3,1,1,0,4307,2113,1741,453,5811,160390,1,0,6,0,2,87,4,0,2,7,22,68
2537000,Lowell,Massachusetts,3,2,1,0,3037,1793,1118,126,42350,92858,9,0,23,0,8,46,7,6,14,29,26,31
2537385,Lunenburg,Massachusetts,4,2,0,1,4409,2065,558,1786,662,124599,2,0,1,0,2,89,4,3,4,26,27,43
2537490,Lynn,Massachusetts,4,2,1,1,3695,1869,1237,589,36709,96676,13,1,6,0,11,36,12,21,20,28,29,23
2537595,Lynnfield,Massachusetts,2,1,1,1,3919,1400,1195,1324,4650,185211,2,0,8,0,0,82,4,3,2,20,17,61
2537875,Malden,Massachusetts,2,1,1,0,3050,1592,1111,347,26190,122905,13,0,27,0,4,44,7,4,11,22,21,47
2538230,Mansfield,Massachusetts,2,1,1,1,2904,1227,1006,671,2763,123037,2,1,8,0,1,82,7,0,4,19,34,44
2538435,Marblehead,Massachusetts,2,1,1,0,4202,1955,1535,712,8144,201219,1,1,1,0,3,93,1,0,0,7,15,78
2538575,Marion,Massachusetts,3,1,1,1,4578,2193,1141,1244,82,152223,4,0,2,0,3,80,10,1,3,22,26,50
2538715,Marlborough,Massachusetts,3,1,1,0,3621,1900,1166,555,16794,129519,3,0,5,0,3,62,12,14,9,21,26,44
2538820,Marshfield,Massachusetts,3,1,1,1,4554,2242,1341,971,1857,164761,0,0,0,0,1,97,1,1,3,14,27,55
2539485,Mattapoisett,Massachusetts,3,1,1,1,4318,2108,1061,1149,626,144814,0,1,0,0,0,93,5,1,3,9,29,59
2539660,Maynard,Massachusetts,2,1,1,0,4110,1828,1483,799,4423,177555,0,0,4,0,2,85,8,1,4,12,17,67
2539730,Medfield,Massachusetts,2,1,1,0,5161,2549,1430,1182,1556,250917,2,0,4,0,3,86,6,0,2,6,15,77
2539835,Medford,Massachusetts,2,1,1,0,3319,1656,1198,465,25794,148904,8,0,11,0,2,68,7,4,7,18,20,56
2540115,Melrose,Massachusetts,2,1,1,1,3682,1750,1154,778,12165,154872,3,0,9,0,2,78,6,1,4,16,16,64
2540710,"Methuen Town",Massachusetts,3,2,1,0,4080,2009,1533,538,19043,118205,6,0,4,0,4,58,11,17,9,28,31,33
2540885,Middleborough,Massachusetts,2,1,1,1,2537,1185,809,543,3224,107393,1,0,0,1,6,89,1,3,7,29,33,31
2541200,Milford,Massachusetts,3,1,1,1,4481,2027,1061,1393,9124,136445,4,1,2,0,4,68,10,11,13,31,23,33
2541725,Milton,Massachusetts,2,1,1,0,4980,2240,1766,974,9220,208431,16,0,6,0,1,69,6,1,2,12,15,71
2542180,Monson,Massachusetts,4,2,1,2,4334,2018,592,1724,277,108511,1,0,1,0,0,96,1,0,9,31,34,26
2543615,Nahant,Massachusetts,3,1,1,0,4058,1842,1530,686,1627,139026,2,0,1,0,0,94,3,1,2,13,14,71
2543755,Nantucket,Massachusetts,3,2,1,1,5352,2823,1292,1237,2417,180663,11,0,0,0,4,70,11,4,0,18,15,67
2544140,Needham,Massachusetts,2,1,0,0,5390,2599,1433,1358,11426,295735,2,0,10,0,1,83,4,0,1,6,9,84
2545000,"New Bedford",Massachusetts,4,2,2,0,3060,1517,1341,202,41722,74460,5,1,1,0,2,58,14,18,22,33,27,17
2545245,Newburyport,Massachusetts,2,1,1,0,3805,1894,1435,476,7635,176340,1,0,2,0,2,92,4,0,1,12,20,67
2545560,Newton,Massachusetts,2,1,1,0,4413,2155,1720,538,31890,267852,3,0,14,0,1,73,6,2,2,7,9,83
2546225,"North Adams",Massachusetts,5,2,1,1,3499,1498,979,1022,5816,71589,2,0,3,0,2,86,4,3,10,34,29,27
2546330,Northampton,Massachusetts,3,1,1,0,3161,1645,1073,443,12345,116111,2,0,4,0,3,82,5,4,4,11,18,67
2546785,Northborough,Massachusetts,2,1,0,1,4300,2103,740,1457,1686,175377,2,0,11,0,1,76,7,3,4,12,22,62
2547100,"North Brookfield",Massachusetts,4,2,1,2,4252,2024,568,1660,131,103793,2,0,0,0,0,96,2,0,7,36,27,29
2547800,Northfield,Massachusetts,4,2,0,2,4565,2035,445,2085,159,119701,0,0,0,0,2,90,4,4,7,24,22,47
254920,Nome,Alaska,7,4,0,3,8013,4555,202,3256,25,117308,2,53,3,0,1,26,15,1,6,27,38,30
2550005,Norton,Massachusetts,3,1,1,1,3748,1777,916,1055,306,142366,10,0,3,0,4,79,3,1,3,26,20,52
2550285,Norwood,Massachusetts,2,1,1,0,2910,1159,1145,606,13238,137237,7,0,7,0,3,74,5,4,7,14,26,53
2550425,"Oak Bluffs",Massachusetts,3,2,1,1,4897,2404,1392,1101,312,158269,4,0,0,0,0,83,13,0,5,5,41,49
2551230,Orange,Massachusetts,6,2,0,3,4383,1724,327,2332,818,79345,1,0,1,0,1,90,6,0,3,38,44,14
2551405,Orleans,Massachusetts,3,2,1,1,3665,2016,718,931,397,114180,0,0,2,0,1,95,2,0,2,14,24,60
2551790,Oxford,Massachusetts,5,2,0,2,4852,2304,237,2311,1771,102788,1,0,1,0,0,89,3,6,5,45,25,25
2552144,"Palmer Town",Massachusetts,4,2,0,2,4013,1877,399,1737,5401,94880,3,0,1,0,3,83,7,3,11,30,33,26
2552490,Peabody,Massachusetts,2,1,1,1,3226,1170,993,1063,22909,131743,3,0,2,0,5,80,7,3,8,27,27,38
2552770,Pepperell,Massachusetts,3,2,1,1,4347,2299,1176,872,739,149410,2,0,6,0,3,84,4,1,2,23,32,43
2553960,Pittsfield,Massachusetts,4,2,1,1,3581,1647,1079,855,19237,91326,6,0,1,0,3,79,8,3,6,27,34,33
2554275,Plymouth,Massachusetts,3,1,1,0,3457,1842,1019,596,3166,123242,1,0,1,0,2,85,8,3,6,25,27,42
2555535,Provincetown,Massachusetts,2,1,1,0,3863,2123,1039,701,339,165463,1,1,2,0,1,80,10,6,3,9,21,67
2555745,Quincy,Massachusetts,2,1,1,0,3017,1582,951,484,45279,122501,6,0,29,0,1,56,5,2,8,19,23,50
2556095,Raynham,Massachusetts,3,1,1,1,3599,1569,825,1205,1716,122891,9,0,6,0,1,74,6,4,9,20,36,34
2556165,Reading,Massachusetts,2,1,1,1,4067,1432,996,1639,9517,188601,0,0,6,0,1,86,5,1,2,13,17,68
2556585,Revere,Massachusetts,3,2,1,0,3346,1651,1241,454,22251,109206,4,0,6,0,12,47,19,13,14,33,24,29
2557845,Rockport,Massachusetts,3,1,0,2,4445,1794,520,2131,1545,132799,0,0,0,0,0,94,5,0,1,9,26,63
2558370,Rowley,Massachusetts,3,1,1,0,4738,2624,1416,698,214,189307,0,0,2,0,0,94,4,0,3,24,23,49
2558790,Rutland,Massachusetts,4,2,0,2,4567,2173,340,2054,327,120785,1,0,6,0,3,89,2,0,3,33,26,38
255910,"North Pole",Alaska,5,2,0,3,5589,2178,159,3252,874,117262,4,5,4,0,5,63,16,3,5,21,45,29
2559105,Salem,Massachusetts,3,1,1,1,3112,1578,937,597,19949,116989,6,0,3,0,8,69,8,6,8,19,22,51
2559210,Salisbury,Massachusetts,2,1,1,0,3378,1847,1047,484,2264,136062,0,0,3,0,3,89,4,0,5,18,21,55
2559700,Sandwich,Massachusetts,3,2,1,1,3774,2055,775,944,996,127552,0,0,2,0,3,92,2,0,2,18,19,60
2560050,Saugus,Massachusetts,3,2,1,1,4091,1919,1085,1087,11019,126401,3,0,3,0,4,78,6,6,8,30,31,31
2560295,Scituate,Massachusetts,3,1,1,1,4462,2011,1380,1071,2274,173989,0,0,0,0,0,86,7,6,7,17,19,56
2560820,Sharon,Massachusetts,2,1,1,0,4539,2252,1506,781,1402,200010,1,1,16,0,3,74,4,1,1,8,15,76
2561555,Shirley,Massachusetts,3,1,0,1,4200,2053,539,1608,198,144698,7,0,2,0,3,82,2,4,1,25,34,40
2562465,Somerset,Massachusetts,3,2,1,0,3124,1920,648,556,7344,122111,0,0,1,0,1,94,4,0,6,25,27,42
2562535,Somerville,Massachusetts,2,1,1,0,2617,1385,1080,152,35238,151724,4,0,10,0,4,69,8,4,7,12,12,69
2563345,"Southbridge Town",Massachusetts,4,2,1,1,3597,1900,621,1076,7031,80383,5,1,1,0,13,57,15,9,17,35,30,18
2566070,Spencer,Massachusetts,4,3,1,1,3265,1910,513,842,2643,73788,1,0,1,0,3,90,5,1,11,41,36,12
2567000,Springfield,Massachusetts,5,3,2,1,3404,1737,1251,416,58448,67160,21,0,3,0,18,28,19,12,18,31,29,21
2567700,Stoneham,Massachusetts,2,1,1,1,3737,1840,888,1009,9709,150655,2,0,7,0,2,82,6,2,5,22,20,54
2568120,Sturbridge,Massachusetts,3,2,0,1,5235,2644,289,2302,913,162944,1,0,5,0,0,88,4,2,0,11,43,46
2568680,Swampscott,Massachusetts,3,1,1,0,4001,1965,1559,477,6328,153042,3,0,3,0,2,87,4,1,2,9,20,69
2569170,Taunton,Massachusetts,3,1,1,1,3214,1384,1022,808,23835,100744,8,0,2,0,3,74,11,2,13,30,31,26
2570115,Topsfield,Massachusetts,3,1,1,1,5100,2385,1095,1620,470,195681,2,0,6,0,0,85,7,0,1,4,19,75
2570325,Townsend,Massachusetts,3,2,1,1,4269,2083,996,1190,159,128221,6,0,7,0,2,79,5,1,6,33,23,38
2571445,Upton,Massachusetts,3,1,0,1,5239,2323,666,2250,328,192711,5,0,4,0,2,82,6,1,2,17,26,55
2572250,Wakefield,Massachusetts,3,1,1,1,4475,2245,1022,1208,10954,161925,1,0,4,0,1,89,3,1,4,16,20,60
2572460,Walpole,Massachusetts,2,1,1,1,4759,2415,1128,1216,1898,192104,0,0,3,0,2,91,2,1,1,18,22,60
2572600,Waltham,Massachusetts,2,1,1,0,3493,1754,1018,721,26382,161759,7,1,13,0,4,62,8,6,6,16,17,61
2572845,Ware,Massachusetts,5,2,1,2,3551,1625,562,1364,2064,66077,7,0,0,0,1,85,5,2,9,44,32,15
2573020,Wareham,Massachusetts,4,2,1,1,3475,1923,765,787,381,98727,1,0,2,0,1,90,5,0,6,26,33,35
2573055,Warren,Massachusetts,4,2,1,2,4336,2007,758,1571,101,97455,1,0,3,0,0,93,2,0,5,42,24,29
2573440,"Watertown Town",Massachusetts,2,1,1,0,2993,1335,1174,484,15987,168587,4,0,12,0,3,71,7,3,4,13,15,68
2573930,Webster,Massachusetts,5,3,1,1,3650,1937,675,1038,4178,75547,8,1,1,0,4,69,9,8,9,32,42,17
2574210,Wellesley,Massachusetts,1,1,1,0,4479,1786,1909,784,9156,333861,2,0,13,0,2,74,8,1,1,4,7,89
2575050,Westborough,Massachusetts,3,1,1,1,3271,1706,688,877,1992,124029,2,0,8,0,5,78,3,4,5,15,23,57
2575365,"West Brookfield",Massachusetts,4,2,1,2,4569,1984,610,1975,123,113375,0,1,0,0,2,95,1,1,3,28,37,32
2576030,Westfield,Massachusetts,3,1,1,1,3027,1460,773,794,15435,104180,2,0,4,0,4,81,5,4,9,25,31,35
2577890,"West Springfield Town",Massachusetts,3,2,1,0,3311,1909,1016,386,12691,97420,4,0,5,0,4,76,7,3,7,27,30,36
2578972,"Weymouth Town",Massachusetts,3,1,1,1,3715,1807,914,994,24844,139555,5,0,7,0,2,80,4,2,4,24,30,41
2579705,Wilbraham,Massachusetts,3,1,1,1,4143,1961,1002,1180,1545,138564,4,0,2,0,3,85,6,1,2,21,24,53
2579950,Williamstown,Massachusetts,3,1,1,1,4192,1738,1145,1309,276,138760,4,0,5,0,1,83,6,1,3,12,14,71
2580195,Wilmington,Massachusetts,2,1,0,1,4676,1906,801,1969,7962,198254,2,0,5,0,1,87,6,0,2,18,26,53
2580370,Winchendon,Massachusetts,4,2,0,2,4175,1959,482,1734,1486,112822,0,0,9,0,3,80,5,3,4,47,30,19
2580545,Winchester,Massachusetts,2,1,1,0,4664,2145,1472,1047,8194,279326,2,0,16,0,1,74,5,1,1,9,12,79
2581005,"Winthrop Town",Massachusetts,3,1,1,0,3372,1620,1243,509,8389,132795,4,2,2,0,7,72,8,6,2,23,29,46
2581035,Woburn,Massachusetts,3,1,1,1,3881,1871,892,1118,16288,144665,5,0,10,0,2,74,5,4,6,21,21,51
2582000,Worcester,Massachusetts,4,2,1,1,3280,1718,1076,486,78985,86145,13,0,7,0,10,51,12,7,12,27,27,34
258660,Palmer,Alaska,3,2,1,0,3066,1572,1413,81,1243,103430,2,9,1,1,3,71,10,2,4,27,40,30
2600440,Adrian,Michigan,4,2,2,0,2749,1520,1206,23,6823,61845,3,0,0,0,16,69,8,3,14,33,34,20
2600980,Albion,Michigan,5,3,2,0,2462,1315,1084,63,936,52227,34,1,0,0,3,56,5,2,11,40,35,14
2601180,Algonac,Michigan,3,2,1,0,2231,1191,998,42,1585,69350,1,0,0,0,0,93,6,0,5,44,29,21
2601260,Allegan,Michigan,3,2,1,0,2406,1383,1010,13,1587,76163,6,0,2,0,3,80,7,1,7,41,40,13
2601380,"Allen Park",Michigan,3,2,1,0,2579,1508,1053,18,11854,88776,4,0,2,0,5,78,7,3,6,25,39,30
2601540,Alma,Michigan,4,2,2,0,2571,1375,1166,30,2664,62834,2,0,2,0,7,85,3,1,4,33,38,25
2601660,Almont,Michigan,3,2,1,0,2908,1634,1251,23,1119,89568,0,3,2,0,4,86,2,3,7,26,45,22
2601740,Alpena,Michigan,3,1,2,0,1896,849,962,85,3610,59418,1,0,0,0,1,93,4,0,6,31,45,17
2603000,"Ann Arbor",Michigan,2,1,1,0,1990,1252,725,13,49220,125314,6,0,16,0,2,68,6,1,1,8,19,72
2604105,"Auburn Hills",Michigan,2,1,1,0,2100,1120,973,7,11181,97506,13,0,16,0,2,56,9,4,5,15,29,51
2604740,"Bad Axe",Michigan,4,2,2,0,2320,1199,1072,49,474,60500,0,0,1,0,1,87,6,4,13,37,34,16
2605920,"Battle Creek",Michigan,3,2,1,0,2325,1310,977,38,21550,70803,15,1,5,0,3,66,10,2,9,32,37,22
2606020,"Bay City",Michigan,4,2,2,0,2467,1183,1244,40,14379,62819,3,0,0,0,5,82,8,1,11,34,37,18
2606900,Belding,Michigan,3,2,1,0,2157,1228,894,35,2148,63537,0,0,1,0,1,87,7,3,10,37,39,15
2607020,Belleville,Michigan,3,2,1,0,2233,1352,876,5,1662,78559,18,0,1,0,1,69,11,1,7,22,41,31
2607520,"Benton Harbor",Michigan,6,4,2,0,2753,1625,1100,28,3717,44513,85,0,0,0,2,10,3,1,15,31,44,10
2607660,Berkley,Michigan,2,1,1,0,2170,1076,1085,9,6954,129530,1,0,1,0,2,87,7,2,1,11,28,60
2608160,"Beverly Hills",Michigan,1,1,1,0,3176,1572,1592,12,3963,214353,7,0,4,0,1,82,6,0,0,4,12,84
2608300,"Big Rapids",Michigan,3,2,1,0,1985,1139,799,47,1095,59921,6,1,3,0,3,83,4,0,2,25,39,34
2608640,Birmingham,Michigan,1,1,1,0,3081,1554,1521,6,9164,227456,3,0,5,0,1,86,5,0,0,6,15,79
2609000,Blissfield,Michigan,3,2,1,0,2699,1534,1126,39,309,80341,0,0,0,0,0,96,3,1,5,33,48,13
2609180,"Bloomfield Hills",Michigan,1,1,1,0,3360,1689,1663,8,1571,249495,4,0,4,0,1,83,8,0,0,7,11,82
2609820,"Boyne City",Michigan,3,1,1,0,2179,1170,939,70,1191,81292,1,0,0,0,2,92,3,1,4,26,38,32
2610580,Bridgman,Michigan,3,2,1,0,2766,1771,951,44,265,98378,1,0,1,0,3,91,3,2,7,18,42,32
2610620,Brighton,Michigan,2,1,1,0,2125,1146,962,17,3668,97471,2,1,1,0,2,93,2,0,3,22,29,47
2611400,Buchanan,Michigan,3,2,1,0,2268,1463,769,36,1214,72591,5,0,1,0,0,85,9,1,6,34,40,20
2612060,Burton,Michigan,4,2,2,0,3084,1835,1235,14,12522,75868,10,0,1,0,3,80,5,1,8,37,39,15
2612320,Cadillac,Michigan,3,2,1,0,2091,1117,910,64,3543,62847,2,0,1,0,0,94,3,0,8,33,36,23
2613420,Caro,Michigan,4,2,2,0,2359,1203,1081,75,693,61811,2,0,0,0,6,90,1,0,16,32,32,21
2614200,"Cedar Springs",Michigan,3,2,1,0,2084,1143,861,80,631,67475,0,0,0,0,3,83,12,1,8,35,41,15
2614320,"Center Line",Michigan,3,2,2,0,2048,1019,1020,9,3698,66314,31,1,6,0,3,55,3,1,8,27,45,20
2614820,Charlotte,Michigan,4,2,2,0,2883,1615,1237,31,2290,80436,0,0,0,0,2,89,7,1,6,34,41,19
2615000,Cheboygan,Michigan,3,2,2,0,2197,1009,1069,119,625,64196,1,2,1,0,2,90,4,1,7,32,37,24
2615020,Chelsea,Michigan,3,3,1,0,4159,3237,913,9,2603,119210,1,0,0,0,0,96,3,1,1,12,37,49
2615920,Clare,Michigan,3,2,1,0,2428,1335,1039,54,586,69929,1,0,0,0,0,92,6,0,5,25,46,24
2616160,Clawson,Michigan,2,1,1,0,2019,986,1024,9,5806,102215,1,0,2,0,1,91,5,0,3,19,32,47
2616620,Clio,Michigan,5,3,2,0,2568,1338,1176,54,1145,52774,1,0,0,0,5,88,5,1,8,38,34,20
2617020,Coldwater,Michigan,3,2,1,0,1964,1012,916,36,3279,65146,1,0,0,0,3,91,2,3,8,36,40,16
2618020,Coopersville,Michigan,3,1,1,0,2094,1151,925,18,1712,80101,0,0,0,0,3,87,8,1,11,29,39,21
2618300,Corunna,Michigan,4,2,2,0,2883,1535,1270,78,465,67879,2,0,0,0,2,93,3,0,7,34,39,20
2618920,Croswell,Michigan,5,3,2,0,4026,2425,1435,166,95,75823,0,0,0,0,1,90,4,5,7,46,34,14
2619880,Davison,Michigan,4,2,2,0,2346,1330,985,31,2464,63643,1,1,1,0,3,92,3,0,12,25,36,27
2621000,Dearborn,Michigan,3,2,1,0,2753,1662,1074,17,35968,88303,3,0,3,0,1,87,5,1,12,21,30,38
2621020,"Dearborn Heights",Michigan,4,2,2,0,2845,1671,1164,10,22070,77535,8,0,1,0,2,82,5,1,10,30,34,26
2622000,Detroit,Michigan,6,3,3,0,3202,1837,1350,15,249491,53610,78,0,2,0,2,10,4,4,15,30,36,19
2622120,DeWitt,Michigan,2,1,1,0,2956,1643,1276,37,1581,132087,1,0,0,0,5,85,6,3,3,11,33,54
2622160,Dexter,Michigan,2,1,1,0,2723,1586,1117,20,1457,126916,0,0,1,0,4,90,4,1,6,10,26,59
2622880,Dowagiac,Michigan,4,3,1,0,3245,2047,1095,103,270,73568,11,2,1,0,4,75,4,4,13,33,37,18
2623380,Dundee,Michigan,2,1,1,0,2077,1314,751,12,2507,102967,0,0,0,0,3,88,8,0,3,32,34,31
2623500,Durand,Michigan,4,2,2,0,3280,1656,1480,144,213,75160,0,0,0,0,1,96,1,1,7,43,40,10
2623980,"East Grand Rapids",Michigan,1,1,1,0,2326,1287,1021,18,3806,199506,1,0,2,0,1,93,3,1,0,3,13,84
2624120,"East Lansing",Michigan,2,1,1,0,1775,965,797,13,13409,78694,7,0,9,0,2,74,6,1,1,11,36,52
2624290,Eastpointe,Michigan,3,2,2,0,2295,1168,1119,8,13232,71195,53,0,1,0,1,39,5,0,12,29,39,21
2624420,"East Tawas",Michigan,3,2,2,0,1976,1047,873,56,297,57900,2,0,1,0,2,89,5,1,5,32,38,25
2624540,"Eaton Rapids",Michigan,7,5,2,0,5166,3791,1332,43,1218,76425,0,0,0,0,2,92,3,3,6,29,47,19
2624740,Ecorse,Michigan,5,3,2,0,2456,1446,1000,10,3438,53608,44,2,0,1,5,26,16,7,31,35,26,9
2626360,Escanaba,Michigan,5,3,1,0,2754,1891,823,40,5824,59291,0,2,0,0,1,88,8,0,11,32,37,20
2626420,Essexville,Michigan,3,1,1,0,2659,1266,1355,38,1379,90905,0,0,0,0,7,89,3,0,1,30,37,33
2627380,Farmington,Michigan,2,1,1,0,2329,1155,1157,17,5207,116122,8,0,19,0,1,64,7,1,2,9,25,64
2627440,"Farmington Hills",Michigan,2,1,1,0,2410,1191,1207,12,35366,125425,18,0,15,0,1,60,6,1,3,12,26,58
2627760,Fenton,Michigan,3,2,1,0,2888,1569,1304,15,5218,97613,1,0,2,0,3,90,4,0,2,22,38,38
2627880,Ferndale,Michigan,2,1,1,0,2071,1005,1056,10,10234,107405,6,0,2,0,2,82,6,2,3,13,28,56
2627960,Ferrysburg,Michigan,2,1,1,0,2048,1068,958,22,824,102715,0,0,0,0,3,89,2,6,1,21,25,52
2628360,"Flat Rock",Michigan,3,2,1,0,3017,1798,1203,16,3788,92291,11,0,0,0,2,76,9,3,10,30,37,22
2629000,Flint,Michigan,7,4,3,0,3285,1902,1372,11,33854,48148,56,0,1,0,2,34,7,1,16,31,39,13
2629200,Flushing,Michigan,4,2,2,0,3127,1691,1416,20,3432,87375,3,1,0,0,2,87,7,0,2,23,41,34
2630060,Fowlerville,Michigan,4,2,2,0,2345,1213,1115,17,1262,66366,0,1,0,0,0,94,4,0,10,30,49,11
2630200,Frankenmuth,Michigan,3,1,1,0,3145,1701,1388,56,306,114679,5,1,0,0,3,90,1,1,1,22,27,50
2630340,Franklin,Michigan,1,1,1,0,3488,1735,1744,9,1031,245394,12,1,5,0,2,75,5,0,1,3,16,80
2630420,Fraser,Michigan,3,1,1,0,2204,1093,1101,10,6531,81872,7,0,2,0,1,83,6,1,6,29,43,22
2630700,Fremont,Michigan,3,2,1,0,2299,1205,984,110,1186,72122,0,0,0,0,0,95,5,0,10,29,27,34
2631420,"Garden City",Michigan,3,2,1,0,2340,1398,927,15,11025,76411,6,0,1,0,2,85,6,0,6,34,45,14
2631720,Gaylord,Michigan,3,2,1,0,1722,988,683,51,1174,60519,2,0,1,0,1,91,5,0,7,34,37,21
2632020,Gibraltar,Michigan,3,2,1,0,2884,1764,1110,10,2050,101678,4,0,1,0,4,86,5,0,4,29,43,24
2632300,Gladstone,Michigan,3,1,1,0,1942,939,922,81,1780,72962,0,1,0,0,0,93,5,1,4,36,41,19
2632320,Gladwin,Michigan,4,2,2,0,2740,1274,1338,128,171,71738,1,0,2,0,2,93,2,0,13,29,44,13
2633280,"Grand Blanc",Michigan,3,2,1,0,2607,1531,1058,18,3489,98041,15,0,1,0,1,76,5,1,3,20,33,44
2633340,"Grand Haven",Michigan,2,1,1,0,1759,913,827,19,4049,90769,1,0,1,0,2,91,4,2,3,26,33,38
2633420,"Grand Ledge",Michigan,3,2,1,0,2804,1652,1113,39,1968,95748,1,0,0,0,3,92,3,0,2,22,44,32
2634000,"Grand Rapids",Michigan,2,1,1,0,1769,975,786,8,78594,80423,18,0,3,0,5,58,11,5,9,20,28,43
2634160,Grandville,Michigan,2,1,1,0,1722,1009,702,11,6392,93989,4,0,1,0,2,86,6,1,5,21,33,42
2635100,Greenville,Michigan,3,2,1,0,2229,1223,934,72,1116,72735,1,0,0,0,2,87,8,1,11,33,33,24
2635480,"Grosse Pointe",Michigan,2,1,1,0,3332,1921,1392,19,2252,178932,2,0,1,0,2,89,5,1,1,6,15,78
2635520,"Grosse Pointe Farms",Michigan,2,1,1,0,3477,2059,1393,25,4186,195399,1,0,2,0,1,90,7,0,1,4,14,81
2635540,"Grosse Pointe Park",Michigan,2,1,1,0,3438,1993,1427,18,4594,180866,5,0,2,0,1,84,6,2,1,6,18,75
2635580,"Grosse Pointe Woods",Michigan,2,1,1,0,3204,1970,1218,16,6481,172730,6,0,1,0,1,88,4,0,2,9,22,67
2636280,Hamtramck,Michigan,6,3,2,0,3271,1932,1330,9,7357,59155,9,0,26,0,0,54,6,3,18,35,24,23
2636300,Hancock,Michigan,3,2,1,0,2104,1093,927,84,1148,70462,1,0,2,0,0,94,3,0,3,28,29,40
2636700,"Harper Woods",Michigan,4,2,2,0,3086,1718,1354,14,5515,79819,64,0,0,0,0,30,5,0,4,28,43,25
2636960,Hartford,Michigan,5,3,2,0,2858,1679,1088,91,134,55566,1,4,0,0,7,69,9,9,26,37,30,7
2637120,Hastings,Michigan,4,2,2,0,2667,1438,1155,74,1033,75322,0,0,0,0,5,93,1,0,7,38,32,23
2637420,"Hazel Park",Michigan,3,2,1,0,2118,1071,1041,6,6824,70226,9,0,2,0,1,75,10,2,10,32,34,24
2638180,"Highland Park",Michigan,5,3,2,0,2574,1438,1122,14,3849,50119,88,0,0,0,0,8,3,1,19,31,31,19
2638460,Hillsdale,Michigan,5,3,2,0,3089,1990,1038,61,1917,64872,2,0,0,0,3,89,4,2,8,37,32,23
2638640,Holland,Michigan,2,1,1,0,1714,828,868,18,12477,89338,6,1,3,0,9,65,10,7,8,27,29,36
2638700,Holly,Michigan,3,2,1,0,2450,1367,1047,36,2666,77705,0,0,0,0,1,93,6,1,8,25,41,26
2639360,Houghton,Michigan,3,2,1,0,1962,1028,854,80,871,66277,3,1,8,0,1,79,4,3,5,16,38,41
2639540,Howell,Michigan,3,1,1,0,2016,1065,929,22,4814,74483,2,1,1,0,3,88,4,2,6,29,37,28
2639800,Hudsonville,Michigan,2,1,1,0,2027,1213,802,12,2275,95495,1,0,2,0,2,90,4,1,4,20,36,40
2640000,"Huntington Woods",Michigan,1,1,1,0,2417,1215,1192,10,2304,186911,1,0,2,0,1,93,4,0,0,4,13,82
2640320,"Imlay City",Michigan,4,2,2,0,2453,1313,1109,31,1635,62915,1,1,0,0,21,52,12,13,21,36,35,9
2640680,Inkster,Michigan,4,3,2,0,2298,1386,903,9,9222,55209,75,0,1,0,0,16,6,1,16,36,35,14
2640860,Ionia,Michigan,4,2,2,0,2842,1415,1379,48,1861,77996,4,0,0,0,4,85,7,0,6,43,33,17
2640960,"Iron Mountain",Michigan,3,2,1,0,2234,1245,911,78,2386,70770,1,1,1,0,1,92,3,0,4,23,43,30
2640980,"Iron River",Michigan,4,2,2,0,2403,1207,980,216,313,63553,1,1,0,0,0,94,4,0,6,45,29,20
2641060,Ironwood,Michigan,4,2,2,0,2371,1079,1184,108,2446,58817,0,1,1,1,2,94,1,1,4,32,42,21
2641220,Ishpeming,Michigan,4,2,2,0,2487,1139,1228,120,1594,62021,1,1,1,0,0,90,7,0,5,31,38,26
2641340,Ithaca,Michigan,4,2,2,0,3016,1581,1318,117,170,81057,1,1,0,0,5,89,3,1,11,33,28,27
2641420,Jackson,Michigan,5,3,2,0,2921,1621,1279,21,13145,56185,20,0,1,0,2,65,10,1,11,36,38,15
2642160,Kalamazoo,Michigan,3,2,1,0,2343,1439,891,13,29333,69449,22,1,2,0,3,61,8,2,7,20,38,35
2642460,"Keego Harbor",Michigan,3,1,1,0,2965,1469,1483,13,1319,103394,2,0,2,0,1,84,11,0,5,16,44,34
2642820,Kentwood,Michigan,2,1,1,0,1858,1098,751,9,21415,97036,19,0,10,0,3,58,7,3,8,21,34,37
2643300,Kingsford,Michigan,3,2,1,0,2197,1256,875,66,1329,73839,1,0,1,1,1,91,4,0,3,36,36,25
2644940,"Lake Orion",Michigan,2,1,1,0,2719,1280,1425,14,1252,127449,0,0,4,0,1,91,3,1,6,17,34,42
2646000,Lansing,Michigan,3,2,2,0,2135,1088,1025,22,47604,66059,22,0,5,0,5,55,10,3,9,21,38,33
2646040,Lapeer,Michigan,4,2,2,0,2405,1299,1083,23,3707,65106,1,0,0,0,2,87,9,0,10,33,38,19
2646320,"Lathrup Village",Michigan,2,1,1,0,2797,1369,1405,23,1574,123440,66,0,0,0,1,30,2,1,3,19,26,53
2647800,"Lincoln Park",Michigan,4,2,1,0,2502,1459,1026,17,15189,69134,10,1,1,0,8,59,10,12,18,36,34,12
2647820,Linden,Michigan,3,2,1,0,3465,1825,1622,18,1501,109470,2,0,0,0,1,96,1,1,2,27,36,35
2649000,Livonia,Michigan,2,1,1,0,2501,1321,1165,15,37789,110497,4,0,4,0,2,84,5,1,4,19,34,43
2649540,Lowell,Michigan,4,3,1,0,3716,2724,976,16,823,94354,1,0,0,0,4,95,0,0,7,34,30,28
2649640,Ludington,Michigan,3,2,1,0,2238,1162,1003,73,2492,69955,3,1,1,0,3,89,4,0,5,34,34,27
2650560,"Madison Heights",Michigan,3,1,1,0,1993,996,992,5,13459,78913,7,0,6,0,1,81,3,1,8,27,30,35
2650720,Manistee,Michigan,2,1,1,0,1936,1045,824,67,1642,82860,1,0,0,0,1,84,13,1,6,25,43,27
2650760,Manistique,Michigan,4,2,2,0,2149,1080,969,100,564,60408,1,5,0,0,0,84,10,0,12,38,34,16
2651600,"Marine City",Michigan,3,1,1,0,2262,1189,1043,30,1928,81361,0,0,0,0,1,96,2,0,5,37,39,19
2651900,Marquette,Michigan,3,2,1,0,2198,1194,948,56,7170,73641,4,1,1,0,1,89,5,0,3,16,37,44
2651940,Marshall,Michigan,5,4,1,0,5000,3773,1152,75,1261,93894,0,0,1,0,3,93,3,0,4,24,28,44
2652080,Marysville,Michigan,3,1,1,0,2333,1285,1011,37,4343,87567,1,0,1,0,1,95,2,0,7,24,44,26
2652180,Mason,Michigan,3,1,1,0,2602,1425,1155,22,1641,101985,4,0,2,0,2,87,3,1,4,25,32,39
2652940,Melvindale,Michigan,4,2,2,0,2508,1442,1044,22,4407,61594,14,0,0,0,12,62,7,5,24,38,23,15
2653020,Menominee,Michigan,3,2,1,0,2090,1145,890,55,2767,60701,0,0,0,0,2,94,4,0,3,46,35,16
2653760,Middleville,Michigan,3,2,1,0,2686,1446,1158,82,327,91846,2,0,1,0,1,85,10,2,4,33,36,26
2653780,Midland,Michigan,3,2,1,0,2903,1622,1253,28,17287,101849,2,0,3,0,2,88,3,2,3,21,31,45
2653920,Milan,Michigan,2,2,1,0,2576,1576,969,31,1665,103644,3,0,0,0,1,89,6,0,2,18,37,42
2653960,Milford,Michigan,2,1,1,0,2389,1404,970,15,2616,124968,1,0,1,0,0,89,8,1,2,17,29,52
2655020,Monroe,Michigan,3,2,1,0,2137,1268,846,23,6209,69886,7,0,0,0,2,85,4,1,8,32,40,19
2655500,Morenci,Michigan,4,2,2,0,3226,1601,1398,227,34,77112,0,1,0,0,2,92,5,0,13,39,35,14
2655820,"Mount Clemens",Michigan,3,2,2,0,2260,1103,1147,10,6583,71521,24,0,0,0,1,65,8,1,12,29,40,19
2655960,"Mount Morris",Michigan,6,4,3,0,3076,1816,1257,3,1306,47422,33,0,0,0,2,58,6,0,13,42,38,7
2656020,"Mount Pleasant",Michigan,3,2,1,0,1986,1165,807,14,5872,57970,5,2,3,0,2,81,6,1,3,18,36,43
2656320,Muskegon,Michigan,4,2,2,0,2049,1167,865,17,14190,53620,31,1,1,0,5,52,10,1,9,36,39,16
2656360,"Muskegon Heights",Michigan,4,2,2,0,1932,1045,853,34,3611,44497,76,2,0,0,1,16,4,1,13,43,34,10
2656860,Negaunee,Michigan,3,2,1,0,2456,1161,1130,165,1684,76049,0,1,0,0,0,93,5,0,5,35,25,35
2657100,"New Baltimore",Michigan,2,1,1,0,2562,1382,1160,20,4691,115121,2,0,0,0,1,90,6,0,5,22,42,31
2657380,"New Haven",Michigan,3,2,1,0,2449,1393,1039,17,2036,79475,8,0,0,0,2,76,14,0,11,26,38,25
2657760,Niles,Michigan,5,3,1,0,3022,2091,892,39,4111,60034,13,1,0,0,2,77,6,2,12,29,37,22
2658640,"North Muskegon",Michigan,2,1,1,0,2409,1515,849,45,1580,115207,2,0,0,0,2,84,11,0,1,14,31,53
2658980,Northville,Michigan,2,1,1,0,2687,1306,1287,94,2631,160121,0,0,6,0,2,89,3,1,1,8,19,73
2659140,"Norton Shores",Michigan,2,1,1,0,2079,1191,851,37,7967,88860,4,1,1,0,3,86,5,0,4,24,38,34
2659220,Norway,Michigan,3,2,2,0,2442,1214,1117,111,860,73682,1,0,0,0,1,95,3,0,8,34,42,17
2659440,Novi,Michigan,2,1,1,0,2403,1181,1207,15,26462,150133,8,0,25,0,2,58,5,1,2,10,22,65
2659920,"Oak Park",Michigan,3,1,1,0,2058,1055,994,9,12432,79799,53,0,3,0,0,36,6,2,7,15,38,40
2661620,Otsego,Michigan,3,1,1,0,2647,1406,1170,71,250,100398,0,0,1,0,3,84,5,6,9,32,41,18
2661940,Owosso,Michigan,4,2,2,0,2995,1639,1320,36,5952,66779,1,0,0,0,2,92,3,1,10,30,40,19
2662020,Oxford,Michigan,2,1,1,0,2505,1220,1261,24,1465,125404,4,0,1,0,4,88,3,0,10,19,23,49
2662980,"Paw Paw",Michigan,4,2,1,0,2876,1844,986,46,375,78438,1,0,1,0,6,83,9,0,6,33,45,16
2663820,Petoskey,Michigan,3,2,1,0,2866,2063,769,34,1336,104760,1,1,1,0,3,88,6,0,2,18,37,43
2664740,Plainwell,Michigan,3,1,1,0,2641,1408,1145,88,208,93872,1,1,0,0,8,87,3,0,2,30,40,28
2665060,Plymouth,Michigan,2,1,1,0,2574,1369,1197,8,4123,142110,3,0,2,0,0,90,4,1,1,13,23,63
2665440,Pontiac,Michigan,4,2,2,0,2405,1176,1216,13,25343,57739,49,0,4,0,8,22,12,4,18,32,33,17
2665560,Portage,Michigan,3,2,1,0,3000,1903,1086,11,20370,103482,5,0,3,0,2,82,6,2,3,18,30,48
2665820,"Port Huron",Michigan,3,2,2,0,2286,1223,1031,32,12325,66710,8,0,1,0,4,78,8,1,9,32,39,20
2665860,Portland,Michigan,3,2,1,0,3397,1887,1297,213,134,97846,1,0,1,0,1,91,6,1,5,22,41,31
2666100,Potterville,Michigan,4,2,1,0,2751,1578,1097,76,204,78305,2,0,0,0,7,86,4,1,2,26,46,26
2667820,"Reed City",Michigan,4,2,2,0,2743,1371,1195,177,108,73728,2,0,0,0,1,92,4,1,7,32,37,23
2668380,Richmond,Michigan,3,1,1,0,2281,1264,998,19,2378,89079,4,0,0,0,2,88,4,2,12,31,36,21
2668760,"River Rouge",Michigan,5,3,2,0,2448,1465,972,11,2900,44948,46,0,0,0,3,33,16,1,19,36,36,8
2668880,Riverview,Michigan,3,2,1,0,2490,1520,959,11,5222,87144,8,0,1,0,3,80,6,2,5,31,38,25
2669020,Rochester,Michigan,1,1,1,0,2182,1064,1114,4,5496,150358,2,0,8,0,1,83,6,0,1,7,27,65
2669035,"Rochester Hills",Michigan,2,1,1,0,2423,1171,1238,14,28988,150590,3,0,14,0,2,75,5,1,2,13,21,64
2669080,Rockford,Michigan,2,1,1,0,2007,1186,797,24,2370,113783,3,0,0,0,2,88,6,1,7,12,39,42
2669180,Rockwood,Michigan,3,2,1,0,2983,1796,1172,15,1244,98326,0,0,0,0,2,86,12,0,7,35,40,19
2669260,"Rogers City",Michigan,3,1,1,0,2060,1010,967,83,396,68906,0,0,0,0,0,96,3,1,9,22,43,26
2669400,Romeo,Michigan,3,1,1,0,2138,1070,1057,11,1834,84383,6,0,0,0,7,79,3,5,14,28,28,30
2669420,Romulus,Michigan,4,2,2,0,2850,1656,1176,18,8925,76838,45,0,1,0,1,46,5,1,11,29,43,17
2669520,"Roosevelt Park",Michigan,2,1,1,0,1829,1008,796,25,1816,76819,8,0,5,0,2,71,13,1,1,25,49,25
2669800,Roseville,Michigan,3,2,2,0,2237,1102,1124,11,20960,69767,23,0,1,0,2,68,5,1,10,31,44,15
2670040,"Royal Oak",Michigan,2,1,1,0,2000,999,992,9,28986,118155,6,0,4,0,2,83,5,1,2,11,23,64
2670520,Saginaw,Michigan,7,3,3,0,3178,1655,1502,21,17625,48630,46,0,0,0,6,34,10,3,13,32,39,15
2670680,"St. Clair",Michigan,2,1,1,0,2355,1263,1065,27,2201,97563,2,0,0,0,1,95,2,0,3,27,45,24
2670760,"St. Clair Shores",Michigan,2,1,1,0,2111,1078,1022,11,26553,87170,6,0,1,0,1,88,4,1,4,25,41,30
2670940,"St. Johns",Michigan,3,2,1,0,2752,1606,1109,37,1883,84424,1,1,0,0,2,92,3,0,4,18,51,27
2670960,"St. Joseph",Michigan,2,1,1,0,2387,1436,919,32,3722,117809,4,1,4,0,1,85,4,1,2,15,29,54
2671000,"St. Louis",Michigan,5,3,2,0,3673,2396,1229,48,719,70593,2,0,0,0,6,87,4,0,6,41,27,25
2671140,Saline,Michigan,2,1,1,0,2599,1628,956,15,3717,118463,1,0,4,0,1,86,7,1,1,7,32,60
2671540,Sandusky,Michigan,3,2,2,0,2691,1352,1208,131,64,77644,1,0,0,0,2,91,5,1,12,39,29,20
2671740,"Sault Ste. Marie",Michigan,3,2,1,0,1853,982,827,44,5787,61438,1,14,1,0,0,69,13,1,5,27,41,27
2674900,Southfield,Michigan,3,1,1,0,2252,1143,1100,9,34404,83014,65,0,2,0,0,25,7,0,5,17,37,41
2674960,Southgate,Michigan,3,2,1,0,2550,1563,962,25,12549,81701,8,0,3,0,4,76,7,2,9,32,37,21
2674980,"South Haven",Michigan,3,2,1,0,3161,2150,969,42,1407,92357,10,1,1,0,1,80,6,0,8,21,34,38
2675100,"South Lyon",Michigan,2,1,1,0,2488,1291,1183,14,5058,121032,1,0,1,0,3,92,4,0,2,20,37,42
2675420,Sparta,Michigan,3,1,1,0,1990,1103,851,36,890,74334,1,0,0,0,1,94,4,0,4,34,42,20
2675700,Springfield,Michigan,4,2,2,0,2134,1249,861,24,1432,54528,8,1,9,0,1,67,13,2,14,34,45,7
2675820,"Spring Lake",Michigan,2,1,1,0,2223,1228,984,11,1256,130824,0,0,1,0,0,95,3,0,0,12,37,50
2676460,"Sterling Heights",Michigan,2,1,1,0,2279,1154,1115,10,50989,93804,6,0,9,0,1,80,4,1,9,26,30,35
2676960,Sturgis,Michigan,3,1,1,0,1946,1016,901,29,2825,69843,2,0,0,0,9,72,13,3,16,36,31,18
2677700,"Swartz Creek",Michigan,4,2,2,0,3025,1692,1300,33,2689,84970,1,0,1,0,2,93,3,0,4,27,43,25
2679000,Taylor,Michigan,4,2,2,0,2726,1586,1130,10,24816,75119,20,0,1,0,2,67,7,2,10,37,37,17
2679120,Tecumseh,Michigan,3,2,1,0,2554,1504,1020,30,2546,87016,2,0,1,0,3,86,8,0,4,38,32,25
2679760,"Three Rivers",Michigan,3,2,1,0,2370,1426,915,29,1425,68456,10,0,1,0,2,77,10,1,5,41,37,17
2680340,"Traverse City",Michigan,2,1,1,0,1672,860,780,32,4115,92060,1,1,1,0,2,91,4,0,3,18,34,45
2680420,Trenton,Michigan,3,2,1,0,2645,1610,1025,10,8053,95312,2,0,1,0,4,88,5,0,4,29,39,29
2680700,Troy,Michigan,2,1,1,0,2431,1181,1240,10,33000,152690,4,0,26,0,1,63,4,1,3,11,20,65
2681540,Utica,Michigan,2,1,1,0,1757,888,860,9,2529,75929,5,2,6,0,1,79,4,3,4,26,39,31
2681840,Vassar,Michigan,4,2,2,0,2691,1277,1258,156,162,70541,1,0,0,0,4,88,5,1,8,44,30,18
2682300,Vicksburg,Michigan,3,2,1,0,3228,1827,1317,84,394,103317,0,0,0,0,1,93,5,1,7,17,44,32
2682453,"Village of Grosse Pointe Shores",Michigan,2,1,1,0,2803,1633,1159,11,1725,164056,3,0,6,0,0,89,2,0,2,8,27,63
2682960,Walker,Michigan,2,1,1,0,1666,970,684,12,10243,91736,3,0,3,0,1,85,5,3,3,25,33,39
2683060,"Walled Lake",Michigan,2,1,1,0,1982,960,1013,9,3436,88290,5,0,6,0,2,84,3,0,2,28,36,34
2684000,Warren,Michigan,3,1,1,0,2253,1107,1137,9,54483,77206,20,0,11,0,1,63,5,1,11,31,37,21
2684880,Wayland,Michigan,3,2,1,0,2353,1346,983,24,846,80282,5,0,1,0,0,89,4,1,9,39,32,20
2684940,Wayne,Michigan,3,2,2,0,2315,1231,1075,9,7157,68477,23,1,1,0,1,64,7,1,9,32,40,18
268560,Seward,Alaska,7,5,1,2,6866,4607,597,1662,15,100104,2,10,2,3,4,72,7,1,3,18,38,41
2686000,Westland,Michigan,3,2,1,0,2096,1154,932,10,35286,75117,22,1,4,0,2,63,7,1,8,32,37,23
2686780,Whitehall,Michigan,2,1,1,0,2121,1146,941,34,607,89497,1,0,1,0,3,84,12,0,3,28,39,30
2687420,Williamston,Michigan,2,1,1,0,2619,1424,1151,44,706,119503,0,0,0,0,1,97,2,0,3,23,29,44
2688140,Wixom,Michigan,2,1,1,0,1981,966,1002,13,8145,106302,9,0,7,0,2,76,3,2,2,15,34,49
2688260,"Wolverine Lake",Michigan,2,1,1,0,2393,1215,1167,11,1696,120381,0,0,1,0,3,90,5,1,7,18,32,43
2688380,Woodhaven,Michigan,3,2,1,0,2782,1644,1125,13,5344,95212,6,0,3,0,5,81,3,2,4,30,39,27
2688900,Wyandotte,Michigan,3,1,1,0,2006,994,990,22,10852,76175,2,0,1,0,3,87,5,2,7,33,37,24
2688940,Wyoming,Michigan,2,1,1,0,1774,1011,748,15,28451,86978,10,1,3,0,6,60,13,8,11,27,36,26
2689140,Ypsilanti,Michigan,3,2,1,0,1930,1251,671,8,8738,66254,25,0,5,0,2,58,8,1,4,14,40,41
2689260,Zeeland,Michigan,2,1,1,0,1785,809,960,16,2125,89360,1,0,2,0,7,85,3,2,4,29,41,26
2700316,Afton,Minnesota,2,1,1,0,3382,1699,1608,75,953,178189,0,0,2,0,0,93,3,1,1,15,29,54
2700622,Albany,Minnesota,3,2,1,0,3314,1781,1394,139,63,106502,0,0,1,0,0,95,3,0,8,30,38,24
2700694,"Albert Lea",Minnesota,3,2,2,0,2635,1432,1184,19,6836,75840,2,0,3,0,4,78,8,4,13,32,38,17
2700730,Albertville,Minnesota,2,1,1,0,2629,1558,1042,29,1280,141625,1,0,4,0,2,86,7,1,1,23,38,38
2700928,Alexandria,Minnesota,2,1,1,0,1976,1011,917,48,4310,81473,0,0,1,0,3,92,3,2,5,27,39,29
2701486,Andover,Minnesota,2,1,1,0,2594,1354,1223,17,10870,149422,4,0,4,0,1,86,3,1,3,16,41,40
2701684,Annandale,Minnesota,3,2,1,0,2527,1501,988,38,263,90426,0,0,1,0,0,92,6,2,4,34,29,32
2701720,Anoka,Minnesota,2,1,1,0,2046,1035,982,29,7166,96274,8,1,4,0,1,77,7,2,5,28,41,26
2701900,"Apple Valley",Minnesota,2,1,1,0,2082,1055,1019,8,21311,129044,10,0,6,0,2,70,8,3,3,17,33,48
2702026,"Arden Hills",Minnesota,2,1,1,0,2659,1582,1070,7,2824,146192,3,0,5,0,1,82,4,5,5,12,17,66
2702908,Austin,Minnesota,3,1,1,0,2179,1066,1090,23,7729,77899,5,0,8,1,10,65,6,5,11,34,30,24
2703574,Barnesville,Minnesota,3,1,1,1,3668,1562,1406,700,19,108986,0,0,2,0,2,95,1,1,2,27,35,36
2704042,Baxter,Minnesota,3,2,1,0,2405,1515,847,43,3848,84750,1,1,0,0,1,94,2,0,4,23,37,35
2704114,Bayport,Minnesota,2,1,1,0,2866,1548,1090,228,944,135114,1,0,2,0,1,94,2,0,12,25,27,37
2704618,Becker,Minnesota,2,1,1,0,2546,1451,1050,45,692,120613,0,1,0,0,1,94,4,0,10,25,41,24
2704834,"Belle Plaine",Minnesota,2,1,1,0,3215,1706,1476,33,286,136686,3,0,0,0,0,93,2,1,9,25,39,28
2705068,Bemidji,Minnesota,4,2,1,0,2482,1513,805,164,4374,70765,3,11,1,0,1,75,9,0,6,25,38,31
2705212,Benson,Minnesota,4,2,1,0,3000,1794,1032,174,797,81267,0,0,0,0,4,90,5,0,6,28,37,28
270540,Sitka,Alaska,6,3,0,2,5857,3502,220,2135,3459,106337,1,9,8,1,2,60,18,1,3,24,40,33
2705744,"Big Lake",Minnesota,5,2,3,1,4366,1424,2228,714,34,84287,0,36,0,0,1,49,13,0,9,29,43,19
2705752,"Big Lake",Minnesota,2,1,1,0,2600,1453,1118,29,1428,124365,2,0,0,0,1,89,5,3,4,24,44,28
2706382,Blaine,Minnesota,2,1,1,0,2302,1187,1111,4,25346,125634,7,0,9,0,2,74,5,2,4,25,34,38
2706616,Bloomington,Minnesota,2,1,1,0,1904,965,931,8,37653,115779,11,1,6,0,2,69,7,6,5,17,31,47
2706688,"Blue Earth",Minnesota,4,3,1,0,3747,2594,1057,96,562,83292,1,0,1,0,3,84,6,4,6,32,40,23
2707300,Brainerd,Minnesota,5,4,1,0,3360,2458,838,64,3695,65742,1,1,1,0,2,92,2,1,4,32,43,21
2707462,Breckenridge,Minnesota,3,2,1,0,2642,1671,901,70,691,76315,0,0,0,0,2,94,2,2,8,28,39,25
2707948,"Brooklyn Center",Minnesota,2,1,1,0,2066,980,1068,18,11299,88027,32,1,14,0,3,35,7,8,9,24,40,28
2707966,"Brooklyn Park",Minnesota,2,1,1,0,2286,1105,1173,8,29612,114559,30,0,19,0,2,38,8,3,8,20,38,34
2708452,Buffalo,Minnesota,3,2,1,0,3247,2180,1022,45,4172,106944,0,0,2,0,1,94,3,1,9,23,34,34
2708794,Burnsville,Minnesota,2,1,1,0,1999,1035,956,8,25359,112870,14,0,6,0,3,65,8,4,5,17,36,42
2709154,Byron,Minnesota,2,1,1,0,2627,1426,1183,18,1207,165572,1,0,3,0,1,90,2,3,3,14,33,50
2709226,Caledonia,Minnesota,3,2,1,0,3107,1826,1127,154,289,91040,0,0,0,0,0,98,1,0,3,43,30,23
2709370,Cambridge,Minnesota,3,2,1,0,2634,1398,1199,37,2402,82975,1,1,4,0,0,93,1,0,4,34,46,15
2709730,"Cannon Falls",Minnesota,2,1,1,0,2380,1204,1157,19,746,99314,0,0,0,0,2,91,4,3,5,36,35,24
2710144,Carver,Minnesota,2,1,1,0,3219,1702,1449,68,589,153234,0,0,3,0,1,91,4,1,2,18,29,51
2710648,Centerville,Minnesota,2,1,1,0,2448,1247,1199,2,1405,156086,0,1,3,0,1,94,1,1,2,14,32,51
2710846,Champlin,Minnesota,2,1,1,0,3156,1455,1686,15,8647,165132,10,0,5,0,0,79,4,1,2,17,42,40
2710918,Chanhassen,Minnesota,2,1,1,0,2535,1314,1210,11,9791,167318,2,0,7,0,1,84,5,1,1,8,25,67
2710972,Chaska,Minnesota,2,1,1,0,2558,1388,1157,13,10241,141166,2,0,3,0,3,82,7,2,6,19,30,45
2711008,Chatfield,Minnesota,3,2,2,0,3614,1858,1579,177,19,103612,0,0,1,0,0,94,3,1,5,30,40,25
2711350,"Chisago City",Minnesota,2,1,1,0,2620,1523,1064,33,1745,118528,0,0,1,0,0,95,4,0,2,23,42,32
2711386,Chisholm,Minnesota,4,2,2,0,2672,1307,1068,297,1948,70066,1,0,0,0,0,96,2,0,7,33,46,14
2711494,"Circle Pines",Minnesota,2,1,1,0,2006,1107,896,3,1938,114126,1,0,4,0,0,89,3,2,1,19,37,43
2712160,Cloquet,Minnesota,3,1,2,0,2787,1165,1330,292,4320,83712,1,4,1,0,1,88,5,0,8,25,45,22
2712412,Cohasset,Minnesota,4,2,1,0,3343,1812,1158,373,783,92660,0,2,0,0,1,90,5,1,3,27,35,35
2712430,Cokato,Minnesota,3,2,1,0,3013,1549,1273,191,35,99695,0,1,0,0,0,90,3,6,9,33,40,18
2712484,"Cold Spring",Minnesota,3,2,1,0,3114,1737,1330,47,189,112768,0,0,0,0,1,94,3,2,7,24,37,32
2712700,"Columbia Heights",Minnesota,2,1,1,0,2023,981,1031,11,8872,84894,24,0,6,0,2,51,6,10,11,28,30,31
2712718,Columbus,Minnesota,2,1,1,0,2521,1253,1257,11,1613,125738,0,2,3,0,0,91,3,1,1,26,41,32
2713114,"Coon Rapids",Minnesota,2,1,1,0,2076,1033,1030,13,24576,98861,9,1,6,0,1,75,6,1,4,29,41,27
2713168,Corcoran,Minnesota,2,1,1,0,3215,1548,1548,119,2402,197197,1,0,11,0,0,84,2,1,5,21,28,47
2713456,"Cottage Grove",Minnesota,2,1,1,0,3070,1675,1378,17,12785,148612,6,0,6,0,1,78,7,1,3,19,35,42
2713870,Crookston,Minnesota,5,3,2,0,3567,2263,1138,166,1269,72495,2,1,3,0,5,80,7,3,4,32,34,30
2713924,Crosby,Minnesota,3,2,1,0,2392,1159,1041,192,136,71178,1,1,0,0,1,91,4,2,9,36,37,19
2714158,Crystal,Minnesota,2,1,1,0,2116,1019,1077,20,9374,107947,15,0,4,0,2,70,6,2,4,24,34,39
2715022,Dayton,Minnesota,2,1,1,0,3062,1515,1476,71,2744,188944,5,0,5,0,5,78,7,1,7,17,29,47
2715148,Deephaven,Minnesota,1,1,1,0,2814,1465,1331,18,1344,214448,0,1,2,0,0,95,2,0,1,6,13,81
2715454,Delano,Minnesota,3,2,1,0,3465,2391,982,92,518,115142,0,0,0,0,1,95,3,1,2,24,39,35
2715832,"Detroit Lakes",Minnesota,4,3,1,0,2957,2022,845,90,3171,76496,1,2,1,0,0,93,3,0,7,26,38,30
2715976,Dilworth,Minnesota,4,3,1,0,4145,3136,934,75,950,110566,5,0,0,0,1,87,6,0,3,20,37,41
2715994,"Dodge Center",Minnesota,3,1,1,0,3044,1504,1471,69,45,108837,0,1,1,0,2,84,2,9,7,35,34,24
271640,Soldotna,Alaska,3,2,1,0,3047,1568,1311,168,819,99871,1,4,1,0,2,81,11,0,3,31,39,27
2717000,Duluth,Minnesota,2,1,1,0,2085,834,912,339,32368,86668,2,2,2,0,1,87,5,1,4,20,37,39
2717288,Eagan,Minnesota,2,1,1,0,2288,1198,1078,12,27628,141015,10,0,9,0,2,72,5,2,3,12,31,55
2717378,"Eagle Lake",Minnesota,2,1,1,0,2750,1506,1184,60,62,116976,0,0,0,0,1,90,8,0,2,24,34,40
2717486,"East Bethel",Minnesota,2,1,1,0,2632,1344,1266,22,4418,135022,1,0,1,0,1,94,2,2,4,29,39,28
2717612,"East Grand Forks",Minnesota,4,3,1,0,4525,3535,931,59,1469,102216,5,3,0,0,3,80,6,3,7,22,42,29
2718116,"Eden Prairie",Minnesota,1,1,1,0,2362,1181,1174,7,24857,181472,7,0,14,0,2,70,5,3,1,8,23,68
2718188,Edina,Minnesota,1,1,1,0,2231,1098,1122,11,22609,184164,3,0,7,0,1,83,5,1,1,7,19,72
2718662,"Elko New Market",Minnesota,2,1,1,0,2722,1362,1323,37,359,178976,4,0,2,0,2,85,6,1,1,13,40,45
2718674,"Elk River",Minnesota,2,1,1,0,2421,1381,1013,27,9706,122141,4,0,1,0,1,86,6,2,5,20,43,31
2719142,Ely,Minnesota,8,3,2,4,5154,1828,1072,2254,1332,64162,1,1,0,0,0,93,3,1,13,19,38,30
2719934,Eveleth,Minnesota,4,2,2,1,2922,1244,1006,672,1705,65656,2,2,0,0,0,91,4,0,6,28,49,18
2720330,Fairmont,Minnesota,4,3,1,0,3593,2576,998,19,3541,82066,1,0,1,0,5,88,3,2,7,32,34,27
2720420,"Falcon Heights",Minnesota,2,1,1,0,2184,1336,837,11,2050,122988,6,0,13,0,0,75,4,1,2,9,17,72
2720546,Faribault,Minnesota,3,2,1,0,2570,1546,1002,22,7554,83386,15,1,1,0,4,67,5,6,14,35,31,21
2720618,Farmington,Minnesota,2,1,1,0,2343,1211,1120,12,5697,146301,3,0,3,0,2,86,4,2,3,16,36,45
2720906,"Fergus Falls",Minnesota,3,2,1,0,2327,1251,872,204,2558,77373,1,0,1,0,0,92,5,1,5,20,47,28
2721536,Foley,Minnesota,4,2,2,0,3640,1731,1637,272,43,101280,0,0,1,0,1,94,2,1,9,32,38,21
2721770,"Forest Lake",Minnesota,2,1,1,0,2579,1513,1053,13,8051,123582,3,0,4,0,2,84,6,1,4,24,33,39
2722814,Fridley,Minnesota,2,1,1,0,1909,915,973,21,11653,89536,20,1,5,0,5,57,6,6,8,23,37,32
2723948,Glencoe,Minnesota,5,4,1,0,4752,3441,1240,71,591,91472,1,0,1,0,4,81,7,6,7,42,40,11
2724074,Glenwood,Minnesota,3,2,1,0,2776,1516,1175,85,265,83865,1,0,1,0,0,95,3,0,7,23,41,29
2724308,"Golden Valley",Minnesota,2,1,1,0,2049,1023,1015,11,9782,134221,6,0,3,0,1,81,8,1,2,12,21,64
2724524,Goodview,Minnesota,3,2,1,0,2250,1419,787,44,431,76603,0,0,3,0,1,91,4,0,7,27,34,32
2725118,"Grand Rapids",Minnesota,5,3,1,0,3316,2096,981,239,3500,68680,1,2,0,0,0,90,6,1,2,26,44,27
2725280,"Granite Falls",Minnesota,5,3,1,0,3972,2622,1250,100,30,85387,1,5,0,0,2,86,5,0,6,32,39,23
2725334,Grant,Minnesota,2,1,1,0,3206,1817,1321,68,1430,172251,0,0,1,0,1,94,3,1,5,14,27,54
2725622,Greenfield,Minnesota,2,1,1,0,3272,1454,1706,112,1224,182603,3,0,1,0,0,92,4,0,3,15,37,44
2726738,"Ham Lake",Minnesota,2,1,1,0,2467,1281,1177,9,5883,142688,0,0,5,0,1,91,2,0,5,21,37,38
2726990,Hanover,Minnesota,2,1,1,0,2694,1523,1155,16,1539,155380,2,0,0,0,1,94,2,0,1,15,29,55
2727530,Hastings,Minnesota,2,1,1,0,2193,1142,1039,12,5810,111101,2,1,1,0,4,86,4,2,5,28,38,30
2728682,Hermantown,Minnesota,2,1,1,0,2755,1209,1290,256,3548,130545,2,1,1,0,0,89,6,1,2,24,34,41
2728790,Hibbing,Minnesota,4,2,2,1,3373,1624,1225,524,7478,77475,2,0,0,0,0,93,4,0,5,23,51,21
2730140,Hopkins,Minnesota,2,1,1,0,1533,842,687,4,9153,100070,20,0,5,0,5,59,9,2,5,17,31,47
2730392,Hugo,Minnesota,2,1,1,0,2721,1557,1111,53,6253,155351,2,0,3,0,2,90,3,0,1,20,40,38
2730644,Hutchinson,Minnesota,2,1,1,0,1859,915,915,29,4206,95938,1,0,0,0,3,90,3,2,3,25,46,26
2730842,Independence,Minnesota,2,1,1,0,3019,1510,1421,88,1893,176316,3,0,1,0,1,90,5,1,3,20,24,53
2731040,"International Falls",Minnesota,4,2,2,0,2858,1364,1199,295,1531,74172,1,2,0,0,1,89,6,0,6,32,49,14
2731076,"Inver Grove Heights",Minnesota,2,1,1,0,2333,1377,934,22,13923,133764,4,0,4,0,3,77,5,6,4,23,27,46
2731328,Isanti,Minnesota,3,2,1,0,2712,1481,1192,39,1025,96669,0,0,0,0,6,91,3,0,4,30,42,23
2731562,Jackson,Minnesota,5,4,1,0,3855,2882,940,33,798,78739,1,0,3,0,3,86,5,2,5,33,36,26
2731706,Janesville,Minnesota,3,1,1,0,2975,1368,1490,117,29,100832,2,1,0,0,0,95,2,0,8,22,40,29
2732174,Jordan,Minnesota,2,1,1,0,2826,1612,1208,6,1945,142137,2,0,1,0,6,87,4,0,6,13,51,30
2732498,Kasson,Minnesota,2,1,1,0,2592,1430,1139,23,805,111318,0,0,0,0,1,94,3,2,2,23,36,38
2733866,"La Crescent",Minnesota,3,1,1,0,2551,1413,995,143,974,97701,0,0,0,0,0,94,6,0,0,23,38,39
2734172,"Lake City",Minnesota,4,3,1,0,4055,3046,975,34,711,92438,1,0,1,0,1,94,1,2,4,28,33,35
2734190,"Lake Crystal",Minnesota,3,2,1,0,2908,1563,1294,51,54,101911,0,0,0,0,2,95,2,1,5,32,35,28
2734244,"Lake Elmo",Minnesota,2,1,1,0,3014,1753,1230,31,4224,191962,5,0,2,0,4,86,3,1,1,12,25,62
2735180,Lakeville,Minnesota,2,1,1,0,2384,1214,1135,35,24255,152644,5,0,6,0,2,80,5,2,2,13,31,54
2735738,Lauderdale,Minnesota,2,1,1,0,1976,1203,763,10,1253,89663,6,0,13,0,2,65,11,2,3,8,20,70
2736134,"Le Center",Minnesota,3,2,1,0,3126,1704,1349,73,32,104679,0,0,0,0,6,84,3,5,5,37,37,20
2736746,"Le Sueur",Minnesota,5,4,1,0,4609,3352,1151,106,339,89566,2,0,1,0,4,79,3,11,4,37,42,17
2737304,Lindstrom,Minnesota,2,1,1,0,2608,1420,1094,94,566,116687,0,0,1,0,1,94,4,0,3,26,43,27
2737322,"Lino Lakes",Minnesota,2,1,1,0,2356,1232,1120,4,7468,144538,3,0,4,0,0,88,3,0,2,18,30,50
2737448,Litchfield,Minnesota,6,4,1,0,4652,3579,992,81,1369,81806,0,1,0,0,2,94,1,2,4,37,42,18
2737502,"Little Canada",Minnesota,2,1,1,0,1981,1238,739,4,4701,99880,9,0,14,0,1,64,9,2,8,18,32,43
2737556,"Little Falls",Minnesota,3,2,1,0,2078,1002,962,114,2236,65273,0,0,1,0,1,94,3,1,9,35,36,20
2738060,"Long Prairie",Minnesota,3,2,1,0,2416,1144,1010,262,244,71553,1,0,2,0,8,63,16,10,25,36,28,11
2738150,Lonsdale,Minnesota,3,2,1,0,3013,1817,1152,44,855,109130,0,0,4,0,0,93,1,1,7,24,42,27
2738564,Luverne,Minnesota,4,3,1,0,3869,2857,979,33,743,97697,0,0,1,0,3,93,3,0,5,34,27,34
2739230,Madelia,Minnesota,6,4,2,0,5586,3957,1436,193,13,94459,1,0,0,0,3,77,8,10,9,28,42,21
2739428,Mahtomedi,Minnesota,2,1,1,0,2937,1671,1231,35,2928,150986,2,0,2,0,0,93,3,0,1,14,26,59
2739878,Mankato,Minnesota,2,1,1,0,2019,1187,812,20,13644,82607,7,0,4,0,2,82,3,2,4,20,41,35
2740166,"Maple Grove",Minnesota,1,1,1,0,2312,1135,1167,10,27107,166455,8,0,7,0,1,79,5,1,2,11,29,58
2740382,Maplewood,Minnesota,2,1,1,0,2376,1437,931,8,15354,114169,8,1,20,0,4,55,7,4,7,22,35,37
2740688,Marshall,Minnesota,2,1,1,0,1770,1048,691,31,3315,84535,6,0,7,0,2,75,3,7,6,24,40,31
2741480,Medina,Minnesota,1,1,1,0,3075,1612,1451,12,2574,220267,3,0,10,0,0,82,4,0,3,4,21,71
2741570,Melrose,Minnesota,8,6,1,0,6890,5400,1164,326,109,91841,1,0,0,0,6,84,3,7,9,39,33,19
2741696,"Mendota Heights",Minnesota,2,1,1,0,2344,1345,983,16,4561,153316,1,0,4,0,1,79,14,1,1,7,28,64
2742110,Milaca,Minnesota,4,2,2,0,2987,1478,1317,192,167,77504,1,0,1,0,1,92,4,1,12,28,42,19
2743000,Minneapolis,Minnesota,2,1,1,0,1771,862,884,25,185697,111169,19,1,5,0,3,60,8,4,8,11,25,56
2743252,Minnetonka,Minnesota,1,1,1,0,2252,1123,1114,15,23402,159178,4,0,6,0,1,82,5,1,2,10,23,65
2743306,Minnetrista,Minnesota,2,1,1,0,3404,1691,1673,40,2753,222478,0,1,1,0,0,95,2,0,0,7,20,73
2743720,Montevideo,Minnesota,5,4,1,0,3599,2588,967,44,782,68737,3,1,3,0,1,80,1,11,7,36,36,21
2743738,Montgomery,Minnesota,3,2,2,0,3178,1637,1432,109,38,93108,1,2,0,0,5,88,4,1,5,35,43,17
2743774,Monticello,Minnesota,2,1,1,0,2325,1270,1030,25,2683,107577,1,0,3,0,2,88,4,3,9,31,32,29
2743810,Montrose,Minnesota,2,1,1,0,2826,1592,1117,117,147,113672,0,1,0,0,0,87,10,1,8,26,42,23
2743864,Moorhead,Minnesota,2,1,1,0,1873,1101,662,110,14814,85984,6,2,2,0,3,81,5,0,4,23,35,37
2743954,"Moose Lake",Minnesota,8,6,2,0,6026,4518,1281,227,161,77705,12,1,1,0,1,77,7,1,5,31,45,19
2744044,Mora,Minnesota,6,4,2,0,4249,2832,1271,146,938,73045,0,0,1,0,2,91,6,0,6,35,39,20
2744242,Morris,Minnesota,3,2,1,0,2496,1429,944,123,160,94885,2,3,1,0,0,81,9,3,5,25,36,35
2744476,Mound,Minnesota,2,1,1,0,2624,1379,1229,16,4414,146372,1,0,2,0,2,87,4,3,1,19,36,44
2744530,"Mounds View",Minnesota,2,1,1,0,2525,1393,1117,15,4985,107292,9,0,10,0,2,63,11,3,5,26,31,38
2744548,"Mountain Iron",Minnesota,4,2,1,1,3722,1946,1151,625,1401,85570,0,1,2,0,0,96,1,0,5,30,39,26
2745430,"New Brighton",Minnesota,2,1,1,0,2496,1484,1004,8,9109,117261,16,0,7,0,2,65,7,3,3,16,31,50
2745628,"New Hope",Minnesota,2,1,1,0,1811,912,890,9,9119,95064,25,0,3,0,4,61,5,2,4,22,36,37
2745790,Newport,Minnesota,3,2,1,0,2517,1392,1094,31,1849,90694,6,0,11,0,5,70,4,4,7,31,43,20
2745808,"New Prague",Minnesota,2,1,1,0,3010,1755,1189,66,714,134607,0,0,2,0,0,95,3,0,3,28,36,32
2746042,"New Ulm",Minnesota,5,4,1,0,4203,3265,904,34,4644,84201,1,0,1,0,2,92,2,1,8,33,30,29
2746798,"North Branch",Minnesota,3,2,1,0,2929,1735,1123,71,4221,111295,0,0,2,0,2,92,3,0,5,33,43,19
2746924,Northfield,Minnesota,2,1,1,0,2245,1304,914,27,4995,101746,2,1,4,0,2,80,8,4,3,19,27,51
2747068,"North Mankato",Minnesota,2,1,1,0,2211,1185,943,83,4406,94290,2,0,2,0,1,90,5,1,3,23,31,43
2747104,"North Oaks",Minnesota,1,1,1,0,2861,1768,1080,13,1816,206829,0,0,7,0,0,84,2,6,0,9,16,75
2747221,"North St. Paul",Minnesota,3,2,1,0,2638,1655,974,9,4668,101387,7,0,20,0,2,60,8,3,4,26,42,28
2747520,"Norwood Young America",Minnesota,3,1,1,0,2927,1427,1431,69,130,108127,0,0,0,0,0,91,3,5,5,40,37,18
2747536,Nowthen,Minnesota,3,1,2,0,4122,1651,2348,123,1402,151079,1,5,0,0,1,91,2,0,1,23,33,42
2747680,Oakdale,Minnesota,2,1,1,0,2665,1505,1128,32,11588,115504,10,1,13,0,1,66,7,2,5,25,35,34
2747690,"Oak Grove",Minnesota,2,1,1,0,2603,1361,1208,34,3179,140464,0,0,5,0,0,92,2,1,3,26,42,29
2747914,"Oak Park Heights",Minnesota,2,1,1,0,2218,1304,890,24,1143,104675,1,1,2,0,1,88,5,2,5,18,34,43
2748580,Orono,Minnesota,2,1,1,0,3195,1703,1475,17,3473,188858,1,0,6,0,0,87,3,3,2,11,23,65
2749012,Osseo,Minnesota,2,1,1,0,1802,891,906,5,1184,87915,7,0,4,0,2,80,7,1,2,25,44,29
2749138,Otsego,Minnesota,2,1,1,0,2664,1578,1045,41,6637,145477,5,0,2,0,1,86,5,1,1,20,30,50
2749300,Owatonna,Minnesota,2,1,1,0,1899,1009,872,18,7176,95108,4,0,0,0,2,85,5,3,7,29,36,28
2749768,"Park Rapids",Minnesota,3,2,1,0,2049,1193,772,84,1637,61462,1,2,0,0,3,87,5,3,14,23,39,24
2750470,Perham,Minnesota,3,1,2,0,2641,1178,1284,179,45,80852,2,0,0,0,0,90,3,5,10,32,34,25
2751064,"Pine City",Minnesota,4,2,2,0,2600,1369,1177,54,636,74163,0,1,0,0,2,95,2,0,10,33,42,15
2751136,"Pine Island",Minnesota,3,1,1,0,3789,2026,1620,143,148,137572,1,0,1,0,1,94,2,1,2,27,30,41
2751388,Pipestone,Minnesota,3,2,1,0,2377,1409,922,46,909,83177,5,1,1,0,4,83,7,0,6,33,35,26
2751424,Plainview,Minnesota,4,2,1,0,3266,1983,1221,62,341,89381,0,1,0,0,5,90,4,1,7,24,39,29
2751730,Plymouth,Minnesota,1,1,1,0,2204,1090,1105,9,32713,174870,5,0,11,0,2,74,7,2,1,9,24,66
2752522,Princeton,Minnesota,4,3,1,0,3496,2287,1174,35,966,83025,0,1,1,0,1,93,4,0,11,31,41,16
2752594,"Prior Lake",Minnesota,2,1,1,0,2576,1390,1166,20,8784,149209,1,1,3,0,2,86,6,2,2,13,35,50
2752630,Proctor,Minnesota,3,2,1,0,2900,1629,1141,130,1166,99436,0,4,2,0,0,92,2,0,10,25,40,25
2753026,Ramsey,Minnesota,2,1,1,0,2427,1265,1138,24,10131,131633,6,0,3,0,1,84,4,1,3,24,41,32
2753620,"Red Wing",Minnesota,3,2,1,0,2488,1403,1015,70,5634,90704,3,2,1,0,1,87,4,2,9,34,28,29
2753656,"Redwood Falls",Minnesota,4,3,1,0,3267,2210,888,169,756,82604,0,2,0,0,1,89,5,3,6,34,34,26
2754056,"Rice Lake",Minnesota,6,3,2,1,4940,2317,1792,831,23,78263,0,14,0,0,2,75,8,1,14,37,33,16
2754060,"Rice Lake",Minnesota,4,1,2,1,3767,1303,1643,821,1971,100113,1,0,1,0,0,96,2,0,7,21,36,36
2754214,Richfield,Minnesota,2,1,1,0,1861,953,898,10,15900,104902,11,0,6,0,4,60,8,11,6,18,28,47
2754808,Robbinsdale,Minnesota,2,1,1,0,2044,1008,1024,12,6480,101826,16,0,3,0,3,67,7,3,3,18,35,43
2754880,Rochester,Minnesota,2,1,1,0,2247,1245,979,23,40367,119285,10,0,8,0,4,71,5,2,5,18,28,49
2755006,Rockford,Minnesota,2,1,1,0,2715,1462,1203,50,174,125725,0,0,2,0,3,92,3,0,3,22,35,41
2755078,Rockville,Minnesota,3,2,1,0,3243,1784,1340,119,943,114945,0,0,0,0,0,96,2,2,8,20,39,33
2755186,Rogers,Minnesota,1,1,1,0,2958,1531,1416,11,4298,207370,1,0,1,0,0,93,3,1,2,20,25,53
2755546,Roseau,Minnesota,5,3,1,0,4061,2684,1152,225,49,85582,2,1,1,0,0,91,6,0,12,27,32,30
2755726,Rosemount,Minnesota,2,1,1,0,2440,1350,1069,21,9229,154918,4,0,4,0,1,84,6,1,2,14,32,52
2755852,Roseville,Minnesota,2,1,1,0,2145,1264,871,10,15528,116290,8,1,8,0,2,72,8,1,3,17,23,56
2756266,"Rush City",Minnesota,4,2,2,0,3223,1623,1414,186,115,88339,14,2,2,0,1,78,3,1,5,34,48,13
2756680,"St. Anthony",Minnesota,2,1,1,0,1832,909,914,9,4022,120052,9,0,6,0,0,78,5,1,2,17,23,59
2756724,"St. Augusta",Minnesota,2,1,1,0,2989,1691,985,313,1252,122200,6,0,2,0,5,84,4,1,2,27,40,31
2756788,"St. Charles",Minnesota,3,1,1,0,3014,1608,1204,202,100,109378,0,0,5,0,0,92,1,2,9,21,33,37
2756896,"St. Cloud",Minnesota,2,2,1,0,1938,1252,643,43,23755,80739,18,0,4,0,1,70,6,2,7,20,41,32
2756950,"St. Francis",Minnesota,2,1,1,0,2487,1281,1174,32,2766,115908,1,0,0,0,3,91,5,0,4,42,40,15
2757040,"St. James",Minnesota,4,2,1,0,2733,1727,955,51,582,74825,0,0,0,0,22,55,12,10,13,29,43,16
2757130,"St. Joseph",Minnesota,3,2,1,0,2647,1638,950,59,1417,95765,7,0,3,0,2,82,3,3,9,15,46,30
2757220,"St. Louis Park",Minnesota,1,1,1,0,1924,978,938,8,24098,140810,5,0,5,0,2,78,6,3,2,10,22,66
2757346,"St. Michael",Minnesota,2,1,1,0,2666,1559,1082,25,8080,143451,2,0,1,0,1,88,5,1,1,17,36,46
2758000,"St. Paul",Minnesota,2,1,1,0,2298,1298,987,13,121230,102146,16,1,18,0,3,51,8,3,9,18,26,47
2758018,"St. Paul Park",Minnesota,2,1,1,0,2693,1512,1170,11,2359,115250,3,0,7,0,2,75,8,4,5,24,46,25
2758036,"St. Peter",Minnesota,5,3,2,0,4476,2426,2006,44,2411,95576,6,1,2,0,3,79,8,2,8,20,33,39
2758396,Sandstone,Minnesota,5,2,2,1,3026,1213,1417,396,46,66416,8,5,2,0,7,73,5,0,15,36,34,15
2758612,Sartell,Minnesota,2,1,1,0,2106,1323,703,80,4322,94183,2,0,1,0,2,88,6,0,6,15,38,41
2758648,"Sauk Centre",Minnesota,4,2,1,0,3590,2225,1282,83,81,89720,1,1,1,0,2,89,4,3,11,33,37,18
2758684,"Sauk Rapids",Minnesota,2,1,1,0,1979,1262,683,34,4219,88441,1,0,1,0,2,88,4,3,4,23,44,29
2758738,Savage,Minnesota,2,1,1,0,2462,1303,1151,8,11582,151628,9,0,7,0,2,74,5,2,2,13,30,55
2758900,Scandia,Minnesota,2,1,1,0,3328,1659,1293,376,1458,140625,0,1,0,0,0,97,1,1,1,27,31,41
2759350,Shakopee,Minnesota,2,1,1,0,2514,1373,1133,8,15162,138138,8,1,12,0,3,63,8,4,7,24,27,42
2759998,Shoreview,Minnesota,2,1,1,0,2527,1503,1014,10,11463,136566,3,1,10,0,1,80,4,1,2,11,24,64
2760016,Shorewood,Minnesota,1,1,1,0,2942,1395,1533,14,3062,202075,0,0,1,0,0,90,7,1,1,8,17,74
2760844,"Sleepy Eye",Minnesota,4,3,2,0,3348,2059,1213,76,173,80659,0,0,0,0,6,81,10,2,6,38,37,19
2761492,"South St. Paul",Minnesota,2,1,1,0,2452,1451,985,16,8536,102060,4,1,2,0,5,71,9,8,6,28,33,33
2761996,"Spring Lake Park",Minnesota,2,1,1,0,2092,1027,1055,10,2696,91105,7,0,10,0,2,66,10,4,7,28,40,25
2762446,Staples,Minnesota,6,4,2,0,3974,2530,1186,258,50,62288,0,1,0,0,5,87,5,2,9,32,37,23
2762806,Stewartville,Minnesota,2,1,1,0,2898,1717,1171,10,695,120926,0,0,1,0,0,94,5,1,5,30,40,25
2762824,Stillwater,Minnesota,2,1,1,0,2745,1565,1160,20,6696,134166,3,0,3,0,2,84,5,2,3,19,28,51
2764570,"Thief River Falls",Minnesota,5,4,1,0,4114,3058,968,88,1946,79462,1,2,1,0,3,88,4,1,3,30,45,21
2765956,"Two Harbors",Minnesota,4,3,1,0,3183,2077,887,219,630,71965,0,1,0,0,2,94,3,1,9,31,40,20
2766460,"Vadnais Heights",Minnesota,2,1,1,0,2425,1436,982,7,5514,122206,5,0,8,0,2,75,8,1,2,22,31,44
2767036,Victoria,Minnesota,1,1,1,0,2917,1618,1275,24,2030,202395,6,0,4,0,1,83,3,4,1,5,19,75
2767288,Virginia,Minnesota,6,4,1,1,3730,2490,898,342,3960,65626,1,3,1,0,1,90,4,0,8,37,39,16
2767378,Wabasha,Minnesota,3,2,1,0,2455,1362,976,117,502,80907,0,1,0,0,0,98,1,0,4,35,36,25
2767432,Waconia,Minnesota,2,1,1,0,2620,1433,1156,31,2140,122037,1,0,0,0,1,89,7,1,5,17,36,42
2767504,Wadena,Minnesota,6,4,1,0,3478,2383,825,270,251,60855,0,0,0,0,0,92,6,1,7,31,43,18
2767612,"Waite Park",Minnesota,3,2,1,0,1851,1244,576,31,4099,71703,28,0,1,0,2,64,3,2,11,26,43,21
2768296,Waseca,Minnesota,3,2,1,0,2707,1611,1066,30,2005,91746,0,1,1,0,1,88,5,4,4,38,35,23
2768548,Watertown,Minnesota,2,1,1,0,2783,1481,1223,79,235,126186,0,0,0,0,0,97,3,0,5,22,53,19
2768818,Wayzata,Minnesota,1,1,1,0,2091,1049,1033,9,2169,164142,1,0,4,0,0,90,3,2,2,7,24,66
2769700,"West St. Paul",Minnesota,2,1,1,0,2081,1256,814,11,9302,94633,6,1,2,0,8,67,8,9,6,22,34,38
2769970,"White Bear Lake",Minnesota,2,1,1,0,2454,1428,1004,22,9455,109114,3,0,4,0,4,82,4,2,3,21,36,41
2770420,Willmar,Minnesota,3,1,1,0,1902,950,919,33,6408,74153,12,1,2,0,12,62,4,8,15,26,37,22
2770798,Windom,Minnesota,5,3,2,0,3916,2627,1229,60,50,81189,4,0,2,0,1,80,6,7,7,29,39,25
2771032,Winona,Minnesota,3,2,1,0,2219,1286,807,126,9391,71199,2,1,2,0,2,88,4,1,6,24,39,31
2771428,Woodbury,Minnesota,2,1,1,0,2856,1547,1295,14,28207,162825,5,0,12,0,2,75,5,2,1,9,23,67
2771734,Worthington,Minnesota,3,1,1,0,2178,1107,1039,32,2115,79772,10,3,6,0,15,43,9,14,25,27,29,19
2772022,Wyoming,Minnesota,2,1,1,0,2644,1583,1035,26,2412,117626,0,0,1,0,1,95,2,1,2,17,52,29
2772238,Zimmerman,Minnesota,2,1,1,0,2760,1420,1310,30,423,123492,0,0,2,0,2,86,8,1,4,22,44,30
2772328,Zumbrota,Minnesota,4,2,1,0,3802,2370,1335,97,82,106081,2,0,2,0,0,94,1,1,3,30,34,33
2800180,Aberdeen,Mississippi,4,3,1,0,2188,1689,473,26,1415,61636,72,0,0,0,0,28,0,0,22,43,23,13
2801260,Amory,Mississippi,3,2,1,0,2218,1658,542,18,2050,67127,32,0,0,0,3,59,6,0,14,34,38,14
2802700,Baldwyn,Mississippi,4,3,1,0,2138,1518,596,24,597,54740,37,1,2,0,0,51,1,8,20,25,39,16
2803620,Batesville,Mississippi,3,2,1,0,2130,1696,420,14,2048,81766,44,0,0,0,0,53,3,0,8,23,41,28
2803980,"Bay St. Louis",Mississippi,2,2,0,0,2043,1880,156,7,4312,84315,16,0,1,0,1,75,4,3,7,19,33,40
2806220,Biloxi,Mississippi,2,2,0,0,1919,1716,190,13,19001,78696,21,0,3,0,4,61,7,3,10,20,39,31
280770,Unalaska,Alaska,16,14,0,1,20495,18530,114,1851,72,129416,4,2,47,4,3,22,11,6,7,33,42,18
2807780,Booneville,Mississippi,3,2,1,0,2025,1435,565,25,2541,67356,17,0,1,0,0,74,6,0,17,22,38,23
2808300,Brandon,Mississippi,2,2,0,0,1990,1542,437,11,8061,102199,18,0,0,0,1,78,2,1,2,17,34,47
2808820,Brookhaven,Mississippi,4,3,1,0,2160,1614,528,18,4205,57584,54,0,2,0,2,42,0,0,8,25,42,25
2810140,Byram,Mississippi,3,2,1,0,2055,1522,519,14,3318,80946,69,0,1,0,0,28,2,0,2,21,37,39
2811100,Canton,Mississippi,4,3,1,0,2438,1961,465,12,3567,66708,69,0,1,0,5,23,2,1,21,26,29,24
2811780,Carthage,Mississippi,4,3,1,0,2384,1778,594,12,536,58718,41,10,0,0,2,33,1,13,13,28,38,20
2813820,Clarksdale,Mississippi,7,6,2,0,3430,2696,714,20,4798,46431,85,0,0,0,0,12,2,0,16,23,40,21
2814260,Cleveland,Mississippi,4,2,1,0,2404,1638,750,16,3019,66170,58,0,1,0,1,37,4,0,16,19,34,31
2814420,Clinton,Mississippi,2,2,1,0,2243,1643,589,11,9146,89873,47,0,3,0,1,47,2,1,5,12,35,47
2815140,Collins,Mississippi,10,9,1,0,3895,3458,424,13,684,39800,46,0,0,1,4,39,10,0,13,35,36,15
2815340,Columbia,Mississippi,4,3,1,0,2107,1801,297,9,1107,51579,36,0,0,0,1,61,1,1,22,29,32,18
2815380,Columbus,Mississippi,4,3,1,0,2255,1717,515,23,7037,53602,66,0,1,0,0,30,2,0,17,35,28,20
2815700,Corinth,Mississippi,3,2,0,0,2105,1746,339,20,5304,72638,16,0,0,0,0,74,4,5,17,29,27,27
2817060,"Crystal Springs",Mississippi,3,2,1,0,2295,1757,515,23,1335,75145,67,0,0,0,0,27,4,2,17,31,32,20
2819100,Diamondhead,Mississippi,2,2,0,0,2002,1857,135,10,3993,97464,2,1,1,0,3,86,7,1,6,14,38,42
2819180,D'Iberville,Mississippi,2,2,0,0,1799,1644,147,8,4341,74658,18,0,8,0,2,65,7,0,8,27,41,24
2820500,Durant,Mississippi,8,6,2,0,2878,2125,730,23,27,35777,76,0,0,0,0,22,2,0,21,36,33,10
282200,Valdez,Alaska,8,5,0,2,8159,5659,431,2069,75,107683,2,6,2,2,0,73,7,7,3,20,52,26
2822020,Ellisville,Mississippi,5,4,1,0,2309,1897,399,13,1171,50186,41,0,0,0,7,49,3,0,13,26,35,26
2824420,Farmington,Mississippi,4,3,1,0,2432,1969,435,28,330,66921,4,2,1,0,1,91,2,0,12,34,42,12
2824980,Florence,Mississippi,3,2,1,0,2216,1753,442,21,845,78074,8,3,0,0,0,85,1,3,11,37,32,19
2825100,Flowood,Mississippi,2,1,0,0,2088,1647,431,10,6409,115299,21,0,3,0,1,70,4,0,4,10,28,58
2825340,Forest,Mississippi,4,3,1,0,2308,1852,446,10,1497,58202,40,0,0,0,18,30,3,9,38,10,39,13
2826300,Fulton,Mississippi,3,3,0,0,1984,1706,263,15,815,59143,22,0,0,0,0,72,5,1,4,46,35,14
2826860,Gautier,Mississippi,2,2,0,0,1907,1726,166,15,6320,79450,32,1,2,0,3,51,5,6,13,22,41,23
2829180,Greenville,Mississippi,5,3,1,0,2605,1829,762,14,8114,53499,82,0,1,0,0,16,1,0,18,29,30,23
2829340,Greenwood,Mississippi,4,3,1,0,2426,1605,812,9,4895,61727,72,0,1,0,0,24,1,2,15,31,29,25
2829460,Grenada,Mississippi,4,3,1,0,2472,1660,800,12,4492,57125,60,0,0,0,0,37,2,1,20,29,28,22
2829700,Gulfport,Mississippi,3,3,0,0,2042,1829,203,10,27011,64363,39,0,2,0,2,49,6,2,11,28,37,24
2829940,Guntown,Mississippi,3,2,1,0,2434,1951,466,17,148,88516,14,0,1,0,0,81,4,0,15,24,33,27
283080,Wasilla,Alaska,3,1,1,0,2698,1401,1215,82,4059,96452,1,7,3,0,2,75,9,2,6,38,35,21
2831020,Hattiesburg,Mississippi,3,3,0,0,1947,1751,187,9,20125,60188,52,0,1,0,2,40,5,0,9,20,37,34
2831220,Hazlehurst,Mississippi,5,3,1,0,2285,1687,580,18,808,49564,84,0,0,0,3,6,0,6,14,32,25,29
2831780,Hernando,Mississippi,2,2,1,0,2501,1782,712,7,4570,100442,12,0,1,0,4,78,4,1,11,15,34,39
2833100,"Holly Springs",Mississippi,4,3,1,0,2334,1826,490,18,1540,60444,78,0,0,0,0,18,4,0,16,31,35,18
2833700,"Horn Lake",Mississippi,3,2,1,0,2273,1636,630,7,9359,71858,49,0,1,0,1,40,4,4,12,33,37,19
2833900,Houston,Mississippi,4,3,1,0,2098,1616,469,13,467,49181,39,0,0,0,3,51,5,0,23,20,42,15
2834740,Indianola,Mississippi,4,3,1,0,2385,1588,780,17,2421,53217,81,0,0,0,0,19,0,0,16,20,32,31
2835300,Iuka,Mississippi,3,3,1,0,2089,1550,517,22,732,61520,2,2,0,0,0,94,2,0,15,31,36,19
2836000,Jackson,Mississippi,4,3,1,0,2199,1637,552,10,61644,60778,81,0,0,0,0,15,2,1,12,22,35,31
2838320,Kosciusko,Mississippi,5,3,1,0,3192,2342,835,15,1805,70870,53,0,0,0,1,43,3,0,12,40,32,16
2839640,Laurel,Mississippi,3,3,1,0,2312,1862,433,17,3965,66106,56,1,1,0,1,38,3,1,16,29,31,24
2840280,Leland,Mississippi,3,2,1,0,2742,1920,807,15,455,79747,69,0,0,0,0,26,3,1,13,29,26,32
2841680,"Long Beach",Mississippi,3,2,0,0,2056,1800,244,12,6332,81801,11,0,2,0,2,78,6,0,6,29,35,31
2842280,Louisville,Mississippi,3,2,1,0,2027,1443,554,30,1440,58622,56,0,0,0,1,40,3,0,16,39,28,18
2842440,Lucedale,Mississippi,4,3,0,0,2143,1931,202,10,739,60334,31,0,0,0,1,63,4,0,15,24,39,22
2843280,McComb,Mississippi,5,4,1,0,2111,1605,498,8,4435,44481,71,0,0,0,0,26,1,1,13,35,36,16
2844240,Macon,Mississippi,5,4,1,0,2217,1712,475,30,580,46106,89,0,0,0,0,10,0,1,15,33,36,16
2844520,Madison,Mississippi,2,1,0,0,2527,1797,716,14,7022,160527,15,0,6,0,0,76,2,1,1,8,19,72
2844600,Magee,Mississippi,3,2,0,0,1852,1553,281,18,739,63976,34,0,0,0,1,57,5,3,15,38,30,17
2846600,Mendenhall,Mississippi,3,3,1,0,1990,1601,375,14,278,59119,48,0,0,0,0,51,1,0,22,24,31,23
2846640,Meridian,Mississippi,4,3,1,0,2276,1818,431,27,13629,54696,66,0,1,0,1,29,2,1,17,31,33,19
2849080,Morton,Mississippi,5,4,1,0,2458,1937,513,8,707,52411,38,1,0,0,5,28,4,24,33,22,38,7
2849240,"Moss Point",Mississippi,3,3,0,0,1977,1850,114,13,5051,59720,68,0,0,0,1,25,1,3,13,33,39,14
2850440,Natchez,Mississippi,4,3,1,0,2149,1573,563,13,5201,54578,60,0,0,0,2,34,4,0,13,29,29,29
2851000,"New Albany",Mississippi,3,2,1,0,2164,1711,444,9,1933,73148,31,0,0,0,1,55,2,10,20,22,34,23
2851720,Newton,Mississippi,4,3,1,0,2364,1887,460,17,777,56492,72,1,0,0,0,25,2,0,11,38,39,11
2853520,"Ocean Springs",Mississippi,2,2,0,0,2066,1818,234,14,6927,92835,5,0,4,0,5,80,6,1,6,17,32,46
2853680,Okolona,Mississippi,4,3,1,0,2305,1783,495,27,167,51853,71,0,0,0,0,28,1,0,18,47,28,7
2854040,"Olive Branch",Mississippi,3,2,1,0,2799,2021,769,9,15286,105786,34,0,2,0,2,56,4,3,5,27,34,34
2854840,Oxford,Mississippi,2,2,0,0,1996,1517,469,10,6615,96164,28,0,3,0,0,64,4,1,5,11,27,57
2855360,Pascagoula,Mississippi,3,3,0,0,1813,1666,133,14,8027,59895,38,0,1,0,5,45,4,7,13,27,42,18
2855400,"Pass Christian",Mississippi,3,2,0,0,2223,2016,200,7,1811,84893,20,1,2,0,1,72,4,0,3,25,25,47
2855760,Pearl,Mississippi,2,2,0,0,1915,1556,349,10,10558,78490,33,0,2,0,0,59,3,3,9,24,39,27
2856800,Petal,Mississippi,3,3,0,0,2201,1861,328,12,2769,71525,16,0,0,0,3,76,3,1,11,26,38,25
2856960,Philadelphia,Mississippi,3,2,1,0,2184,1648,523,13,2126,66898,56,1,1,0,0,40,2,0,17,32,23,28
2857160,Picayune,Mississippi,3,3,0,0,1915,1808,99,8,4206,57678,31,0,0,0,1,62,4,1,10,34,37,19
2859160,Pontotoc,Mississippi,3,2,0,0,2145,1769,368,8,1396,73741,28,0,0,0,2,57,3,10,20,27,33,20
2859480,Poplarville,Mississippi,3,3,0,0,2230,2038,183,9,347,68079,30,0,0,0,1,67,1,0,4,16,49,31
2862400,Richland,Mississippi,3,2,1,0,2114,1701,394,19,1467,70521,21,0,1,0,1,73,2,2,9,27,36,28
2862520,Ridgeland,Mississippi,2,1,0,0,1882,1468,408,6,9286,100060,39,0,3,0,3,49,3,3,3,10,34,53
2862600,Ripley,Mississippi,3,2,1,0,1911,1389,510,12,1132,74799,26,0,0,0,0,67,5,3,24,26,34,16
2864200,Ruleville,Mississippi,3,2,1,0,2602,1691,882,29,12,75484,75,0,0,0,0,25,0,0,20,33,30,17
2864840,Saltillo,Mississippi,3,2,0,0,2268,1842,412,14,828,83703,12,0,6,0,2,76,3,1,5,22,47,27
2866440,Senatobia,Mississippi,3,3,1,0,2184,1811,358,15,1916,68611,42,0,0,0,1,54,2,1,8,30,40,22
2869280,Southaven,Mississippi,3,2,1,0,2428,1729,691,8,19561,91172,35,0,1,0,2,56,4,2,8,27,38,28
2870240,Starkville,Mississippi,3,2,1,0,1715,1336,367,12,8195,64707,38,0,4,0,1,54,2,1,6,23,30,40
2874840,Tupelo,Mississippi,2,2,1,0,2089,1602,477,10,14166,86664,37,0,1,0,1,55,2,3,12,20,34,34
2875040,Tutwiler,Mississippi,5,3,2,0,2470,1587,866,17,24,46325,81,0,0,0,1,13,1,4,25,30,30,15
2876560,Verona,Mississippi,4,3,1,0,2218,1786,424,8,791,54075,75,0,0,0,0,19,3,3,20,30,38,12
2876720,Vicksburg,Mississippi,3,2,1,0,1968,1586,363,19,5749,71838,65,0,0,0,0,30,4,0,12,24,35,29
2878000,"Water Valley",Mississippi,4,3,1,0,2585,1675,892,18,610,61752,45,0,0,0,1,54,0,1,17,38,34,11
2878200,Waveland,Mississippi,2,2,0,0,1877,1838,32,7,2158,77407,15,0,0,0,1,80,4,1,11,23,46,21
2878360,Waynesboro,Mississippi,5,4,1,0,2306,1954,339,13,1124,50550,48,0,0,0,0,36,10,5,18,34,24,24
2879120,"West Point",Mississippi,4,3,1,0,2119,1527,571,21,3263,47660,71,0,0,0,0,28,1,0,19,31,32,18
2880160,Wiggins,Mississippi,3,3,1,0,2029,1711,310,8,996,61527,34,0,0,0,1,63,2,0,12,44,30,13
2880760,Winona,Mississippi,6,4,2,0,2316,1620,678,18,903,41942,59,0,0,0,0,40,0,0,37,20,25,19
2881520,"Yazoo City",Mississippi,6,5,1,0,2973,2312,650,11,3172,46761,89,0,0,0,0,10,1,0,19,39,28,14
2901972,Arnold,Missouri,3,2,1,0,2205,1415,744,46,8299,87002,0,0,1,0,1,90,7,0,8,31,38,23
2902242,Ashland,Missouri,2,2,1,0,2540,1739,764,37,242,109450,1,0,0,0,0,94,3,1,5,26,27,42
2902548,Aurora,Missouri,5,3,1,0,2686,1839,797,50,1998,55347,0,0,0,0,1,87,9,2,12,45,32,11
2902674,Ava,Missouri,8,6,2,0,4880,3583,1183,114,119,59582,0,1,0,0,0,97,2,0,15,39,28,19
2903160,Ballwin,Missouri,1,1,1,0,2315,1298,1009,8,11226,157205,2,0,8,0,2,78,9,1,1,9,22,68
2903592,Battlefield,Missouri,3,2,1,0,2817,1789,992,36,1608,107378,1,0,3,0,1,89,5,1,2,18,40,39
2904222,"Bellefontaine Neighbors",Missouri,5,2,2,0,2626,1315,1290,21,5614,54384,83,0,0,0,0,13,3,0,14,30,40,16
2904366,Bel-Ridge,Missouri,5,3,2,0,2442,1297,1139,6,1054,47401,68,0,1,0,0,23,3,5,13,43,33,11
2904384,Belton,Missouri,2,2,1,0,2234,1422,780,32,6783,89359,5,0,1,0,2,81,8,2,5,34,36,26
2904906,Berkeley,Missouri,5,2,2,0,2481,1299,1176,6,2768,54422,68,0,1,0,2,18,4,7,11,31,41,16
2905068,Bethany,Missouri,5,4,1,0,3123,2187,882,54,504,60353,2,1,0,0,4,90,2,0,15,40,24,21
2906004,"Black Jack",Missouri,3,2,2,0,2746,1443,1289,14,2174,85923,78,0,2,0,0,16,3,1,4,17,42,36
2906652,"Blue Springs",Missouri,2,1,1,0,2365,1494,856,15,17675,101315,6,0,1,0,3,81,6,1,3,26,37,34
2906976,Bolivar,Missouri,4,3,1,0,2539,1780,668,91,230,66304,1,0,1,0,1,92,3,1,11,36,31,22
2907102,"Bonne Terre",Missouri,4,3,1,0,2303,1824,406,73,605,61210,11,0,3,0,2,78,6,0,12,40,38,11
2907318,Boonville,Missouri,3,2,1,0,2414,1657,732,25,1147,69447,8,0,0,0,1,83,6,1,5,28,36,31
2907660,"Bowling Green",Missouri,4,3,1,0,2281,1713,544,24,249,64672,8,0,1,0,0,86,4,0,20,49,20,10
2907966,Branson,Missouri,3,2,0,0,1880,1651,198,31,4348,67460,5,0,2,0,4,79,6,4,9,28,37,26
2908164,"Breckenridge Hills",Missouri,4,2,2,0,2495,1278,1207,10,1815,63716,22,0,1,0,3,46,6,22,8,28,49,15
2908236,Brentwood,Missouri,2,1,1,0,2421,1437,974,10,4384,153200,7,0,6,0,1,78,8,0,1,5,16,78
2908398,Bridgeton,Missouri,2,1,1,0,2180,1254,919,7,5719,93010,22,0,3,0,4,61,6,3,6,31,31,32
2908650,Brookfield,Missouri,3,2,1,0,2454,1672,714,68,492,76987,2,0,1,0,2,91,2,1,14,39,26,21
2909424,Buckner,Missouri,2,2,1,0,2230,1381,838,11,407,89671,2,0,0,0,1,89,7,0,8,29,29,34
2909514,Buffalo,Missouri,5,4,1,0,2739,1955,585,199,113,52863,0,0,0,0,6,90,3,0,7,46,33,15
2910054,Butler,Missouri,6,4,1,0,2996,2236,687,73,599,50799,5,0,1,0,0,90,3,0,6,59,23,12
2910240,"Byrnes Mill",Missouri,2,2,0,0,2185,1801,341,43,924,98556,1,0,0,0,1,87,8,3,9,21,38,32
2910468,California,Missouri,3,2,1,0,2617,1647,946,24,939,75558,2,0,1,0,10,79,5,3,14,39,34,13
2910810,Camdenton,Missouri,2,2,0,0,1791,1437,314,40,616,75935,2,0,1,0,4,91,2,0,11,26,42,21
2910828,Cameron,Missouri,5,3,1,0,3089,2051,981,57,798,67962,2,0,0,0,0,91,4,1,4,48,26,22
2911134,Canton,Missouri,4,3,1,0,2724,1909,757,58,66,64125,3,0,1,0,1,91,5,0,12,39,26,24
2911242,"Cape Girardeau",Missouri,3,2,1,0,2223,1679,521,23,12857,71936,14,0,3,0,3,75,5,1,7,25,29,39
2911368,"Carl Junction",Missouri,3,2,1,0,2953,2346,573,34,1003,97184,0,0,1,0,2,90,6,1,2,23,33,41
2911566,Carrollton,Missouri,5,4,1,0,3350,2507,801,42,288,61575,2,0,0,0,2,91,4,0,7,40,29,24
2911656,Carthage,Missouri,4,3,1,0,2317,1635,654,28,2738,63433,2,1,1,0,16,62,9,8,24,29,21,27
2911692,Caruthersville,Missouri,3,2,1,0,2524,1833,673,18,645,77759,32,0,0,0,1,61,3,3,17,35,27,21
2911890,Cassville,Missouri,4,3,1,0,3344,2337,953,54,106,83861,1,1,0,0,1,93,5,0,19,39,29,13
2912898,Centralia,Missouri,3,2,1,0,2458,1679,755,24,211,77773,0,0,0,0,0,91,8,1,6,40,23,30
2912988,Chaffee,Missouri,4,3,1,0,2515,1826,667,22,84,68859,2,0,0,0,0,94,4,0,8,35,36,21
2913366,Charleston,Missouri,5,3,1,0,2441,1683,749,9,493,52130,57,0,0,0,0,38,6,0,21,42,22,15
2913600,Chesterfield,Missouri,1,1,1,0,2470,1451,1014,5,18556,182339,3,0,13,0,2,74,7,0,1,7,18,73
2913690,Chillicothe,Missouri,4,3,1,0,2843,2056,745,42,2603,67313,4,0,1,0,0,92,3,0,11,41,27,22
2914176,"Clarkson Valley",Missouri,1,1,1,0,3045,1813,1226,6,1006,213987,2,0,8,0,1,83,6,1,1,7,17,75
2914572,Clayton,Missouri,1,1,0,0,2432,1435,992,5,5532,208122,9,0,10,0,2,70,8,1,0,1,11,88
2914788,Clever,Missouri,3,2,1,0,3080,1692,1271,117,73,106463,0,1,1,0,0,94,4,1,8,23,43,25
2914986,Clinton,Missouri,3,2,1,0,2012,1412,566,34,1970,64266,2,0,0,0,1,92,5,0,7,38,35,19
2915670,Columbia,Missouri,2,2,1,0,2024,1375,635,14,44462,83073,12,0,5,0,2,74,6,1,3,15,30,52
2916102,Concordia,Missouri,3,2,1,0,2451,1563,838,50,13,83877,0,0,0,0,5,93,2,1,4,43,27,26
2916678,Cottleville,Missouri,2,1,1,0,2327,1433,883,11,3091,148805,5,0,4,0,2,85,3,1,3,17,25,55
2916802,"Country Club",Missouri,2,2,1,0,2539,1751,667,121,133,116063,2,0,1,0,1,87,8,1,2,29,32,37
2917218,Crestwood,Missouri,2,1,1,0,2164,1242,915,7,4843,124705,4,0,2,0,2,87,4,2,3,12,27,59
2917272,"Creve Coeur",Missouri,1,1,1,0,2715,1654,1052,9,7427,188009,10,0,12,0,1,72,4,1,2,8,21,69
2917632,"Crystal City",Missouri,3,2,1,0,2114,1439,660,15,1440,76332,3,1,0,0,0,84,12,0,7,29,43,21
2917668,Cuba,Missouri,6,5,1,0,3681,3017,574,90,202,58716,1,0,0,0,3,92,4,0,22,43,26,8
2918253,"Dardenne Prairie",Missouri,2,1,1,0,2306,1409,889,8,5580,146439,3,0,4,0,1,87,4,1,3,13,33,51
2919018,Dellwood,Missouri,4,2,2,0,2497,1296,1178,23,1658,67464,82,0,0,0,0,15,2,0,8,41,33,17
2919216,Desloge,Missouri,3,2,0,0,2131,1772,328,31,1347,71003,0,0,0,0,1,96,3,0,4,29,40,27
2919252,"De Soto",Missouri,3,3,1,0,2040,1620,400,20,910,63452,0,0,0,0,0,89,10,0,11,38,37,15
2919270,"Des Peres",Missouri,1,1,1,0,2691,1490,1191,10,3092,218394,1,0,3,0,0,89,7,1,0,4,13,83
2919396,Dexter,Missouri,4,3,1,0,2285,1698,543,44,2228,58775,2,0,0,0,2,93,3,0,14,44,28,14
2921052,"East Prairie",Missouri,5,3,1,0,2208,1604,589,15,477,45943,1,0,0,0,0,94,6,0,26,40,22,13
2921484,Eldon,Missouri,3,3,1,0,2137,1689,393,55,948,61310,0,0,2,0,3,94,1,1,5,43,35,16
2921502,"El Dorado Springs",Missouri,6,4,2,0,3132,2231,816,85,195,52875,0,0,0,0,0,93,5,2,6,42,33,18
2921898,Ellisville,Missouri,2,1,1,0,2325,1353,964,8,4004,147727,2,0,9,0,3,78,7,1,1,11,24,64
2922834,Eureka,Missouri,2,1,1,0,2420,1535,835,50,1528,148619,4,0,2,0,0,86,7,1,3,14,33,50
2923086,"Excelsior Springs",Missouri,3,2,1,0,2506,1593,883,30,1704,91755,6,0,1,0,3,83,6,1,12,39,31,18
2923752,Farmington,Missouri,3,2,1,0,1808,1337,454,17,4050,69996,8,0,0,0,2,87,2,1,9,30,37,24
2923842,Fayette,Missouri,5,3,2,0,2920,1830,1008,82,33,63994,10,3,0,0,0,84,1,1,9,24,39,28
2923950,Fenton,Missouri,2,1,1,0,2331,1404,918,9,1601,132384,1,0,1,0,0,87,10,0,4,12,33,51
2923986,Ferguson,Missouri,4,2,2,0,2574,1337,1226,11,7459,64428,73,0,0,0,0,22,3,1,10,30,37,23
2924094,Festus,Missouri,2,2,1,0,2087,1483,588,16,3360,84822,2,0,1,0,2,86,9,0,8,25,39,27
2924778,Florissant,Missouri,3,2,1,0,2418,1303,1098,17,19959,76617,43,0,1,0,0,47,7,2,6,29,38,27
2925192,Forsyth,Missouri,4,3,1,0,2179,1737,352,90,359,55633,2,1,0,0,0,93,4,0,5,30,39,26
2925768,Fredericktown,Missouri,4,4,1,0,2985,2504,419,62,562,68947,3,0,0,0,2,91,3,0,9,36,28,27
2926110,Frontenac,Missouri,1,1,1,0,3527,1911,1598,18,1412,285006,2,0,6,0,0,87,4,1,1,2,14,83
2926182,Fulton,Missouri,5,4,1,0,3539,2802,707,30,1764,68926,10,0,0,0,1,84,2,2,8,39,24,29
2927190,Gladstone,Missouri,3,2,1,0,2225,1314,900,11,11877,82081,8,1,2,1,3,74,7,3,4,27,35,34
2927334,Glendale,Missouri,1,1,1,0,2624,1471,1091,62,2239,184918,1,0,2,0,1,93,4,0,0,3,15,82
2928090,"Grain Valley",Missouri,3,2,1,0,2451,1682,755,14,4376,94910,3,0,0,0,2,88,5,1,4,32,36,27
2928324,Grandview,Missouri,3,2,1,0,2201,1305,884,12,11159,68034,33,1,2,0,6,43,7,7,9,32,35,24
2929324,"Green Park",Missouri,2,1,1,0,2200,1262,925,13,1542,112139,2,0,4,0,0,88,6,0,7,12,42,39
2929494,Greenwood,Missouri,2,1,1,0,2491,1519,963,9,1153,128510,3,0,1,0,1,86,6,3,4,18,41,37
2930214,Hannibal,Missouri,3,2,1,0,2038,1241,755,42,5145,68389,7,0,1,0,0,88,4,0,12,37,29,22
2930610,Harrisonville,Missouri,4,3,1,0,3474,2489,926,59,3291,81839,1,1,0,0,0,91,5,1,13,40,29,19
2931132,Hayti,Missouri,7,5,2,0,2423,1780,627,16,296,36037,44,0,0,0,1,48,7,0,17,62,17,4
2931276,Hazelwood,Missouri,3,2,1,0,2231,1272,942,17,11346,69792,42,0,2,0,0,47,7,1,5,29,36,31
2931708,Herculaneum,Missouri,3,2,1,0,2080,1498,550,32,1450,81687,5,0,0,0,0,88,7,0,11,28,41,20
2931960,Higginsville,Missouri,4,3,1,0,3141,2230,886,25,538,74966,8,0,1,0,0,87,3,2,5,36,26,33
2932248,Hillsboro,Missouri,2,2,0,0,2271,1849,385,37,279,97215,1,0,0,0,0,91,7,0,4,30,40,26
2932662,Hollister,Missouri,4,3,1,0,2404,2038,315,51,996,61098,1,0,0,0,2,86,9,1,5,35,38,22
2932770,"Holts Summit",Missouri,3,2,1,0,2645,1965,642,38,200,102199,2,0,0,0,3,88,7,0,8,22,39,31
2933238,Houston,Missouri,5,3,1,0,3360,2208,894,258,27,64137,0,0,0,0,1,92,6,0,10,51,28,10
2935000,Independence,Missouri,3,2,1,0,2424,1446,963,15,50831,75047,11,0,1,1,3,73,7,4,9,35,36,20
2935648,Jackson,Missouri,3,2,1,0,2783,2128,635,20,2784,103016,1,0,1,0,1,93,3,1,7,26,27,40
2937000,"Jefferson City",Missouri,3,2,1,0,2186,1582,586,18,13858,83164,20,0,2,0,2,72,4,1,7,26,28,40
2937178,Jennings,Missouri,6,3,3,0,2396,1265,1117,14,6895,43457,89,0,0,0,0,6,3,0,17,38,36,10
2937592,Joplin,Missouri,4,3,1,0,2669,1983,659,27,18608,66690,3,1,2,0,2,82,8,2,9,32,34,26
2938000,"Kansas City",Missouri,3,2,1,0,2276,1353,910,13,216773,89601,26,0,3,0,4,55,7,4,7,22,32,39
2938072,Kearney,Missouri,2,1,1,0,2494,1573,889,32,2585,126975,0,0,0,0,2,92,5,1,3,31,28,38
2938306,Kennett,Missouri,3,3,1,0,2361,1975,372,14,1546,68491,14,0,0,0,3,76,7,0,18,37,25,20
2938612,"Kimberling City",Missouri,3,2,1,0,2353,1777,504,72,458,78402,0,0,2,0,0,92,5,0,10,23,41,27
2939026,Kirksville,Missouri,4,3,1,0,2345,1747,565,33,3180,64440,4,0,2,0,2,89,3,0,4,19,38,39
2939044,Kirkwood,Missouri,1,1,1,0,2246,1272,965,9,10921,156546,3,0,1,0,1,86,8,1,2,8,22,68
2939188,"Knob Noster",Missouri,3,2,1,0,1954,1407,521,26,294,67353,8,0,4,2,5,75,6,1,5,37,43,15
2939656,Ladue,Missouri,1,1,1,0,3588,1931,1644,13,3922,299930,1,0,6,0,0,86,4,2,0,3,10,87
2940043,"Lake St. Louis",Missouri,2,1,1,0,2315,1501,803,11,6659,140754,5,0,1,0,2,85,5,1,4,14,30,51
2940376,Lamar,Missouri,7,5,2,0,3855,2953,866,36,547,55224,1,0,0,0,0,94,5,1,11,44,23,22
2941168,Lebanon,Missouri,3,2,1,0,1992,1397,543,52,4537,57775,1,1,1,0,1,88,6,2,12,39,32,17
2941348,"Lee's Summit",Missouri,2,1,1,0,2321,1437,874,10,36792,125428,9,0,2,0,2,79,6,2,2,16,32,50
2941870,Lexington,Missouri,3,2,1,0,2619,1573,1001,45,116,88220,2,0,0,0,1,89,7,0,2,37,32,29
2942032,Liberty,Missouri,2,1,1,0,2389,1458,912,19,10415,110597,5,0,1,0,3,84,5,2,4,20,34,43
2942464,Licking,Missouri,5,3,1,0,2528,1606,778,144,35,53609,14,1,0,0,2,78,4,0,21,38,27,14
2944174,Louisiana,Missouri,4,3,1,0,2577,1839,697,41,873,63061,2,0,0,0,0,85,7,6,12,48,22,18
2945326,Macon,Missouri,5,4,1,0,3740,3012,679,49,490,71294,4,1,1,0,1,88,5,1,6,32,38,23
2945614,Malden,Missouri,5,4,1,0,2602,1949,638,15,953,54287,14,0,0,0,0,76,6,3,19,42,27,12
2945668,Manchester,Missouri,2,1,1,0,2090,1238,842,10,6753,127347,3,0,9,0,1,77,9,1,2,12,23,62
2945830,Maplewood,Missouri,2,1,1,0,2152,1220,926,6,4271,103063,11,0,4,0,1,71,11,2,4,18,23,55
2946316,Marshall,Missouri,4,3,1,0,3089,2238,817,34,3596,73474,8,0,1,2,5,69,9,8,10,32,27,31
2946388,Marshfield,Missouri,3,2,1,0,2482,1502,902,78,367,82251,0,0,0,0,0,91,7,0,8,31,40,21
2946586,"Maryland Heights",Missouri,2,1,1,0,2037,1239,791,7,15671,106070,14,0,16,0,1,62,5,2,3,17,26,54
2946640,Maryville,Missouri,3,2,1,0,2074,1483,554,37,2543,64374,4,0,2,0,1,91,2,1,2,27,38,33
2947648,Mexico,Missouri,4,3,1,0,2435,1677,718,40,1348,63719,6,0,1,0,2,85,6,1,9,36,37,18
2948062,Milan,Missouri,7,6,2,0,4389,3374,969,46,19,61033,6,0,1,0,13,60,7,13,12,51,24,13
2949034,Moberly,Missouri,4,3,1,0,2463,1718,719,26,3964,54954,5,0,1,0,2,85,6,1,9,36,35,20
2949196,Monett,Missouri,4,3,1,0,2161,1429,700,32,1989,56636,0,3,1,0,9,64,17,6,22,34,34,10
2949574,"Montgomery City",Missouri,3,2,1,0,2312,1690,588,34,64,71714,4,1,0,0,2,88,5,0,11,39,29,20
2950204,"Moscow Mills",Missouri,2,2,0,0,2262,1820,423,19,275,102409,3,0,0,0,2,90,4,0,6,26,45,22
2950402,"Mountain Grove",Missouri,6,3,2,0,2989,1790,1065,134,179,51316,0,0,1,0,2,87,9,0,16,38,33,13
2950438,"Mountain View",Missouri,6,4,2,0,3380,2075,1128,177,124,56674,1,0,0,0,1,95,2,1,16,42,28,15
2950672,"Mount Vernon",Missouri,6,5,1,0,3666,2813,814,39,789,62124,2,0,0,0,0,91,7,0,12,34,39,16
2951572,Neosho,Missouri,4,3,1,0,2810,2153,611,46,2661,71224,1,1,1,3,4,73,14,3,11,29,33,27
2951644,Nevada,Missouri,4,3,1,0,2282,1547,692,43,2141,60310,1,0,1,0,3,90,4,0,11,28,41,20
2952076,"New Madrid",Missouri,4,3,1,0,2317,1922,373,22,376,55273,22,0,0,0,1,69,8,0,11,45,30,15
2952616,Nixa,Missouri,3,2,1,0,2544,1630,872,42,4185,87338,1,1,2,0,2,89,4,1,6,22,37,35
2952796,Normandy,Missouri,3,2,2,0,2226,1177,1039,10,2228,64397,70,0,2,0,0,22,3,2,3,28,34,36
2953102,"North Kansas City",Missouri,2,1,1,0,1556,1045,506,5,2240,70807,12,1,0,2,1,71,11,1,8,27,31,34
2953408,Northwoods,Missouri,5,3,3,0,2338,1255,1078,5,1898,42918,91,0,0,0,0,6,2,0,10,37,38,15
2953624,"Oak Grove",Missouri,3,2,1,0,2464,1639,807,18,1697,90066,4,0,1,0,1,92,2,0,8,38,41,14
2954038,Odessa,Missouri,3,2,1,0,3021,2065,905,51,380,93280,1,1,0,0,1,95,2,1,7,39,31,23
2954074,O'Fallon,Missouri,2,1,1,0,2362,1485,863,14,27757,129188,5,0,3,0,1,84,5,1,4,21,30,45
2954650,Olivette,Missouri,2,1,1,0,2946,1600,1333,13,2278,187445,21,0,20,0,0,54,4,0,2,8,17,73
2954920,Oronogo,Missouri,3,3,0,0,3081,2588,446,47,203,98635,1,1,0,0,0,92,6,0,19,28,30,22
2955244,"Osage Beach",Missouri,2,2,0,0,1857,1529,299,29,1165,79766,1,1,0,0,3,88,4,3,3,24,38,35
2955550,Overland,Missouri,4,2,2,0,2394,1254,1133,7,7535,63703,28,0,4,0,1,53,6,8,11,31,38,19
2955640,Owensville,Missouri,4,3,2,0,2625,1619,931,75,239,59485,0,0,0,0,2,93,4,0,17,33,30,20
2955766,Ozark,Missouri,3,2,1,0,2747,1862,849,36,2961,91047,1,0,0,0,1,92,5,1,6,26,33,36
2955910,Pacific,Missouri,3,2,0,0,2094,1741,329,24,1595,70822,2,1,0,0,1,89,8,0,9,40,32,19
2955964,Pagedale,Missouri,5,3,2,0,2620,1436,1181,3,1177,49464,87,0,0,0,1,9,2,1,15,37,37,11
2956036,Palmyra,Missouri,4,3,1,0,2877,1985,853,39,590,74526,4,1,0,0,0,85,9,0,7,33,37,23
2956272,"Park Hills",Missouri,3,2,1,0,2108,1695,385,28,2772,69093,0,0,0,0,1,92,6,0,8,35,39,18
2956288,Parkville,Missouri,2,1,1,0,2593,1633,946,14,4256,154917,3,0,3,0,2,84,6,2,2,18,22,59
2956756,Peculiar,Missouri,3,2,1,0,2570,1775,733,62,767,100053,2,0,0,0,2,89,5,0,10,31,34,24
2957116,Perryville,Missouri,3,2,1,0,2018,1502,482,34,2170,70606,2,0,2,0,2,91,3,1,12,41,29,17
2957278,Pevely,Missouri,3,2,1,0,2029,1436,551,42,1462,79694,0,0,1,0,1,94,4,0,12,24,45,19
2957422,Piedmont,Missouri,5,3,1,0,2157,1425,610,122,48,45947,1,0,2,0,0,92,4,0,18,38,31,14
2957800,"Pine Lawn",Missouri,7,4,3,0,2611,1410,1199,2,1170,37455,95,0,0,0,0,3,2,0,20,39,37,5
2958178,"Platte City",Missouri,2,2,1,0,2109,1403,687,19,1134,85614,2,2,2,1,1,87,2,3,3,31,34,32
2958394,"Pleasant Hill",Missouri,2,1,1,0,2374,1500,848,26,2431,109360,0,0,0,0,1,90,3,5,5,37,35,23
2958520,"Pleasant Valley",Missouri,2,1,1,0,2095,1210,872,13,1189,87718,2,1,1,0,2,88,5,2,7,31,39,23
2959096,"Poplar Bluff",Missouri,4,3,1,0,1956,1525,403,28,4213,55047,9,0,0,0,1,80,7,1,17,41,27,15
2959186,Portageville,Missouri,4,3,1,0,2391,1741,624,26,453,56792,12,0,0,0,1,68,20,0,23,35,25,17
2959330,Potosi,Missouri,3,3,1,0,2188,1715,393,80,237,64761,7,0,0,0,1,87,4,0,15,45,23,18
2960752,Raymore,Missouri,2,1,1,0,2550,1638,889,23,6713,118055,10,0,1,0,2,75,10,1,3,20,40,38
2960788,Raytown,Missouri,3,2,1,0,2576,1502,1059,15,12184,78444,38,0,1,0,2,48,7,3,7,30,37,26
2961238,Republic,Missouri,3,2,1,0,2836,1945,868,23,4691,85287,2,0,0,0,2,90,4,1,5,28,35,32
2961670,Richmond,Missouri,3,2,1,0,2226,1392,804,30,1066,77306,2,2,0,0,1,92,3,0,9,49,29,14
2961706,"Richmond Heights",Missouri,2,1,1,0,2563,1436,1119,8,4473,161066,8,0,5,0,1,83,3,0,0,8,16,76
2962156,Riverside,Missouri,2,1,1,0,2247,1373,862,12,2161,105482,13,0,5,0,3,70,5,2,5,26,32,37
2962192,Riverview,Missouri,4,2,2,0,2518,1274,1229,15,1236,61105,76,1,0,0,0,19,1,2,14,27,45,14
2962660,"Rock Hill",Missouri,2,1,1,0,2382,1293,1079,10,1837,125563,22,0,2,0,4,65,6,0,5,7,25,63
2962894,Rogersville,Missouri,3,1,1,0,2538,1391,1011,136,157,97021,0,0,0,0,0,94,2,2,8,24,33,35
2962912,Rolla,Missouri,3,2,1,0,1794,1376,384,34,5968,56340,4,0,5,0,1,83,5,1,5,23,36,35
2963956,"St. Ann",Missouri,4,2,2,0,2362,1322,1034,6,5493,58689,29,0,1,0,3,55,6,6,8,35,40,16
2964082,"St. Charles",Missouri,2,1,1,0,1983,1254,716,13,28961,106556,7,0,3,0,2,80,5,2,4,20,31,44
2964136,"St. Clair",Missouri,3,3,1,0,2207,1711,424,72,385,63718,0,0,0,0,0,92,7,0,18,43,31,8
2964180,"Ste. Genevieve",Missouri,3,2,1,0,2249,1552,649,48,442,70032,3,0,2,0,0,87,6,1,6,40,31,23
2964424,"St. James",Missouri,6,5,1,0,3628,3214,357,57,559,64211,0,0,1,0,3,90,4,1,10,31,34,25
2964478,"St. John",Missouri,4,2,2,0,2457,1289,1161,7,2686,63543,40,0,2,0,2,42,4,10,11,37,34,18
2964550,"St. Joseph",Missouri,3,2,1,0,2124,1305,794,25,27110,75055,7,0,1,0,2,79,7,3,8,35,32,25
2965000,"St. Louis",Missouri,3,2,1,0,2236,1273,957,6,143059,76255,44,0,4,0,2,45,5,1,9,22,27,42
2965126,"St. Peters",Missouri,2,1,1,0,2102,1281,808,13,22750,112055,5,0,2,0,1,86,5,0,4,20,35,41
2965144,"St. Robert",Missouri,3,3,0,0,2346,2192,135,19,1453,78040,10,0,5,0,2,59,17,7,7,28,30,35
2965234,Salem,Missouri,5,4,1,0,2766,1950,630,186,901,53076,1,0,0,0,1,91,6,0,18,36,34,13
2966044,Savannah,Missouri,3,2,1,0,2086,1401,650,35,302,68707,1,0,0,0,0,97,2,0,9,35,30,26
2966368,"Scott City",Missouri,3,3,1,0,2364,1780,559,25,511,67562,3,0,0,0,2,91,4,0,15,26,41,18
2966440,Sedalia,Missouri,3,2,1,0,2212,1489,692,31,7206,67386,5,0,1,0,7,75,7,4,11,34,39,16
2966674,Seneca,Missouri,4,3,1,0,2976,2146,693,137,76,73635,0,4,1,4,1,78,12,0,6,37,44,13
2967700,Shrewsbury,Missouri,2,1,1,0,1995,1238,749,8,3209,111595,9,0,6,0,0,76,6,3,2,7,36,55
2967790,Sikeston,Missouri,4,3,1,0,2155,1701,432,22,3953,59134,34,0,0,0,2,59,5,0,16,35,29,20
2968420,Smithville,Missouri,2,1,1,0,2188,1499,658,31,2256,106073,0,0,1,0,0,94,4,0,4,29,35,32
2970000,Springfield,Missouri,3,2,1,0,1781,1123,643,15,77706,62685,4,0,2,0,2,84,6,1,7,25,37,31
2971368,"Sugar Creek",Missouri,4,2,1,0,2642,1584,1041,17,2334,75081,2,1,1,1,1,88,6,0,12,36,34,18
2971440,Sullivan,Missouri,4,3,1,0,3236,2359,818,59,542,78876,2,0,0,0,1,87,9,1,9,28,41,22
2971746,"Sunset Hills",Missouri,2,1,1,0,2446,1558,877,11,4488,149712,3,0,2,0,1,93,2,0,2,14,23,60
2973420,Tipton,Missouri,4,3,2,0,2571,1506,926,139,35,59820,9,0,0,0,2,88,0,0,10,44,33,14
2973618,"Town and Country",Missouri,1,1,1,0,2973,1682,1282,9,6051,231280,3,0,9,0,1,83,4,1,1,5,14,80
2973816,Trenton,Missouri,6,4,1,0,3284,2490,733,61,1172,57405,1,0,1,0,1,92,4,1,14,35,32,18
2973942,Troy,Missouri,3,2,0,0,2174,1797,354,23,3117,72507,3,0,1,0,1,91,5,0,7,39,40,14
2974626,Union,Missouri,3,2,0,0,2070,1752,297,21,2267,80158,1,0,1,0,1,91,5,0,7,35,31,26
2975220,"University City",Missouri,2,1,1,0,2459,1342,1110,7,16629,138432,31,0,7,0,1,55,5,1,3,11,20,66
2975472,"Valley Park",Missouri,2,1,1,0,1793,1131,655,7,4094,97497,7,0,3,0,1,83,6,0,4,16,27,53
2975688,Vandalia,Missouri,5,3,1,0,2945,1981,906,58,183,64430,12,2,1,0,1,79,6,1,15,44,25,16
2975922,Versailles,Missouri,4,3,1,0,2161,1595,477,89,294,51100,1,0,0,0,4,86,8,1,12,42,32,13
2977092,Warrensburg,Missouri,3,2,1,0,2043,1379,638,26,4782,65598,5,0,2,0,3,80,7,2,3,24,37,36
2977128,Warrenton,Missouri,3,2,0,0,2154,1812,315,27,849,81128,1,1,0,0,1,89,6,1,13,33,37,16
2977416,Washington,Missouri,3,2,0,0,2083,1645,349,89,4108,80913,0,0,0,0,1,94,5,1,7,21,46,26
2977992,Waynesville,Missouri,3,3,0,0,2612,2304,278,30,701,83522,14,1,1,0,1,77,6,0,4,15,41,41
2978118,"Webb City",Missouri,3,3,1,0,2630,2023,586,21,3427,75555,3,1,2,1,1,86,6,0,6,31,31,32
2978154,"Webster Groves",Missouri,2,1,1,0,2372,1343,1021,8,9740,146491,4,0,1,0,1,83,9,0,1,9,22,67
2978314,"Weldon Spring",Missouri,2,1,1,0,2331,1385,937,9,3106,153502,4,0,4,0,1,86,4,0,3,15,26,56
2978442,Wentzville,Missouri,2,1,1,0,2511,1593,891,27,9601,128836,6,0,2,0,2,86,4,0,4,17,36,44
2978928,"West Plains",Missouri,6,4,1,0,3001,2175,766,60,2981,52537,1,0,0,0,0,96,2,0,15,39,27,18
2979820,Wildwood,Missouri,1,1,1,0,2778,1673,1081,24,14891,189445,1,0,6,0,1,83,7,1,1,9,20,70
2979882,Willard,Missouri,3,2,1,0,2854,1787,975,92,234,93584,0,0,0,0,1,93,3,3,7,32,30,31
2980350,Windsor,Missouri,5,3,1,0,2703,1950,678,75,338,58870,0,0,0,0,3,88,9,1,19,29,39,13
2980962,"Woodson Terrace",Missouri,4,2,2,0,2435,1296,1133,6,1231,58283,43,0,1,0,4,35,9,9,11,39,33,17
2981124,"Wright City",Missouri,2,2,0,0,2354,1849,476,29,504,97673,5,1,0,0,1,85,6,2,11,32,35,22
3001675,"Anaconda-Deer Lodge County",Montana,4,2,2,0,2323,1112,974,237,4336,61579,1,2,0,0,1,90,6,0,4,41,32,23
3004975,Belgrade,Montana,2,1,1,0,2026,1335,653,38,3765,94408,0,2,1,0,1,91,3,3,2,34,29,34
3006550,Billings,Montana,2,1,1,0,1832,928,873,31,38739,93625,1,4,1,0,3,84,6,1,3,27,33,37
3008950,Bozeman,Montana,2,1,1,0,1829,1141,642,46,18328,103166,1,1,2,0,2,87,6,1,2,11,28,59
3011397,"Butte-Silver Bow (balance)",Montana,3,1,1,0,2331,1155,1003,173,15063,77027,0,2,0,0,3,90,4,0,5,30,34,31
3016600,"Columbia Falls",Montana,3,2,1,0,2003,1304,543,156,633,77357,0,0,1,0,0,89,5,4,5,25,38,32
3017275,Conrad,Montana,4,2,1,0,3283,1825,1302,156,14,87992,0,3,0,0,1,91,4,0,5,29,40,26
3018775,"Cut Bank",Montana,5,3,2,0,3159,2008,1094,57,14,65901,0,21,1,0,5,66,6,1,7,28,40,25
3019825,"Deer Lodge",Montana,3,2,1,0,2392,1138,1021,233,18,71273,1,6,2,0,1,86,4,0,2,33,40,25
3020800,Dillon,Montana,3,2,1,0,2162,1174,811,177,332,67578,2,3,0,0,1,91,2,0,4,15,41,39
3031075,Glasgow,Montana,4,3,1,0,3350,2295,1009,46,148,82642,1,2,0,0,0,93,4,0,8,22,46,24
3031450,Glendive,Montana,3,1,1,0,2151,1158,977,16,173,82424,1,1,0,0,1,94,2,0,3,25,40,31
3032800,"Great Falls",Montana,3,1,1,0,1955,1099,789,67,17413,73451,1,5,1,0,3,82,7,2,5,30,37,27
3033775,Hamilton,Montana,3,2,1,0,2331,1282,822,227,376,71212,0,0,1,0,2,92,5,0,4,22,42,32
3034225,Hardin,Montana,4,2,2,0,3119,1697,1260,162,16,74859,0,32,1,0,8,50,9,0,13,28,33,26
3035050,Havre,Montana,4,3,1,0,3001,2215,698,88,1174,78284,0,7,0,0,1,88,4,0,2,32,30,35
3035600,Helena,Montana,2,1,1,0,2086,1135,869,82,9400,94516,1,1,1,0,2,90,4,0,3,20,24,53
3040075,Kalispell,Montana,3,2,1,0,1880,1195,593,92,7353,73196,1,2,1,0,1,89,5,1,4,24,40,32
3042700,Laurel,Montana,3,1,1,0,2311,1246,1028,37,1224,85963,0,1,1,0,5,87,5,0,8,34,38,21
3043375,Lewistown,Montana,3,2,1,0,2105,1259,706,140,800,69055,1,2,1,0,0,93,1,2,4,30,43,24
3043450,Libby,Montana,5,3,1,1,2027,1362,234,431,1195,43941,0,5,0,0,1,87,6,0,5,33,43,20
3043975,Livingston,Montana,3,2,1,0,2348,1408,759,181,1367,82722,0,2,0,0,0,93,4,0,1,33,35,31
3049525,"Miles City",Montana,3,2,1,0,2342,1310,993,39,2311,73150,1,1,0,0,3,89,4,1,2,27,42,29
3050200,Missoula,Montana,2,1,1,0,1708,1050,612,46,25407,83084,1,3,2,0,2,86,6,1,3,15,34,49
3058750,Polson,Montana,3,2,1,0,2182,1202,654,326,93,74855,1,14,2,1,0,72,11,0,4,24,26,46
3067450,Shelby,Montana,-,-,-,-,-,-,-,-,-,-,-,-,-,-,-,-,-,-,-,-,-,-
3067900,Sidney,Montana,2,1,1,0,2054,1111,907,36,120,84375,0,0,0,1,3,87,6,3,6,41,39,14
3079825,Whitefish,Montana,3,2,1,0,2788,1715,900,173,639,104508,0,1,0,0,0,94,4,0,2,17,24,57
3081475,"Wolf Point",Montana,4,2,2,0,2531,1060,1370,101,14,59156,0,60,2,0,0,26,11,1,5,32,43,19
3100905,Alliance,Nebraska,5,3,1,0,3644,2557,1058,29,194,79085,5,3,1,0,5,78,6,3,7,25,50,18
3102655,Auburn,Nebraska,4,3,1,0,3406,2416,958,32,122,83557,1,0,1,0,0,91,6,1,12,31,32,25
3102690,Aurora,Nebraska,3,2,1,0,2449,1559,871,19,228,90065,0,0,0,0,1,95,3,1,2,21,51,26
3103390,Beatrice,Nebraska,5,4,2,0,3170,2194,951,25,2830,62221,1,0,1,0,4,91,2,1,6,37,40,17
3103950,Bellevue,Nebraska,2,1,1,0,2479,1188,1281,10,17675,99934,6,1,3,0,8,67,9,6,6,22,38,34
3105350,Blair,Nebraska,2,1,1,0,2420,1279,1103,38,720,100488,1,0,0,0,2,95,2,0,6,22,34,38
3106610,"Broken Bow",Nebraska,9,5,4,0,7178,4096,3058,24,219,81305,1,0,0,0,5,90,3,1,4,33,41,23
3108535,"Central City",Nebraska,4,3,1,0,2782,2114,650,18,242,77554,0,0,3,0,2,88,4,3,5,34,44,17
3108605,Chadron,Nebraska,7,5,1,0,4417,3431,936,50,332,65906,3,3,1,0,1,83,8,0,5,14,41,41
3110110,Columbus,Nebraska,3,2,1,0,2484,1836,627,21,5281,79657,1,0,1,0,9,73,11,5,10,28,37,24
3111020,Cozad,Nebraska,5,4,1,0,3318,2443,843,32,501,66570,3,0,2,0,7,86,0,2,11,36,36,17
3111370,Crete,Nebraska,4,3,1,0,4349,3403,921,25,401,100657,3,0,7,0,20,57,6,8,26,14,27,33
3112315,"David City",Nebraska,5,3,1,0,3575,2655,884,36,89,78554,0,0,0,0,2,91,3,3,5,40,19,36
3116410,Fairbury,Nebraska,7,5,2,0,3900,2868,1003,29,333,53856,2,0,0,0,2,90,5,0,21,36,28,15
3116655,"Falls City",Nebraska,5,4,2,0,3315,2331,948,36,137,62379,1,3,0,0,0,91,5,0,4,47,26,23
3117670,Fremont,Nebraska,2,2,1,0,1999,1242,732,25,7202,81902,1,0,0,0,9,81,7,2,9,38,28,25
3118580,Gering,Nebraska,4,3,1,0,3367,2266,1082,19,953,87099,1,0,0,1,14,69,11,4,7,26,40,28
3119385,Gothenburg,Nebraska,3,2,1,0,3523,2779,710,34,214,112669,0,0,1,0,2,93,4,0,7,27,40,26
3119595,"Grand Island",Nebraska,2,1,1,0,1893,1031,836,26,14906,79971,4,1,1,0,8,62,8,16,16,28,34,22
3120260,Gretna,Nebraska,2,1,1,0,2465,1177,1280,8,343,152289,0,0,0,0,3,93,3,1,2,14,24,60
3121415,Hastings,Nebraska,2,1,1,0,1609,1042,544,23,4755,76592,1,0,1,0,3,82,8,5,7,23,42,28
3122640,Holdrege,Nebraska,4,3,1,0,3537,2545,969,23,354,83293,1,1,0,0,1,89,6,1,10,25,41,23
3125055,Kearney,Nebraska,3,2,1,0,2519,1685,815,19,7273,83137,1,1,2,0,4,83,4,5,7,20,40,34
3125475,Kimball,Nebraska,5,3,2,0,3126,1816,1244,66,15,68984,0,1,0,0,6,84,8,0,12,39,36,13
3126385,"La Vista",Nebraska,2,1,1,0,2416,1238,1171,7,6576,101496,4,0,2,0,5,80,5,3,2,20,40,38
3126910,Lexington,Nebraska,3,2,1,0,2193,1515,648,30,1021,72274,16,1,1,1,19,19,14,29,33,32,22,13
3128000,Lincoln,Nebraska,2,1,1,0,2117,1251,856,10,106958,89930,4,1,4,0,4,78,7,2,6,19,34,41
3129925,McCook,Nebraska,5,4,1,0,3798,2863,900,35,661,79085,2,1,0,0,1,92,4,2,4,31,34,31
3132340,Minden,Nebraska,4,3,1,0,3177,2114,1038,25,150,84061,0,0,0,0,8,85,6,1,12,29,31,29
3133705,"Nebraska City",Nebraska,5,4,1,0,3808,2770,1008,30,1495,73083,1,1,0,0,2,85,8,4,8,39,29,24
3134615,Norfolk,Nebraska,3,2,1,0,2608,1676,902,30,6299,79518,1,1,1,0,6,79,9,4,6,29,39,26
3135000,"North Platte",Nebraska,3,2,1,0,2184,1198,944,42,6092,74103,1,1,1,0,4,83,5,5,7,29,46,19
3135980,Ogallala,Nebraska,4,3,1,0,2462,1636,773,53,947,62618,1,0,1,0,1,92,4,2,8,23,48,21
3137000,Omaha,Nebraska,2,1,1,0,2197,1307,879,11,194024,100128,12,1,4,0,6,65,8,4,8,19,32,41
3137105,O'Neill,Nebraska,5,3,1,0,3498,2647,825,26,97,77050,1,0,0,0,5,89,4,1,8,29,43,20
3138295,Papillion,Nebraska,2,1,1,0,2367,1133,1224,10,8153,131584,4,0,2,0,3,83,6,1,2,16,32,50
3139345,Plattsmouth,Nebraska,3,2,1,0,2373,1385,954,34,298,83755,0,0,0,0,3,87,6,3,5,32,40,23
3140605,Ralston,Nebraska,2,2,1,0,1961,1258,696,7,2928,83255,4,1,0,0,8,75,5,8,10,27,33,30
3144035,Schuyler,Nebraska,6,5,1,0,5425,4388,1023,14,203,88758,5,9,0,0,26,21,21,19,29,38,24,9
3144245,Scottsbluff,Nebraska,5,3,1,0,3314,2351,939,24,3168,67273,1,6,1,0,14,61,11,7,8,25,42,25
3144420,Seward,Nebraska,4,3,1,0,3912,2976,911,25,839,100041,1,0,0,0,2,94,2,1,5,25,32,39
3145295,Sidney,Nebraska,4,3,1,0,2773,1847,904,22,1462,63013,1,0,2,0,6,85,4,1,6,37,34,23
3146030,"South Sioux City",Nebraska,2,2,1,0,1820,1262,541,17,4289,79350,13,3,3,0,7,32,17,25,19,32,35,15
3149950,Valentine,Nebraska,4,3,1,0,3370,2423,847,100,16,79675,0,5,2,0,1,82,9,2,3,36,33,28
3150020,Valley,Nebraska,2,1,1,0,2894,1317,1557,20,210,116902,1,0,0,0,2,94,3,0,3,22,32,43
3150965,Wahoo,Nebraska,3,2,1,0,3103,2357,673,73,238,104737,1,0,0,0,1,95,3,0,4,27,34,34
3151770,Waverly,Nebraska,2,1,1,0,2170,1069,1062,39,27,127442,0,0,0,0,4,93,2,0,1,25,37,37
3151840,Wayne,Nebraska,5,4,1,0,4087,3108,931,48,407,82675,2,0,0,0,4,86,4,3,4,21,45,30
3152575,"West Point",Nebraska,5,4,1,0,4498,3402,1061,35,49,84429,0,1,0,0,5,81,9,4,9,29,36,26
3154045,York,Nebraska,3,2,1,0,3062,2170,866,26,665,88391,1,1,1,0,2,88,5,1,4,28,41,28
3206500,"Boulder City",Nevada,2,1,0,0,1893,1421,459,13,6463,109791,1,0,2,0,4,83,7,2,2,24,37,36
3209700,"Carson City",Nevada,2,1,1,0,1891,947,891,53,23355,91048,2,2,3,0,10,64,10,8,9,21,43,27
3222500,Elko,Nevada,2,1,1,0,2087,1109,887,91,4143,100694,1,4,2,0,12,63,11,8,10,27,40,23
3223500,Ely,Nevada,3,2,1,0,1954,1341,403,210,127,68104,3,1,1,0,13,75,3,4,11,24,50,15
3224100,Fallon,Nevada,4,3,1,0,3097,2186,849,62,3213,74666,3,3,4,0,8,72,6,3,3,34,47,16
3224900,Fernley,Nevada,2,1,1,0,2079,1039,981,59,8252,99836,2,2,2,0,9,71,11,4,7,35,42,16
3231900,Henderson,Nevada,2,1,1,0,2405,1779,618,8,122190,118683,6,1,9,1,7,59,11,6,5,19,37,39
3240000,"Las Vegas",Nevada,2,2,1,0,2216,1696,514,6,230625,94872,12,1,7,1,11,41,14,14,12,25,34,29
3246000,Mesquite,Nevada,2,2,0,0,1717,1541,170,6,8074,87052,1,1,2,1,11,70,8,6,7,29,36,28
3251800,"North Las Vegas",Nevada,3,2,1,0,2323,1710,604,9,83842,89961,22,1,7,1,15,24,17,14,16,28,36,20
3260600,Reno,Nevada,2,1,0,0,1674,1136,494,44,102941,101681,3,1,7,1,7,59,11,12,9,21,34,36
3268400,Sparks,Nevada,2,1,1,0,1932,1240,670,22,38255,102721,2,1,5,1,11,54,15,11,10,23,38,29
3283730,"West Wendover",Nevada,2,2,0,0,1691,1245,321,125,19,78781,0,1,2,0,17,48,25,7,10,40,40,10
3284800,Winnemucca,Nevada,2,2,1,0,2006,1302,661,43,1898,82657,1,3,3,1,15,56,7,14,22,25,29,24
3285400,Yerington,Nevada,3,2,2,0,1895,908,917,70,1067,57628,1,10,0,0,1,70,5,13,9,31,45,15
3300980,Alton,"New Hampshire",3,1,1,1,4568,1902,935,1731,12,143641,0,0,0,0,1,92,6,0,9,23,39,30
3301220,Amherst,"New Hampshire",3,1,1,1,5505,2335,1225,1945,83,187151,0,0,1,0,2,94,2,1,1,4,25,70
3301620,Antrim,"New Hampshire",4,2,1,1,5065,2127,1367,1571,126,118520,0,0,0,0,0,96,2,2,5,38,25,32
3303620,Bartlett,"New Hampshire",4,2,2,1,3938,1515,1481,942,42,96357,0,0,1,0,0,99,0,0,4,25,31,40
3304660,Belmont,"New Hampshire",5,2,1,1,4326,1952,977,1397,125,95773,2,0,2,0,0,94,2,0,16,33,28,24
3305140,Berlin,"New Hampshire",5,2,1,3,3875,1551,435,1889,3638,71475,6,0,0,0,3,88,2,0,12,33,37,18
3305380,Bethlehem,"New Hampshire",5,2,1,2,4829,2016,1161,1652,17,106390,1,0,1,0,1,96,1,0,2,18,28,53
3307620,Bristol,"New Hampshire",5,2,1,2,4222,1707,710,1805,287,81557,0,0,4,0,0,89,6,1,4,32,37,27
3308900,Canaan,"New Hampshire",4,2,1,2,4764,1828,1273,1663,14,110559,2,0,2,0,0,91,5,1,6,30,30,35
3311300,Charlestown,"New Hampshire",6,3,1,2,3881,1739,803,1339,55,68530,0,0,2,0,1,94,3,0,9,33,41,17
3312900,Claremont,"New Hampshire",5,2,1,2,3847,1728,713,1406,5203,72822,2,0,1,0,1,91,5,0,7,39,28,26
3314200,Concord,"New Hampshire",3,1,1,1,3049,1536,933,580,17955,105557,3,1,4,0,1,86,4,1,6,22,28,44
3314580,Conway,"New Hampshire",5,2,2,1,4565,1899,1511,1155,706,99438,0,0,1,0,1,95,3,0,4,26,37,34
3317860,Derry,"New Hampshire",3,2,1,1,4142,2068,839,1235,8138,118351,1,0,2,0,3,90,2,1,8,25,33,34
3318820,Dover,"New Hampshire",3,1,1,1,3368,1719,855,794,14606,122184,1,0,4,0,2,87,4,1,3,18,25,55
3319620,Durham,"New Hampshire",3,1,0,1,3674,1898,694,1082,851,141382,0,0,4,0,1,89,6,0,1,13,30,56
3324260,Enfield,"New Hampshire",4,2,1,1,4435,1875,1354,1206,121,113215,1,0,0,0,0,98,0,0,1,20,34,45
3324580,Epping,"New Hampshire",4,2,1,1,5092,2271,1382,1439,483,144639,0,0,1,0,2,93,3,1,4,25,38,33
3325300,Exeter,"New Hampshire",3,1,1,1,3498,1654,929,915,2784,121714,1,0,5,0,2,89,3,1,3,24,27,46
3325940,Farmington,"New Hampshire",6,3,1,3,3820,1653,640,1527,1621,60562,3,0,0,0,1,90,3,3,16,32,44,8
3327380,Franklin,"New Hampshire",4,2,1,1,4088,1874,916,1298,3717,94821,1,0,1,0,1,92,4,1,8,36,37,18
3329780,Goffstown,"New Hampshire",3,1,1,1,5012,2162,1065,1785,412,154718,0,0,0,0,0,94,6,0,2,23,26,49
3330180,Gorham,"New Hampshire",5,2,1,2,4167,1632,618,1917,16,86061,0,0,2,0,1,94,3,0,3,40,29,28
3332980,Hampton,"New Hampshire",2,1,1,1,3453,1755,935,763,3389,138308,0,0,1,0,0,96,2,0,3,17,32,48
3333780,Hanover,"New Hampshire",2,1,0,1,4276,1844,850,1582,1971,183465,5,0,11,0,1,71,10,2,2,1,11,86
3335460,Henniker,"New Hampshire",4,2,1,1,4215,1883,951,1381,72,103968,1,0,0,0,3,93,3,0,1,24,37,38
3336020,Hillsborough,"New Hampshire",5,2,1,2,4961,2020,1200,1741,110,99980,1,0,0,0,1,92,5,2,6,43,26,25
3336580,Hinsdale,"New Hampshire",5,2,1,2,4464,1838,606,2020,175,94050,0,0,0,0,0,97,3,1,8,48,32,12
3337220,Hooksett,"New Hampshire",3,2,1,1,4274,2152,1122,1000,699,138187,2,0,2,0,1,90,4,1,3,21,31,45
3337860,Hudson,"New Hampshire",3,2,1,1,3203,1764,890,549,3103,107922,5,0,1,0,0,92,1,1,8,30,35,27
3338420,Jaffrey,"New Hampshire",4,2,1,2,4530,2010,632,1888,182,106797,1,0,1,0,0,93,5,0,2,27,33,38
3339300,Keene,"New Hampshire",4,2,1,2,3760,1729,557,1474,9259,91173,1,0,1,0,1,92,5,1,5,21,27,47
3340180,Laconia,"New Hampshire",4,2,1,1,3935,1907,858,1170,6965,92893,1,0,1,0,1,93,2,3,7,26,39,28
3340340,Lancaster,"New Hampshire",5,2,1,2,4636,1702,631,2303,53,96629,0,0,0,0,0,98,2,0,7,31,24,37
3341300,Lebanon,"New Hampshire",3,1,1,1,4019,1766,906,1347,6099,125594,1,0,7,0,2,84,5,1,7,18,17,58
3342500,Littleton,"New Hampshire",7,4,1,2,4836,2648,645,1543,426,71706,0,0,0,0,3,88,8,1,6,39,22,32
3343140,Londonderry,"New Hampshire",3,2,1,1,4690,2270,955,1465,4539,143168,1,0,0,0,1,94,4,0,3,26,24,47
3343300,Loudon,"New Hampshire",4,2,1,1,4702,1919,1250,1533,91,108248,0,0,0,0,0,97,3,0,5,39,29,27
3345140,Manchester,"New Hampshire",3,2,1,1,3091,1640,763,688,48409,94252,6,0,5,0,5,73,9,3,9,27,29,35
3347060,Meredith,"New Hampshire",4,2,1,1,4147,1801,1005,1341,259,107882,0,0,2,0,1,95,2,0,4,25,25,46
3347940,Milford,"New Hampshire",4,2,1,1,3843,1921,1006,916,3461,105747,0,0,2,0,2,85,10,1,3,33,34,29
3348580,Milton,"New Hampshire",4,2,1,2,4649,2044,863,1742,33,109521,0,0,1,0,0,97,2,0,10,34,26,31
3350260,Nashua,"New Hampshire",3,1,1,0,3051,1675,1125,251,37478,116654,3,0,8,0,5,73,9,2,6,22,28,43
3350660,"New Boston","New Hampshire",3,1,1,1,5362,2429,1506,1427,21,173904,0,0,0,0,1,97,1,1,7,15,26,51
3352020,"New London","New Hampshire",4,1,1,1,4824,1951,1181,1692,61,137550,2,0,1,0,0,94,4,0,0,12,23,66
3352260,Newmarket,"New Hampshire",3,2,1,1,3518,1725,769,1024,1008,112280,1,0,2,0,1,93,4,0,0,15,34,51
3352500,Newport,"New Hampshire",5,2,1,2,4120,1893,912,1315,1133,84512,0,1,0,0,5,91,2,1,3,41,30,27
3360500,Peterborough,"New Hampshire",3,1,1,1,4081,1812,841,1428,597,135537,0,0,1,0,3,93,0,4,3,13,31,54
3361860,Pittsfield,"New Hampshire",5,2,1,2,4354,1822,930,1602,126,88755,0,0,0,0,0,99,1,0,7,41,31,21
3362580,Plymouth,"New Hampshire",4,2,1,2,3889,1420,925,1544,432,91286,4,0,1,0,1,89,5,0,0,23,31,46
3362900,Portsmouth,"New Hampshire",2,1,1,0,3102,1640,859,603,10071,139530,1,0,4,0,1,87,4,2,3,14,18,65
3363940,Raymond,"New Hampshire",4,2,1,1,4399,2009,968,1422,956,98971,0,0,0,0,1,92,4,1,8,34,38,20
3365140,Rochester,"New Hampshire",4,2,1,1,3960,1839,857,1264,13542,96798,1,0,1,0,1,92,4,1,6,30,35,29
3369940,Somersworth,"New Hampshire",4,2,1,1,3994,1832,756,1406,5232,98984,2,0,4,0,1,84,6,2,4,24,46,27
3378340,Walpole,"New Hampshire",4,2,1,2,4261,1951,629,1681,43,107896,3,0,0,0,1,89,2,5,15,21,31,33
3378500,Warner,"New Hampshire",4,2,1,1,4744,1965,1157,1622,20,120709,1,0,1,0,2,93,4,0,6,24,34,36
3385140,Wilton,"New Hampshire",4,2,1,1,4981,2058,1243,1680,283,133403,0,0,0,0,1,94,4,1,5,23,33,39
3385460,Winchester,"New Hampshire",5,2,1,2,3983,1870,524,1589,81,83834,0,1,0,0,0,96,3,0,11,41,30,17
3386340,Wolfeboro,"New Hampshire",4,2,1,2,3850,1709,661,1480,467,91383,0,2,0,0,0,96,2,0,5,16,33,46
3400100,Absecon,"New Jersey",3,2,2,0,3407,1645,1566,196,3564,98637,9,1,3,1,3,69,12,3,5,24,41,30
3400700,Allendale,"New Jersey",1,1,0,0,3295,2065,1021,209,2271,221620,1,0,16,0,0,76,7,0,1,5,16,79
3401960,"Asbury Park","New Jersey",2,1,1,0,2297,1043,1168,86,7477,104045,36,1,2,0,6,38,7,9,11,21,22,47
3402080,"Atlantic City","New Jersey",4,2,2,0,2350,1267,1056,27,16473,57809,30,1,16,0,7,16,10,20,23,34,24,19
3402110,"Atlantic Highlands","New Jersey",2,1,1,0,3127,1311,1701,115,1907,186393,0,1,1,0,2,91,4,1,1,17,28,54
3402200,Audubon,"New Jersey",2,1,1,0,2321,1305,795,221,3499,118760,2,0,0,0,2,92,2,1,3,29,26,43
3403250,Barrington,"New Jersey",2,1,1,0,1913,1068,722,123,3377,102881,1,0,3,0,3,87,5,0,4,28,24,43
3403580,Bayonne,"New Jersey",2,1,1,0,1807,1090,613,104,27212,103299,12,0,10,0,13,41,14,9,9,27,23,41
3404180,Beachwood,"New Jersey",2,1,1,0,3080,1336,1426,318,3935,123430,6,0,1,0,5,79,6,2,3,27,40,29
3404750,Bellmawr,"New Jersey",3,1,1,0,2221,1178,941,102,4834,88443,5,0,10,0,4,72,6,4,10,41,26,23
3404930,Belmar,"New Jersey",2,1,1,0,2610,1178,1389,43,2699,140471,6,0,1,0,6,80,4,3,5,10,28,57
3404990,Belvidere,"New Jersey",3,1,0,1,3063,1268,380,1415,1144,107346,0,1,0,0,2,91,4,1,5,41,26,28
3405170,Bergenfield,"New Jersey",2,1,1,0,2514,1494,914,106,9288,150979,9,1,27,0,14,33,9,7,6,21,24,49
3405440,Berlin,"New Jersey",3,1,1,0,3205,1586,1547,72,2835,125656,12,0,1,0,1,76,6,4,8,23,35,34
3405590,Bernardsville,"New Jersey",1,1,0,0,3223,1785,955,483,2680,261475,1,0,3,0,6,85,2,3,8,11,11,70
3406340,Bloomingdale,"New Jersey",2,1,1,0,2558,1513,770,275,2949,153151,4,0,4,0,6,73,8,4,6,22,28,44
3406490,Bogota,"New Jersey",2,1,1,0,2847,1697,899,251,3199,146352,13,1,8,0,20,31,11,16,10,25,28,38
3406610,Boonton,"New Jersey",2,1,1,0,2934,1140,1487,307,3414,145160,7,1,10,0,3,66,11,2,4,21,23,52
3406670,Bordentown,"New Jersey",2,1,1,0,1922,1165,650,107,1849,103210,11,0,3,0,2,74,9,1,8,19,24,49
3406790,"Bound Brook","New Jersey",2,1,1,0,1952,1206,655,91,4567,105231,5,2,4,0,14,35,11,28,13,26,24,37
3406970,"Bradley Beach","New Jersey",2,1,1,0,2330,1042,1224,64,1923,124974,1,0,4,0,16,70,3,7,7,16,20,57
3407600,Bridgeton,"New Jersey",6,3,2,1,3589,1803,1187,599,6918,61264,30,1,0,0,21,11,25,12,31,39,21,9
3407750,Brielle,"New Jersey",2,1,1,0,3195,1462,1647,86,1846,203558,1,1,1,0,2,93,1,1,1,11,21,67
3407810,Brigantine,"New Jersey",2,1,1,0,2927,1446,1445,36,2787,130721,1,0,8,0,2,81,5,3,7,23,26,45
3408680,Buena,"New Jersey",3,2,1,0,3409,1785,1242,382,1551,115218,4,0,9,0,15,57,11,4,9,34,36,22
3408920,Burlington,"New Jersey",3,2,1,0,2497,1456,798,243,3767,90963,34,0,2,0,4,44,13,4,11,29,33,27
3409040,Butler,"New Jersey",1,1,1,0,2042,1120,774,148,3482,137649,2,0,4,0,11,71,5,7,5,24,27,44
3409250,Caldwell,"New Jersey",1,1,1,0,2306,1260,950,96,3628,167063,5,0,14,0,2,67,10,2,3,18,17,62
3410000,Camden,"New Jersey",4,2,1,0,2175,1344,720,111,24372,56271,43,1,2,0,6,3,9,35,26,36,28,11
3410270,"Cape May","New Jersey",2,1,1,0,2527,1415,1062,50,900,118152,3,0,0,0,8,74,6,10,3,8,33,56
3410480,Carlstadt,"New Jersey",2,1,1,0,2201,1306,788,107,2586,121064,1,0,9,0,9,67,12,2,5,37,23,36
3410750,Carteret,"New Jersey",2,1,1,0,2094,927,853,314,8155,101494,16,0,25,0,10,22,14,12,13,32,24,31
3412100,Chatham,"New Jersey",1,1,0,0,2649,1598,893,158,2950,297061,0,0,11,0,3,80,5,1,1,5,10,85
3413360,Clayton,"New Jersey",3,2,1,0,3215,1677,1396,142,3188,110888,21,0,0,0,3,65,4,6,10,35,29,26
3413420,Clementon,"New Jersey",3,2,2,0,2710,1369,1220,121,2268,77574,21,0,2,0,3,59,10,4,5,42,38,14
3413570,"Cliffside Park","New Jersey",1,1,0,0,1823,1122,564,137,10526,130313,3,1,13,0,16,42,14,11,11,21,18,49
3413690,Clifton,"New Jersey",2,1,1,0,2116,1239,777,100,32640,123070,5,0,9,0,13,47,13,15,9,30,24,37
3413720,Clinton,"New Jersey",1,1,0,0,2751,1432,750,569,1091,185377,1,0,10,0,3,75,7,4,3,17,25,55
3413810,Closter,"New Jersey",1,1,0,0,3526,2338,1140,48,2721,236142,3,2,35,0,4,45,8,3,5,13,17,66
3414260,Collingswood,"New Jersey",2,1,1,0,1965,1127,673,165,6261,107449,10,0,1,0,3,79,5,2,5,18,27,50
3415820,Cresskill,"New Jersey",1,1,0,0,3360,2288,1052,20,3060,238822,1,0,29,0,5,58,6,1,2,16,19,63
3417530,Demarest,"New Jersey",1,1,0,0,3592,2345,1227,20,1690,246096,0,0,27,0,4,67,1,1,0,7,10,83
3418070,Dover,"New Jersey",3,1,2,0,2793,1025,1432,336,6128,86057,9,0,2,0,21,15,17,37,23,32,24,22
3418400,Dumont,"New Jersey",2,1,1,0,2430,1427,929,74,6590,139324,4,0,19,0,8,52,12,6,4,25,27,44
3418490,Dunellen,"New Jersey",2,1,1,0,2732,1449,1029,254,2446,114993,5,0,9,0,5,38,14,30,13,32,17,39
3419360,"East Newark","New Jersey",2,1,1,0,1883,1205,625,53,846,98149,1,0,8,0,14,21,25,32,19,39,20,22
3419390,"East Orange","New Jersey",2,1,1,0,1886,1085,675,126,26369,79656,81,0,2,0,1,2,6,8,12,28,34,26
3419510,"East Rutherford","New Jersey",2,1,1,0,1736,1073,614,49,4258,113740,4,0,25,0,6,50,4,10,6,19,28,47
3419840,Eatontown,"New Jersey",2,1,1,0,2638,1265,1290,83,5590,120372,9,1,10,0,5,65,8,3,5,24,27,43
3420020,Edgewater,"New Jersey",1,1,0,0,1357,1008,332,17,7025,180172,5,0,41,0,5,36,10,3,2,13,12,73
3420350,"Egg Harbor City","New Jersey",4,2,1,1,3231,1533,1157,541,1859,77441,24,0,1,0,6,44,9,15,18,32,28,21
3421000,Elizabeth,"New Jersey",2,1,1,0,1745,858,842,45,45493,77503,18,1,2,0,15,13,14,37,23,37,24,16
3421300,"Elmwood Park","New Jersey",2,1,1,0,2290,1346,833,111,7220,116462,7,0,10,0,14,50,8,11,10,30,27,33
3421450,Emerson,"New Jersey",2,1,1,0,3279,1867,1143,269,2626,210232,1,0,12,0,2,78,5,2,2,13,31,54
3421480,Englewood,"New Jersey",2,1,1,0,2313,1316,814,183,11317,151957,23,1,12,0,12,30,9,12,8,17,26,49
3421510,"Englewood Cliffs","New Jersey",1,1,0,0,3190,1935,1250,5,1860,268248,2,0,43,0,5,41,8,1,4,11,9,76
3422440,"Fair Haven","New Jersey",1,1,1,0,3830,1604,2004,222,2106,259125,4,0,0,0,2,91,3,0,3,3,13,80
3422470,"Fair Lawn","New Jersey",1,1,1,0,2461,1462,891,108,12309,172941,4,0,12,0,6,68,8,3,2,13,19,66
3422560,Fairview,"New Jersey",2,1,1,0,1810,1081,648,81,5829,102185,2,1,7,0,25,33,11,21,25,29,20,26
3422740,Fairview,"New Jersey",2,1,1,0,3647,1480,1714,453,1226,217653,0,0,1,0,3,93,2,1,1,14,24,60
3422860,Fanwood,"New Jersey",1,1,0,0,2863,1315,1032,516,2808,216425,5,0,8,0,3,73,11,1,3,9,15,74
3423700,Flemington,"New Jersey",2,1,1,0,2254,1052,747,455,1905,125322,6,0,6,0,6,59,6,17,11,30,20,39
3423910,"Florham Park","New Jersey",1,1,0,0,2421,1588,715,118,4530,218733,7,0,9,0,6,70,5,2,1,12,19,68
3424420,"Fort Lee","New Jersey",1,1,0,0,1358,937,387,34,18312,141333,3,0,44,0,5,38,7,3,4,13,16,67
3424930,Franklin,"New Jersey",3,1,0,1,2987,1136,459,1392,2209,96581,2,0,0,0,3,79,9,6,9,32,36,23
3424990,"Franklin Lakes","New Jersey",1,1,0,0,3723,2418,1172,133,3767,248355,2,0,10,0,2,78,7,0,1,6,12,81
3425200,Freehold,"New Jersey",3,1,2,0,2926,1300,1496,130,4388,98535,12,7,2,0,13,39,9,18,23,18,32,27
3425770,Garfield,"New Jersey",2,1,1,0,2111,1318,738,55,11544,99560,6,0,3,0,18,51,10,12,14,36,27,23
3425800,Garwood,"New Jersey",1,1,1,0,2002,957,847,198,1956,155023,0,0,2,0,3,75,8,12,3,24,30,43
3426340,Glassboro,"New Jersey",3,1,1,0,2939,1533,1331,75,7521,108000,18,0,6,0,2,64,4,5,6,23,30,42
3426610,"Glen Ridge","New Jersey",1,1,0,0,3457,1869,1278,310,2462,307090,3,0,5,0,3,75,12,1,0,3,9,88
3426640,"Glen Rock","New Jersey",1,1,0,0,3364,2052,1241,71,3652,273105,1,0,15,0,2,76,5,1,2,9,11,78
3426820,"Gloucester City","New Jersey",3,2,1,0,2318,1367,843,108,4061,87365,7,0,5,0,8,68,4,8,8,43,31,17
3428650,Guttenberg,"New Jersey",1,1,0,0,1541,1071,433,37,4977,106861,4,1,7,0,30,20,16,21,12,17,22,49
3428680,Hackensack,"New Jersey",1,1,0,0,1530,1037,423,70,19773,110197,20,0,13,0,13,27,13,14,10,22,22,47
3428710,Hackettstown,"New Jersey",2,1,1,0,2538,1256,702,580,3698,117768,4,0,6,0,9,68,7,6,7,28,25,40
3428770,Haddonfield,"New Jersey",1,1,0,0,2759,1671,987,101,4000,233751,1,0,1,0,1,89,7,0,1,6,8,86
3428800,"Haddon Heights","New Jersey",2,1,1,0,2362,1315,877,170,3132,137041,2,0,1,0,2,92,2,0,4,19,25,52
3429070,Haledon,"New Jersey",2,1,1,0,2223,1316,858,49,3192,117667,16,2,4,0,22,23,11,21,9,31,29,31
3429220,Hamburg,"New Jersey",2,1,0,1,2504,1232,601,671,1457,129945,2,0,6,0,5,70,11,8,2,28,25,45
3429430,Hammonton,"New Jersey",3,1,1,0,3350,1677,1340,333,5751,117692,2,0,1,0,4,72,6,15,8,33,27,32
3430150,"Harrington Park","New Jersey",1,1,0,0,3616,2403,1182,31,1737,246609,0,0,20,0,1,71,6,1,0,14,17,69
3430210,Harrison,"New Jersey",1,1,0,0,1438,983,429,26,8531,104294,6,2,20,0,12,25,15,21,10,23,15,52
3430420,"Hasbrouck Heights","New Jersey",2,1,1,0,2422,1381,868,173,4283,144193,6,0,9,0,16,57,7,5,4,27,23,45
3430540,Haworth,"New Jersey",1,1,0,0,3392,2145,1232,15,1069,273367,3,0,12,0,2,67,15,1,1,10,11,78
3430570,Hawthorne,"New Jersey",2,1,1,0,2447,1391,904,152,7585,137757,4,0,1,0,7,70,12,7,4,23,23,50
3431320,"High Bridge","New Jersey",2,1,0,1,3556,1577,539,1440,1436,145757,5,0,9,0,4,74,5,3,5,22,24,49
3431470,"Highland Park","New Jersey",1,1,0,0,1649,972,570,107,6548,126018,7,1,22,0,7,53,6,5,3,7,12,77
3431500,Highlands,"New Jersey",2,1,1,0,2533,1175,1348,10,2515,148225,1,0,6,0,3,84,6,0,9,10,24,57
3431620,Hightstown,"New Jersey",2,1,0,0,2633,1625,808,200,2050,168327,8,0,4,0,22,56,3,7,11,16,29,43
3431920,Hillsdale,"New Jersey",1,1,0,0,3198,1914,1179,105,3416,245914,2,0,7,0,2,79,7,2,3,11,22,65
3432250,Hoboken,"New Jersey",1,0,0,0,1224,892,322,10,27879,222334,4,0,13,0,6,64,10,3,4,8,8,81
3432310,Ho-Ho-Kus,"New Jersey",1,1,0,0,3408,2057,1268,83,1409,303185,1,0,12,0,5,72,8,2,0,5,10,85
3432910,Hopatcong,"New Jersey",3,1,0,1,3829,1458,450,1921,5707,133471,3,0,3,0,7,74,8,4,3,30,28,39
3434890,Jamesburg,"New Jersey",2,1,1,0,2136,1136,727,273,2079,125814,2,0,7,0,19,56,13,3,6,32,25,37
3436000,"Jersey City","New Jersey",1,1,0,0,1460,1011,407,42,119296,138145,22,1,26,0,7,23,12,9,9,19,17,55
3436480,Keansburg,"New Jersey",3,1,1,0,2795,1281,1437,77,3896,102201,9,0,2,0,4,70,6,8,13,43,28,15
3436510,Kearny,"New Jersey",2,1,1,0,2058,1199,736,123,14703,105917,5,0,3,0,17,32,19,22,15,28,25,32
3436690,Kenilworth,"New Jersey",2,1,1,0,2289,1117,985,187,2802,132380,5,0,3,0,8,56,15,14,6,25,31,37
3436810,Keyport,"New Jersey",2,1,1,0,2540,1132,1247,161,3364,104015,5,0,3,0,11,70,9,3,7,26,29,38
3437110,Kinnelon,"New Jersey",2,1,0,1,3391,1461,753,1177,3347,196816,0,0,7,0,1,86,4,2,1,11,14,74
3437770,Lakehurst,"New Jersey",3,2,1,1,3021,1373,908,740,969,89287,8,1,5,0,5,68,10,3,9,43,29,19
3438610,Lambertville,"New Jersey",1,1,0,0,2590,1439,683,468,2012,187341,2,0,2,0,7,84,6,1,9,11,14,66
3439420,Lawnside,"New Jersey",2,1,1,0,2252,1204,960,88,1146,117147,78,0,1,0,1,5,4,12,4,40,34,22
3440020,Leonia,"New Jersey",2,1,1,0,2444,1424,921,99,3433,155519,2,0,37,0,8,34,15,3,6,8,22,64
3440290,"Lincoln Park","New Jersey",2,1,1,0,2339,1179,866,294,4117,152592,3,0,6,0,2,75,12,2,6,21,23,51
3440350,Linden,"New Jersey",2,1,1,0,2233,1086,925,222,15219,109115,28,0,3,0,9,33,14,12,12,32,33,24
3440440,Lindenwold,"New Jersey",4,2,1,0,2522,1396,995,131,9027,69220,33,1,3,0,7,30,8,19,11,42,26,20
3440530,Linwood,"New Jersey",2,1,1,0,3517,1741,1616,160,2219,160985,1,0,6,0,2,83,4,2,4,14,22,60
3440680,"Little Ferry","New Jersey",2,1,1,0,1820,1197,597,26,4334,109784,4,1,22,0,13,38,12,11,7,30,26,37
3440770,"Little Silver","New Jersey",1,1,1,0,3513,1473,1831,209,2248,239867,0,0,0,0,1,99,0,0,1,3,12,84
3441100,Lodi,"New Jersey",2,1,1,0,2057,1248,689,120,9279,120860,11,0,7,0,17,40,15,9,13,29,28,30
3441310,"Long Branch","New Jersey",2,1,1,0,2589,1152,1353,84,12813,104997,14,1,2,0,8,56,10,9,15,24,23,38
3442510,Madison,"New Jersey",2,1,0,0,3767,2861,813,93,5526,243907,2,0,6,0,4,76,10,2,3,12,12,74
3442630,Magnolia,"New Jersey",2,1,1,0,2598,1192,1348,58,1784,104048,18,0,8,0,6,58,8,2,7,39,17,37
3443050,Manasquan,"New Jersey",2,1,1,0,3172,1335,1772,65,2501,182130,0,1,1,0,1,91,4,1,0,11,16,72
3443620,Manville,"New Jersey",2,1,1,0,2242,1296,907,39,4391,113812,10,2,4,0,3,66,7,9,7,39,26,28
3443890,"Margate City","New Jersey",2,1,1,0,3097,1536,1508,53,1597,151255,0,0,2,0,0,95,2,1,2,16,25,57
3444520,Matawan,"New Jersey",2,1,1,0,2344,1213,933,198,3775,148587,12,0,3,0,7,67,9,2,3,28,28,42
3444880,Maywood,"New Jersey",2,1,1,0,2430,1425,898,107,3702,142839,6,1,17,0,7,51,12,6,5,22,30,43
3445210,"Medford Lakes","New Jersey",2,1,1,0,3772,1735,1520,517,1467,173246,0,0,2,0,2,91,5,0,0,6,32,62
3445330,Mendham,"New Jersey",1,1,0,0,2739,1470,965,304,1739,219176,0,0,6,0,2,84,7,0,0,9,12,79
3445510,Merchantville,"New Jersey",2,1,1,0,2369,1461,798,110,1473,131634,12,0,3,0,3,59,17,5,8,30,25,37
3445690,Metuchen,"New Jersey",1,1,1,0,2310,1186,963,161,5343,182830,7,0,15,0,4,61,11,3,3,9,20,68
3445900,Middlesex,"New Jersey",2,1,1,0,2381,1410,943,28,5580,134639,7,3,11,0,6,55,9,10,5,27,32,36
3446110,"Midland Park","New Jersey",1,1,1,0,2413,1282,930,201,2893,176371,2,0,2,0,6,82,6,1,4,20,22,54
3446620,Milltown,"New Jersey",2,2,1,0,3389,2448,850,91,2496,147037,1,0,4,0,2,82,7,5,3,26,33,38
3446680,Millville,"New Jersey",4,2,2,0,3270,1565,1421,284,11646,90870,16,0,2,0,9,62,8,4,13,36,32,19
3447130,"Monmouth Beach","New Jersey",1,1,1,0,2907,1419,1415,73,1520,211287,1,0,4,0,3,84,4,4,2,10,15,73
3447610,Montvale,"New Jersey",1,1,0,0,3343,2162,989,192,3066,240869,2,0,14,0,5,72,7,1,4,15,26,55
3447700,Moonachie,"New Jersey",2,1,1,0,2430,1457,756,217,874,131808,2,0,9,0,42,28,9,10,5,28,38,29
3448210,"Morris Plains","New Jersey",1,1,0,0,2091,1299,738,54,2446,212390,2,0,7,0,3,78,6,4,3,9,13,75
3448300,Morristown,"New Jersey",1,1,0,0,1668,974,582,112,8949,167992,8,0,4,0,9,58,15,6,6,17,13,64
3448480,"Mountain Lakes","New Jersey",2,1,1,0,4025,1522,2125,378,1430,261172,0,0,13,0,4,78,4,0,1,5,7,87
3448510,Mountainside,"New Jersey",1,1,0,0,2346,1210,972,164,2537,215228,1,0,11,0,2,75,10,0,0,13,11,76
3448690,"Mount Arlington","New Jersey",3,1,1,1,3338,1397,1083,858,2422,130613,5,1,2,0,6,76,7,2,3,22,32,42
3448750,"Mount Ephraim","New Jersey",2,1,1,0,2307,1182,961,164,1680,102757,1,1,0,0,4,83,5,7,6,36,29,28
3449680,"National Park","New Jersey",2,1,1,0,2503,1416,829,258,1049,106049,2,0,2,0,2,88,5,1,4,41,37,19
3449920,"Neptune City","New Jersey",2,1,1,0,2415,1181,1068,166,2219,114829,26,0,1,0,3,64,4,2,1,17,54,28
3450130,Netcong,"New Jersey",3,1,1,1,3192,1157,767,1268,1870,118704,8,1,0,0,14,69,5,3,6,23,29,42
3451000,Newark,"New Jersey",3,2,1,0,1841,1054,730,57,112675,62654,47,0,2,0,10,9,11,20,21,35,26,19
3451210,"New Brunswick","New Jersey",2,1,1,0,1669,1088,519,62,15643,84382,15,4,9,0,18,27,8,20,28,21,23,28
3451660,"New Milford","New Jersey",2,1,1,0,2305,1315,814,176,6170,143680,5,1,20,0,6,51,10,7,3,20,25,52
3451810,"New Providence","New Jersey",1,1,0,0,2171,1348,795,28,5065,234475,1,0,16,0,1,72,9,1,1,13,14,73
3451930,Newton,"New Jersey",2,1,1,1,2578,1271,616,691,3516,112614,11,0,1,0,10,72,5,1,7,31,33,29
3452320,"North Arlington","New Jersey",2,1,1,0,2071,1229,723,119,6634,125286,2,0,8,0,14,57,9,9,7,24,28,41
3452620,"North Caldwell","New Jersey",1,1,0,0,3376,1817,1305,254,2208,263577,2,0,8,0,3,83,4,1,2,2,12,84
3452950,Northfield,"New Jersey",3,1,1,0,3487,1708,1557,222,3159,134968,3,0,8,0,5,75,7,2,5,25,23,47
3453040,"North Haledon","New Jersey",2,1,1,0,2775,1642,1041,92,2980,168903,5,0,5,0,8,66,11,4,12,23,28,37
3453280,"North Plainfield","New Jersey",2,1,1,0,2093,1148,803,142,8080,106683,22,0,5,0,12,23,14,24,13,23,31,32
3453430,Northvale,"New Jersey",2,1,1,0,3236,2130,1076,30,955,200247,1,0,33,0,5,54,7,1,5,16,16,63
3453490,"North Wildwood","New Jersey",2,1,1,0,2479,1428,1030,21,1551,120046,1,0,0,0,3,87,8,1,5,41,25,29
3453610,Norwood,"New Jersey",1,1,0,0,3228,2100,1085,43,1964,219744,1,0,32,0,2,60,6,0,3,21,15,61
3453850,Oakland,"New Jersey",2,1,1,0,3299,2075,1102,122,4381,211034,1,0,4,0,5,81,7,3,4,14,22,60
3453880,Oaklyn,"New Jersey",2,1,1,0,2175,1171,772,232,1729,108277,4,0,1,0,2,83,6,3,2,24,30,44
3454360,"Ocean City","New Jersey",2,1,1,0,2680,1516,1117,47,4773,144264,3,0,0,0,1,86,3,7,3,19,20,58
3454570,Oceanport,"New Jersey",2,1,1,0,3319,1470,1746,103,2898,161938,1,0,3,0,4,84,6,1,3,20,31,45
3454870,"Old Tappan","New Jersey",1,1,0,0,3446,2212,1126,108,1930,269247,0,0,36,0,5,55,3,0,1,10,8,81
3454990,Oradell,"New Jersey",1,1,0,0,3192,1924,1181,87,2733,251844,1,0,12,0,4,75,5,2,1,13,16,70
3455770,"Palisades Park","New Jersey",1,1,0,0,1828,1148,655,25,7120,139007,2,0,63,0,8,16,5,7,9,20,18,53
3455800,Palmyra,"New Jersey",2,1,1,0,2224,1384,658,182,3200,109456,15,0,3,0,2,66,7,7,6,27,32,34
3455950,Paramus,"New Jersey",2,1,1,0,2744,1702,974,68,8410,168699,3,1,24,0,6,56,8,2,2,18,23,57
3456130,"Park Ridge","New Jersey",2,1,0,0,3642,2449,1095,98,3204,235939,1,0,4,0,5,80,5,4,4,16,21,59
3456550,Passaic,"New Jersey",2,1,1,0,1577,1005,533,39,20188,77984,7,1,4,0,21,15,37,15,32,36,15,17
3457000,Paterson,"New Jersey",3,2,1,0,2063,1352,690,21,49684,71619,24,0,5,0,10,8,16,36,23,41,24,12
3457150,Paulsboro,"New Jersey",4,2,1,1,3485,1631,969,885,2467,81768,42,1,1,0,0,38,14,4,10,34,39,16
3457300,"Peapack and Gladstone","New Jersey",2,1,0,0,3782,1689,943,1150,940,242833,4,0,4,0,7,79,5,0,2,18,16,63
3457600,Pennington,"New Jersey",1,1,0,0,2923,1431,985,507,1138,228174,2,0,8,0,3,83,4,1,0,12,10,78
3457750,"Penns Grove","New Jersey",6,3,2,0,3090,1727,1198,165,1604,51778,42,0,0,0,10,29,9,10,23,39,26,13
3458200,"Perth Amboy","New Jersey",2,1,1,0,1985,914,951,120,18413,80239,8,2,1,0,31,14,13,30,30,29,25,17
3458350,Phillipsburg,"New Jersey",3,1,1,1,2378,1134,646,598,6602,78397,12,0,2,0,5,66,12,4,10,43,27,20
3458770,"Pine Hill","New Jersey",3,2,1,0,2760,1430,1188,142,3946,83590,30,0,4,0,3,50,12,1,6,31,36,27
3459070,Pitman,"New Jersey",3,1,1,0,3119,1552,1384,183,3670,111409,2,0,1,0,2,93,2,0,3,24,26,46
3459190,Plainfield,"New Jersey",2,1,1,0,2098,1226,775,97,16467,112342,36,1,1,0,4,8,9,41,22,28,25,25
3459640,Pleasantville,"New Jersey",4,2,2,0,3062,1608,1255,199,6500,79906,37,0,3,0,16,10,17,18,24,33,28,15
3459880,"Point Pleasant","New Jersey",2,1,1,0,2891,1310,1509,72,7773,139387,0,0,0,0,4,88,5,3,3,21,27,49
3459910,"Point Pleasant Beach","New Jersey",2,1,1,0,2858,1276,1568,14,1578,146956,1,9,0,0,4,83,1,2,7,12,18,63
3460090,"Pompton Lakes","New Jersey",2,1,1,0,2448,1459,800,189,4227,147891,1,0,6,0,9,75,8,2,5,25,24,45
3460900,Princeton,"New Jersey",1,1,0,0,2371,1422,813,136,8951,226425,8,1,19,0,3,62,6,1,1,4,8,87
3461170,"Prospect Park","New Jersey",3,2,1,0,2193,1304,884,5,1892,82924,17,0,3,0,31,23,10,16,12,48,19,22
3461530,Rahway,"New Jersey",2,1,1,0,2059,1040,819,200,12083,110526,32,0,7,0,7,32,13,10,8,28,26,38
3461680,Ramsey,"New Jersey",2,1,1,0,3150,2004,1076,70,5221,205803,1,0,8,0,2,76,10,3,3,12,16,69
3461980,Raritan,"New Jersey",2,1,1,0,2179,1270,756,153,3262,137548,4,0,17,0,4,54,14,7,5,24,30,41
3462430,"Red Bank","New Jersey",2,1,1,0,2485,1078,1281,126,6084,147965,8,2,1,0,7,62,9,10,7,18,20,55
3462910,Ridgefield,"New Jersey",2,1,1,0,2189,1297,854,38,4029,141736,1,0,30,0,14,32,15,8,5,24,23,47
3462940,"Ridgefield Park","New Jersey",2,1,1,0,2346,1284,843,219,5070,127701,6,1,7,0,21,34,22,9,10,27,25,39
3463000,Ridgewood,"New Jersey",1,1,0,0,3227,1875,1154,198,8692,257457,2,0,15,0,3,71,8,1,1,7,12,80
3463150,Ringwood,"New Jersey",2,1,1,0,3323,1725,873,725,4256,174048,2,1,2,0,5,81,8,2,0,22,23,55
3463300,Riverdale,"New Jersey",1,1,1,0,1934,1124,688,122,1904,129912,2,0,3,0,9,76,9,2,1,28,23,48
3463360,"River Edge","New Jersey",1,1,1,0,2554,1547,970,37,4369,183068,5,0,30,0,4,55,6,0,2,9,20,70
3463660,Riverton,"New Jersey",2,1,1,0,2751,1570,820,361,1028,142942,6,0,1,0,3,82,4,3,2,17,26,56
3464050,Rockaway,"New Jersey",2,1,1,0,2964,1203,1307,454,2641,131910,1,0,8,0,10,69,10,3,6,15,35,44
3464590,Roseland,"New Jersey",1,1,0,0,2475,1461,939,75,2451,210827,0,0,12,0,2,75,10,0,2,16,15,68
3464620,Roselle,"New Jersey",2,1,1,0,2202,1066,913,223,8223,101397,45,0,1,0,6,15,12,21,11,28,35,27
3464650,"Roselle Park","New Jersey",2,1,1,0,2390,1013,1047,330,5100,128109,11,0,12,0,7,42,13,15,6,24,29,42
3465130,Rumson,"New Jersey",1,1,1,0,4034,1702,2240,92,2303,276209,0,0,1,0,2,93,2,0,1,4,14,81
3465160,Runnemede,"New Jersey",3,1,1,0,2731,1251,1319,161,3164,96716,8,0,3,0,6,76,5,3,4,33,36,27
3465280,Rutherford,"New Jersey",2,1,1,0,2413,1354,900,159,6755,159440,3,0,16,0,10,57,11,3,5,16,21,58
3465400,"Saddle River","New Jersey",1,1,1,0,4186,2674,1454,58,1322,286766,5,1,12,1,4,70,6,1,1,13,4,82
3465490,Salem,"New Jersey",7,3,2,1,3219,1657,894,668,2172,49381,60,1,0,0,6,29,3,1,23,41,23,14
3465790,Sayreville,"New Jersey",2,1,1,0,2021,1206,708,107,16851,118973,13,0,17,0,9,47,9,5,6,27,28,39
3466450,"Seaside Heights","New Jersey",3,2,1,0,2748,1685,925,138,806,90939,0,0,2,0,10,81,1,7,16,41,12,31
3466570,Secaucus,"New Jersey",1,1,0,0,1966,1205,678,83,8610,168124,4,0,33,0,7,39,11,6,3,18,17,62
3467350,Shrewsbury,"New Jersey",2,1,1,0,3252,1364,1683,205,1831,181449,4,0,5,0,1,79,9,1,5,15,18,62
3468340,Somerdale,"New Jersey",3,1,1,0,2739,1236,1348,155,2268,102789,29,0,2,1,3,57,5,3,5,27,41,28
3468430,"Somers Point","New Jersey",3,1,1,0,2502,1332,1139,31,4650,96183,11,0,4,0,4,71,8,2,9,31,28,32
3468460,Somerville,"New Jersey",2,1,0,0,1948,1156,609,183,5135,127180,11,0,12,0,12,50,6,8,8,14,21,57
3468550,"South Amboy","New Jersey",2,1,1,0,1952,1079,756,117,4031,111135,12,1,5,0,3,61,9,10,10,30,25,35
3468730,"South Bound Brook","New Jersey",2,1,1,0,2145,1273,796,76,1951,115813,16,1,3,0,6,43,17,14,5,25,41,28
3469390,"South Plainfield","New Jersey",2,1,1,0,2522,1435,942,145,8152,150728,12,0,17,0,6,49,7,9,6,23,26,45
3469420,"South River","New Jersey",3,2,1,0,3092,2249,754,89,5556,117951,7,1,5,0,10,55,7,16,14,31,24,31
3469510,"South Toms River","New Jersey",3,1,1,0,3087,1438,1578,71,1098,111901,28,2,0,0,5,48,11,6,13,47,23,17
3469810,Spotswood,"New Jersey",2,1,1,0,2114,1227,705,182,3186,125708,3,1,8,0,4,75,6,3,8,35,29,29
3470110,"Spring Lake","New Jersey",2,1,1,0,3321,1431,1768,122,1268,210048,0,0,4,0,0,92,4,0,1,8,7,84
3470140,"Spring Lake Heights","New Jersey",2,1,1,0,2590,1185,1184,221,2414,141528,0,0,2,0,1,92,6,0,1,15,22,62
3470380,Stanhope,"New Jersey",3,1,0,2,4020,1425,297,2298,1266,153081,2,0,1,0,2,85,9,1,4,24,31,41
3471220,Stratford,"New Jersey",3,1,1,0,2960,1512,1334,114,2707,107717,8,0,3,0,3,70,7,9,4,34,24,38
3471430,Summit,"New Jersey",1,1,0,0,2564,1442,828,294,7944,241607,7,0,9,0,3,65,7,7,2,10,11,77
3471850,Swedesboro,"New Jersey",2,1,1,0,3128,1695,1085,348,909,125764,15,0,1,0,5,60,5,14,8,30,29,32
3472420,Tenafly,"New Jersey",1,1,0,0,2880,1721,1121,38,5076,276120,1,0,31,0,3,59,5,1,1,5,11,83
3473020,"Tinton Falls","New Jersey",2,1,1,0,2556,1206,1251,99,8544,159177,7,0,5,0,3,77,6,2,1,19,24,55
3473140,Totowa,"New Jersey",2,1,1,0,2599,1540,992,67,3781,156703,4,0,2,0,7,68,14,4,6,28,27,39
3474000,Trenton,"New Jersey",3,2,1,0,2233,1360,678,195,32171,72538,45,0,1,0,11,13,9,20,22,37,24,17
3474210,Tuckerton,"New Jersey",2,1,1,0,2859,1403,1392,64,1539,116583,0,0,1,0,1,89,8,0,3,23,27,48
3474540,"Union Beach","New Jersey",2,1,1,0,3402,1468,1870,64,1987,176115,3,0,1,0,1,83,6,5,4,24,37,34
3474630,"Union City","New Jersey",2,1,0,0,1371,907,448,16,25635,91146,6,1,3,0,25,12,22,31,23,31,17,28
3475140,"Upper Saddle River","New Jersey",1,1,0,0,4145,2720,1285,140,2602,295078,3,0,14,0,4,72,7,1,2,4,20,74
3475620,"Ventnor City","New Jersey",3,1,1,0,2821,1390,1349,82,4348,104569,5,0,9,0,6,69,8,2,6,28,29,37
3476070,Vineland,"New Jersey",3,2,1,0,3112,1551,1269,292,21572,92107,14,1,2,0,16,40,13,15,16,28,31,25
3476400,Waldwick,"New Jersey",1,1,1,0,2630,1470,998,162,3423,193103,1,0,7,0,9,76,5,2,6,17,19,58
3476490,Wallington,"New Jersey",2,1,1,0,1791,1065,648,78,4994,103861,4,0,5,0,7,67,10,7,6,29,29,36
3476730,Wanaque,"New Jersey",2,1,1,0,2497,1452,861,184,4277,146603,1,0,5,0,7,74,8,4,5,30,24,41
3477270,Washington,"New Jersey",3,2,1,0,2362,1354,626,382,2991,86230,4,0,1,0,3,77,6,9,8,41,25,26
3477600,Watchung,"New Jersey",1,1,0,0,2758,1631,934,193,2218,200132,0,0,14,0,6,74,5,0,1,15,16,67
3479040,Westfield,"New Jersey",1,1,0,0,2656,1324,1122,210,10426,252788,3,0,8,0,2,77,7,3,1,8,11,80
3479310,"West Long Branch","New Jersey",2,1,1,0,3213,1410,1705,98,2747,156390,6,0,1,0,3,84,4,3,14,21,28,38
3479610,"West New York","New Jersey",1,1,0,0,1382,931,424,27,20616,97282,3,1,7,0,28,14,21,25,24,24,15,37
3480120,Westville,"New Jersey",3,1,1,0,2312,1239,782,291,1910,84228,18,1,3,0,4,67,4,3,7,32,45,16
3480270,Westwood,"New Jersey",1,1,0,0,2896,1626,1002,268,4239,227096,4,0,8,0,8,63,12,5,5,14,23,58
3480390,Wharton,"New Jersey",2,1,1,0,2772,1068,1153,551,2779,120089,0,0,7,0,16,40,18,18,4,31,30,34
3481170,Wildwood,"New Jersey",3,1,1,0,2510,1364,1132,14,2101,100186,8,0,1,0,13,66,7,5,8,43,32,16
3481200,"Wildwood Crest","New Jersey",3,1,1,0,2523,1384,1087,52,1500,98966,2,0,0,0,1,96,1,0,3,39,17,42
3482120,Woodbury,"New Jersey",2,1,1,0,2364,1240,639,485,4110,97767,21,0,2,0,1,58,11,7,11,33,25,31
3482180,"Woodbury Heights","New Jersey",2,1,1,0,3129,1436,1456,237,1106,130686,1,0,2,0,2,90,4,2,3,30,34,32
3482300,"Woodcliff Lake","New Jersey",1,1,0,0,3475,2166,1252,57,2120,283415,2,0,4,0,2,79,6,6,0,10,12,78
3482423,"Woodland Park","New Jersey",2,1,1,0,2280,1311,856,113,5197,124304,6,0,7,0,14,58,6,9,9,28,24,39
3482450,Woodlynne,"New Jersey",3,2,1,0,2572,1458,753,361,834,82522,23,0,7,0,13,15,20,22,29,35,24,12
3482570,Wood-Ridge,"New Jersey",1,1,0,0,2211,1373,769,69,3624,164515,3,0,18,0,9,58,6,6,4,18,22,56
3482720,Woodstown,"New Jersey",3,1,1,0,3218,1737,1042,439,1523,120611,3,0,0,0,4,86,6,2,4,18,27,52
3501780,Alamogordo,"New Mexico",3,2,1,0,1738,1161,540,37,9236,64242,6,1,2,0,15,55,15,6,5,27,41,27
3502000,Albuquerque,"New Mexico",2,1,1,0,1599,952,626,21,224181,84069,3,5,3,0,23,37,18,10,8,19,33,40
3503820,Anthony,"New Mexico",4,2,1,0,1611,1050,552,9,2321,42463,0,0,0,0,40,0,26,34,55,22,15,8
3505220,Artesia,"New Mexico",2,2,0,0,2213,1790,404,19,1731,102994,0,3,1,0,27,40,17,12,11,29,44,16
3505780,Aztec,"New Mexico",5,3,2,0,2835,1718,1010,107,1888,61921,2,15,0,0,11,58,5,10,9,16,53,22
3506480,Belen,"New Mexico",3,1,1,0,1963,1065,778,120,1941,76015,2,3,2,0,29,34,20,12,12,24,35,28
3506970,Bernalillo,"New Mexico",2,1,1,0,1902,1049,779,74,3561,86384,1,5,0,0,29,30,19,16,14,30,31,25
3507880,Bloomfield,"New Mexico",3,2,1,0,2054,1064,916,74,2039,69221,1,25,0,0,10,43,6,15,9,27,46,18
3508580,"Bosque Farms","New Mexico",2,1,1,0,2041,1155,795,91,1275,93229,0,6,1,0,22,51,12,8,5,24,43,29
3512150,Carlsbad,"New Mexico",2,2,0,0,2041,1620,408,13,8123,92800,3,1,0,0,28,39,20,9,20,25,37,19
3515720,Clayton,"New Mexico",5,2,2,0,2583,1362,1100,121,15,55614,1,3,0,0,18,52,20,5,12,38,31,18
3516420,Clovis,"New Mexico",3,2,1,0,1970,1471,457,42,12044,65223,6,1,1,0,18,40,13,21,19,26,33,22
3517960,Corrales,"New Mexico",1,1,1,0,1952,1080,799,73,3574,130550,2,3,1,0,9,67,15,3,3,11,28,58
3520270,Deming,"New Mexico",3,2,1,0,1538,1048,412,78,2666,52399,2,1,2,0,43,23,20,9,26,34,25,15
3522380,Edgewood,"New Mexico",3,1,1,0,2745,1166,1196,383,2565,105705,0,2,0,0,16,64,10,8,6,19,35,40
3525170,Española,"New Mexico",3,1,1,0,1848,832,832,184,1713,61414,1,3,1,0,28,13,10,44,22,30,32,17
3525450,Eunice,"New Mexico",3,2,1,0,2163,1695,434,34,26,83207,0,3,0,0,27,45,26,0,25,35,37,4
3525800,Farmington,"New Mexico",2,1,1,0,1814,930,814,70,13389,79907,1,27,1,0,11,44,11,6,8,23,47,22
3528460,Gallup,"New Mexico",5,3,1,0,3437,2329,1059,49,4593,73159,1,50,4,0,5,20,9,11,4,37,37,22
3530490,Grants,"New Mexico",3,1,1,0,2097,1029,958,110,2068,70127,1,15,0,0,34,24,15,10,12,27,43,18
3532520,Hobbs,"New Mexico",3,2,1,0,2434,1669,745,20,9066,91891,5,1,1,0,29,30,25,9,19,28,35,18
3539380,"Las Cruces","New Mexico",3,1,1,0,1864,956,898,10,39187,70068,3,2,2,0,31,31,17,15,10,18,35,37
3539940,"Las Vegas","New Mexico",4,2,1,1,2258,1000,723,535,2460,60467,3,3,2,0,38,15,21,18,12,25,34,29
3542180,Lordsburg,"New Mexico",3,2,1,0,1522,1057,423,42,815,48751,0,1,0,0,43,25,16,14,25,37,28,10
3543370,"Los Lunas","New Mexico",3,2,1,0,1985,1134,780,71,3504,74153,1,4,1,0,36,31,18,9,9,26,36,28
3543930,"Los Ranchos de Albuquerque","New Mexico",1,1,1,0,1778,1014,717,47,2336,123504,3,3,1,0,17,46,18,12,4,16,34,45
3544490,Lovington,"New Mexico",2,2,1,0,1891,1466,413,12,2310,77111,5,1,1,0,37,27,21,8,25,26,38,11
3548620,Milan,"New Mexico",3,1,1,0,2184,967,917,300,417,65117,0,20,0,0,36,18,26,0,16,32,34,18
3556180,Peralta,"New Mexico",3,1,1,0,2577,1201,1118,258,1388,95371,0,0,2,1,28,38,16,16,24,22,28,27
3559260,Portales,"New Mexico",3,3,1,0,2025,1609,361,55,2653,63036,3,0,1,0,21,48,10,16,8,31,36,24
3562060,Raton,"New Mexico",4,3,2,0,2430,1468,927,35,15,56197,1,3,2,0,33,44,8,9,10,44,28,18
3563145,"Rio Communities","New Mexico",3,2,1,0,1821,1036,741,44,1474,64786,4,0,2,0,27,44,10,14,5,36,38,21
3563460,"Rio Rancho","New Mexico",2,1,1,0,1821,1061,722,38,36291,99059,3,4,2,0,22,45,16,7,4,19,38,39
3564930,Roswell,"New Mexico",3,2,1,0,1885,1353,497,35,11187,66292,2,1,2,0,33,36,13,14,17,23,40,20
3565210,Ruidoso,"New Mexico",3,2,1,0,1951,1197,707,47,1843,69764,3,1,0,0,12,67,11,5,10,25,41,23
3565280,"Ruidoso Downs","New Mexico",3,2,1,0,1911,1215,632,64,75,65565,3,4,1,0,14,54,18,6,6,29,35,30
3570500,"Santa Fe","New Mexico",2,1,1,0,1704,885,754,65,37505,95071,1,2,2,0,29,40,16,10,8,17,27,47
3570670,"Santa Rosa","New Mexico",5,2,2,1,3310,1427,1458,425,13,70080,2,8,0,0,32,14,24,20,13,47,28,11
3573260,"Silver City","New Mexico",3,2,1,0,1801,1028,684,89,2076,57168,1,0,3,0,26,40,21,8,12,18,39,31
3573540,Socorro,"New Mexico",4,3,1,0,2572,1647,836,89,1402,64455,3,2,2,0,20,52,14,7,9,35,30,27
3575640,"Sunland Park","New Mexico",4,2,1,0,1718,1086,621,11,3728,45506,0,1,0,0,49,4,26,20,37,33,21,9
3576200,Taos,"New Mexico",2,1,1,0,2137,924,923,290,914,111106,0,1,2,0,25,45,13,14,3,16,21,60
3579840,"Truth or Consequences","New Mexico",5,4,1,0,2428,1697,662,69,2524,47557,0,6,0,0,19,54,15,5,9,25,39,27
3579910,Tucumcari,"New Mexico",3,2,1,0,1931,1324,555,52,752,55845,4,2,0,0,36,33,16,8,17,32,32,19
3579980,Tularosa,"New Mexico",6,3,2,1,2863,1467,857,539,5,45216,0,0,0,0,20,48,26,5,7,38,44,11
3600408,Airmont,"New York",3,2,1,0,4717,2522,2148,47,2917,166561,7,0,2,0,4,78,7,3,12,15,31,42
3600441,Akron,"New York",3,2,1,0,2480,1484,879,117,905,74388,1,1,0,1,1,93,2,0,10,28,35,27
3601000,Albany,"New York",3,2,1,0,2350,1617,698,35,43420,76726,28,0,7,0,3,51,8,3,9,19,26,45
3601033,Albion,"New York",4,2,1,0,2262,1196,838,228,1610,56862,10,0,0,0,3,81,5,0,16,44,31,9
3601088,Alden,"New York",2,1,1,0,1942,941,973,28,1152,93266,0,0,1,0,1,97,1,0,6,41,23,31
3601198,Alfred,"New York",3,1,1,0,2519,1162,999,358,27,84361,8,0,4,0,2,80,3,3,3,17,30,50
3602044,Amityville,"New York",3,1,1,0,3550,1802,1181,567,3765,132791,10,0,2,0,3,73,6,6,6,19,32,43
3602066,Amsterdam,"New York",5,3,2,0,2994,1769,1057,168,7467,66108,7,1,2,0,7,58,10,16,12,32,37,19
3602506,Ardsley,"New York",2,1,1,0,7413,3127,3397,889,1679,330332,5,0,13,0,3,65,11,3,1,10,10,79
3603001,Attica,"New York",3,2,1,0,2867,1412,1081,374,60,91625,0,0,2,0,2,92,1,2,3,35,36,26
3603078,Auburn,"New York",4,2,1,0,2494,1528,901,65,11544,66219,7,0,1,0,2,81,7,2,10,29,39,23
3603353,Avon,"New York",2,1,1,0,2316,1324,888,104,1453,96012,1,0,0,0,3,94,2,0,5,27,32,36
3603408,Babylon,"New York",3,1,1,1,4022,2078,1115,829,4676,158569,1,1,2,0,6,83,4,4,2,17,27,54
3604198,Baldwinsville,"New York",2,2,1,0,2536,1635,876,25,2271,101560,1,0,1,1,2,89,5,1,3,18,34,45
3604253,"Ballston Spa","New York",2,1,1,0,2715,1664,1007,44,2105,118522,1,0,1,0,0,90,3,5,3,30,23,43
3604715,Batavia,"New York",3,2,1,0,2182,1160,963,59,7370,76773,5,0,1,0,2,83,7,2,7,30,40,23
3604759,Bath,"New York",3,2,1,0,1557,1014,401,142,1019,59310,3,0,0,0,0,93,3,0,13,33,33,21
3605034,Bayville,"New York",2,1,1,1,6169,3080,1481,1608,950,248907,0,0,1,0,1,90,7,1,3,16,20,61
3605100,Beacon,"New York",3,2,1,1,3914,2223,947,744,5815,126127,15,0,1,0,6,62,7,7,7,23,22,48
3606607,Binghamton,"New York",4,2,1,0,2396,1464,917,15,20935,67816,14,0,5,0,3,66,8,3,12,26,31,32
3606849,Blasdell,"New York",3,2,2,0,2280,1178,1089,13,1230,72449,1,1,0,0,3,92,2,2,5,39,39,17
3608103,"Briarcliff Manor","New York",3,1,1,0,6810,2923,3314,573,2608,257081,2,0,7,0,1,77,10,3,3,5,7,85
3608323,Brightwaters,"New York",2,1,1,0,5107,2608,1526,973,1056,209346,3,0,0,0,6,84,5,2,3,9,22,66
3608466,Brockport,"New York",3,2,1,0,2128,1338,741,49,1661,70520,4,0,4,0,3,83,4,2,3,29,34,34
3608532,Bronxville,"New York",2,1,1,0,6101,2433,3171,497,2157,298640,1,0,7,0,4,81,7,1,0,5,14,81
3610132,Brookville,"New York",2,1,0,1,7737,3998,1736,2003,578,392669,1,1,18,0,4,68,5,2,1,6,8,85
3611000,Buffalo,"New York",4,2,2,0,2407,1121,1264,22,118913,67776,33,0,8,0,3,44,7,6,12,26,31,31
3611847,Camden,"New York",6,2,1,3,3882,1380,818,1684,113,66813,0,0,0,0,0,98,2,0,6,49,21,23
3612144,Canandaigua,"New York",2,1,1,0,2093,1173,877,43,5104,92609,1,0,1,0,3,87,6,3,5,27,30,38
3612188,Canastota,"New York",3,2,1,0,2766,1565,1026,175,1168,89321,5,0,0,0,0,84,11,0,8,31,35,26
3612331,Canton,"New York",3,1,1,1,2536,1210,738,588,155,87987,3,0,2,0,1,89,3,1,3,23,40,34
3612683,Carthage,"New York",4,2,1,1,2930,1552,965,413,222,72871,2,0,0,0,1,86,7,3,8,36,26,29
3613002,Catskill,"New York",4,2,1,1,3355,1793,792,770,815,94402,11,0,1,0,2,75,8,2,8,36,24,32
3613079,"Cayuga Heights","New York",2,1,1,0,2300,1350,912,38,986,145985,4,0,19,0,3,65,6,3,2,6,9,83
3613145,Cazenovia,"New York",3,1,1,0,2804,1515,903,386,491,105137,5,0,2,0,3,84,4,1,5,12,26,57
3613233,Cedarhurst,"New York",3,1,1,0,4584,2054,1817,713,2489,155695,3,0,1,0,6,79,10,2,3,17,34,46
3615297,Chester,"New York",3,1,1,0,3207,1621,1307,279,659,112989,6,0,9,0,5,63,9,8,10,20,36,34
3615400,"Chestnut Ridge","New York",3,2,1,0,4865,2583,2264,18,2794,152482,14,0,2,0,3,70,6,5,7,15,29,49
3615561,Chittenango,"New York",3,2,1,0,2800,1706,992,102,968,103600,0,1,0,0,1,92,4,1,2,32,33,33
3616628,Cobleskill,"New York",3,1,1,1,3110,1497,729,884,242,102990,2,0,2,0,1,88,3,4,6,18,40,37
3616749,Cohoes,"New York",3,2,1,0,2489,1535,892,62,7785,79825,8,0,2,0,3,75,11,0,7,27,35,30
3617332,Colonie,"New York",3,2,1,0,3106,1846,1044,216,3058,112218,2,0,8,0,2,80,7,0,7,21,32,39
3618212,Corinth,"New York",5,2,0,2,4111,1766,376,1969,1007,88765,0,0,0,0,2,94,3,0,11,46,30,13
3618256,Corning,"New York",3,2,1,0,2388,1471,881,36,5284,83938,3,0,2,0,1,91,3,0,5,18,29,48
3618333,Cornwall-on-Hudson,"New York",3,2,1,0,4240,2566,1155,519,648,150985,2,0,2,0,4,86,4,2,4,15,30,51
3618388,Cortland,"New York",3,2,1,0,2281,1346,864,71,6934,70927,4,0,2,0,1,88,4,1,9,25,39,27
3618718,Coxsackie,"New York",3,2,0,1,3431,1606,473,1352,760,103636,0,0,0,0,3,92,4,0,10,25,32,34
3619213,Croton-on-Hudson,"New York",3,1,1,1,6271,2395,2534,1342,2976,229724,2,0,3,0,5,80,4,6,2,8,18,72
3619642,Dannemora,"New York",4,1,1,2,3606,1371,477,1758,22,92848,0,0,0,0,0,99,1,0,7,37,25,32
3619664,Dansville,"New York",3,1,1,0,2383,1294,1012,77,2145,87854,2,0,0,0,1,93,1,3,8,35,37,20
3620126,Delhi,"New York",4,2,1,2,3425,1385,634,1406,76,88803,1,0,3,0,0,90,4,2,3,21,38,37
3620313,Depew,"New York",2,1,1,0,2136,1002,1110,24,6745,85725,4,0,1,0,1,90,3,1,4,35,37,24
3620698,"Dobbs Ferry","New York",3,1,1,0,6510,2617,3106,787,3794,233838,2,0,12,0,4,68,7,6,3,7,24,65
3620731,Dolgeville,"New York",4,2,2,0,2671,1429,1049,193,825,69883,0,0,0,0,6,92,1,0,6,33,44,17
3621105,Dunkirk,"New York",4,2,2,0,2171,1092,1024,55,4337,61390,9,1,0,0,6,63,11,10,10,38,35,17
3621589,"East Aurora","New York",2,1,1,0,2271,1100,1134,37,1981,122014,1,0,1,0,1,95,2,1,2,14,21,63
3622260,"East Hills","New York",2,1,0,0,6490,3171,1637,1682,2302,345765,0,0,15,0,1,80,3,1,2,3,14,81
3622865,"East Rochester","New York",3,2,1,0,2316,1305,964,47,2919,77608,3,0,1,0,2,88,3,2,8,22,35,35
3622876,"East Rockaway","New York",3,1,1,0,4131,1974,1440,717,3254,159265,7,0,5,0,5,78,2,3,10,22,23,44
3623052,"East Syracuse","New York",3,2,1,0,2161,1361,780,20,1384,67532,3,0,1,0,1,89,5,0,8,32,43,17
3623217,"East Williston","New York",2,1,1,0,4545,2123,1648,774,852,237443,0,0,15,0,1,79,3,2,0,7,18,75
3623965,Ellenville,"New York",5,2,1,2,3833,1593,686,1554,900,83184,11,0,0,0,8,58,14,9,17,29,29,25
3624229,Elmira,"New York",4,2,2,0,2476,1353,1085,38,10313,58464,9,1,1,0,2,76,10,2,12,34,34,21
3624251,"Elmira Heights","New York",4,2,2,0,2730,1466,1167,97,603,77669,5,0,1,0,3,82,9,0,7,38,41,14
3624295,Elmsford,"New York",3,1,1,1,7248,2761,3125,1362,1426,210099,20,1,8,0,13,21,7,29,15,23,22,39
3624515,Endicott,"New York",4,2,1,0,2105,1283,809,13,6087,55796,10,0,2,0,1,78,7,2,8,32,39,20
3625076,Fairport,"New York",1,1,1,0,1733,876,836,21,2701,128489,1,0,0,0,3,90,6,0,3,7,28,62
3625384,Farmingdale,"New York",2,1,0,1,3857,1930,788,1139,3526,160159,4,0,9,0,3,70,12,1,5,24,20,51
3625527,Fayetteville,"New York",2,1,1,0,2703,1647,1011,45,853,129649,2,0,2,0,1,88,5,1,3,13,22,62
3626264,"Floral Park","New York",2,1,1,0,4843,1978,2389,476,5502,200751,2,0,14,0,6,68,6,4,3,16,17,63
3626319,Florida,"New York",3,1,1,1,4094,1957,1282,855,308,143550,5,3,2,0,4,73,9,3,4,23,37,36
3626352,"Flower Hill","New York",2,1,1,0,5884,3109,1898,877,1604,323772,2,0,13,0,6,71,3,5,1,8,7,83
3626770,"Fort Edward","New York",4,2,1,0,2953,1704,968,281,300,77905,1,0,1,0,2,95,1,0,6,42,29,23
3627419,Fredonia,"New York",3,1,1,0,2070,1058,961,51,2649,79230,7,0,3,0,3,78,4,5,4,24,31,40
3627485,Freeport,"New York",3,1,1,1,3361,1335,1227,799,14226,133573,32,0,2,0,11,21,14,21,14,28,25,33
3627815,Fulton,"New York",4,3,1,0,2838,1864,939,35,4803,66966,1,0,0,0,1,91,4,2,14,38,32,16
3628178,"Garden City","New York",2,1,1,0,4302,2132,1559,611,7579,223527,0,0,6,0,3,85,4,1,3,9,11,77
3628618,Geneseo,"New York",2,1,1,0,2130,1329,752,49,757,94236,1,0,4,0,1,90,3,1,4,11,34,51
3628640,Geneva,"New York",3,2,1,0,2324,1306,922,96,4777,77541,7,0,3,0,6,71,9,3,9,24,34,33
3629113,"Glen Cove","New York",3,1,1,1,4555,2352,1310,893,10691,157991,6,1,6,0,10,58,10,10,11,22,23,44
3629333,"Glens Falls","New York",3,2,1,0,2686,1681,916,89,6718,83349,3,0,0,0,2,89,5,0,10,28,32,30
3629443,Gloversville,"New York",5,3,2,0,2976,1762,1103,111,6226,61145,2,0,1,0,1,85,9,3,14,38,32,16
3629542,Goshen,"New York",3,1,1,0,3322,1813,1295,214,1048,123316,4,0,1,2,6,69,9,10,5,26,23,46
3629597,Gouverneur,"New York",4,2,1,1,2893,1257,931,705,76,68280,6,1,0,0,2,84,5,3,9,37,32,22
3629630,Gowanda,"New York",4,2,2,0,2824,1584,1135,105,245,65289,0,5,0,0,1,91,2,1,9,38,35,18
3630169,"Great Neck","New York",2,1,1,0,4765,2465,1940,360,3303,241458,1,0,11,0,5,71,3,8,8,12,16,65
3630191,"Great Neck Estates","New York",2,1,1,0,5348,2592,2270,486,998,271854,0,2,12,0,1,81,2,1,3,11,10,76
3630213,"Great Neck Plaza","New York",1,1,0,0,1753,1211,497,45,3456,146085,1,0,19,0,3,63,3,10,5,7,14,74
3630521,"Green Island","New York",4,3,1,0,2776,1972,790,14,1331,76130,5,0,1,0,5,71,9,8,14,35,27,24
3630752,"Greenwood Lake","New York",3,1,1,1,4065,1987,1346,732,270,133463,1,1,4,0,8,77,8,1,3,19,46,31
3631643,Hamburg,"New York",2,1,1,0,2269,1161,1090,18,3438,117568,0,0,1,0,1,96,2,1,3,14,29,54
3631709,Hamilton,"New York",3,2,1,1,3125,2024,513,588,401,96307,5,0,5,0,4,80,2,4,2,22,23,53
3632325,Harriman,"New York",3,1,1,0,3462,1789,1405,268,865,120346,11,1,9,0,7,50,11,11,7,28,20,45
3632402,Harrison,"New York",3,1,1,0,7301,3054,3419,828,8242,283746,4,0,7,0,6,72,5,6,6,13,19,62
3632710,Hastings-on-Hudson,"New York",3,1,1,0,6803,2660,3268,875,3089,259831,1,0,5,0,4,80,7,3,3,10,16,71
3632754,Haverstraw,"New York",3,2,2,0,3797,2027,1742,28,3765,110586,21,1,3,0,10,20,19,26,22,21,31,26
3633139,Hempstead,"New York",3,2,1,0,3416,1671,1269,476,17120,109599,47,0,2,0,6,5,10,29,23,30,28,19
3634121,Herkimer,"New York",3,2,1,0,2385,1331,913,141,1367,70211,1,0,1,0,0,90,7,0,11,34,39,15
3634495,"Highland Falls","New York",3,1,1,1,3009,1432,665,912,1304,112356,21,0,5,0,5,42,15,12,3,34,26,38
3634847,Hilton,"New York",2,1,1,0,2163,1335,804,24,770,93133,3,0,0,0,1,93,2,1,5,41,21,33
3635276,Homer,"New York",3,2,1,0,2835,1573,1133,129,1458,89509,0,0,6,0,0,92,1,0,5,25,29,42
3635364,"Honeoye Falls","New York",2,1,1,0,2547,1438,924,185,746,113640,1,0,0,0,0,97,2,0,3,17,29,51
3635474,"Hoosick Falls","New York",4,2,1,2,3852,1534,508,1810,1314,87830,1,0,0,0,2,92,2,4,12,30,25,33
3635672,Hornell,"New York",4,2,2,0,2307,1157,1072,78,3769,63631,2,0,1,0,2,92,2,1,5,40,36,18
3635694,Horseheads,"New York",4,2,2,0,2476,1352,1078,46,3144,70421,3,0,2,0,1,80,13,1,3,29,38,30
3635969,Hudson,"New York",3,2,1,0,2557,1731,702,124,2568,78372,15,1,12,0,4,62,6,0,11,28,20,41
3635980,"Hudson Falls","New York",4,2,1,0,2586,1653,816,117,3537,69726,0,0,0,0,1,97,1,0,7,49,31,13
3637275,Ilion,"New York",3,1,1,0,2205,1034,780,391,2102,78764,2,0,0,0,0,93,4,0,5,28,37,30
3637803,Irvington,"New York",2,1,1,0,6969,2960,3094,915,2202,317383,1,0,9,0,3,74,10,3,0,4,9,87
3637840,Islandia,"New York",4,2,0,2,5337,2317,583,2437,1113,138010,12,1,9,0,11,32,13,22,8,26,28,37
3637847,"Island Park","New York",3,1,1,0,3727,1742,1705,280,1773,132073,1,0,4,0,17,59,6,13,6,36,36,23
3638077,Ithaca,"New York",2,1,1,0,1908,1167,663,78,10220,81499,4,0,18,0,3,64,8,3,2,7,25,66
3638264,Jamestown,"New York",3,2,2,0,1760,838,886,36,12510,54748,3,0,1,0,5,80,6,5,12,29,40,20
3638748,"Johnson City","New York",3,2,1,0,2333,1410,901,22,6691,73425,7,0,9,0,1,73,8,2,7,25,37,30
3638781,Johnstown,"New York",4,2,1,0,2995,1756,1073,166,3896,72575,1,0,0,0,3,92,5,0,7,33,34,26
3638934,Kaser,"New York",5,3,2,0,3817,2059,1727,31,723,72753,0,0,0,0,0,97,2,0,11,18,62,9
3639232,Kenmore,"New York",2,1,1,0,2182,1072,1074,36,7201,93123,7,1,2,0,2,79,9,1,5,19,29,47
3639694,"Kings Point","New York",2,1,1,0,6147,3360,2168,619,822,324349,0,0,4,0,1,87,2,5,1,28,15,56
3639727,Kingston,"New York",4,3,1,1,3622,2192,913,517,9821,87573,13,0,1,0,4,64,12,6,10,27,29,33
3639853,"Kiryas Joel","New York",5,3,2,0,3572,1984,1563,25,5074,65322,0,0,0,0,1,96,1,1,20,30,45,5
3640189,Lackawanna,"New York",3,2,2,0,2122,1032,1081,9,8454,61421,15,0,1,0,2,73,6,3,13,31,36,19
3640530,"Lake Grove","New York",3,2,1,1,4666,2225,756,1685,3754,144448,3,0,10,0,6,72,7,3,3,24,23,50
3640937,"Lake Success","New York",2,1,1,0,6590,3153,2708,729,740,356039,3,0,54,0,3,37,2,1,6,2,9,83
3641069,Lakewood,"New York",2,1,1,0,2048,1131,892,25,559,88270,1,0,0,0,5,90,3,1,2,21,39,37
3641135,Lancaster,"New York",3,1,1,0,2119,930,1136,53,4947,82314,0,0,0,0,0,97,2,1,4,33,35,27
3641223,Lansing,"New York",2,1,1,0,2319,1362,900,57,1441,144700,4,0,19,0,2,67,5,3,2,7,12,79
3641333,Larchmont,"New York",2,1,1,0,7703,3050,4007,646,662,335052,1,0,5,0,6,82,6,0,1,10,4,85
3641553,Lawrence,"New York",2,1,1,0,5284,2524,2367,393,1963,226137,0,0,1,0,0,96,2,0,2,10,13,75
3642026,"Le Roy","New York",3,2,1,0,2086,1226,831,29,817,78386,2,0,3,0,4,89,2,0,4,33,38,25
3642147,Lewiston,"New York",3,1,1,0,2572,1340,1151,81,1307,92153,0,0,1,0,0,99,0,0,6,14,34,46
3642224,Liberty,"New York",4,2,1,2,3298,1445,484,1369,252,81977,13,4,0,0,15,41,5,21,8,39,33,20
3642554,Lindenhurst,"New York",3,2,1,1,4570,2196,981,1393,8757,140240,4,0,2,0,3,78,5,7,7,31,31,30
3642741,"Little Falls","New York",4,2,1,0,2470,1418,974,78,1783,69169,1,0,0,0,2,89,8,0,3,31,44,23
3643005,"Lloyd Harbor","New York",3,1,0,1,7064,3123,568,3373,1132,245181,4,0,2,0,3,85,5,1,9,7,15,69
3643082,Lockport,"New York",3,2,1,0,2497,1326,1049,122,9220,77440,12,0,0,0,1,76,9,1,9,28,36,28
3643335,"Long Beach","New York",2,1,1,0,3469,1820,1409,240,14267,167129,5,0,5,0,7,73,5,5,3,19,23,55
3643720,Lowville,"New York",4,2,1,1,3033,1544,859,630,58,75958,5,0,0,0,0,89,5,1,9,28,35,27
3643874,Lynbrook,"New York",2,1,1,0,3964,1842,1328,794,6969,167476,7,1,9,0,6,61,11,6,4,21,26,49
3644710,Malone,"New York",5,2,1,3,3253,1271,459,1523,1334,60145,3,0,0,0,1,93,1,2,12,22,48,18
3644787,Malverne,"New York",2,1,1,1,4447,2016,1420,1011,2769,185686,5,0,3,0,2,71,14,5,3,15,19,63
3644831,Mamaroneck,"New York",3,1,1,0,6006,2525,2791,690,7057,227039,4,1,4,0,8,62,8,13,10,21,14,55
3645018,Manlius,"New York",2,1,1,0,2922,1799,1073,50,1009,150776,2,0,7,0,1,85,4,1,6,13,19,62
3645106,Manorhaven,"New York",2,1,1,0,3619,1992,1275,352,2708,159967,2,1,10,0,4,55,9,20,5,14,34,47
3645997,"Massapequa Park","New York",3,1,1,1,4707,2261,1100,1346,5837,184060,1,0,2,0,2,88,4,2,2,20,25,53
3646019,Massena,"New York",3,1,1,0,2082,947,939,196,1357,73336,0,1,0,0,1,94,3,0,5,31,29,35
3646085,"Mastic Beach","New York",4,2,0,2,5119,2108,298,2713,4994,117757,8,0,2,0,12,69,8,2,16,27,41,16
3646162,Maybrook,"New York",3,2,1,0,3521,2262,859,400,216,113124,9,0,0,0,7,68,13,2,8,32,37,22
3646360,Mechanicville,"New York",4,3,1,0,2595,1764,661,170,2604,66082,0,1,3,0,0,89,6,0,8,34,36,22
3646415,Medina,"New York",4,2,1,0,2416,1294,939,183,2217,65781,1,0,2,0,0,87,5,5,14,24,37,25
3646536,Menands,"New York",2,2,1,0,2111,1379,709,23,2214,88052,22,0,12,1,1,56,5,2,7,17,24,53
3647042,Middletown,"New York",4,2,2,0,3517,1865,1535,117,9749,95666,26,1,4,0,8,29,11,20,13,28,37,22
3647636,Mineola,"New York",2,1,1,0,3734,1735,1276,723,8427,167648,1,0,17,0,3,64,7,8,10,15,16,59
3647757,Minoa,"New York",3,2,1,0,3006,1791,1066,149,561,106562,0,0,3,0,0,89,2,6,3,24,37,36
3647823,Mohawk,"New York",2,1,1,1,1862,707,711,444,945,80008,1,0,3,0,0,88,8,0,3,28,45,24
3647988,Monroe,"New York",3,1,1,0,4042,1938,1516,588,1766,139351,9,2,4,0,7,57,7,12,12,17,22,50
3648090,Montebello,"New York",3,1,1,0,3768,1958,1598,212,1176,136167,5,0,4,0,1,84,4,1,15,17,20,48
3648142,Montgomery,"New York",4,2,1,0,4483,2693,1350,440,497,113330,14,0,1,0,4,68,11,3,9,21,34,35
3648175,Monticello,"New York",4,2,1,1,3220,1753,700,767,1299,82059,23,2,5,0,8,34,13,14,23,28,26,23
3648890,"Mount Kisco","New York",3,1,1,1,4434,1810,1823,801,4207,154761,6,0,3,0,11,56,7,17,9,18,17,56
3648945,"Mount Morris","New York",3,2,1,0,2033,1112,874,47,1418,74005,4,0,0,0,7,79,6,4,11,38,31,21
3649121,"Mount Vernon","New York",4,1,2,0,4469,1825,2049,595,28781,122673,62,1,2,0,2,16,7,10,14,23,28,35
3649231,"Munsey Park","New York",1,1,1,0,5468,2789,2051,628,822,366526,4,0,19,0,6,67,4,0,0,1,7,91
3649330,Muttontown,"New York",2,1,1,1,7489,3832,1614,2043,1049,318305,1,0,21,0,2,68,4,4,3,7,17,74
3649891,Newark,"New York",4,2,1,0,2554,1524,907,123,2618,66027,5,1,1,0,4,77,11,3,13,26,44,17
3650034,Newburgh,"New York",4,3,1,0,3352,2322,838,192,10505,81963,26,1,1,0,11,22,11,29,15,33,31,21
3650353,"New Hempstead","New York",3,2,1,0,5063,2721,2086,256,1311,156664,14,0,5,0,9,54,5,13,7,15,30,48
3650397,"New Hyde Park","New York",2,1,1,0,4239,2015,1675,549,3287,196049,1,1,27,0,5,49,7,10,7,16,25,52
3650551,"New Paltz","New York",4,2,1,1,3356,1755,597,1004,907,92693,10,1,5,0,4,68,8,4,1,9,33,57
3650617,"New Rochelle","New York",3,1,1,0,5361,2235,2594,532,29908,181700,19,1,6,0,8,42,9,15,12,19,17,51
3650705,"New Square","New York",6,3,3,0,3835,2099,1719,17,1240,60733,1,0,2,0,0,95,1,1,19,35,39,7
3651000,"New York","New York",2,1,1,0,2604,1280,1237,87,3310173,125890,23,1,14,0,6,31,9,15,14,21,21,44
3651011,"New York Mills","New York",3,2,1,0,2660,1699,879,82,1054,76618,1,0,1,0,1,95,2,0,2,20,34,44
3651055,"Niagara Falls","New York",4,2,2,0,2343,1250,1036,57,22428,63598,18,1,2,0,3,64,10,2,12,33,32,23
3653022,"North Hills","New York",1,1,0,0,4347,3287,918,142,2319,299014,1,0,30,0,7,61,1,1,3,9,8,81
3653396,Northport,"New York",3,1,1,1,5007,2421,1401,1185,2999,196825,0,0,1,0,2,92,5,0,0,7,23,71
3653660,"North Syracuse","New York",3,2,1,0,2360,1475,852,33,3015,78737,2,0,1,0,2,90,5,0,6,34,34,26
3653682,"North Tonawanda","New York",3,1,1,0,2326,1236,1030,60,13632,83864,2,0,1,0,1,92,3,0,6,32,34,29
3653979,Norwich,"New York",3,2,1,0,2564,1525,828,211,3087,74710,3,0,0,0,0,88,3,6,9,38,27,26
3654100,Nyack,"New York",2,1,1,0,2786,1496,1262,28,2980,175863,22,0,7,0,5,53,9,4,5,10,19,66
3654485,Ogdensburg,"New York",3,2,2,0,2425,1121,1180,124,3948,71021,7,1,1,0,0,87,2,2,13,34,36,17
3654705,"Old Westbury","New York",2,1,1,0,7130,3679,1776,1675,1325,335335,2,0,21,0,4,66,5,1,2,10,9,79
3654716,Olean,"New York",3,2,1,0,2149,1190,900,59,6142,65712,3,1,2,0,1,88,5,1,9,36,27,27
3654837,Oneida,"New York",3,2,1,0,2584,1432,1006,146,4521,80255,1,0,1,0,1,91,3,2,9,31,35,25
3654881,Oneonta,"New York",3,2,1,0,2699,1485,1009,205,4495,79668,6,0,3,0,2,81,5,3,4,18,30,49
3655266,"Orchard Park","New York",2,1,1,0,1991,980,967,44,1267,117355,0,0,0,0,1,96,2,2,1,13,22,64
3655530,Ossining,"New York",3,1,1,1,4859,2002,2007,850,9753,152271,10,0,5,0,11,40,11,23,9,15,27,48
3655574,Oswego,"New York",4,2,1,0,2806,1789,948,69,7353,74419,1,0,1,0,1,91,4,1,6,29,34,31
3655882,Owego,"New York",3,2,1,0,2449,1347,916,186,1766,79660,2,0,1,0,1,90,3,2,8,27,29,35
3656187,Palmyra,"New York",3,2,1,0,2451,1523,859,69,831,86028,1,0,0,0,2,94,3,0,3,33,36,28
3656660,Patchogue,"New York",3,2,1,1,3715,1978,923,814,5273,131181,4,0,4,0,8,65,10,8,9,18,31,42
3656979,Peekskill,"New York",4,2,1,1,4836,2042,1829,965,10887,131342,20,1,2,0,7,36,13,21,12,20,27,41
3657001,Pelham,"New York",3,1,1,0,7293,2740,3775,778,2244,260101,8,0,7,0,5,65,13,3,2,10,20,68
3657023,"Pelham Manor","New York",2,1,1,0,7461,2834,3915,712,1977,313038,7,0,7,0,4,75,6,1,3,4,9,84
3657177,"Penn Yan","New York",3,1,1,0,2252,1184,813,255,144,89820,0,0,2,0,1,93,1,3,11,41,24,24
3657243,Perry,"New York",3,2,1,1,2555,1249,919,387,114,73621,3,0,0,0,2,86,7,2,8,42,31,18
3657749,Piermont,"New York",2,1,1,0,3047,1743,1285,19,1232,161681,8,0,9,0,5,74,1,2,4,7,24,66
3658574,Plattsburgh,"New York",2,1,0,0,1255,954,159,142,8761,74214,4,0,2,0,1,89,4,0,7,19,34,40
3658728,Pleasantville,"New York",3,1,1,1,6383,2247,2642,1494,2609,237609,2,0,2,0,6,81,3,6,3,9,8,80
3658992,Pomona,"New York",3,1,1,0,5020,2745,2166,109,531,188851,4,0,6,0,0,83,5,2,10,7,14,68
3659223,"Port Chester","New York",3,1,2,0,5554,2224,2888,442,10180,166302,8,1,2,0,13,27,15,34,21,20,22,37
3659355,"Port Jefferson","New York",3,1,1,1,4344,2155,1062,1127,2237,166451,1,0,5,0,3,80,6,5,5,12,14,69
3659388,"Port Jervis","New York",5,3,2,0,3352,1704,1519,129,3515,61215,10,3,5,0,7,61,10,5,9,50,23,17
3659531,"Port Washington North","New York",2,1,1,0,4782,2630,1742,410,1398,269180,3,0,15,0,1,77,3,1,1,12,21,67
3659564,Potsdam,"New York",3,2,1,0,2211,1143,772,296,396,63914,1,0,4,0,0,89,5,1,11,27,24,37
3659641,Poughkeepsie,"New York",4,3,1,0,3172,2098,763,311,13591,82741,34,1,2,0,6,39,13,7,12,24,31,34
3660675,Ravena,"New York",3,2,1,1,2933,1621,647,665,1406,96484,5,0,3,0,0,85,4,3,12,31,37,20
3661148,Rensselaer,"New York",3,2,1,0,2350,1476,777,97,4344,82255,6,0,6,0,5,72,9,1,10,30,28,31
3661346,Rhinebeck,"New York",3,1,0,1,3469,1726,360,1383,1452,117096,1,0,4,0,3,82,2,9,7,15,24,54
3663000,Rochester,"New York",4,2,1,0,2360,1389,939,32,91342,64681,38,0,4,0,7,36,8,7,15,24,30,32
3663264,"Rockville Centre","New York",2,1,1,0,3998,1972,1330,696,10097,185478,4,0,6,0,3,79,4,4,4,13,21,62
3663418,Rome,"New York",4,2,1,0,2774,1681,937,156,13726,74180,3,0,2,0,2,86,6,2,9,26,40,25
3663770,Roslyn,"New York",2,1,1,0,5108,2691,1871,546,583,232331,1,0,18,0,4,71,2,5,0,4,12,83
3664309,Rye,"New York",2,1,1,0,7858,3163,4131,564,5880,348567,2,0,7,0,3,77,9,2,1,5,11,84
3664325,"Rye Brook","New York",2,1,1,0,7509,3166,3549,794,3439,316831,1,0,10,0,4,73,5,7,3,12,11,74
3664749,Salamanca,"New York",4,3,1,0,2675,1719,798,158,278,59677,2,21,0,0,2,66,6,3,13,41,33,14
3665035,"Sands Point","New York",2,1,1,0,5853,2975,1631,1247,985,325762,1,0,8,0,3,82,5,2,3,5,12,79
3665233,"Saranac Lake","New York",4,2,1,1,3382,1692,501,1189,197,91269,6,0,2,0,1,90,2,0,1,18,51,30
3665255,"Saratoga Springs","New York",2,1,1,0,2601,1614,887,100,12704,127274,3,0,3,0,2,87,4,1,3,13,20,64
3665288,Saugerties,"New York",4,3,1,1,3141,1959,780,402,1685,72724,1,0,1,0,4,83,11,1,12,20,39,29
3665431,Scarsdale,"New York",2,1,1,0,8801,3858,4196,747,5523,405741,2,0,17,0,3,68,7,3,1,2,2,94
3665508,Schenectady,"New York",4,2,1,0,2758,1740,936,82,27950,73042,20,1,7,0,2,49,13,8,13,28,34,25
3665893,Scotia,"New York",3,2,1,0,3062,1865,1091,106,3100,96388,1,0,0,0,3,90,6,0,3,21,38,38
3666047,"Sea Cliff","New York",2,1,1,0,5733,2934,1730,1069,1828,261355,1,0,1,0,2,90,5,1,2,22,13,63
3666993,Sherrill,"New York",3,2,1,0,2622,1657,827,138,1291,93628,1,0,2,0,1,92,4,0,2,21,36,40
3667334,Sidney,"New York",5,2,1,2,3562,1390,862,1310,1341,65871,3,0,0,0,1,92,5,0,10,39,33,19
3667638,"Sleepy Hollow","New York",3,1,2,0,4887,1939,2478,470,3618,143444,5,1,2,0,4,38,16,34,29,17,17,38
3667686,Sloan,"New York",3,1,2,0,2235,1069,1140,26,1667,72085,5,0,3,0,0,85,8,0,4,36,35,24
3667708,Sloatsburg,"New York",3,1,1,0,4295,2205,1932,158,1154,154422,6,4,4,0,3,70,9,4,3,27,24,45
3668286,Solvay,"New York",2,1,1,0,1622,784,824,14,2935,79423,8,0,1,0,1,86,4,0,10,35,32,24
3668462,Southampton,"New York",2,1,1,0,4767,2490,1398,879,1432,231894,6,1,3,0,12,72,6,0,1,10,19,71
3668610,"South Blooming Grove","New York",4,2,1,1,3669,1729,1271,669,977,99461,4,0,0,0,3,84,3,6,7,23,40,30
3669078,"South Glens Falls","New York",3,2,1,0,2734,1725,871,138,1683,79107,1,2,0,0,4,89,4,1,8,30,41,21
3669441,"South Nyack","New York",2,1,1,0,3786,1949,1683,154,1035,181303,19,0,5,0,5,55,13,4,2,3,36,58
3670189,Spencerport,"New York",2,1,1,0,1761,1030,665,66,875,97191,2,0,1,0,2,90,5,0,4,26,28,42
3670420,"Spring Valley","New York",3,2,1,0,2735,1610,1106,19,9572,81338,32,0,3,0,4,37,4,20,20,28,31,21
3670442,Springville,"New York",3,2,1,0,2241,1381,804,56,1828,85670,1,0,0,0,0,96,1,0,5,43,25,27
3671894,Suffern,"New York",3,1,1,0,3438,1666,1706,66,4678,118450,14,1,7,0,6,58,5,9,7,17,24,52
3673000,Syracuse,"New York",4,2,1,0,2467,1524,901,42,58448,63676,29,1,7,0,3,49,8,3,14,25,29,32
3673176,Tarrytown,"New York",3,1,1,0,5507,2254,2725,528,4921,204292,4,0,8,0,10,60,12,6,6,15,14,65
3673605,Thomaston,"New York",2,1,1,0,4536,2359,1718,459,900,251922,0,0,37,0,1,58,2,1,8,8,11,73
3674166,Tonawanda,"New York",3,1,1,0,2176,1068,1068,40,6876,79573,1,0,2,0,1,92,4,0,6,33,36,24
3675484,Troy,"New York",3,2,1,0,2561,1669,831,61,21574,73987,17,0,5,0,2,63,9,3,11,23,32,34
3675572,Tuckahoe,"New York",3,1,1,1,4798,2443,1310,1045,370,187244,8,0,1,0,4,69,13,5,3,18,22,57
3675583,Tuckahoe,"New York",3,1,1,0,4236,1679,2339,218,3173,168168,5,0,16,0,2,56,9,11,4,12,17,67
3675671,"Tupper Lake","New York",3,2,1,1,2379,1272,378,729,35,73982,3,0,0,0,0,94,2,0,14,31,35,20
3676540,Utica,"New York",4,3,2,0,2785,1704,1014,67,24617,67026,16,0,11,0,4,54,10,4,17,28,32,23
3676705,"Valley Stream","New York",3,1,1,1,4503,2012,1507,984,12331,160398,26,0,17,0,6,26,9,16,8,22,30,40
3677376,Victor,"New York",2,1,1,0,2392,1340,1003,49,940,127157,0,0,2,0,0,96,1,1,4,15,25,57
3677684,Voorheesville,"New York",2,1,1,0,3049,1891,1032,126,1084,129907,0,0,1,0,1,92,4,1,1,13,25,62
3677849,Walden,"New York",4,2,1,1,3889,2191,813,885,2734,100612,17,1,1,0,5,52,21,5,11,31,34,25
3678036,Walton,"New York",4,3,2,0,2978,1675,1061,242,31,66751,4,0,0,0,0,93,3,0,11,41,27,22
3678168,"Wappingers Falls","New York",4,2,1,0,2792,1776,688,328,2465,77009,14,0,4,0,7,61,3,11,14,30,30,26
3678333,Warsaw,"New York",4,2,1,1,2527,1251,919,357,293,69334,0,0,0,0,0,97,2,1,6,32,45,17
3678355,Warwick,"New York",3,1,1,0,3627,1757,1693,177,1651,130608,1,0,0,0,5,87,2,5,3,25,21,50
3678465,Washingtonville,"New York",3,1,1,1,4440,1822,976,1642,1074,150055,9,0,1,0,6,65,8,10,11,22,31,36
3678553,Waterloo,"New York",3,2,1,0,2615,1539,931,145,238,79437,3,0,1,0,1,84,10,1,6,28,47,19
3678608,Watertown,"New York",4,2,1,0,2485,1539,850,96,11455,69324,8,0,2,0,3,78,7,2,8,30,35,27
3678674,Watervliet,"New York",4,2,1,0,2479,1522,907,50,5230,65798,12,0,5,0,3,69,6,5,8,28,44,21
3678806,Waverly,"New York",4,2,2,1,2825,1359,1115,351,1583,68236,3,0,1,0,2,89,4,1,12,37,34,17
3678960,Webster,"New York",2,1,1,0,2047,1218,805,24,2419,92600,5,0,4,0,3,84,2,2,4,25,34,38
3679092,Wellsville,"New York",3,2,1,0,2420,1156,1028,236,65,72811,0,0,1,0,0,95,3,0,3,34,39,24
3679174,"Wesley Hills","New York",3,1,1,0,4828,2733,2001,94,1192,182287,1,0,2,0,0,93,3,1,6,10,19,65
3679444,Westbury,"New York",3,1,1,1,4514,2008,1239,1267,5268,176947,20,0,8,0,5,38,10,19,9,19,22,50
3679939,Westfield,"New York",3,2,1,0,2119,1245,733,141,152,73671,0,2,4,0,1,92,0,0,8,40,20,32
3680203,"West Haverstraw","New York",3,2,2,0,4179,2117,2008,54,1851,130916,17,0,4,0,13,25,12,29,11,27,30,32
3681677,"White Plains","New York",2,1,1,0,4619,1950,2041,628,24068,190307,13,0,8,0,7,46,9,18,9,14,19,58
3681710,Whitesboro,"New York",4,2,1,0,2966,1790,1089,87,632,84291,5,0,0,0,2,83,4,5,3,27,37,33
3682084,Williamsville,"New York",2,1,1,0,2269,1147,1103,19,1742,128111,2,0,1,0,1,90,5,1,4,8,26,61
3682117,"Williston Park","New York",2,1,1,0,3926,1859,1552,515,2488,185883,1,0,18,0,3,67,3,8,2,16,26,56
3682744,Woodbury,"New York",2,1,0,0,5789,3113,1310,1366,3036,279877,1,0,15,0,2,78,3,1,2,10,15,74
3682750,Woodbury,"New York",3,1,1,1,4241,1987,1037,1217,3517,162472,8,0,10,0,13,52,10,7,2,15,37,47
3684000,Yonkers,"New York",4,2,2,0,4276,1795,2084,397,81475,114320,19,1,6,0,9,34,12,21,16,23,25,36
3684099,Yorkville,"New York",4,2,1,0,2933,1802,1091,40,1166,74557,0,0,2,0,3,90,5,0,2,34,40,24
3700160,Aberdeen,"North Carolina",2,2,0,0,2043,1651,331,61,2350,101145,14,0,2,0,4,75,3,0,8,14,35,42
3700500,Ahoskie,"North Carolina",4,3,1,0,2668,1764,811,93,281,60715,58,2,2,0,2,31,4,1,18,24,36,22
3700680,Albemarle,"North Carolina",3,2,0,0,1990,1537,311,142,4407,64723,30,1,4,0,1,60,3,2,12,33,33,22
3701400,Angier,"North Carolina",2,2,0,0,2039,1741,281,17,828,82385,10,1,1,0,7,58,8,15,12,21,30,36
3701520,Apex,"North Carolina",1,1,0,0,2004,1335,663,6,14362,163033,8,0,12,0,3,67,7,3,2,8,23,67
3701720,Archdale,"North Carolina",2,2,1,0,1817,1366,401,50,3953,78004,9,0,5,0,3,76,3,4,11,26,39,23
3701760,"Archer Lodge","North Carolina",2,2,0,0,2220,1839,361,20,2178,122528,12,0,1,0,6,72,5,4,5,13,38,44
3702080,Asheboro,"North Carolina",3,2,1,0,1838,1471,312,55,7037,59464,13,0,1,0,9,56,5,14,16,30,33,21
3702140,Asheville,"North Carolina",2,1,0,0,1643,1164,358,121,31114,96052,11,0,1,0,3,77,5,2,5,17,25,54
3702840,Ayden,"North Carolina",5,4,1,0,3186,2746,403,37,466,63866,28,0,0,0,2,60,1,9,14,33,32,22
3704260,Beaufort,"North Carolina",3,2,0,0,1900,1537,306,57,854,75568,15,1,0,0,0,77,6,1,14,14,40,32
3704840,Belmont,"North Carolina",2,1,0,0,1931,1400,510,21,5249,109084,5,0,2,0,1,85,5,1,7,19,29,45
3705040,Benson,"North Carolina",3,3,0,0,2585,2206,356,23,256,74156,24,0,0,0,3,62,10,1,16,32,36,16
3705135,"Bermuda Run","North Carolina",1,1,0,0,1949,1414,419,116,706,132338,2,2,0,0,0,91,4,0,0,14,28,57
3705220,"Bessemer City","North Carolina",3,3,1,0,2193,1833,323,37,996,63726,12,0,0,0,3,78,5,2,14,35,35,15
3706140,"Black Mountain","North Carolina",2,1,0,0,1835,1387,275,173,1236,95760,2,0,0,0,1,92,3,1,7,15,17,61
3706760,"Boiling Spring Lakes","North Carolina",3,2,0,0,1862,1618,221,23,1105,73522,4,1,0,0,1,89,4,0,5,21,54,20
3706800,"Boiling Springs","North Carolina",2,2,0,0,1892,1539,289,64,300,88209,12,0,2,0,2,75,2,7,10,28,20,43
3707080,Boone,"North Carolina",3,2,0,1,1612,1162,180,270,2835,51856,3,0,3,0,2,88,4,0,3,15,43,39
3707720,Brevard,"North Carolina",2,2,0,0,1782,1301,384,97,1232,78136,9,0,0,0,1,85,3,1,5,25,33,37
3708960,Burgaw,"North Carolina",3,2,0,0,2070,1789,238,43,160,76565,22,0,0,0,1,71,4,2,11,24,35,30
3709060,Burlington,"North Carolina",2,2,1,0,1851,1212,610,29,20798,74859,26,0,2,0,6,51,4,10,12,23,35,30
3709360,Butner,"North Carolina",3,2,1,0,2078,1586,455,37,1546,75941,36,1,0,1,3,42,4,12,17,25,34,24
3709530,"Cajah's Mountain","North Carolina",3,2,0,0,1856,1425,238,193,781,59700,5,0,0,0,1,88,4,1,17,32,35,16
3710240,Canton,"North Carolina",3,2,0,1,2416,1533,300,583,562,76657,2,1,0,0,1,87,7,2,9,29,43,19
3710500,"Carolina Beach","North Carolina",1,1,0,0,1607,1470,129,8,1403,112909,0,0,1,0,3,92,2,2,1,14,35,50
3710550,"Carolina Shores","North Carolina",2,2,0,0,1798,1546,226,26,1470,93707,4,0,0,0,0,92,2,1,5,29,36,30
3710620,Carrboro,"North Carolina",1,1,0,0,1586,1219,358,9,6525,105882,17,1,8,0,2,64,6,2,3,7,22,67
3710680,Carthage,"North Carolina",3,2,0,0,2344,1841,353,150,368,85048,14,0,1,0,1,79,5,0,4,22,43,30
3710740,Cary,"North Carolina",1,1,0,0,1864,1274,582,8,58282,154339,9,0,19,0,2,60,6,3,2,6,19,73
3711800,"Chapel Hill","North Carolina",1,1,0,0,1590,1103,477,10,18333,142506,10,0,13,0,3,65,5,3,3,5,18,74
3712000,Charlotte,"North Carolina",1,1,0,0,1687,1165,512,10,343396,114695,35,0,7,0,3,40,7,8,8,14,28,50
3712340,Cherryville,"North Carolina",3,3,1,0,2437,1959,427,51,873,74295,6,0,0,0,1,88,3,1,10,31,32,26
3712480,"China Grove","North Carolina",3,2,0,0,1781,1431,297,53,667,66531,6,0,1,0,3,65,16,8,17,27,39,17
3712860,Clayton,"North Carolina",2,2,0,0,2158,1808,332,18,4316,91569,21,0,1,0,5,61,7,6,6,20,43,31
3712960,Clemmons,"North Carolina",2,1,0,0,1784,1279,415,90,6175,106910,7,1,5,0,3,78,5,1,2,16,31,51
3713240,Clinton,"North Carolina",4,3,1,0,2258,1766,465,27,1454,63750,30,3,4,0,5,40,9,9,15,33,31,21
3714100,Concord,"North Carolina",2,1,1,0,1999,1423,555,21,32134,104736,21,0,5,0,4,56,6,8,7,22,28,43
3714340,Conover,"North Carolina",3,3,0,0,2445,2117,294,34,2523,71526,4,1,6,0,3,68,11,7,14,38,29,19
3714700,Cornelius,"North Carolina",1,1,0,0,1959,1296,658,5,9662,138930,5,1,3,0,4,80,6,1,4,10,33,54
3715260,Cramerton,"North Carolina",2,1,1,0,1900,1340,548,12,2159,95805,10,0,2,0,2,81,2,2,6,21,39,34
3715320,Creedmoor,"North Carolina",3,2,1,0,2442,1735,653,54,398,88591,30,0,1,1,2,60,3,3,4,23,33,40
3716180,Dallas,"North Carolina",4,3,1,0,2350,1726,578,46,1326,63768,26,1,1,0,8,55,5,3,11,33,41,15
3716400,Davidson,"North Carolina",1,1,0,0,2098,1357,732,9,2555,166899,10,0,3,0,2,77,7,0,2,9,20,68
3718320,Dunn,"North Carolina",3,2,1,0,2130,1604,489,37,1017,65248,31,1,0,0,1,58,4,4,14,28,39,20
3719000,Durham,"North Carolina",2,1,0,0,1568,1139,415,14,100660,100695,36,0,5,0,5,40,7,6,7,14,22,56
3719740,Eastover,"North Carolina",3,2,0,0,2403,2075,295,33,691,85690,25,1,1,0,2,59,9,2,9,26,36,29
3720080,Eden,"North Carolina",3,2,1,0,1866,1323,480,63,3635,62520,24,1,1,0,1,67,4,1,16,37,32,14
3720120,Edenton,"North Carolina",5,4,1,0,3178,2548,533,97,557,62113,51,0,0,0,0,49,0,0,14,24,34,28
3720580,"Elizabeth City","North Carolina",4,3,1,0,2132,1640,414,78,4824,59770,49,0,2,0,4,35,7,2,10,26,40,24
3720600,Elizabethtown,"North Carolina",6,4,2,0,2456,1678,742,36,548,41640,48,3,0,0,0,45,0,4,14,31,30,25
3720620,Elkin,"North Carolina",3,2,0,0,1977,1461,199,317,1075,75772,3,0,2,0,10,72,7,5,14,26,33,27
3721095,Elon,"North Carolina",2,1,1,0,2093,1365,703,25,2547,110214,9,0,3,0,2,81,3,2,2,11,30,57
3721160,"Emerald Isle","North Carolina",1,1,0,0,1854,1506,327,21,523,124421,0,0,0,0,2,93,5,0,0,13,32,55
3721740,Erwin,"North Carolina",4,3,1,0,2464,1821,579,64,543,63214,18,1,1,0,6,66,2,6,17,31,38,14
3722360,Fairmont,"North Carolina",5,4,1,0,2242,1852,349,41,152,44933,46,23,0,0,0,27,1,3,16,34,36,13
3722440,Fairview,"North Carolina",2,1,0,0,1946,1353,409,184,676,105191,0,0,0,0,5,84,8,4,4,15,27,54
3722500,Fairview,"North Carolina",2,1,1,0,2556,1859,663,34,1722,130746,4,0,1,0,1,88,4,3,5,31,27,38
3722820,Farmville,"North Carolina",4,3,1,0,2546,1970,534,42,369,70719,44,0,1,0,3,44,7,2,17,25,37,21
3722920,Fayetteville,"North Carolina",3,2,0,0,1774,1457,295,22,78092,69956,43,1,3,0,5,34,10,4,6,23,42,29
3723600,"Flat Rock","North Carolina",2,1,1,0,1898,1183,654,61,1912,104037,0,0,0,0,6,89,4,1,2,17,29,52
3723640,"Flat Rock","North Carolina",4,3,0,1,2214,1634,224,356,251,54158,14,0,0,0,11,71,2,1,30,24,33,13
3723760,Fletcher,"North Carolina",2,1,1,0,1773,1135,560,78,2787,85550,5,0,3,0,1,82,4,4,7,19,39,35
3724080,"Forest City","North Carolina",5,4,0,0,2686,2335,257,94,1939,53438,26,0,2,0,3,58,7,4,10,28,45,16
3724640,Franklin,"North Carolina",3,2,1,0,1684,1236,343,105,1347,58912,1,0,0,0,2,89,3,5,14,40,32,14
3725300,Fuquay-Varina,"North Carolina",2,1,0,0,2051,1505,532,14,7380,117123,15,1,2,0,3,69,9,2,6,15,31,48
3725380,Gamewell,"North Carolina",3,2,0,0,1897,1449,188,260,995,60109,5,0,1,0,0,88,5,1,21,33,33,13
3725480,Garner,"North Carolina",2,1,0,0,1922,1433,473,16,7887,103194,26,0,2,0,5,55,8,4,4,21,29,46
3725580,Gastonia,"North Carolina",3,2,1,0,2043,1461,561,21,29890,78163,29,0,1,0,4,54,7,4,12,25,36,27
3725980,Gibsonville,"North Carolina",2,1,1,0,2023,1263,729,31,1085,101715,13,0,1,0,1,82,1,1,4,14,27,55
3726880,Goldsboro,"North Carolina",3,3,0,0,1912,1607,274,31,11699,62269,52,0,1,0,3,37,6,1,10,28,40,22
3727280,Graham,"North Carolina",3,2,1,0,1829,1218,588,23,5667,66381,25,0,1,0,6,51,7,10,11,29,37,23
3727420,"Granite Falls","North Carolina",3,2,0,0,2337,1963,279,95,938,81413,2,0,2,0,2,81,5,7,13,21,38,28
3727440,"Granite Quarry","North Carolina",2,1,0,0,1895,1393,457,45,712,95184,2,0,0,0,3,93,1,0,6,25,52,17
3728000,Greensboro,"North Carolina",2,1,1,0,1711,1162,517,32,110513,84490,41,0,5,0,3,41,6,4,7,19,32,42
3728080,Greenville,"North Carolina",3,2,1,0,1897,1466,419,12,29538,67248,39,0,2,0,1,52,4,2,6,20,38,36
3728200,Grifton,"North Carolina",4,3,1,0,2275,1775,457,43,181,54553,39,0,0,0,3,47,3,8,18,29,41,11
3729160,Hamlet,"North Carolina",4,3,1,0,2400,1837,526,37,728,57352,25,8,0,1,1,63,1,3,14,34,39,13
3729800,Harrisburg,"North Carolina",2,1,0,0,2216,1476,723,17,4255,145489,16,0,10,0,5,61,6,2,2,14,29,55
3730120,Havelock,"North Carolina",2,2,0,0,1663,1451,185,27,897,69583,13,1,3,0,9,57,13,3,5,34,43,18
3730260,"Haw River","North Carolina",3,2,1,0,1858,1277,556,25,765,62334,29,1,0,0,10,38,6,15,17,33,30,20
3730660,Henderson,"North Carolina",4,3,1,0,2249,1775,405,69,4510,56639,65,0,1,0,3,24,4,3,11,34,37,18
3730720,Hendersonville,"North Carolina",2,2,1,0,1707,1166,442,99,4380,76677,8,0,1,0,5,76,7,3,9,18,34,39
3731060,Hickory,"North Carolina",2,2,0,0,1769,1309,383,77,15783,79636,15,0,4,0,5,64,8,5,10,25,31,34
3731400,"High Point","North Carolina",2,2,1,0,2032,1331,673,28,39255,81680,32,0,7,0,3,46,7,4,12,24,31,33
3731620,Hillsborough,"North Carolina",2,1,0,0,2120,1498,590,32,1452,139341,10,1,3,0,3,74,7,2,5,15,19,61
3732260,"Holly Springs","North Carolina",1,1,0,0,2164,1441,696,27,9066,154969,11,0,5,0,3,73,6,2,3,8,27,62
3732640,"Hope Mills","North Carolina",3,2,0,0,2107,1866,220,21,4602,76859,31,2,2,0,5,46,11,4,8,22,47,24
3732980,Hudson,"North Carolina",3,2,0,0,1841,1452,253,136,1075,67330,2,0,0,0,2,92,3,1,15,30,32,23
3733120,Huntersville,"North Carolina",1,1,1,0,2149,1362,778,9,18775,148467,12,0,4,0,3,73,5,2,2,10,28,60
3733560,"Indian Trail","North Carolina",2,1,1,0,2438,1643,774,21,10442,129507,9,0,3,0,4,73,6,5,6,20,32,43
3734200,Jacksonville,"North Carolina",2,2,0,0,1512,1432,68,12,20219,66699,19,1,2,0,7,58,10,2,6,34,40,20
3734300,Jamestown,"North Carolina",2,1,1,0,2102,1293,764,45,1305,105498,25,0,3,0,4,61,5,2,5,18,30,47
3735200,Kannapolis,"North Carolina",2,2,1,0,1924,1372,518,34,15970,85165,23,0,1,0,4,60,7,4,9,29,36,26
3735600,Kernersville,"North Carolina",2,1,0,0,1797,1351,389,57,8123,93374,16,1,2,0,4,70,4,4,8,24,35,33
3735720,"Kill Devil Hills","North Carolina",2,2,0,0,1890,1607,268,15,2553,105308,2,0,1,0,0,82,9,5,5,17,31,47
3735760,King,"North Carolina",3,2,0,0,1815,1463,261,91,1495,71461,4,0,0,0,2,91,3,1,5,42,35,18
3735880,"Kings Mountain","North Carolina",4,4,0,0,3098,2730,332,36,3159,69929,21,0,2,0,1,72,3,2,16,32,32,20
3735920,Kinston,"North Carolina",5,3,1,0,2311,1706,565,40,6397,49100,66,0,1,0,1,25,6,1,17,36,32,15
3736060,"Kitty Hawk","North Carolina",2,1,0,0,1965,1609,338,18,631,118252,0,0,0,0,0,87,6,6,0,25,26,49
3736080,Knightdale,"North Carolina",2,1,0,0,2011,1499,493,19,3620,100068,40,0,3,0,4,36,12,6,6,22,33,40
3736400,"La Grange","North Carolina",4,3,1,0,2484,1777,621,86,105,59438,31,0,0,0,4,51,2,12,19,28,31,21
3736512,"Lake Park","North Carolina",2,2,1,0,2381,1587,780,14,671,105122,8,0,4,0,2,78,3,4,6,17,43,35
3736860,Landis,"North Carolina",3,2,1,0,1999,1554,418,27,903,70605,14,1,6,0,3,66,4,6,12,45,28,14
3737160,"Laurel Park","North Carolina",2,1,1,0,1963,1227,616,120,957,110428,3,0,1,0,1,90,5,0,1,11,25,63
3737220,Laurinburg,"North Carolina",5,4,1,0,2687,2181,475,31,2417,57216,45,8,1,0,0,37,6,3,15,28,33,23
3737680,Leland,"North Carolina",2,2,0,0,1870,1651,195,24,5062,95887,13,0,1,0,3,74,6,4,3,20,37,40
3737760,Lenoir,"North Carolina",3,2,0,0,1881,1394,317,170,6057,64009,13,0,1,0,1,70,4,10,17,35,29,19
3738040,Lewisville,"North Carolina",2,1,0,0,1949,1392,435,122,3827,117903,13,0,3,0,2,77,5,1,3,16,26,55
3738060,Lexington,"North Carolina",4,3,1,0,2138,1641,446,51,6305,58286,30,0,3,0,4,49,10,3,18,32,34,16
3738100,Liberty,"North Carolina",3,2,1,0,2277,1629,383,265,197,71911,10,1,1,0,2,73,7,8,12,43,32,13
3738220,Lillington,"North Carolina",3,2,1,0,2162,1714,425,23,286,72749,25,1,2,1,3,57,8,4,10,27,35,28
3738320,Lincolnton,"North Carolina",4,3,1,0,2600,2059,489,52,3730,65228,17,0,0,0,7,59,12,4,12,32,38,18
3738860,Locust,"North Carolina",2,2,0,0,2076,1758,218,100,708,83422,2,0,0,0,3,92,3,0,11,35,31,22
3739280,"Long View","North Carolina",3,2,1,0,1769,1358,350,61,1448,66842,11,0,6,0,4,59,8,10,10,35,35,19
3739360,Louisburg,"North Carolina",4,4,1,0,3305,2747,465,93,134,78344,43,4,1,0,3,40,3,7,12,29,39,19
3739480,Lowell,"North Carolina",3,2,1,0,2096,1470,611,15,1226,74051,18,0,2,0,5,67,6,1,13,25,38,24
3739700,Lumberton,"North Carolina",4,3,1,0,1948,1384,527,37,4641,54144,37,14,1,0,2,35,4,7,17,27,34,22
3740660,Maiden,"North Carolina",3,2,0,0,2495,2199,220,76,541,96985,6,0,0,0,5,82,3,3,15,30,34,21
3741420,Marion,"North Carolina",3,3,0,0,2019,1486,252,281,1595,59097,6,1,5,0,7,70,8,4,11,36,33,19
3741620,"Mars Hill","North Carolina",2,2,0,0,2049,1362,352,335,138,87932,2,0,0,0,1,95,1,0,4,23,28,45
3741640,Marshville,"North Carolina",3,2,1,0,2419,1760,587,72,88,75803,30,0,0,0,2,65,2,1,18,28,39,15
3741720,Marvin,"North Carolina",1,1,0,0,2897,1867,1022,8,2139,225845,8,0,17,0,3,66,6,2,2,3,12,83
3741960,Matthews,"North Carolina",1,1,0,0,1831,1250,572,9,12265,129604,15,0,7,0,2,68,6,2,5,13,25,56
3742060,Mayodan,"North Carolina",3,2,1,0,2042,1413,474,155,370,63563,6,0,1,0,0,84,6,2,20,32,36,12
3742240,Mebane,"North Carolina",2,1,1,0,1759,1276,465,18,4141,90935,22,0,4,0,2,56,10,6,4,23,36,37
3742760,Midland,"North Carolina",2,2,0,0,2256,1753,437,66,637,111989,6,0,5,0,7,77,3,2,2,25,40,33
3742860,Midway,"North Carolina",3,2,0,0,2192,1665,313,214,1160,82278,5,1,0,0,3,88,2,1,10,33,35,22
3743260,"Mills River","North Carolina",2,1,0,0,1943,1330,476,137,1933,110280,3,1,4,0,1,87,3,2,5,21,30,44
3743360,"Mineral Springs","North Carolina",2,1,0,0,2598,1801,787,10,1532,165000,9,0,2,0,3,78,6,1,3,24,22,51
3743480,"Mint Hill","North Carolina",2,1,1,0,2198,1478,699,21,9253,112665,14,0,5,0,3,69,4,5,8,19,34,39
3743720,Mocksville,"North Carolina",3,2,0,0,2193,1656,361,176,790,77862,6,0,0,0,5,76,8,5,8,33,33,26
3743920,Monroe,"North Carolina",2,2,1,0,2104,1607,463,34,7894,87930,19,1,0,0,12,50,7,11,14,27,37,22
3744220,Mooresville,"North Carolina",2,1,0,0,1923,1394,496,33,11372,108701,11,0,5,0,3,74,5,2,7,18,34,41
3744320,"Morehead City","North Carolina",2,2,0,0,1764,1472,260,32,3872,75088,8,0,2,0,2,81,7,1,9,20,35,35
3744400,Morganton,"North Carolina",2,2,0,0,1660,1223,302,135,5756,68018,16,4,2,0,4,57,4,12,21,18,36,26
3744520,Morrisville,"North Carolina",1,1,0,0,1825,1223,599,3,7768,162168,10,0,42,0,2,37,6,1,1,5,14,80
3744800,"Mount Airy","North Carolina",3,2,0,0,1762,1417,131,214,4062,58378,8,0,2,0,4,81,4,0,15,27,38,20
3744960,"Mount Holly","North Carolina",2,1,1,0,1883,1376,490,17,4324,92966,12,0,3,0,1,78,4,1,9,21,38,32
3745100,"Mount Olive","North Carolina",4,3,1,0,2451,1853,552,46,348,58502,52,0,0,0,2,39,4,2,17,38,29,16
3745640,Murfreesboro,"North Carolina",5,3,1,0,2696,1991,612,93,61,58697,61,2,0,0,1,31,3,1,13,34,36,17
3745880,"Nags Head","North Carolina",2,1,0,0,1808,1560,219,29,255,113135,1,0,1,0,2,92,3,1,0,16,25,59
3746000,Nashville,"North Carolina",3,2,1,0,2518,1928,566,24,1214,78266,57,0,1,0,0,40,2,0,3,23,48,26
3746340,"New Bern","North Carolina",2,2,1,0,1954,1539,394,21,10313,78188,32,0,6,0,3,52,3,2,10,23,40,27
3746860,Newport,"North Carolina",2,2,0,0,1741,1453,270,18,1262,83813,6,0,2,0,3,82,4,2,5,22,53,20
3747000,Newton,"North Carolina",4,3,1,0,2940,2469,402,69,3731,72724,9,0,3,0,6,69,7,6,10,33,33,24
3747880,"North Wilkesboro","North Carolina",3,2,0,0,1881,1509,140,232,1616,61622,13,0,0,0,4,72,8,2,21,20,36,24
3747980,Norwood,"North Carolina",3,2,0,0,2229,1714,322,193,241,82866,15,0,5,0,0,78,1,1,13,35,35,18
3748345,"Oak Island","North Carolina",2,1,0,0,1948,1651,253,44,4361,112826,2,0,1,0,0,94,3,0,4,18,33,45
3748480,"Oak Ridge","North Carolina",1,1,0,0,2246,1477,734,35,2370,153629,8,0,8,0,0,76,4,3,3,13,28,57
3749800,Oxford,"North Carolina",4,3,1,0,2303,1700,573,30,1215,63275,56,0,0,0,1,31,7,4,11,26,37,26
3751080,Pembroke,"North Carolina",5,4,1,0,1906,1653,233,20,529,40588,22,52,2,0,0,20,3,1,11,30,41,18
3751940,Pinehurst,"North Carolina",2,1,0,0,2186,1799,347,40,5246,133272,6,0,2,0,1,85,5,1,3,9,27,61
3752220,Pineville,"North Carolina",3,2,0,0,2368,1975,384,9,4892,79266,28,0,5,0,6,39,15,8,8,17,34,41
3752660,Pittsboro,"North Carolina",2,2,0,0,2091,1636,432,23,277,105117,18,0,0,0,0,76,3,2,5,22,30,42
3752760,"Pleasant Garden","North Carolina",2,2,1,0,2237,1623,504,110,2055,89595,25,1,0,0,6,57,10,2,9,27,39,25
3753040,Plymouth,"North Carolina",6,4,2,0,2482,1576,779,127,317,44036,58,0,1,0,0,39,2,1,16,34,39,11
3753140,Polkton,"North Carolina",4,3,1,0,2324,1693,561,70,56,63486,31,1,0,0,4,57,5,2,22,31,34,13
3754580,Raeford,"North Carolina",5,3,1,0,2157,1616,512,29,1148,47738,51,6,0,0,2,29,8,4,14,32,38,16
3755000,Raleigh,"North Carolina",1,1,0,0,1694,1247,438,9,166623,115058,26,0,4,0,3,55,7,5,5,13,24,57
3755080,Randleman,"North Carolina",3,2,0,0,2256,1804,361,91,822,83769,4,1,0,0,5,80,6,3,13,34,36,16
3755260,Ranlo,"North Carolina",2,2,1,0,2187,1539,614,34,672,88511,30,0,4,0,3,57,5,1,11,36,36,18
3755640,"Red Oak","North Carolina",2,2,1,0,2821,2082,671,68,1174,113098,14,1,0,0,0,81,3,0,5,28,36,31
3755660,"Red Springs","North Carolina",7,6,1,0,3105,2597,456,52,315,46220,40,36,0,0,2,15,3,5,24,30,34,12
3755900,Reidsville,"North Carolina",4,2,1,0,2046,1317,650,79,4700,54447,33,0,0,0,0,55,5,5,16,29,33,21
3756360,Richlands,"North Carolina",3,2,0,0,2060,1682,338,40,78,70515,15,0,2,0,3,74,6,1,9,26,42,23
3756710,"River Bend","North Carolina",2,2,0,0,1911,1651,246,14,822,88097,13,1,0,0,6,78,3,0,3,14,44,39
3756900,"Roanoke Rapids","North Carolina",4,3,1,0,2329,1658,578,93,5923,65393,31,1,1,0,1,55,7,3,15,35,25,25
3757260,Rockingham,"North Carolina",4,3,1,0,2240,1713,494,33,2369,56856,42,1,0,0,2,51,3,1,11,30,40,19
3757500,"Rocky Mount","North Carolina",3,2,1,0,2222,1598,596,28,15661,65727,62,0,1,0,1,29,4,3,12,31,33,24
3757640,Rolesville,"North Carolina",2,1,0,0,2351,1553,736,62,1614,153860,23,0,1,0,1,66,7,3,3,12,20,66
3757860,"Rose Hill","North Carolina",4,3,1,0,2556,2045,487,24,71,64921,35,0,0,0,6,35,17,6,21,22,48,9
3758160,Roxboro,"North Carolina",3,2,1,0,2188,1572,576,40,1446,64535,39,0,0,0,2,46,11,3,13,35,31,20
3758360,"Rural Hall","North Carolina",2,2,0,0,1803,1418,274,111,641,83787,19,1,0,0,4,72,2,1,8,29,30,34
3758460,Rutherfordton,"North Carolina",3,2,0,0,1932,1457,329,146,579,65825,8,0,1,0,1,79,9,1,12,29,41,19
3758630,"St. James","North Carolina",1,1,0,0,1997,1610,366,21,2969,134273,1,0,1,0,0,92,5,2,4,15,27,54
3758860,Salisbury,"North Carolina",2,2,1,0,1864,1311,513,40,10236,78319,36,1,1,0,4,50,6,2,8,26,35,31
3759280,Sanford,"North Carolina",3,2,1,0,2012,1576,410,26,7968,77386,25,0,1,0,14,42,11,6,17,25,36,22
3759540,Sawmills,"North Carolina",3,2,0,0,2119,1731,234,154,1588,69662,1,0,0,0,2,89,5,3,18,25,41,16
3760320,Selma,"North Carolina",4,4,1,0,2660,2129,481,50,1202,59557,35,0,0,0,10,40,6,8,10,29,44,17
3760800,Shallotte,"North Carolina",2,2,0,0,1974,1683,258,33,743,81845,7,0,0,0,1,86,5,1,7,28,42,24
3761200,Shelby,"North Carolina",4,3,1,0,2489,2124,330,35,7061,64988,35,0,1,1,1,54,6,2,10,29,40,22
3761860,"Siler City","North Carolina",3,3,1,0,2218,1766,389,63,1334,67465,18,0,0,0,15,33,8,25,21,24,38,18
3762520,Smithfield,"North Carolina",4,4,1,0,3319,2841,457,21,3060,76566,22,0,2,0,7,58,3,8,14,20,28,38
3763120,"Southern Pines","North Carolina",2,1,0,0,1996,1612,324,60,5740,110202,15,0,3,0,3,73,5,1,6,15,24,55
3763130,"Southern Shores","North Carolina",1,1,0,0,2081,1750,313,18,293,142190,1,0,0,0,0,94,3,0,1,9,21,69
3763400,Southport,"North Carolina",2,2,0,0,2162,1868,276,18,470,88695,16,0,0,0,1,78,5,0,2,16,48,34
3763760,Spencer,"North Carolina",2,1,1,0,1936,1310,566,60,1027,87500,34,0,0,0,0,61,3,2,19,38,26,17
3763880,Spindale,"North Carolina",3,3,0,0,1932,1525,275,132,1602,59873,17,0,0,0,1,76,4,1,15,26,36,23
3764180,"Spring Lake","North Carolina",3,3,0,0,1702,1566,124,12,3632,51447,33,1,2,0,5,36,15,8,5,26,45,24
3764420,Stallings,"North Carolina",2,1,1,0,2369,1616,732,21,4410,130432,10,1,4,0,4,73,6,2,6,17,30,47
3764500,Stanley,"North Carolina",3,2,0,0,1920,1570,312,38,461,75047,6,0,1,0,2,85,6,0,10,28,41,20
3764740,Statesville,"North Carolina",2,2,1,0,1764,1193,525,46,9527,71975,25,1,1,0,4,56,7,6,13,27,33,27
3765040,Stokesdale,"North Carolina",2,1,0,0,2256,1563,576,117,1924,133133,8,0,1,0,4,75,11,1,4,20,33,44
3765580,Summerfield,"North Carolina",1,1,0,0,2194,1496,679,19,3762,162842,7,0,7,0,2,77,5,3,5,12,20,63
3765900,"Sunset Beach","North Carolina",2,2,0,0,1866,1593,253,20,1552,100190,2,0,1,0,1,92,4,1,5,24,26,45
3766040,"Surf City","North Carolina",2,2,0,0,1836,1631,189,16,918,95916,12,0,0,0,3,80,3,1,5,16,40,40
3766360,Swansboro,"North Carolina",2,1,0,0,1613,1508,94,11,327,100617,4,0,1,0,0,85,9,0,9,33,26,32
3766500,Sylva,"North Carolina",3,2,0,0,1901,1482,318,101,349,64873,1,3,0,0,1,86,7,2,6,25,32,37
3766520,"Tabor City","North Carolina",4,3,1,0,2523,1773,700,50,141,57869,35,2,0,0,1,52,8,1,22,29,37,12
3766700,Tarboro,"North Carolina",3,2,1,0,2427,1565,830,32,2319,72873,47,0,0,0,5,43,2,2,12,27,32,28
3767420,Thomasville,"North Carolina",3,2,0,0,1931,1583,249,99,8513,63307,19,0,1,0,6,58,12,3,18,32,37,13
3767720,Tobaccoville,"North Carolina",2,1,0,0,1906,1437,349,120,1013,98568,20,0,0,0,4,69,4,2,4,22,38,36
3768340,"Trent Woods","North Carolina",1,1,0,0,2168,1606,507,55,1698,145428,0,0,0,0,1,97,2,0,1,8,22,69
3768400,Trinity,"North Carolina",2,2,0,0,1747,1369,296,82,2421,84701,4,0,4,0,1,85,3,3,9,34,37,20
3768500,Troutman,"North Carolina",2,2,0,0,2050,1568,369,113,825,103416,20,0,1,0,2,73,3,1,10,29,33,28
3768520,Troy,"North Carolina",3,2,0,0,2148,1665,319,164,105,72755,23,0,0,0,2,68,4,3,17,38,23,22
3769260,Unionville,"North Carolina",2,2,1,0,2473,1919,527,27,2551,101805,7,0,1,0,2,81,5,4,8,36,32,24
3769520,Valdese,"North Carolina",3,2,0,0,1941,1443,296,202,1749,77529,1,0,2,0,2,92,2,1,7,35,32,26
3770380,Wadesboro,"North Carolina",4,3,1,0,2515,1789,669,57,487,60390,58,0,5,0,0,36,0,0,16,33,33,19
3770540,"Wake Forest","North Carolina",2,2,0,0,2660,2062,571,27,12660,126872,19,0,3,0,2,66,7,3,3,12,26,59
3770660,Walkertown,"North Carolina",2,2,0,0,2043,1396,366,281,1542,86499,27,1,1,0,3,55,9,3,13,27,38,22
3770720,Wallace,"North Carolina",4,3,1,0,2360,1814,525,21,349,62492,25,0,1,0,11,49,8,5,28,29,25,19
3770740,Wallburg,"North Carolina",2,1,0,0,2288,1681,438,169,968,119691,5,0,0,0,3,85,6,0,1,27,38,34
3771160,Warsaw,"North Carolina",5,3,1,0,2383,1698,637,48,135,49908,42,0,0,2,8,29,15,4,16,35,39,10
3771220,Washington,"North Carolina",3,2,1,0,2187,1498,653,36,2695,65497,44,0,1,0,5,45,3,3,11,27,39,23
3771460,Waxhaw,"North Carolina",2,1,1,0,2538,1720,809,9,4415,157897,11,0,5,0,3,70,8,3,3,15,24,58
3771500,Waynesville,"North Carolina",5,3,0,1,3058,2222,290,546,2693,65373,2,0,0,0,1,90,5,1,12,17,34,36
3771560,Weaverville,"North Carolina",2,1,0,0,1793,1335,321,137,936,102265,3,0,1,0,1,90,4,1,3,12,28,58
3771680,Weddington,"North Carolina",1,1,0,0,2725,1826,888,11,5020,200308,7,0,8,0,2,77,4,1,1,9,20,70
3771860,Wendell,"North Carolina",2,1,1,0,2153,1557,562,34,1238,104782,21,0,0,0,7,47,10,15,7,15,42,36
3771900,Wentworth,"North Carolina",3,2,1,0,2172,1510,565,97,685,86448,15,0,0,0,0,79,3,2,8,28,45,19
3771940,"Wesley Chapel","North Carolina",2,1,1,0,2663,1768,885,10,2965,175094,9,0,6,0,2,75,6,2,4,14,26,56
3773140,"Whispering Pines","North Carolina",2,2,0,0,2305,1955,306,44,902,130245,0,0,3,0,3,86,4,5,1,17,35,47
3773660,Whiteville,"North Carolina",4,3,1,0,2138,1702,372,64,464,53590,41,1,2,0,0,44,9,2,7,38,33,22
3774020,Wilkesboro,"North Carolina",3,2,0,0,1959,1531,233,195,650,69427,8,0,0,0,6,76,6,3,16,22,38,24
3774220,Williamston,"North Carolina",4,3,1,0,2160,1570,481,109,409,50593,46,0,1,0,1,43,6,2,21,29,34,15
3774440,Wilmington,"North Carolina",2,2,0,0,1604,1402,183,19,50682,88917,16,0,1,0,3,72,4,3,6,17,34,44
3774540,Wilson,"North Carolina",3,2,1,0,2137,1580,525,32,14283,69115,49,0,1,0,2,35,4,9,17,29,31,23
3774580,"Wilson's Mills","North Carolina",2,2,0,0,2144,1780,344,20,824,105416,17,0,0,0,3,64,7,8,3,20,35,42
3774680,Windsor,"North Carolina",6,5,1,0,4463,3324,959,180,35,70780,58,0,5,0,0,35,2,0,14,21,38,27
3774760,Wingate,"North Carolina",3,2,1,0,2525,1911,576,38,194,81183,32,1,1,0,9,46,5,6,22,20,32,26
3775000,Winston-Salem,"North Carolina",2,1,1,0,1763,1232,423,108,90628,82840,33,0,2,0,6,45,7,5,10,23,29,38
3775060,Winterville,"North Carolina",3,2,0,0,2505,2106,384,15,1989,93143,36,0,1,0,2,55,3,2,9,19,34,38
3775280,Woodfin,"North Carolina",2,1,0,0,1801,1258,346,197,3267,96900,2,0,2,0,4,84,7,1,8,17,28,47
3775820,"Wrightsville Beach","North Carolina",1,1,0,0,1701,1521,163,17,188,163105,1,0,0,0,1,96,2,0,0,12,17,71
3775960,Yadkinville,"North Carolina",3,2,0,0,1811,1589,78,144,215,71361,5,2,0,0,4,77,4,8,11,40,34,15
3776220,Zebulon,"North Carolina",2,2,0,0,2046,1580,443,23,1044,91185,31,0,0,0,4,51,7,6,10,30,30,31
3806660,Beulah,"North Dakota",3,1,2,0,3462,1604,1792,66,175,108098,0,2,1,0,0,93,4,0,13,30,43,14
3807200,Bismarck,"North Dakota",2,1,1,0,1805,986,799,20,24491,95162,3,4,1,0,1,84,5,1,4,23,36,37
3812700,Casselton,"North Dakota",2,1,1,0,2223,1244,774,205,15,115834,0,1,0,0,3,96,1,0,3,13,50,35
3819420,"Devils Lake","North Dakota",3,2,1,0,2056,1351,671,34,1173,69384,1,19,2,0,0,76,3,0,8,30,42,20
3819620,Dickinson,"North Dakota",2,1,1,0,2015,1247,706,62,7439,106303,3,1,2,1,2,86,3,2,9,31,35,25
3825700,Fargo,"North Dakota",2,1,1,0,1687,1159,504,24,54812,91793,9,1,4,0,1,80,4,1,4,18,36,42
3831820,Grafton,"North Dakota",4,3,1,0,3309,2288,925,96,594,87264,1,1,1,0,12,70,10,5,11,46,24,19
3832060,"Grand Forks","North Dakota",3,2,1,0,2149,1585,536,28,22490,85149,5,2,3,0,2,80,6,2,3,20,39,38
3836780,Hazen,"North Dakota",3,1,1,0,3174,1638,1478,58,113,109812,1,2,1,0,3,87,0,5,11,20,44,25
3838900,Horace,"North Dakota",2,1,1,0,2700,1708,970,22,1042,179330,2,0,0,0,3,89,5,1,3,19,34,45
3840580,Jamestown,"North Dakota",3,2,1,0,1855,1146,662,47,4208,70606,3,2,1,0,2,89,2,1,6,38,35,21
3846640,Lincoln,"North Dakota",2,1,1,0,2575,1309,1224,42,103,123091,0,6,0,0,1,87,6,0,6,29,28,37
3849900,Mandan,"North Dakota",2,1,1,0,2015,1123,865,27,3952,97254,1,2,0,0,2,87,5,2,6,26,37,32
3853380,Minot,"North Dakota",2,1,1,0,2102,1329,738,35,16741,98728,5,2,2,0,3,80,8,1,4,27,39,30
3868860,Rugby,"North Dakota",5,3,1,1,4006,2382,805,819,6,85405,1,4,2,0,0,93,0,0,5,31,37,27
3875380,Stanley,"North Dakota",2,1,1,0,2699,1353,1265,81,19,118032,1,1,0,0,4,87,5,2,7,35,36,21
3881180,"Valley City","North Dakota",3,2,1,0,2404,1775,541,88,1368,75449,3,2,2,0,2,87,3,1,3,32,34,31
3882660,Wahpeton,"North Dakota",3,2,1,0,1788,1226,482,80,2229,66433,2,4,0,0,1,88,4,0,9,23,49,19
3883860,"Watford City","North Dakota",2,1,1,0,1640,1080,546,14,1414,102977,1,4,1,0,8,76,9,1,11,24,37,28
3884780,"West Fargo","North Dakota",2,1,0,0,2124,1465,646,13,14012,130210,3,1,2,0,0,88,5,1,2,16,35,47
3886220,Williston,"North Dakota",2,1,1,0,1779,1155,592,32,6915,113599,7,1,1,0,5,73,6,7,11,30,32,27
3900198,Ada,Ohio,3,2,1,0,2616,1823,751,42,335,77271,0,0,1,0,0,96,1,1,0,39,28,33
3901000,Akron,Ohio,4,2,2,0,2222,1049,1157,16,83158,62634,29,0,5,0,1,56,8,1,10,30,36,23
3901420,Alliance,Ohio,4,2,2,0,2303,1212,1070,21,6777,62990,10,0,0,0,0,84,5,1,11,44,25,20
3901672,Amberley,Ohio,2,1,1,0,2861,1558,1298,5,1857,163847,5,0,5,0,1,84,3,3,0,6,23,71
3901742,Amelia,Ohio,2,1,1,0,2076,1404,536,136,3916,99784,2,0,0,0,0,93,4,1,11,29,32,28
3901798,Amherst,Ohio,2,2,0,0,2441,2002,417,22,3975,113013,2,0,2,0,5,83,6,1,4,29,37,30
3902344,Archbold,Ohio,3,2,1,0,2411,1466,929,16,1042,95702,2,1,0,0,4,80,10,3,4,37,34,25
3902568,Ashland,Ohio,4,2,1,0,2318,1302,949,67,2756,65338,1,1,1,0,1,91,5,0,11,38,27,25
3902638,Ashtabula,Ohio,4,2,2,0,2099,1086,974,39,4127,57505,9,0,1,0,6,73,8,2,15,44,28,13
3902680,Ashville,Ohio,3,1,1,0,2419,1364,973,82,475,94792,3,0,0,0,2,93,2,0,4,44,34,18
3902736,Athens,Ohio,4,3,1,0,2130,1567,549,14,4322,52984,4,0,4,0,2,85,5,0,6,14,36,44
3903086,Aurora,Ohio,2,1,1,0,2621,1405,1180,36,6684,151041,4,0,5,0,0,88,3,0,2,17,19,63
3903352,Avon,Ohio,2,1,1,0,2549,1369,1158,22,9129,156552,5,0,3,0,1,86,3,1,1,15,21,64
3903464,"Avon Lake",Ohio,2,1,1,0,2420,1330,1069,21,8334,129430,1,0,3,0,0,91,3,1,2,15,29,55
3903758,Baltimore,Ohio,3,2,0,0,2195,1727,385,83,406,77402,1,0,1,0,0,92,5,1,5,42,32,22
3903828,Barberton,Ohio,4,2,2,0,2315,1229,1068,18,9949,63743,9,0,0,0,1,84,5,1,13,37,31,19
3903926,Barnesville,Ohio,4,3,1,0,2918,1881,930,107,136,67035,0,0,2,0,0,92,5,1,9,49,28,14
3904416,"Bay Village",Ohio,2,1,1,0,2438,1218,1205,15,6086,147732,1,0,0,0,1,93,3,1,1,10,21,67
3904500,Beachwood,Ohio,1,1,1,0,2228,1104,1108,16,5828,151878,9,0,9,0,1,77,5,0,1,8,18,73
3904720,Beavercreek,Ohio,2,1,1,0,2098,1321,684,93,16990,129557,3,0,6,0,1,81,7,1,2,11,29,57
3904878,Bedford,Ohio,3,1,2,0,2168,1040,1109,19,6060,69359,56,0,0,0,0,38,5,0,5,32,36,27
3904920,"Bedford Heights",Ohio,3,2,2,0,1972,989,954,29,6116,60445,75,0,0,0,1,15,7,1,7,32,42,19
3905074,Bellaire,Ohio,5,3,1,0,2730,1810,866,54,1411,59897,7,0,0,0,0,85,7,0,7,49,38,6
3905102,Bellbrook,Ohio,2,1,1,0,2096,1291,760,45,1483,135659,2,0,4,0,1,89,4,1,2,14,23,61
3905130,Bellefontaine,Ohio,4,2,1,0,2567,1589,915,63,3779,71692,4,0,1,0,1,86,6,1,7,44,29,21
3905228,Bellevue,Ohio,3,2,1,0,2424,1358,991,75,1871,75920,1,1,1,0,3,89,5,1,8,40,35,16
3905424,Belpre,Ohio,4,3,1,0,2525,1647,855,23,2903,63598,1,0,0,0,1,93,3,1,8,32,43,16
3905690,Berea,Ohio,2,1,1,0,2163,1083,1072,8,7066,90309,9,0,2,0,1,80,7,1,2,22,35,41
3906068,Bethel,Ohio,4,2,1,0,2299,1563,564,172,470,64447,0,0,0,0,1,96,2,1,19,45,27,9
3906278,Bexley,Ohio,2,1,1,0,3096,1787,1301,8,4750,188206,4,0,3,0,2,85,6,0,4,4,13,80
3906908,Blanchester,Ohio,5,4,1,0,3653,3003,517,133,559,72665,1,0,0,0,0,97,2,0,13,45,34,8
3907300,"Blue Ash",Ohio,2,1,1,0,2265,1399,834,32,5527,145920,7,0,12,0,1,74,5,1,3,10,20,66
3907426,Bluffton,Ohio,3,2,1,0,2802,1679,1088,35,514,91843,1,0,4,0,0,90,3,2,2,30,32,36
3907972,"Bowling Green",Ohio,3,2,1,0,1886,1126,752,8,8094,66736,6,0,2,0,3,83,6,1,4,19,34,43
3908364,Brecksville,Ohio,2,1,1,0,2477,1186,1269,22,5574,152409,1,0,5,0,0,90,3,0,2,12,22,65
3909064,"Broadview Heights",Ohio,2,1,1,0,2322,1124,1172,26,8396,137563,3,0,6,0,1,86,4,0,2,18,21,58
3909246,Brooklyn,Ohio,3,1,1,0,2151,1071,1066,14,4762,76358,11,0,8,0,6,60,8,7,10,33,38,20
3909288,"Brook Park",Ohio,3,1,2,0,2307,1085,1214,8,7809,78111,5,0,3,0,3,80,6,1,9,40,36,15
3909358,Brookville,Ohio,3,2,1,0,2351,1416,798,137,572,90400,1,1,5,0,0,87,5,1,3,42,27,27
3909680,Brunswick,Ohio,2,1,1,0,2360,1357,987,16,11958,104537,2,0,1,0,1,91,5,1,4,29,39,29
3909792,Bryan,Ohio,6,5,1,0,4336,3321,984,31,3256,67958,1,0,1,0,2,93,1,2,9,39,38,14
3909890,"Buckeye Lake",Ohio,3,2,1,0,2811,1830,854,127,452,88449,0,0,0,0,3,94,3,0,20,26,44,10
3910030,Bucyrus,Ohio,5,3,2,0,2800,1670,1070,60,2818,61545,1,0,1,0,3,92,3,0,11,45,35,10
3910800,Cadiz,Ohio,4,3,1,0,2697,1724,882,91,371,64308,13,1,0,0,1,81,4,0,6,42,38,13
3910996,Cambridge,Ohio,4,2,1,0,2460,1467,932,61,2751,63758,4,0,0,0,0,90,5,1,10,40,33,16
3911066,Campbell,Ohio,4,2,2,0,2469,1168,1287,14,3207,61653,20,0,0,0,8,49,13,9,15,35,31,20
3911304,"Canal Fulton",Ohio,3,1,1,0,2293,1318,791,184,944,91002,0,0,2,0,1,95,1,0,3,31,37,29
3911332,"Canal Winchester",Ohio,2,1,1,0,2557,1473,1048,36,3525,120620,14,0,2,0,2,78,4,0,3,23,29,45
3911360,Canfield,Ohio,2,1,1,0,2658,1417,1226,15,2559,114437,3,0,2,0,3,87,5,0,3,16,35,47
3912000,Canton,Ohio,5,3,2,0,2458,1434,1004,20,31488,54477,23,0,0,0,2,64,10,1,11,37,36,15
3912112,Carey,Ohio,7,5,1,0,5102,4057,981,64,141,75830,0,0,3,0,0,95,1,1,5,42,32,21
3912168,Carlisle,Ohio,3,2,1,0,2474,1404,832,238,1744,86328,1,0,3,0,1,91,2,0,9,46,32,13
3912280,Carrollton,Ohio,4,2,1,0,2829,1681,925,223,239,75547,1,0,0,0,0,98,1,0,13,29,43,15
3912784,Cedarville,Ohio,3,1,1,0,2722,1577,1021,124,30,106095,9,0,2,0,1,83,3,1,4,20,32,45
3912868,Celina,Ohio,3,2,1,0,2248,1350,873,25,1035,79198,1,0,1,0,2,92,5,0,6,43,28,23
3913190,Centerville,Ohio,2,1,1,0,1966,1239,719,8,11137,118935,6,0,4,0,1,83,4,1,2,15,30,54
3913358,"Chagrin Falls",Ohio,2,1,1,0,2602,1277,1297,28,1579,170551,3,0,2,0,1,90,3,0,2,8,22,69
3913554,Chardon,Ohio,2,1,1,0,2665,1431,1136,98,1825,119047,1,0,0,0,1,94,3,0,5,27,26,42
3914128,Cheviot,Ohio,3,2,1,0,2343,1337,1001,5,3170,69977,19,0,0,0,2,71,8,0,6,32,41,21
3914184,Chillicothe,Ohio,4,2,1,0,2493,1626,817,50,6536,68742,6,0,0,0,1,85,7,0,6,39,32,23
3915000,Cincinnati,Ohio,3,1,1,0,2024,1192,823,9,138157,80398,39,0,3,0,2,49,6,2,10,22,27,41
3915070,Circleville,Ohio,4,3,2,0,2615,1617,962,36,4315,64115,2,0,0,0,0,94,4,0,10,37,30,22
3915644,Clayton,Ohio,2,1,1,0,2279,1408,804,67,6910,105547,25,0,1,0,1,67,6,0,2,27,33,37
3916000,Cleveland,Ohio,4,2,2,0,2146,929,1205,12,167737,55083,47,0,2,0,4,34,8,4,16,30,32,22
3916014,"Cleveland Heights",Ohio,2,1,1,0,2368,1018,1338,12,19462,100914,42,0,5,0,1,46,4,1,4,12,23,61
3916028,Cleves,Ohio,2,1,1,0,2504,1486,949,69,755,104976,3,0,0,0,1,92,4,0,11,38,25,26
3916308,Clyde,Ohio,3,1,2,0,2226,1095,1101,30,1725,73373,0,1,0,0,3,92,3,0,7,38,35,20
3916532,Coldwater,Ohio,3,2,1,0,2560,1611,858,91,170,82425,0,0,1,0,1,97,0,0,7,37,32,25
3917036,Columbiana,Ohio,4,3,1,0,3085,2017,907,161,1091,71939,0,0,2,0,0,90,2,5,2,38,30,30
3918000,Columbus,Ohio,3,2,1,0,2269,1434,826,9,346103,86236,29,0,5,0,2,54,7,3,8,22,29,41
3918350,Conneaut,Ohio,3,2,2,0,2249,1129,1009,111,4221,66045,7,0,1,0,1,86,4,0,9,43,30,18
3918812,Cortland,Ohio,3,1,1,0,2338,1315,969,54,2458,88944,2,0,0,2,2,88,5,0,3,35,22,40
3918868,Coshocton,Ohio,4,2,1,0,2521,1511,934,76,2833,65349,2,0,0,0,1,93,4,0,8,43,32,16
3919050,Covington,Ohio,3,2,1,0,2219,1370,808,41,334,67786,1,0,0,0,0,98,1,0,10,37,38,15
3919330,Crestline,Ohio,4,2,1,0,2784,1666,1020,98,371,68494,1,0,1,0,0,93,5,0,5,43,36,17
3919456,Crooksville,Ohio,5,4,1,0,2862,2019,740,103,155,57435,0,0,0,0,0,97,3,0,14,51,27,8
3919778,"Cuyahoga Falls",Ohio,2,1,1,0,1975,967,992,16,23917,86695,5,0,6,0,1,83,5,1,4,26,31,38
3921000,Dayton,Ohio,4,2,2,0,2087,1136,937,14,59884,56983,37,0,1,0,1,52,6,2,13,29,38,21
3921266,"Deer Park",Ohio,3,1,1,0,2376,1282,1090,4,2470,88564,2,0,1,0,0,95,1,0,3,28,25,44
3921308,Defiance,Ohio,3,2,1,0,2356,1506,820,30,3914,76060,4,0,0,0,4,79,8,5,9,33,34,24
3921434,Delaware,Ohio,2,1,1,0,2575,1621,924,30,11624,109538,5,0,3,0,1,83,7,1,4,24,27,44
3921602,Delphos,Ohio,4,2,1,0,2768,1665,1072,31,758,71841,2,0,0,0,1,93,2,1,13,36,38,13
3921616,Delta,Ohio,3,2,1,0,2576,1436,1113,27,447,79677,0,3,0,0,2,83,7,5,8,38,31,23
3921714,Dennison,Ohio,4,2,1,0,2822,1826,823,173,90,75891,1,0,0,0,1,95,2,1,11,48,28,13
3922456,Dover,Ohio,2,2,0,0,1574,1351,183,40,2732,83590,1,0,0,0,2,94,3,0,5,36,29,30
3922568,Doylestown,Ohio,3,1,1,0,2312,1212,992,108,619,86757,3,0,2,0,0,91,3,1,10,34,27,30
3922694,Dublin,Ohio,2,1,1,0,2506,1605,886,15,20522,158786,3,0,19,0,2,70,4,2,2,8,15,75
3923380,"East Cleveland",Ohio,5,2,2,0,1961,889,1067,5,6576,43383,88,0,1,0,0,7,2,0,16,30,36,18
3923618,Eastlake,Ohio,3,1,1,0,2208,1059,1131,18,7855,80613,4,0,0,0,1,88,6,2,7,38,35,20
3923730,"East Liverpool",Ohio,6,3,2,0,2719,1579,1056,84,2984,49146,4,0,0,0,0,85,11,0,12,51,29,8
3923940,"East Palestine",Ohio,4,2,1,0,2801,1507,1047,247,481,75019,0,0,1,0,3,91,4,1,13,51,25,11
3924234,Eaton,Ohio,3,2,1,0,2189,1540,587,62,1875,73260,1,0,1,0,0,97,1,1,6,42,32,19
3925256,Elyria,Ohio,4,2,2,0,2335,1254,1059,22,20078,65403,12,0,1,0,4,72,10,1,11,33,40,16
3925396,Englewood,Ohio,2,2,1,0,2171,1367,777,27,4713,89694,16,0,1,0,1,77,6,0,1,26,41,33
3925704,Euclid,Ohio,3,2,2,0,2033,955,1068,10,22706,62617,66,0,1,0,1,28,4,1,10,31,40,20
3925802,Evendale,Ohio,1,1,1,0,2924,1647,1259,18,947,196603,4,0,5,0,1,81,9,0,2,16,11,71
3925914,Fairborn,Ohio,3,2,1,0,1862,1124,700,38,12471,74325,9,0,1,0,2,79,8,1,9,27,37,27
3925970,Fairfield,Ohio,2,2,0,0,2019,1502,431,86,17668,90281,18,0,6,0,3,64,6,4,7,29,30,34
3926166,Fairlawn,Ohio,2,1,1,0,2325,1189,1114,22,3542,128287,14,0,3,0,0,73,8,2,2,14,24,60
3926306,"Fairport Harbor",Ohio,4,2,2,0,2169,1032,1125,12,1528,61818,2,3,1,0,0,82,6,6,11,38,29,22
3926446,"Fairview Park",Ohio,2,1,1,0,2193,1061,1124,8,7727,99756,2,0,2,0,2,86,7,1,3,19,30,49
3927048,Findlay,Ohio,3,2,1,0,2452,1587,847,18,13294,83585,2,0,3,0,3,85,4,3,6,31,32,30
3927706,"Forest Park",Ohio,3,2,1,0,2120,1392,720,8,7116,80926,53,0,4,1,5,24,6,6,8,28,33,31
3928014,Fostoria,Ohio,4,3,2,0,2916,1768,1099,49,2469,68440,5,0,0,0,9,76,4,5,8,41,43,8
3928476,Franklin,Ohio,3,2,1,0,2345,1444,854,47,4646,78804,1,0,3,0,0,90,4,2,14,46,28,12
3928826,Fremont,Ohio,4,2,2,0,2576,1496,1053,27,5357,68052,9,0,0,0,6,72,8,4,7,39,36,18
3929106,Gahanna,Ohio,2,1,1,0,2562,1632,915,15,12981,130622,14,0,4,0,1,73,6,2,2,18,25,55
3929162,Galion,Ohio,5,3,2,0,3168,2026,1085,57,2577,69773,1,0,1,0,0,96,2,0,7,43,37,13
3929204,Gallipolis,Ohio,4,3,1,0,2706,1936,724,46,553,72932,4,0,2,0,0,83,10,1,12,32,30,25
3929428,"Garfield Heights",Ohio,4,2,2,0,2475,1093,1365,17,11974,60505,57,0,0,0,1,34,5,3,8,34,41,17
3929442,Garrettsville,Ohio,3,2,1,0,2769,1494,853,422,210,88229,0,0,0,0,0,94,4,1,11,39,20,29
3929610,Geneva,Ohio,3,2,1,0,2376,1291,896,189,710,75212,2,0,0,0,4,87,6,1,11,40,33,17
3929778,Georgetown,Ohio,4,3,1,0,2479,1857,436,186,283,61209,3,0,1,0,1,94,1,1,16,39,32,13
3929932,Germantown,Ohio,3,1,1,0,2533,1363,1001,169,772,93590,0,0,0,0,0,93,6,0,8,35,33,24
3930072,Gibsonburg,Ohio,3,2,1,0,2931,1525,1214,192,96,87369,1,0,0,0,2,87,6,3,4,44,31,20
3930198,Girard,Ohio,4,2,2,0,2432,1215,1205,12,3561,65155,5,0,0,0,1,89,4,0,7,39,33,21
3930786,"Golf Manor",Ohio,4,2,2,0,2486,1352,1124,10,1699,62994,60,0,7,0,2,27,5,0,9,24,35,32
3931150,Grafton,Ohio,3,2,1,0,3355,2070,1099,186,376,101921,10,0,0,0,2,78,9,1,5,36,40,19
3931304,"Grandview Heights",Ohio,2,1,1,0,2282,1451,828,3,2811,150117,2,0,2,0,2,85,9,0,1,4,15,80
3931402,Granville,Ohio,2,1,1,0,2932,1803,1090,39,1504,133528,2,0,3,0,2,89,4,1,1,16,22,60
3931860,Green,Ohio,2,1,1,0,2443,1327,1076,40,10699,119043,1,0,1,0,0,94,3,1,3,22,32,44
3932088,Greenfield,Ohio,3,2,1,0,2585,1824,532,229,91,85056,2,0,0,0,1,94,3,0,12,40,32,16
3932158,Greenhills,Ohio,3,2,1,0,2621,1504,981,136,1178,85760,19,0,1,0,1,70,8,1,3,30,35,32
3932340,Greenville,Ohio,3,2,1,0,2143,1337,770,36,3272,70179,0,0,0,0,0,96,2,1,9,45,29,18
3932592,"Grove City",Ohio,2,2,1,0,2479,1620,841,18,12537,99467,7,0,2,0,1,84,4,2,7,30,32,31
3932606,Groveport,Ohio,3,2,1,0,2648,1596,1036,16,2736,95695,17,0,1,0,2,74,4,3,6,32,35,28
3933012,Hamilton,Ohio,3,2,1,0,1922,1502,356,64,23243,68496,9,0,1,0,5,75,8,2,12,42,30,15
3933838,Harrison,Ohio,2,1,0,0,1975,1393,480,102,3150,102764,1,0,0,0,0,95,3,0,7,29,38,26
3934328,Hartville,Ohio,3,1,1,0,2601,1457,1079,65,575,103541,2,0,1,0,0,93,3,0,8,33,27,32
3934748,Heath,Ohio,3,2,1,0,2767,1741,995,31,2243,98324,3,0,1,0,1,91,4,0,6,32,36,26
3935098,Hicksville,Ohio,4,3,1,0,2926,1914,954,58,202,71063,1,0,0,0,4,84,5,6,11,46,28,15
3935252,"Highland Heights",Ohio,2,1,1,0,2879,1388,1456,35,3504,178077,1,0,6,0,1,89,3,0,1,20,21,58
3935476,Hilliard,Ohio,2,1,1,0,2516,1606,895,15,14956,136752,4,0,9,0,1,78,7,1,3,11,26,61
3935560,Hillsboro,Ohio,3,3,0,0,2163,1865,258,40,1065,66937,3,1,0,0,2,92,3,1,10,45,27,17
3936582,Hubbard,Ohio,3,2,1,0,2352,1490,834,28,2997,77956,1,0,1,0,2,94,2,0,4,38,34,24
3936610,"Huber Heights",Ohio,2,1,1,0,2209,1321,863,25,14920,90040,16,0,2,0,1,73,6,1,5,25,43,26
3936651,Hudson,Ohio,2,1,1,0,4009,2683,1282,44,8051,200256,2,0,4,0,1,89,3,1,1,6,12,81
3937016,Huron,Ohio,3,1,1,0,2360,1339,960,61,2474,93807,1,0,0,0,0,89,7,2,5,23,36,35
3937240,Independence,Ohio,2,1,1,0,2506,1165,1308,33,3012,137560,0,0,2,0,1,92,4,1,1,25,27,47
3937464,Ironton,Ohio,4,3,1,0,2640,1769,843,28,4119,59284,2,0,0,0,0,96,2,0,11,41,27,21
3937842,Jackson,Ohio,9,7,1,0,5949,5200,663,86,1131,69695,1,0,2,0,1,92,4,0,6,51,27,16
3938500,Jefferson,Ohio,3,2,1,0,2388,1350,834,204,155,88872,1,0,0,0,2,94,2,1,8,44,31,16
3939340,Johnstown,Ohio,3,2,1,0,2809,1742,898,169,529,98867,0,0,0,0,1,94,4,0,2,39,23,36
3939872,Kent,Ohio,3,2,1,0,1991,1131,840,20,9022,70412,9,0,3,0,1,81,6,0,5,18,30,47
3939886,Kenton,Ohio,4,3,1,0,2612,1656,887,69,1199,60605,1,0,1,0,0,95,3,0,7,46,26,20
3940040,Kettering,Ohio,2,1,1,0,1958,1087,861,10,26971,85903,6,0,2,0,1,86,4,1,3,20,36,40
3940642,Kirtland,Ohio,2,1,1,0,2589,1250,1202,137,1999,147260,0,0,1,0,1,94,3,0,7,17,22,54
3941454,Lakemore,Ohio,3,2,1,0,2234,1130,1071,33,1028,73353,2,0,0,0,2,92,3,0,12,39,35,14
3941664,Lakewood,Ohio,2,1,1,0,1831,810,1015,6,26442,88296,6,0,2,0,2,84,5,1,4,16,28,51
3941720,Lancaster,Ohio,3,2,1,0,2307,1663,613,31,13157,70344,1,0,1,0,1,91,5,1,8,41,31,21
3942364,Lebanon,Ohio,2,1,1,0,1989,1206,736,47,5874,98026,3,0,2,0,2,89,2,1,4,37,31,28
3942994,Lexington,Ohio,3,2,1,0,2944,1716,1048,180,503,90771,1,0,0,0,0,97,1,1,6,26,38,30
3943554,Lima,Ohio,5,3,2,0,2532,1557,956,19,13416,54680,21,0,0,0,2,66,9,2,11,40,37,12
3943722,"Lincoln Heights",Ohio,4,3,1,0,1734,1205,528,1,1209,46592,83,0,0,0,0,8,10,0,12,53,25,10
3943764,"Lincoln Heights",Ohio,4,2,2,0,2337,1260,1042,35,223,57102,2,0,0,0,1,91,5,1,12,57,25,6
3944030,Lisbon,Ohio,4,2,2,0,2623,1444,1024,155,136,65357,3,0,1,0,2,90,4,0,12,44,32,13
3944366,Lockland,Ohio,4,2,2,0,2287,1187,1096,4,1592,64172,32,0,1,0,0,62,4,1,15,40,31,14
3944604,Lodi,Ohio,5,3,2,0,3232,2175,1029,28,632,64532,0,1,2,0,0,95,1,0,12,47,33,8
3944632,Logan,Ohio,4,3,1,0,2869,2091,680,98,497,69952,1,0,1,0,1,93,3,3,10,41,34,15
3944674,London,Ohio,3,2,1,0,2499,1516,952,31,2271,83029,4,0,2,0,0,90,4,0,8,40,30,22
3944856,Lorain,Ohio,3,2,1,0,1987,1248,719,20,24252,62494,17,1,1,0,12,50,15,4,15,34,37,14
3944912,Lordstown,Ohio,3,2,1,0,2714,1466,1030,218,1259,81663,1,0,0,0,1,95,3,0,7,44,29,20
3945066,Loudonville,Ohio,4,2,2,0,2535,1356,1083,96,87,70408,0,0,0,0,4,95,1,0,9,44,33,15
3945094,Louisville,Ohio,3,2,1,0,2710,1609,1030,71,2786,83474,1,0,0,0,1,95,2,0,4,42,36,18
3945108,Loveland,Ohio,2,1,1,0,2663,1537,1042,84,3470,157569,5,1,3,0,2,85,3,1,3,15,23,58
3945556,Lyndhurst,Ohio,2,1,1,0,2390,1146,1234,10,6657,120587,14,0,2,0,2,78,3,0,2,15,19,64
3945934,McDonald,Ohio,3,2,1,0,2508,1308,1188,12,1350,83843,0,0,0,0,0,96,4,0,8,33,31,28
3945976,Macedonia,Ohio,2,1,1,0,2612,1324,1248,40,4240,139425,11,0,6,0,0,78,4,0,6,18,30,46
3946312,Madeira,Ohio,2,1,1,0,2994,1698,1232,64,3741,196778,5,0,4,0,1,85,4,1,1,14,17,68
3946480,Madison,Ohio,2,1,1,0,2314,1267,1008,39,1391,97499,1,0,0,0,0,97,2,0,8,29,39,24
3947138,Mansfield,Ohio,4,2,2,0,2339,1270,1028,41,16775,57918,19,0,1,0,1,70,8,1,10,38,32,20
3947306,"Maple Heights",Ohio,4,2,2,0,2494,1049,1431,14,10144,61798,73,0,1,0,0,23,2,1,9,32,42,17
3947600,Mariemont,Ohio,1,1,1,0,2613,1536,1069,8,1176,192315,3,0,1,0,0,94,2,0,1,3,14,82
3947628,Marietta,Ohio,3,2,1,0,2375,1519,837,19,4318,73587,2,0,2,0,1,91,2,0,7,24,32,38
3947754,Marion,Ohio,4,2,2,0,2450,1363,1057,30,10176,62786,4,0,0,0,2,87,6,1,11,43,34,12
3948104,"Martins Ferry",Ohio,5,3,2,0,2650,1670,922,58,1812,54835,5,0,3,0,1,79,10,1,8,43,37,12
3948160,Marysville,Ohio,2,1,1,0,2439,1436,970,33,5859,106243,4,0,1,0,1,87,6,1,4,32,28,36
3948188,Mason,Ohio,2,1,1,0,2365,1514,831,20,13571,153588,5,0,16,0,1,72,4,1,1,13,20,66
3948244,Massillon,Ohio,3,2,1,0,2193,1266,884,43,13440,74373,7,0,1,0,1,86,6,0,8,39,35,17
3948342,Maumee,Ohio,2,1,1,0,2372,1208,1144,20,6485,106201,2,0,1,0,3,88,5,1,3,20,38,40
3948468,Mayfield,Ohio,2,1,1,0,2527,1213,1283,31,1385,155800,3,0,2,0,0,95,0,0,1,18,27,53
3948482,"Mayfield Heights",Ohio,2,1,1,0,1853,922,924,7,10057,80330,17,0,6,0,2,65,9,1,6,23,30,41
3948790,Medina,Ohio,2,1,1,0,2371,1376,972,23,8475,105476,4,0,1,0,2,89,5,0,3,28,32,37
3949056,Mentor,Ohio,2,1,1,0,2239,1147,1059,33,19681,102716,2,0,3,0,2,89,4,1,4,26,32,38
3949098,Mentor-on-the-Lake,Ohio,3,1,1,0,1989,987,976,26,3581,78179,3,0,1,0,1,92,3,0,5,36,36,24
3949434,Miamisburg,Ohio,2,1,1,0,2175,1366,762,47,8081,91288,4,0,1,0,1,89,4,2,6,31,35,29
3949644,"Middleburg Heights",Ohio,2,1,1,0,2053,1036,1010,7,7474,91984,3,0,9,0,2,79,6,1,7,26,29,38
3949700,Middlefield,Ohio,3,1,1,0,2328,1170,857,301,454,87320,2,0,0,0,1,95,1,0,20,31,25,24
3949840,Middletown,Ohio,3,2,1,0,2204,1423,742,39,20434,70766,11,0,1,0,1,79,6,2,14,37,33,17
3950176,Milford,Ohio,2,1,0,0,1758,1193,433,132,3086,88979,2,0,0,0,1,92,5,0,7,31,24,38
3950372,Millersburg,Ohio,3,2,1,0,2470,1515,845,110,239,77901,1,0,0,0,1,96,2,0,18,32,25,24
3950834,Minerva,Ohio,4,2,1,0,2620,1639,789,192,176,74318,1,0,0,0,0,94,4,0,8,47,32,13
3950904,"Mingo Junction",Ohio,4,3,2,0,2990,1859,1029,102,1018,68012,1,0,0,0,0,95,4,0,9,50,27,13
3950918,Minster,Ohio,8,7,1,0,10351,9324,903,124,137,125360,0,0,0,0,0,99,0,0,8,29,27,36
3951058,Mogadore,Ohio,3,1,1,0,2356,1187,1075,94,929,86071,0,0,0,0,1,94,4,1,6,44,22,27
3951310,Monroe,Ohio,2,1,1,0,2506,1572,902,32,4944,122576,4,0,2,0,2,82,7,4,6,21,34,39
3951716,Montgomery,Ohio,2,1,1,0,2783,1631,1135,17,4762,173845,5,0,6,0,3,80,5,1,0,10,13,77
3951772,Montpelier,Ohio,6,5,1,0,3739,2877,791,71,373,60028,1,0,1,0,1,94,4,0,8,39,45,8
3952010,Moraine,Ohio,3,2,1,0,1996,1278,637,81,3139,61516,15,0,3,0,1,68,12,1,17,26,41,16
3952052,"Moreland Hills",Ohio,1,1,1,0,3073,1441,1477,155,855,235092,1,0,4,0,1,92,2,0,1,9,10,80
3952738,"Mount Gilead",Ohio,4,3,1,0,3089,1887,1021,181,137,74781,2,1,0,0,0,91,4,1,10,40,37,14
3952752,"Mount Healthy",Ohio,3,2,1,0,2272,1417,841,14,2883,65526,47,0,1,0,1,48,2,1,6,43,39,12
3952906,"Mount Orab",Ohio,3,2,1,0,2422,1468,716,238,853,84702,1,0,0,0,0,98,1,0,19,36,30,15
3953102,"Mount Vernon",Ohio,4,2,1,0,2601,1592,953,56,2539,72735,1,0,1,0,1,91,4,1,7,41,24,28
3953312,"Munroe Falls",Ohio,2,1,1,0,2140,1132,994,14,1406,102465,2,0,3,0,2,90,4,0,1,34,22,44
3953550,Napoleon,Ohio,5,4,1,0,3715,2853,831,31,1252,76229,1,0,0,0,0,87,3,9,3,46,33,18
3953886,Nelsonville,Ohio,4,3,1,0,2603,1922,609,72,249,60035,2,0,0,0,2,92,4,0,12,36,36,16
3953970,"New Albany",Ohio,1,1,0,0,2811,1814,931,66,4242,194266,4,0,7,0,2,76,10,2,1,9,17,73
3954040,Newark,Ohio,3,2,1,0,2555,1593,928,34,15788,73419,3,0,1,0,2,88,5,1,8,35,35,22
3954194,"New Bremen",Ohio,6,5,1,0,6316,5269,983,64,179,112372,1,0,1,0,0,96,0,1,4,27,28,40
3954334,"New Carlisle",Ohio,3,2,1,0,2323,1267,961,95,908,67898,1,0,0,0,3,84,6,7,17,33,33,17
3954432,Newcomerstown,Ohio,5,3,2,0,2776,1683,900,193,176,59002,0,0,0,0,0,97,3,0,10,53,24,13
3954446,"New Concord",Ohio,4,2,1,0,3070,2127,749,194,58,86805,1,0,0,0,0,95,2,1,9,30,21,41
3954562,"New Franklin",Ohio,2,1,1,0,2481,1286,1107,88,5512,104603,1,0,0,0,0,94,4,1,2,31,41,26
3954852,"New Lebanon",Ohio,3,2,1,0,2717,1548,848,321,117,83693,1,0,1,0,0,95,3,0,9,36,39,17
3954866,"New Lexington",Ohio,4,3,1,0,2736,1868,835,33,243,62573,0,0,0,0,0,97,2,0,12,52,24,11
3955216,"New Philadelphia",Ohio,3,3,0,0,1917,1708,181,28,4564,68249,1,0,1,0,6,88,3,1,12,40,24,24
3955384,"New Richmond",Ohio,2,2,1,0,2385,1556,594,235,522,100102,2,0,0,0,0,93,4,1,12,40,29,19
3955650,"Newton Falls",Ohio,4,4,1,0,2666,2295,325,46,1635,63667,1,0,2,0,0,96,1,0,8,44,28,20
3955678,Newtown,Ohio,2,1,1,0,3175,1733,1345,97,606,172395,2,0,2,0,0,93,2,2,2,14,19,66
3955916,Niles,Ohio,3,1,2,0,1688,625,1052,11,8500,63641,4,0,1,0,1,89,4,0,10,44,26,21
3956154,"North Baltimore",Ohio,4,2,1,0,2462,1488,935,39,618,62552,4,0,0,0,0,92,2,3,14,45,29,12
3956294,"North Canton",Ohio,3,2,1,0,2511,1451,1043,17,6320,90869,5,0,2,0,1,89,3,1,2,24,36,38
3956322,"North College Hill",Ohio,4,2,1,0,2454,1453,992,9,3765,66261,60,0,0,0,0,34,6,0,13,30,37,20
3956448,Northfield,Ohio,3,1,1,0,2416,1280,1117,19,1477,88368,12,1,5,0,2,76,4,0,11,34,26,29
3956700,"North Kingsville",Ohio,3,1,1,0,2451,1277,998,176,762,88712,2,0,0,0,3,91,3,0,5,35,34,25
3956882,"North Olmsted",Ohio,2,1,1,0,2304,1084,1204,16,13140,104847,2,0,3,0,3,85,5,1,5,28,33,34
3956966,"North Ridgeville",Ohio,2,1,1,0,2476,1421,1028,27,13514,114529,2,0,1,0,3,89,5,1,4,23,36,37
3957008,"North Royalton",Ohio,2,1,1,0,2035,1073,945,17,13541,113212,3,1,4,0,1,86,4,1,3,26,30,41
3957190,Northwood,Ohio,2,1,1,0,2344,1322,995,27,2318,100070,0,0,1,0,3,90,5,1,1,29,30,40
3957260,Norton,Ohio,3,1,1,0,2468,1274,1108,86,4786,97977,3,0,1,0,0,92,4,1,8,30,36,25
3957302,Norwalk,Ohio,3,2,1,0,2356,1357,961,38,3989,79360,1,0,0,0,5,87,7,1,6,40,32,22
3957386,Norwood,Ohio,3,1,1,0,2304,1271,1020,13,8579,85930,14,0,1,1,4,76,3,1,7,30,28,35
3957582,"Oak Harbor",Ohio,4,3,1,0,3044,1941,1071,32,482,77177,0,0,1,0,4,92,2,0,4,32,41,24
3957750,Oakwood,Ohio,3,2,2,0,2485,1167,1288,30,895,72785,41,0,3,0,0,47,8,0,8,35,30,27
3957764,Oakwood,Ohio,1,1,1,0,2286,1227,1042,17,3610,170628,0,0,3,0,1,92,4,0,1,3,19,77
3957834,Oberlin,Ohio,6,5,1,0,5030,4036,962,32,1078,89608,12,0,4,0,2,71,10,0,4,18,25,53
3957862,Obetz,Ohio,3,2,1,0,2607,1645,933,29,2087,81992,13,0,1,0,2,78,5,1,10,36,35,19
3958422,"Olmsted Falls",Ohio,2,1,1,0,2206,1111,1085,10,3431,109119,2,0,2,0,1,86,8,1,3,24,34,40
3958520,Ontario,Ohio,3,2,1,0,2503,1478,966,59,2197,80155,0,0,3,0,0,90,3,4,6,32,28,33
3958604,Orange,Ohio,1,1,1,0,2662,1272,1360,30,1527,183394,22,0,7,0,1,61,7,3,3,8,22,67
3958730,Oregon,Ohio,2,1,1,0,2385,1345,998,42,7617,97300,1,0,1,0,2,85,7,4,8,38,30,23
3958828,Orrville,Ohio,2,2,0,0,1704,1306,349,49,1815,81494,5,0,3,0,1,84,3,5,8,38,29,25
3958982,Ottawa,Ohio,3,2,1,0,3076,2088,936,52,387,103893,1,0,0,0,1,91,4,3,4,36,28,32
3959010,"Ottawa Hills",Ohio,1,1,1,0,2890,1421,1447,22,1651,194828,2,0,11,0,1,79,4,3,1,8,17,75
3959234,Oxford,Ohio,3,2,1,0,1856,1284,548,24,3818,69242,5,0,6,0,1,82,6,1,0,13,41,46
3959416,Painesville,Ohio,3,2,1,0,2172,1131,1026,15,7802,71910,15,0,1,0,9,57,9,8,15,33,29,22
3961000,Parma,Ohio,3,1,1,0,2173,1036,1123,14,34546,78763,5,0,2,0,2,82,6,2,6,32,36,26
3961028,"Parma Heights",Ohio,3,1,1,0,1835,909,918,8,9334,71661,16,0,2,0,4,73,4,1,8,29,34,29
3961112,Pataskala,Ohio,3,2,1,0,2994,1914,981,99,6098,109712,9,0,8,0,1,76,6,0,6,25,33,36
3961252,Paulding,Ohio,4,3,1,0,2846,1971,837,38,264,66722,1,0,0,0,4,82,12,1,17,33,37,13
3961686,"Pepper Pike",Ohio,1,1,1,0,2907,1423,1465,19,2590,233747,5,0,12,0,1,73,8,0,1,5,18,75
3962148,Perrysburg,Ohio,2,1,1,0,2373,1298,1059,16,7256,145767,2,0,3,0,2,87,5,1,2,13,24,61
3962498,Pickerington,Ohio,2,1,1,0,2413,1679,706,28,6528,128259,20,0,5,0,1,66,5,2,2,17,31,50
3962848,Piqua,Ohio,3,2,1,0,2203,1148,979,76,2665,69985,1,0,1,0,1,93,4,0,10,42,33,15
3963030,"Plain City",Ohio,2,1,1,0,2874,1727,1101,46,190,149474,2,0,9,0,1,84,4,0,1,18,29,52
3963954,Poland,Ohio,2,1,1,0,2657,1293,1344,20,943,110130,1,0,1,0,2,91,4,1,2,18,30,51
3964150,"Port Clinton",Ohio,3,2,1,0,2259,1214,1019,26,1126,70989,3,0,0,0,3,85,8,1,11,37,35,17
3964304,Portsmouth,Ohio,5,3,2,0,2594,1710,864,20,6432,52850,6,0,1,0,2,85,5,1,13,37,31,19
3964486,Powell,Ohio,1,1,1,0,3027,1922,1091,14,2642,212033,1,0,10,0,1,83,3,1,0,6,19,75
3965592,Ravenna,Ohio,3,2,1,0,2185,1218,923,44,4016,66707,11,0,2,0,2,79,6,1,10,40,29,21
3965732,Reading,Ohio,2,1,1,0,2081,1228,851,2,5160,86365,11,0,3,0,1,79,4,2,7,35,26,32
3966152,Reminderville,Ohio,2,1,1,0,2479,1274,1190,15,1202,146117,12,0,14,0,1,70,3,0,1,14,27,58
3966390,Reynoldsburg,Ohio,3,2,1,0,2627,1682,934,11,15538,84207,32,0,8,0,1,48,6,5,8,23,40,29
3966530,Richfield,Ohio,2,1,1,0,2778,1397,1353,28,951,159588,2,0,2,0,0,89,6,0,1,17,32,50
3966894,"Richmond Heights",Ohio,2,1,1,0,2185,1072,1101,12,4983,87616,60,0,1,0,0,33,3,2,7,29,31,34
3967356,Rittman,Ohio,3,2,1,0,2189,1425,682,82,1443,80977,1,0,1,0,0,95,1,1,9,42,30,19
3967468,Riverside,Ohio,3,2,1,0,2011,1136,857,18,9693,73681,7,0,3,0,2,81,5,2,9,26,40,25
3968056,"Rocky River",Ohio,2,1,1,0,2192,1125,1060,7,9693,124068,1,0,2,0,1,93,3,0,2,15,19,64
3968686,Rossford,Ohio,2,1,1,0,2219,1230,967,22,2236,103061,1,0,3,0,2,89,4,1,3,19,40,38
3969470,"St. Bernard",Ohio,3,1,1,0,2676,1463,1207,6,1773,99145,10,0,0,0,1,85,2,1,6,30,31,34
3969526,"St. Clairsville",Ohio,4,3,1,0,3267,2262,902,103,422,90372,1,0,1,0,1,92,4,0,4,31,25,39
3969540,"St. Henry",Ohio,3,2,1,0,3090,1860,1079,151,46,105238,0,0,1,0,2,96,1,0,3,36,35,26
3969680,"St. Marys",Ohio,3,2,1,0,2287,1268,964,55,1429,77538,0,0,1,0,1,94,5,0,6,46,38,11
3969834,Salem,Ohio,4,2,1,0,2497,1439,1002,56,3007,68985,1,0,0,0,0,97,1,1,9,42,26,23
3970380,Sandusky,Ohio,4,2,1,0,2215,1246,939,30,10962,62749,23,0,1,0,2,64,7,3,11,37,34,18
3971220,Sebring,Ohio,3,2,1,0,2127,1292,821,14,1897,63902,0,0,1,0,1,94,4,0,11,40,32,17
3971416,"Seven Hills",Ohio,2,1,1,0,2377,1066,1295,16,4857,107472,2,0,5,0,1,87,3,1,5,23,31,41
3971486,Seville,Ohio,4,3,1,0,4170,2802,1029,339,209,108483,0,0,0,0,0,97,2,0,8,34,30,29
3971640,Shadyside,Ohio,5,3,2,0,2849,1692,1044,113,560,61242,0,0,0,0,0,99,1,0,8,43,21,28
3971682,"Shaker Heights",Ohio,2,1,1,0,2470,1220,1240,10,12826,160905,36,0,3,0,2,52,5,2,2,6,20,71
3971892,Sharonville,Ohio,2,1,1,0,2119,1246,866,7,6189,104654,9,0,5,0,2,76,6,2,7,28,27,37
3972060,Sheffield,Ohio,2,1,1,0,2500,1447,1019,34,1660,125197,3,0,3,0,2,87,5,0,3,25,33,40
3972088,"Sheffield Lake",Ohio,3,2,1,0,2395,1301,1064,30,2764,82257,3,0,0,0,3,89,4,2,5,40,36,20
3972102,Shelby,Ohio,5,3,2,0,2998,1891,1053,54,1801,63823,0,0,3,0,2,92,2,0,9,47,30,15
3972424,Sidney,Ohio,3,2,1,0,2217,1315,881,21,6376,81877,5,0,1,0,1,86,6,1,11,42,33,14
3972494,"Silver Lake",Ohio,2,1,1,0,2372,1198,1160,14,1025,144208,2,0,1,0,0,91,6,0,3,10,18,69
3972522,Silverton,Ohio,3,1,1,0,2057,1161,892,4,2365,79824,41,1,2,0,5,43,7,1,4,27,35,34
3972928,Solon,Ohio,1,1,1,0,2821,1395,1382,44,8329,188559,11,0,14,0,1,65,7,1,5,13,18,64
3973264,"South Euclid",Ohio,3,1,1,0,2487,1074,1402,11,8756,93582,52,0,1,0,0,41,4,1,3,13,37,47
3973446,"South Lebanon",Ohio,2,1,1,0,2456,1511,875,70,1094,161119,2,0,4,0,2,89,1,2,2,28,21,48
3973670,"South Point",Ohio,4,3,1,0,2987,2311,656,20,1278,83153,7,0,0,0,0,89,2,2,5,41,36,19
3973684,"South Russell",Ohio,2,1,1,0,2925,1536,1317,72,1424,193431,0,0,0,0,0,99,1,0,0,5,17,78
3974076,Springboro,Ohio,2,1,1,0,2503,1502,972,29,5317,137656,3,0,3,0,1,89,4,1,3,17,27,53
3974104,Springdale,Ohio,2,1,1,0,1959,1286,665,8,4125,93023,38,0,4,0,9,40,7,2,10,19,33,38
3974118,Springfield,Ohio,4,2,2,0,2390,1335,1029,26,22212,59621,17,0,1,0,2,70,8,1,13,37,35,15
3974608,Steubenville,Ohio,5,3,2,0,2695,1681,969,45,7096,59056,13,0,2,0,2,75,6,2,7,36,30,28
3974944,Stow,Ohio,2,1,1,0,2138,1126,1004,8,13857,110466,3,0,3,0,1,88,4,0,2,21,25,52
3974958,Strasburg,Ohio,3,2,1,0,2954,1906,814,234,97,90890,0,0,0,0,1,91,3,5,11,50,22,17
3975014,Streetsboro,Ohio,2,1,1,0,2301,1285,955,61,7242,103019,8,0,2,0,1,85,4,1,7,33,24,37
3975098,Strongsville,Ohio,2,1,1,0,2282,1231,1030,21,18785,134863,2,0,6,0,1,86,3,1,3,21,27,49
3975126,Struthers,Ohio,4,2,2,0,2471,1154,1292,25,4362,64758,5,0,1,0,2,83,7,1,5,42,34,20
3975602,Sunbury,Ohio,2,1,1,0,2934,1920,942,72,680,152592,2,0,3,0,2,89,2,2,4,17,26,53
3975896,Swanton,Ohio,3,2,1,0,2461,1471,946,44,773,87662,0,0,0,0,3,93,2,1,8,26,47,19
3976022,Sylvania,Ohio,2,1,1,0,2480,1323,1143,14,7277,128361,2,0,3,0,2,89,4,0,2,15,27,56
3976106,Tallmadge,Ohio,2,1,1,0,2160,1142,1003,15,8171,97151,4,0,5,0,0,87,3,0,4,31,30,35
3976582,"The Village of Indian Hill",Ohio,1,1,1,0,3307,1829,1294,184,3294,228715,6,0,6,0,1,83,3,1,1,6,17,76
3976778,Tiffin,Ohio,4,3,1,0,2683,1677,955,51,2380,63744,5,0,2,0,3,87,2,1,3,38,36,23
3976876,"Tipp City",Ohio,5,4,1,0,4213,3422,756,35,3167,91028,1,0,2,0,1,91,5,0,2,28,35,35
3977000,Toledo,Ohio,4,2,2,0,2315,1200,1099,16,113608,58357,29,0,1,0,3,56,8,3,11,30,38,22
3977112,Toronto,Ohio,4,3,2,0,2813,1763,971,79,2022,62984,3,0,0,0,0,94,3,0,6,49,31,15
3977322,Trenton,Ohio,3,2,1,0,2755,1643,1013,99,2646,102454,0,0,0,0,1,96,2,0,8,35,42,15
3977504,Trotwood,Ohio,3,2,1,0,2121,1268,785,68,10169,61912,67,0,0,0,0,26,6,1,8,32,40,20
3977588,Troy,Ohio,3,2,1,0,2412,1499,852,61,3160,92705,3,0,4,0,1,87,5,1,6,29,32,33
3978050,Twinsburg,Ohio,2,1,1,0,2462,1270,1170,22,8812,133713,18,0,8,0,2,68,3,1,2,22,26,50
3978176,Uhrichsville,Ohio,5,3,2,0,2694,1650,984,60,562,58815,1,0,1,0,0,96,2,0,11,45,31,14
3978470,Union,Ohio,3,2,1,0,2375,1346,977,52,2270,83914,4,0,0,0,0,90,5,0,2,42,31,25
3978932,"University Heights",Ohio,2,1,1,0,2473,1114,1346,13,4851,117010,23,0,2,0,1,71,2,0,3,7,23,67
3979002,"Upper Arlington",Ohio,2,1,1,0,2780,1699,1068,13,13788,183935,1,0,7,0,2,84,5,1,0,5,15,79
3979044,"Upper Sandusky",Ohio,4,3,1,0,2718,1888,760,70,950,73286,0,0,0,0,2,93,4,0,2,44,31,24
3979072,Urbana,Ohio,3,2,1,0,2542,1444,1023,75,2410,75765,6,0,1,0,0,87,5,1,8,39,31,23
3979492,Vandalia,Ohio,2,1,1,0,2079,1280,741,58,6409,93546,5,0,1,0,1,88,4,0,5,32,34,29
3979562,"Van Wert",Ohio,4,3,1,0,2738,1726,979,33,2633,68862,1,0,0,0,2,89,6,2,6,43,35,16
3979716,Vermilion,Ohio,2,2,1,0,2065,1391,636,38,3184,90444,0,0,1,0,2,92,3,0,8,27,33,32
3979912,Versailles,Ohio,5,4,1,0,5219,4078,1005,136,108,107516,0,0,0,0,0,98,2,0,6,40,27,28
3980304,Wadsworth,Ohio,2,1,1,0,2000,1062,912,26,5150,102122,2,0,1,0,0,95,2,0,4,23,32,41
3980486,Walbridge,Ohio,3,2,1,0,2277,1265,972,40,463,69154,0,0,0,0,1,86,10,3,7,41,31,21
3980766,Wapakoneta,Ohio,3,1,1,0,2121,1127,969,25,2877,79795,0,0,0,0,1,91,5,3,6,43,34,17
3980892,Warren,Ohio,4,2,2,0,2027,1113,902,12,14943,51009,22,0,1,0,1,70,6,1,12,43,27,18
3980990,"Warrensville Heights",Ohio,4,2,2,0,2087,971,1102,14,5048,56512,92,0,0,0,0,4,3,0,7,30,43,20
3981718,"Washington Court House",Ohio,3,2,1,0,2337,1527,727,83,1428,74750,4,0,1,0,1,89,4,1,14,49,25,12
3981858,Waterville,Ohio,3,1,2,0,4565,1277,3256,32,1414,143632,1,0,2,0,2,85,10,0,4,17,28,52
3981928,Wauseon,Ohio,3,2,1,0,2411,1462,925,24,1837,82548,0,0,1,0,7,84,4,3,3,45,28,23
3981935,Waverly,Ohio,3,3,0,0,2483,2156,259,68,340,75562,0,0,0,0,0,96,3,0,13,38,28,21
3982418,Waynesville,Ohio,2,1,1,0,2832,1555,1062,215,256,118155,0,0,0,0,4,93,3,0,5,30,31,34
3982642,Wellington,Ohio,4,2,1,0,3184,2216,918,50,384,89086,0,0,1,0,0,96,3,0,8,27,38,27
3982712,Wellston,Ohio,4,3,1,0,2753,2125,572,56,623,66830,0,0,0,0,0,98,2,0,15,53,24,8
3982740,Wellsville,Ohio,5,3,2,0,2691,1512,1113,66,1313,54768,7,0,0,0,1,88,3,0,17,38,34,11
3983090,"West Carrollton",Ohio,3,2,1,0,1935,1183,711,41,5757,71357,11,0,3,0,2,77,6,1,9,31,34,26
3983342,Westerville,Ohio,2,1,1,0,2347,1477,863,7,14897,133464,8,0,3,0,1,82,5,0,2,16,24,59
3983580,"West Jefferson",Ohio,3,2,1,0,2759,1660,995,104,628,93861,0,0,0,0,1,96,3,0,7,41,32,21
3983622,Westlake,Ohio,2,1,1,0,2216,1115,1081,20,14537,141896,3,0,7,0,1,85,4,1,3,14,22,62
3983902,"West Milton",Ohio,3,2,1,0,2275,1406,748,121,1149,70885,0,0,0,0,0,95,2,2,10,39,38,12
3984294,"West Union",Ohio,5,3,1,0,2751,2034,659,58,141,58323,0,0,0,0,0,97,1,1,14,47,24,16
3984742,Whitehall,Ohio,4,2,2,0,2509,1413,1088,8,8131,61732,42,1,1,0,1,43,5,8,12,43,31,13
3984770,Whitehouse,Ohio,2,1,1,0,2485,1307,1142,36,953,135751,0,3,0,0,4,89,4,0,1,20,30,49
3985036,Wickliffe,Ohio,3,1,1,0,2273,1086,1170,17,5460,90599,6,0,2,0,2,84,5,1,4,32,34,30
3985232,Willard,Ohio,4,3,1,0,2628,1703,866,59,363,68065,1,0,1,0,10,77,8,4,10,51,23,15
3985288,Williamsburg,Ohio,3,2,1,0,2309,1527,526,256,178,82041,1,0,0,0,0,96,2,2,7,44,38,12
3985484,Willoughby,Ohio,2,1,1,0,1935,999,902,34,11520,92872,5,0,1,0,1,90,3,0,3,25,36,36
3985512,"Willoughby Hills",Ohio,2,1,1,0,1752,991,748,13,5176,98208,22,0,5,0,1,70,1,1,4,24,28,44
3985638,Willowick,Ohio,3,1,1,0,2204,1053,1131,20,6247,86325,8,0,0,0,1,87,4,0,6,29,37,29
3985792,Wilmington,Ohio,3,2,1,0,2316,1507,713,96,2645,69533,4,0,1,0,1,87,4,2,7,38,30,24
3986184,Wintersville,Ohio,4,2,1,0,2950,1978,767,205,904,80151,3,0,0,0,1,94,2,0,9,43,19,29
3986366,Woodlawn,Ohio,2,1,1,0,1820,1174,574,72,1477,82948,57,0,1,0,1,34,6,2,5,23,34,38
3986548,Wooster,Ohio,2,2,0,0,1787,1403,353,31,7116,87385,3,0,2,0,1,88,5,1,5,35,25,35
3986604,Worthington,Ohio,2,1,1,0,2507,1574,929,4,6570,147560,4,0,2,0,1,90,4,0,1,7,17,75
3986730,Wyoming,Ohio,2,1,1,0,2860,1514,1340,6,3136,150690,15,0,3,0,1,74,7,0,3,10,20,66
3986772,Xenia,Ohio,3,2,1,0,2025,1194,791,40,5847,74740,8,0,1,0,1,84,6,1,8,38,30,24
3986940,"Yellow Springs",Ohio,2,2,1,0,2744,1843,881,20,1379,110423,7,0,0,0,1,87,5,0,3,10,20,67
3988000,Youngstown,Ohio,5,2,3,0,2351,1092,1244,15,25623,46631,42,1,1,0,3,42,9,4,13,37,34,15
3988084,Zanesville,Ohio,4,3,1,0,2460,1585,842,33,7158,62534,7,0,1,0,1,82,8,1,10,41,34,16
4000200,Ada,Oklahoma,3,2,1,0,2317,1692,608,17,4955,68004,4,18,2,0,1,60,14,1,11,30,32,27
4001700,Altus,Oklahoma,6,5,1,0,3872,3147,704,21,3678,67505,8,1,1,0,16,53,13,8,15,23,40,22
4001800,Alva,Oklahoma,5,3,2,0,2866,1738,1113,15,289,61304,6,1,0,0,10,77,3,2,10,34,31,25
4002050,Anadarko,Oklahoma,5,4,1,0,2932,2322,587,23,365,55720,9,37,0,0,3,28,19,5,10,45,32,13
4002250,Antlers,Oklahoma,5,4,1,0,2390,1713,631,46,272,43644,2,11,0,1,1,72,13,0,20,33,33,13
4002600,Ardmore,Oklahoma,4,3,1,0,2501,1800,669,32,8376,68716,9,8,2,0,3,60,15,3,13,34,33,20
4003300,Atoka,Oklahoma,4,3,1,0,2338,1804,509,25,162,58236,3,12,3,0,2,61,19,1,20,34,33,13
4004450,Bartlesville,Oklahoma,3,2,1,0,2725,1743,962,20,12073,87718,3,8,3,0,2,71,9,3,7,27,29,37
4005700,Bethany,Oklahoma,3,2,1,0,2255,1515,732,8,6438,68831,9,4,1,0,12,56,12,6,12,26,37,25
4005800,"Bethel Acres",Oklahoma,3,2,1,0,2669,2032,598,39,939,87168,2,9,1,0,1,77,10,0,11,29,39,22
4006400,Bixby,Oklahoma,2,1,1,0,2650,1633,1007,10,8467,138116,2,5,4,0,3,73,11,1,4,15,30,50
4006600,Blackwell,Oklahoma,5,3,2,0,3140,2096,1028,16,125,60479,2,8,0,0,16,64,9,1,11,44,31,14
4006700,Blanchard,Oklahoma,3,2,1,0,3076,2113,916,47,1775,108725,1,5,0,0,3,81,8,2,6,32,25,38
4008900,Bristow,Oklahoma,3,2,1,0,2499,1727,742,30,116,71661,3,10,0,0,1,76,8,1,11,47,34,9
4009050,"Broken Arrow",Oklahoma,2,1,1,0,2511,1576,923,12,40216,108554,6,5,4,0,4,67,11,2,4,20,39,38
4009100,"Broken Bow",Oklahoma,4,3,1,0,2392,1896,446,50,476,57980,9,17,0,5,3,52,8,5,14,41,28,16
4010700,Cache,Oklahoma,3,3,1,0,2697,2150,464,83,36,80653,3,11,1,1,5,64,13,2,6,31,33,31
4010950,Calera,Oklahoma,3,3,1,0,2335,1912,398,25,101,68795,0,18,0,0,2,66,11,2,11,34,33,21
4012900,Catoosa,Oklahoma,3,2,1,0,2576,1734,824,18,940,93452,2,16,2,0,3,60,16,1,8,32,37,24
4013500,Chandler,Oklahoma,3,2,1,0,2629,1813,787,29,264,82038,5,3,1,0,1,78,12,0,10,33,31,26
4013650,Checotah,Oklahoma,5,3,2,0,2555,1737,801,17,542,50966,4,20,4,0,4,53,15,1,13,47,26,14
4013950,Chickasha,Oklahoma,4,3,1,0,2425,1746,644,35,5228,69105,8,4,0,0,4,71,11,2,11,39,28,22
4014200,Choctaw,Oklahoma,2,2,1,0,2803,1903,876,24,4931,115574,6,4,2,0,4,75,8,1,7,25,33,34
4014700,Claremore,Oklahoma,3,2,1,0,2540,1746,772,22,6511,73353,2,17,1,0,2,63,13,1,8,35,37,20
4015350,Cleveland,Oklahoma,4,3,1,0,2458,1751,673,34,205,69107,0,6,0,0,2,79,11,1,8,37,33,23
4015400,Clinton,Oklahoma,3,2,1,0,2868,2140,708,20,1444,108074,2,5,3,0,6,55,17,13,10,26,23,41
4016350,Collinsville,Oklahoma,4,3,1,0,3032,2186,829,17,1647,85303,1,12,2,0,1,69,14,2,8,33,37,21
4017800,Coweta,Oklahoma,3,2,1,0,2678,1745,916,17,1898,88180,4,8,1,0,2,71,12,2,8,34,33,24
4018850,Cushing,Oklahoma,4,3,1,0,2769,2093,651,25,810,70443,5,8,0,0,2,75,8,2,9,39,28,25
4019450,Davis,Oklahoma,4,3,1,0,2647,2006,587,54,94,75574,2,12,0,1,3,72,9,2,10,44,26,19
4019900,"Del City",Oklahoma,4,2,1,0,2472,1569,892,11,8381,64605,22,4,2,0,5,49,14,3,10,37,39,14
4020550,Dewey,Oklahoma,4,2,1,0,2655,1799,818,38,96,73526,0,13,1,0,4,72,7,3,14,33,22,31
4021750,Drumright,Oklahoma,5,4,1,0,2492,1855,616,21,208,49890,2,9,0,0,1,82,7,0,13,49,30,8
4021900,Duncan,Oklahoma,4,3,1,0,2897,2212,652,33,7493,76298,2,4,1,0,2,77,9,4,11,37,28,24
4022050,Durant,Oklahoma,3,3,1,0,2105,1743,346,16,5699,65650,3,15,1,0,4,62,12,3,12,28,34,26
4023200,Edmond,Oklahoma,2,1,1,0,3029,2026,992,11,36684,145604,6,2,3,0,3,76,9,2,3,12,29,56
4023450,Elgin,Oklahoma,2,2,0,0,2437,2075,335,27,426,98068,3,2,2,0,2,71,17,4,3,20,39,38
4023500,"Elk City",Oklahoma,4,3,1,0,2970,2267,682,21,802,76248,1,2,0,0,12,78,4,2,6,44,35,15
4023700,"El Reno",Oklahoma,4,2,1,0,2494,1619,845,30,5474,69562,6,8,1,0,3,65,9,7,14,35,30,21
4023950,Enid,Oklahoma,4,3,1,0,2997,2036,942,19,15324,79238,3,2,1,6,5,69,9,5,10,34,29,27
4024650,Eufaula,Oklahoma,6,4,1,0,2517,1812,663,42,489,44938,4,11,1,0,0,74,10,0,16,34,35,15
4025100,Fairview,Oklahoma,4,2,1,0,2654,1561,1073,20,171,73743,0,3,1,0,2,80,12,2,3,52,31,15
4027200,"Fort Gibson",Oklahoma,3,2,1,0,2477,1708,736,33,1036,79083,1,29,0,0,0,53,15,2,5,29,29,37
4027800,Frederick,Oklahoma,6,5,1,0,3327,2669,636,22,174,52085,9,4,1,0,11,51,6,18,25,34,23,18
402830,"Apache Junction",Arizona,2,2,0,0,1618,1477,129,12,19512,76493,1,1,1,0,7,76,9,4,11,32,37,20
4029600,Glenpool,Oklahoma,3,2,1,0,2539,1632,896,11,3781,92204,4,9,4,0,4,63,14,1,7,24,41,28
4031600,Grove,Oklahoma,3,2,1,0,2388,1734,616,38,985,81229,1,11,0,0,2,74,10,2,6,24,39,32
4031700,Guthrie,Oklahoma,3,2,1,0,2607,1734,849,24,2918,77409,12,4,1,0,3,68,11,1,11,30,33,26
4031750,Guymon,Oklahoma,4,3,1,0,2300,1590,697,13,2568,60221,14,2,1,0,22,26,15,21,26,33,25,16
4032750,Harrah,Oklahoma,3,2,1,0,2609,1867,712,30,1976,94632,2,6,1,0,3,78,9,2,10,29,32,29
4033350,Healdton,Oklahoma,4,3,1,0,2540,1824,678,38,509,59004,1,5,0,0,2,81,9,2,21,38,28,13
4033400,Heavener,Oklahoma,4,3,1,0,2547,1850,642,55,27,58983,5,10,0,0,5,61,11,9,22,34,30,14
4033700,Hennessey,Oklahoma,4,2,2,0,3156,1871,1251,34,16,80596,0,1,0,0,12,70,12,5,11,50,19,21
4033750,Henryetta,Oklahoma,4,3,1,0,2645,1758,853,34,274,64096,2,15,0,0,2,67,14,1,15,34,35,15
4034750,Hinton,Oklahoma,4,3,1,0,2793,2170,582,41,154,70687,5,6,0,0,17,57,9,7,12,31,33,24
4035000,Hobart,Oklahoma,5,4,1,0,2624,1946,642,36,30,49882,7,1,1,0,12,68,9,3,20,28,37,16
4035400,Holdenville,Oklahoma,4,3,1,0,2411,1884,501,26,329,54321,7,21,0,0,6,55,9,2,16,36,31,17
4035850,Hominy,Oklahoma,4,3,1,0,2419,1542,825,52,18,61107,7,16,0,0,1,57,16,4,14,43,29,14
4036300,Hugo,Oklahoma,5,3,1,0,2364,1724,614,26,521,49741,18,14,0,0,3,49,13,3,20,34,32,14
4036750,Idabel,Oklahoma,4,3,1,0,2403,1938,423,42,401,58823,10,11,1,0,1,60,14,2,15,37,24,23
4037800,Jenks,Oklahoma,2,1,1,0,2706,1739,960,7,7289,130746,3,4,10,0,2,66,13,1,5,16,29,50
4038350,Jones,Oklahoma,3,2,1,0,2654,1955,674,25,683,89151,12,2,0,0,9,66,11,0,11,30,33,26
4039850,Kingfisher,Oklahoma,5,4,1,0,4077,2953,1104,20,264,79930,1,0,4,1,10,73,9,3,10,60,17,13
4041850,Lawton,Oklahoma,3,2,1,0,2049,1640,396,13,29181,66216,19,5,3,1,6,48,15,4,9,29,37,25
4043150,Lindsay,Oklahoma,5,5,1,0,3533,2908,597,28,234,64234,0,4,0,0,8,75,13,0,13,41,31,15
4043750,"Lone Grove",Oklahoma,3,2,0,0,2365,1943,355,67,772,91813,2,12,2,0,3,69,11,1,8,33,33,26
4044800,McAlester,Oklahoma,4,3,1,0,2426,1733,661,32,4368,69228,2,8,1,0,3,71,14,1,11,36,27,26
4045350,McLoud,Oklahoma,3,2,1,0,2513,1968,527,18,1370,87093,5,15,1,0,1,68,9,2,13,36,37,14
4045750,Madill,Oklahoma,4,3,1,0,2398,1920,458,20,578,58280,2,6,1,0,8,40,19,22,26,36,25,13
4046050,Mangum,Oklahoma,4,3,1,0,2971,2115,798,58,13,68975,4,0,0,0,11,75,7,2,17,29,49,6
4046200,Mannford,Oklahoma,4,3,1,0,3283,2655,578,50,243,84391,0,14,1,0,5,71,7,1,8,37,35,21
4046500,Marietta,Oklahoma,4,3,1,0,2171,1652,487,32,110,62024,4,4,0,0,15,49,20,8,23,37,30,10
4046600,Marlow,Oklahoma,3,2,1,0,2412,1678,674,60,102,75404,0,3,0,0,2,85,7,2,7,39,31,23
404720,Avondale,Arizona,2,2,0,0,2179,1901,274,4,28167,94227,10,1,3,0,21,28,20,15,12,23,42,24
4048000,Miami,Oklahoma,7,5,2,0,3511,2616,855,40,2858,50088,2,17,1,1,2,64,10,3,12,30,41,17
4048350,"Midwest City",Oklahoma,3,2,1,0,2448,1627,810,11,22581,74692,22,3,2,0,3,58,10,2,5,27,41,27
4049200,Moore,Oklahoma,3,2,1,0,2617,1744,861,12,22395,90888,5,4,3,0,5,69,11,3,7,27,36,31
4049850,Muldrow,Oklahoma,4,3,1,0,2413,1863,496,54,225,61780,1,12,3,0,4,64,16,1,15,38,31,16
4050050,Muskogee,Oklahoma,4,3,1,0,2453,1740,688,25,13351,64596,14,16,1,0,2,50,12,5,11,31,34,23
4050100,Mustang,Oklahoma,2,2,1,0,2585,1732,839,14,7617,108547,3,4,2,0,4,73,9,4,8,34,34,24
4051150,Newcastle,Oklahoma,3,2,1,0,2881,2064,791,26,4328,103121,1,6,0,0,2,79,10,1,6,24,39,30
4051250,"New Cordell",Oklahoma,5,3,1,0,3214,2282,898,34,11,71294,1,1,0,0,5,89,2,2,10,39,27,24
4051800,"Nichols Hills",Oklahoma,2,1,1,0,3132,1885,1239,8,2172,175351,2,2,2,0,1,82,11,1,2,7,17,74
4051850,"Nicoma Park",Oklahoma,3,2,1,0,2687,1800,877,10,824,77857,9,8,1,0,2,65,12,3,10,34,42,13
4052150,Noble,Oklahoma,3,2,1,0,2464,1768,681,15,1775,87652,1,6,0,0,2,82,9,0,11,29,33,27
4052500,Norman,Oklahoma,3,2,1,0,2288,1623,654,11,50857,88342,5,4,5,0,3,70,11,2,5,16,35,45
4052900,Nowata,Oklahoma,4,3,1,0,2640,1769,809,62,151,62274,1,18,1,0,2,60,15,3,8,45,28,18
4054200,Okemah,Oklahoma,5,4,1,0,2540,1812,695,33,155,48990,1,22,0,0,3,59,14,0,15,47,27,11
4055000,"Oklahoma City",Oklahoma,3,2,1,0,2474,1652,811,11,273105,92346,13,3,4,0,9,53,12,5,10,22,32,35
4055150,Okmulgee,Oklahoma,4,3,2,0,2446,1568,855,23,1820,55291,17,16,1,0,2,50,14,1,12,30,40,18
4056650,Owasso,Oklahoma,2,2,1,0,2426,1556,857,13,10285,97922,4,8,2,0,2,71,10,4,4,21,35,39
4057550,"Pauls Valley",Oklahoma,4,3,1,0,2390,1818,538,34,408,67593,3,4,1,0,14,66,9,3,19,30,32,19
4057600,Pawhuska,Oklahoma,4,3,2,0,2514,1570,927,17,400,57841,2,29,0,0,1,56,10,3,10,40,33,17
405770,Benson,Arizona,3,2,1,0,2040,1319,702,19,1731,61105,0,1,1,0,15,70,9,4,12,44,29,15
4058150,Perkins,Oklahoma,5,4,1,0,2677,2064,528,85,113,58421,4,3,1,0,1,85,3,2,16,30,34,20
4058250,Perry,Oklahoma,4,3,1,0,3405,2593,794,18,566,87131,2,1,0,0,2,88,6,1,7,40,28,26
4058700,Piedmont,Oklahoma,3,2,1,0,2770,1830,907,33,1647,105797,4,1,2,0,2,79,8,3,6,18,31,45
4059750,Pocola,Oklahoma,9,3,6,0,5180,1893,3248,39,1444,57324,1,11,1,0,1,75,9,1,13,40,36,11
4059850,"Ponca City",Oklahoma,3,2,1,0,2481,1581,872,28,7839,73846,3,8,1,0,3,70,12,3,8,30,42,20
4060350,Poteau,Oklahoma,4,3,1,0,2494,1887,580,27,2455,63320,1,10,0,0,5,67,11,5,18,29,34,18
4061000,"Pryor Creek",Oklahoma,4,3,1,0,2682,2189,457,36,2676,64246,1,18,0,0,1,66,12,3,6,39,37,17
4061150,Purcell,Oklahoma,3,3,1,0,3272,2401,842,29,1209,93944,1,4,0,0,8,70,14,3,17,33,29,22
406260,Bisbee,Arizona,3,2,1,0,1747,1128,596,23,57,53552,0,0,0,0,17,49,30,3,13,23,41,24
4063800,Roland,Oklahoma,4,3,1,0,2346,1864,453,29,313,62838,3,10,0,0,0,70,16,0,9,36,40,15
4065000,Sallisaw,Oklahoma,6,5,1,0,3226,2576,609,41,2316,56329,2,17,0,0,3,60,13,4,15,33,35,17
4065300,"Sand Springs",Oklahoma,3,2,1,0,2643,1662,967,14,5277,92303,1,8,1,0,2,79,8,1,8,31,35,26
4065400,Sapulpa,Oklahoma,3,2,1,0,2568,1693,858,17,6084,80334,3,12,1,0,4,71,8,1,8,39,31,22
4065700,Sayre,Oklahoma,5,4,1,0,3868,3074,759,35,31,71788,15,3,0,0,4,65,9,3,12,24,49,15
4066350,Seminole,Oklahoma,6,4,2,0,2587,1874,692,21,1170,43134,5,26,0,0,2,57,10,0,18,30,42,10
4066800,Shawnee,Oklahoma,4,2,1,0,2445,1662,761,22,10800,67510,5,13,1,0,3,67,9,1,10,30,32,28
4067850,Skiatook,Oklahoma,3,2,1,0,2767,1899,841,27,979,89931,0,11,1,0,2,73,13,1,9,33,39,19
4067950,Slaughterville,Oklahoma,3,2,1,0,2896,2170,694,32,1190,94690,2,8,1,0,5,74,9,1,7,31,41,20
4069200,Spencer,Oklahoma,4,3,1,0,2294,1543,734,17,1621,54644,55,1,0,0,3,31,8,3,8,35,41,16
4069350,Spiro,Oklahoma,4,3,1,0,2490,1849,593,48,41,59140,4,11,2,0,2,70,10,1,16,37,32,15
4070250,Stigler,Oklahoma,5,3,1,0,2453,1727,695,31,31,53305,0,10,0,0,2,69,17,1,18,40,29,13
4070300,Stillwater,Oklahoma,3,3,1,0,2101,1620,466,15,15795,60157,5,3,6,0,2,73,9,1,3,14,37,46
4070350,Stilwell,Oklahoma,11,9,1,0,4872,4192,653,27,352,44951,1,49,0,0,2,31,12,5,18,42,29,11
4071000,Stroud,Oklahoma,4,3,1,0,3468,2745,687,36,115,80728,2,7,0,0,1,81,7,1,8,41,33,18
4071350,Sulphur,Oklahoma,3,2,1,0,2567,2045,474,48,405,81857,1,10,0,0,3,66,18,2,14,35,33,18
4072100,Tahlequah,Oklahoma,4,3,1,0,2645,1921,691,33,3630,60592,3,32,0,0,5,43,14,3,12,25,30,32
4072650,Tecumseh,Oklahoma,4,3,1,0,2650,1942,682,26,602,73272,1,16,0,0,2,70,10,1,11,35,39,15
4073250,"The Village",Oklahoma,3,2,1,0,2561,1537,1016,8,4202,95774,6,4,1,0,3,74,10,1,3,14,34,48
4073900,Tishomingo,Oklahoma,5,4,1,0,2338,1883,404,51,192,50058,4,13,0,1,1,58,18,5,11,26,37,27
4074150,Tonkawa,Oklahoma,5,4,1,0,3647,2736,890,21,45,70604,1,12,1,0,2,71,10,3,9,29,39,22
4075000,Tulsa,Oklahoma,3,2,1,0,2315,1502,803,10,169735,87924,14,4,3,0,7,54,13,5,10,23,32,35
4075450,Tuttle,Oklahoma,2,2,1,0,3159,2255,854,50,1815,131931,0,3,0,0,3,86,7,1,3,27,35,35
4077050,Verdigris,Oklahoma,3,2,1,0,2663,1752,895,16,671,104908,1,11,0,0,3,72,11,2,5,26,40,29
4077550,Vinita,Oklahoma,5,3,1,0,2573,1772,753,48,412,52489,7,20,2,0,1,57,11,3,17,31,37,15
4077850,Wagoner,Oklahoma,5,3,1,0,3228,2346,862,20,1416,68984,5,11,0,0,1,65,17,1,14,28,36,22
4078150,Walters,Oklahoma,3,2,1,0,2305,1701,518,86,37,81814,0,12,0,0,1,73,9,4,13,34,31,22
4078500,"Warr Acres",Oklahoma,3,2,1,0,2205,1525,670,10,4668,63588,17,1,3,0,10,46,15,8,10,28,38,24
4078950,Watonga,Oklahoma,6,5,1,0,3890,3066,801,23,104,63855,12,9,0,0,18,48,8,6,8,39,41,12
407940,Buckeye,Arizona,2,2,0,0,2324,2041,273,10,21999,108928,4,1,2,0,20,44,15,13,9,23,40,28
4079450,Weatherford,Oklahoma,3,2,1,0,2549,2023,513,13,2029,91197,3,6,2,0,7,71,10,1,4,17,34,45
4080550,Wewoka,Oklahoma,5,4,1,0,2682,1935,723,24,225,51052,10,25,0,0,3,50,12,1,18,35,33,13
4081000,Wilburton,Oklahoma,4,3,1,0,2497,1776,677,44,40,56389,1,22,0,0,3,63,10,1,18,34,38,10
4082150,Woodward,Oklahoma,4,2,1,0,2692,1777,893,22,1961,75828,1,3,0,0,10,75,6,4,8,45,28,19
408220,"Bullhead City",Arizona,3,2,0,0,1737,1403,319,15,17918,67518,2,1,2,0,12,68,9,6,15,35,37,13
4082950,Yukon,Oklahoma,3,2,1,0,2592,1709,863,20,8720,101216,2,3,1,0,4,79,10,2,6,23,35,36
409690,"Camp Verde",Arizona,3,2,1,0,2339,1593,687,59,2547,76143,1,8,0,1,11,66,4,9,16,23,46,14
4101000,Albany,Oregon,2,1,0,0,1386,963,387,36,16716,82609,0,1,1,0,5,77,10,6,6,20,47,28
410180,Carefree,Arizona,1,1,0,0,3010,2344,656,10,1949,202003,0,0,2,0,1,93,4,0,0,7,28,65
4103050,Ashland,Oregon,2,2,1,0,1818,1327,435,56,6218,86630,1,1,2,0,5,80,10,1,2,10,29,59
4103150,Astoria,Oregon,2,1,1,0,1541,863,502,176,3664,88629,1,0,1,0,8,78,8,4,5,14,43,38
4103250,Aumsville,Oregon,2,1,0,0,2223,1511,440,272,42,143267,0,4,0,1,6,84,2,3,6,17,51,26
4103650,"Baker City",Oregon,3,2,1,0,2041,1167,661,213,1100,77812,1,0,1,0,4,91,2,1,8,21,41,30
4103800,Bandon,Oregon,3,2,1,0,1955,1301,374,280,688,65890,0,1,0,0,1,91,7,0,7,20,41,33
410530,"Casa Grande",Arizona,3,2,0,0,2111,1815,277,19,19294,81542,3,4,2,0,21,45,16,10,9,30,37,24
4105350,Beaverton,Oregon,1,1,0,0,1782,1302,447,33,43323,120502,2,0,11,1,8,61,10,6,5,14,30,52
4105800,Bend,Oregon,1,1,1,0,1642,915,640,87,33467,113733,0,0,1,0,5,83,7,2,4,14,32,50
4107200,Boardman,Oregon,2,2,0,0,1768,1495,152,121,30,76180,1,2,1,0,19,33,23,21,31,31,32,7
4108650,Brookings,Oregon,2,2,0,0,1783,1525,177,81,1117,90363,2,2,0,0,10,76,10,0,6,20,49,24
4109800,Burns,Oregon,4,3,0,1,2600,1696,286,618,71,64257,0,0,0,0,1,89,10,0,11,25,48,17
4110750,Canby,Oregon,2,2,0,0,2181,1712,410,59,4472,108221,1,1,2,0,8,71,10,8,11,21,38,30
4112400,"Central Point",Oregon,2,1,1,0,1717,1167,507,43,5681,96320,0,0,1,2,8,78,7,3,7,25,47,22
411300,"Cave Creek",Arizona,2,2,0,0,3115,2510,596,9,3152,156501,2,0,1,0,3,89,3,2,1,21,34,44
4115250,"Coos Bay",Oregon,2,2,0,0,1597,1169,106,322,6003,69051,1,2,1,0,4,81,8,4,10,25,44,20
4115350,Coquille,Oregon,3,2,0,1,1898,1265,171,462,101,70743,0,0,0,0,6,86,5,1,6,27,43,24
4115550,Cornelius,Oregon,2,1,0,0,2111,1525,469,117,1243,108349,1,2,2,0,18,47,8,21,23,22,35,20
4115800,Corvallis,Oregon,2,1,0,0,1255,908,316,31,16095,79498,2,1,10,0,4,74,7,3,3,8,36,52
4115950,"Cottage Grove",Oregon,3,2,0,0,2048,1645,256,147,269,80772,1,2,1,0,4,79,10,3,5,29,46,20
4116950,Creswell,Oregon,2,1,0,0,1954,1527,253,174,83,106457,0,1,1,0,1,88,7,1,5,18,42,35
4117700,Dallas,Oregon,2,1,0,0,1522,1039,383,100,1518,86999,1,0,0,0,2,81,11,4,3,30,46,21
4117800,Damascus,Oregon,2,1,0,0,2539,1723,623,193,3806,135371,1,0,6,0,5,80,5,3,2,22,40,36
4118250,Dayton,Oregon,2,2,0,0,2485,2064,203,218,28,105883,0,0,0,0,9,66,18,7,12,23,30,35
412000,Chandler,Arizona,2,1,0,0,2052,1798,250,4,102241,129174,6,2,11,0,9,55,12,5,4,14,31,50
4121050,Dundee,Oregon,2,1,0,0,2215,1591,509,115,377,124313,0,0,2,0,6,77,10,5,10,28,30,33
4121550,"Eagle Point",Oregon,2,1,1,0,1786,1195,517,74,2211,97369,1,0,0,0,1,90,3,5,5,35,43,16
4123800,Estacada,Oregon,3,3,0,0,3088,2507,248,333,131,93375,0,1,1,0,0,91,3,4,8,40,36,16
4123850,Eugene,Oregon,2,2,0,0,1578,1328,219,31,66954,84803,1,1,4,0,4,77,9,4,4,14,38,43
4124250,Fairview,Oregon,2,1,0,0,1779,1379,336,64,2585,95526,6,2,1,2,8,50,13,17,14,21,35,29
4124300,Fairview,Oregon,2,2,0,0,1501,1213,102,186,67,67400,2,1,2,0,13,63,13,6,13,39,29,18
4126050,Florence,Oregon,2,2,0,0,1471,1291,119,61,3714,67523,2,1,3,0,2,88,4,1,9,21,48,23
4126200,"Forest Grove",Oregon,2,1,0,0,1506,1084,341,81,4966,92592,1,1,2,0,9,63,10,14,11,17,36,36
412840,"Chino Valley",Arizona,3,2,1,0,2251,1313,850,88,3252,76746,1,1,1,0,10,76,10,3,8,25,51,17
4128650,Gervais,Oregon,3,2,0,0,2556,2030,315,211,13,99851,0,0,1,0,20,40,14,25,25,31,32,11
4129000,Gladstone,Oregon,2,1,0,0,1972,1370,481,121,4934,96215,2,1,2,0,3,80,8,5,5,23,43,29
4130550,"Grants Pass",Oregon,2,2,1,0,1646,1131,407,108,11933,69873,1,1,1,0,5,80,10,2,9,26,47,17
4131250,Gresham,Oregon,2,2,0,0,1873,1392,429,52,40523,88248,4,1,6,1,9,62,12,5,11,23,40,25
4132050,"Happy Valley",Oregon,2,1,0,0,2141,1443,659,39,9344,136217,1,0,16,0,3,67,10,2,4,11,37,48
4132550,Harrisburg,Oregon,2,1,0,0,1687,1265,295,127,27,91132,0,1,0,0,1,84,10,4,8,25,49,19
4133700,Hermiston,Oregon,2,2,1,0,2118,1556,491,71,2069,95181,0,0,2,0,26,45,9,18,18,25,40,18
4134100,Hillsboro,Oregon,1,1,0,0,1751,1302,419,30,37311,120003,3,1,12,1,8,54,13,8,7,15,32,46
4134900,"Hood River",Oregon,3,2,0,0,2946,2445,340,161,2676,115067,2,0,1,0,13,68,11,5,13,16,20,51
4135450,Hubbard,Oregon,2,2,0,0,2432,1842,472,118,84,99314,1,2,1,0,18,65,5,8,13,31,38,18
4136150,Independence,Oregon,2,2,0,0,1926,1539,346,41,1555,95662,0,2,1,0,17,53,10,17,9,25,44,22
4137000,Jacksonville,Oregon,1,1,0,0,1769,1211,469,89,168,118363,0,0,0,0,3,89,6,1,4,17,31,49
4137250,Jefferson,Oregon,2,1,0,0,2180,1499,475,206,40,119524,2,1,0,0,3,78,10,6,10,22,38,30
4138000,"Junction City",Oregon,2,2,0,0,1949,1612,230,107,347,82456,0,2,0,0,9,83,5,1,6,26,47,22
4138500,Keizer,Oregon,2,2,1,0,1890,1379,483,28,10892,91559,1,1,1,1,8,68,13,8,8,23,42,27
413890,Clarkdale,Arizona,3,2,1,0,1877,1300,536,41,1466,54889,0,4,0,0,4,85,5,2,4,22,51,23
4139150,"King City",Oregon,2,2,1,0,1715,1253,431,31,2065,73901,2,1,3,0,1,80,9,5,4,20,39,37
4139700,"Klamath Falls",Oregon,3,2,1,0,1684,987,558,139,6929,59696,1,5,1,1,7,72,10,3,9,30,40,20
4140300,Lafayette,Oregon,2,1,0,0,2376,1726,542,108,86,120477,0,2,1,0,5,75,7,11,2,20,44,35
4140350,"La Grande",Oregon,3,2,1,0,1567,1116,410,41,1380,55911,1,1,2,1,6,85,3,1,6,26,41,27
4140550,"Lake Oswego",Oregon,1,1,0,0,2178,1434,690,54,15464,180667,1,0,9,0,1,78,9,1,1,5,20,75
4140700,Lakeview,Oregon,3,1,0,1,2675,1122,388,1165,21,78932,0,3,1,0,7,77,12,1,11,32,28,29
4141650,Lebanon,Oregon,2,1,0,0,1429,1011,350,68,4352,77485,1,0,1,0,4,83,9,2,7,31,39,23
4142600,"Lincoln City",Oregon,2,1,1,0,1468,927,475,66,1426,88630,0,2,3,0,4,80,6,5,6,19,40,34
414380,Clifton,Arizona,2,1,1,0,1578,929,626,23,48,91280,4,5,2,0,26,51,10,2,15,39,26,20
4145000,McMinnville,Oregon,1,1,0,0,1200,974,188,38,9389,86583,1,0,2,1,6,73,12,6,11,19,37,34
4145250,Madras,Oregon,2,1,0,0,1703,1211,270,222,751,88715,0,10,0,0,9,48,19,14,11,24,44,21
4147000,Medford,Oregon,2,1,1,0,1646,1143,468,35,27892,83297,1,1,1,0,8,75,10,3,7,24,38,30
4148600,Milton-Freewater,Oregon,2,2,0,0,1779,1464,202,113,958,76832,0,1,0,0,23,46,4,26,25,19,46,10
4148650,Milwaukie,Oregon,2,1,0,0,1862,1364,405,93,10346,94277,1,0,3,0,4,77,11,4,4,17,38,41
414870,"Colorado City",Arizona,4,4,1,0,2850,2385,378,87,509,67277,0,0,0,0,0,100,0,0,32,44,20,4
4149450,Molalla,Oregon,2,2,1,0,2215,1645,510,60,1173,98266,0,1,1,0,7,85,3,4,6,28,45,21
4149550,Monmouth,Oregon,2,2,0,0,1869,1479,300,90,1538,92158,1,3,3,0,5,75,12,2,4,14,41,41
4150150,"Mount Angel",Oregon,3,2,1,0,2210,1600,506,104,73,84515,1,0,1,0,8,59,18,14,21,14,46,19
4150950,"Myrtle Creek",Oregon,2,2,0,0,1622,1187,316,119,96,69692,0,3,0,0,3,86,8,1,11,34,44,11
4151050,"Myrtle Point",Oregon,3,2,0,1,2118,1224,103,791,14,77886,0,1,0,0,3,82,11,2,7,37,43,14
4152100,Newberg,Oregon,2,2,0,0,1995,1539,414,42,5421,97842,1,1,2,0,8,71,13,4,7,21,35,37
4152450,Newport,Oregon,2,1,0,0,1534,1169,263,102,1224,88088,0,1,2,0,3,76,7,10,8,17,40,36
4153000,"North Bend",Oregon,2,1,0,0,1740,1284,182,274,4213,92326,1,3,5,0,3,78,10,0,8,27,40,25
4153750,Nyssa,Oregon,4,2,1,0,2232,1473,553,206,31,62431,0,0,1,0,32,39,19,9,17,32,40,10
4154100,Oakridge,Oregon,5,4,0,0,2268,1941,161,166,22,50054,0,1,0,0,2,94,3,0,17,32,37,14
4154900,Ontario,Oregon,3,2,1,0,1906,1340,461,105,1248,54642,0,4,1,0,24,50,16,5,26,30,32,12
415500,Coolidge,Arizona,3,2,0,0,2019,1699,313,7,4011,80584,8,6,0,0,17,34,19,15,11,27,46,16
4155200,"Oregon City",Oregon,2,1,0,0,1962,1413,498,51,9642,106007,1,1,1,0,3,87,5,1,5,23,40,32
4157150,Pendleton,Oregon,3,2,1,0,1816,1146,590,80,1915,60978,1,2,2,0,3,75,10,7,16,37,29,18
4157450,Philomath,Oregon,2,1,0,0,1446,1071,341,34,898,90252,0,2,3,0,1,86,5,3,5,17,40,39
4157500,Phoenix,Oregon,2,2,0,0,1382,1021,262,99,575,60930,1,0,1,0,8,76,10,3,7,37,36,21
4159000,Portland,Oregon,1,1,0,0,1699,1182,434,83,281900,121036,6,1,8,1,4,68,9,3,5,12,27,56
4159850,Prineville,Oregon,2,1,1,0,1579,1020,383,176,1530,69278,0,2,0,0,6,88,2,2,12,25,42,21
4161200,Redmond,Oregon,2,1,1,0,1711,1062,486,163,8532,94449,0,2,1,0,7,81,3,6,8,23,45,24
4161300,Reedsport,Oregon,2,2,0,0,1687,1317,83,287,16,68164,1,2,0,0,1,88,8,1,3,35,48,13
4163450,"Rogue River",Oregon,2,2,0,0,1706,1198,275,233,57,69811,0,1,1,0,3,85,8,1,8,23,49,20
4163650,Roseburg,Oregon,2,2,1,0,1615,1096,437,82,5053,64761,0,1,1,0,4,83,10,1,6,30,43,21
416410,Cottonwood,Arizona,3,2,1,0,1839,1260,561,18,6603,67046,0,1,0,0,7,75,10,7,7,32,35,27
4164600,"St. Helens",Oregon,2,2,0,0,1872,1362,413,97,4065,85793,0,0,1,0,4,80,14,1,10,37,41,12
4164900,Salem,Oregon,2,1,0,0,1763,1297,433,33,58236,89456,1,1,3,2,7,66,12,8,9,20,38,33
4165250,Sandy,Oregon,2,1,1,0,2375,1686,583,106,1530,116185,0,1,1,0,4,85,7,1,4,22,47,28
4165500,Scappoose,Oregon,2,1,0,0,2067,1368,450,249,222,108881,0,0,1,1,1,88,7,1,5,21,48,26
4165950,Seaside,Oregon,2,1,0,0,1109,757,295,57,2057,59187,2,1,0,0,8,87,2,0,3,30,45,22
4166550,"Shady Cove",Oregon,3,2,0,0,1913,1261,320,332,41,68693,0,2,1,0,2,84,9,1,8,22,53,17
4167050,Sheridan,Oregon,2,1,0,0,1624,1095,319,210,24,97343,3,3,1,0,11,73,7,2,5,29,44,22
4167100,Sherwood,Oregon,1,1,0,0,2027,1342,664,21,4247,139342,1,0,4,0,2,81,11,2,4,10,34,52
4167650,Silverton,Oregon,2,2,1,0,1985,1466,486,33,1764,91089,5,1,0,0,2,78,10,4,2,28,42,28
4167950,Sisters,Oregon,2,2,0,0,2501,1688,422,391,19,111767,1,0,2,0,2,89,4,1,1,17,31,51
4169600,Springfield,Oregon,2,1,0,0,1169,981,156,32,19726,70033,1,1,2,0,4,76,9,6,9,26,44,21
4169900,Stanfield,Oregon,3,2,1,0,2121,1451,439,231,29,81636,0,1,0,0,14,55,21,8,17,37,34,11
4170200,Stayton,Oregon,2,1,0,0,1622,1126,411,85,1738,86321,0,0,1,0,3,76,18,2,10,19,46,25
4170700,Sublimity,Oregon,2,1,0,0,1817,1259,456,102,27,102198,0,0,1,0,2,78,16,3,10,20,44,26
4171650,Sutherlin,Oregon,2,2,1,0,1736,1120,443,173,1897,69517,2,1,0,0,1,91,4,1,7,35,38,20
4171950,"Sweet Home",Oregon,2,2,0,0,1594,1155,286,153,479,76598,1,0,1,0,2,87,7,2,16,35,36,13
4172500,Talent,Oregon,2,2,1,0,1638,1146,389,103,912,72797,0,0,5,0,10,75,9,0,3,3,45,48
4172950,"The Dalles",Oregon,2,1,0,0,1402,1098,206,98,3854,81521,0,0,0,0,10,72,13,3,13,25,40,23
4173650,Tigard,Oregon,2,1,0,0,1867,1301,531,35,22631,123821,1,1,8,1,5,71,8,5,3,14,32,51
4173700,Tillamook,Oregon,2,2,0,0,1495,1212,102,181,234,67705,2,1,2,0,13,64,13,6,12,39,29,19
4174000,Toledo,Oregon,2,2,0,0,1928,1514,187,227,63,86151,0,3,0,0,7,82,9,0,9,23,41,28
4174850,Troutdale,Oregon,2,1,1,0,2016,1400,553,63,4964,102934,2,1,3,0,8,72,7,6,6,25,42,26
4174950,Tualatin,Oregon,1,1,0,0,1727,1292,416,19,7672,117728,2,2,4,2,5,64,13,8,5,17,33,44
4175650,Umatilla,Oregon,2,1,0,0,1698,1292,340,66,339,91350,0,2,0,0,17,62,5,13,11,31,37,21
4177050,Veneta,Oregon,2,2,0,0,2087,1898,93,96,232,88910,0,1,3,0,4,78,13,1,8,15,50,27
4178900,Warrenton,Oregon,2,1,1,0,1410,857,481,72,1134,81768,1,0,3,0,4,77,10,6,9,27,44,20
4180150,"West Linn",Oregon,1,1,0,0,2429,1493,895,41,8462,194219,1,0,6,0,3,81,7,1,2,7,23,68
4182800,Wilsonville,Oregon,1,1,0,0,1732,1265,439,28,5548,118028,2,1,5,2,5,70,13,2,3,14,30,53
4183400,Winston,Oregon,3,2,1,0,1678,1129,415,134,273,64724,0,1,0,0,8,81,7,2,9,35,39,18
4183750,Woodburn,Oregon,3,2,1,0,2077,1596,424,57,6388,81760,0,1,1,0,17,35,17,28,30,28,24,18
4183950,"Wood Village",Oregon,2,2,1,0,1858,1429,376,53,1332,74524,7,4,4,1,23,37,15,11,20,34,31,15
419145,Dewey-Humboldt,Arizona,3,2,1,0,2551,1352,1092,107,457,81287,1,0,0,0,1,86,8,4,17,24,47,13
420050,Douglas,Arizona,3,2,1,0,1737,1135,591,11,2626,54531,2,1,0,0,46,5,35,10,32,25,31,12
4200540,Akron,Pennsylvania,4,2,0,1,3011,1956,161,894,1694,82213,1,0,3,0,5,79,5,6,8,48,29,15
4200660,Alburtis,Pennsylvania,2,1,0,1,3380,2095,567,718,184,141388,6,0,6,0,3,71,10,5,2,20,28,50
4200676,Aldan,Pennsylvania,3,2,1,1,3158,1605,893,660,1614,106803,39,0,6,0,0,49,7,0,3,29,38,30
4200820,Aliquippa,Pennsylvania,5,3,2,0,2766,1428,1279,59,4555,56880,36,0,1,0,0,56,5,2,9,36,36,19
4202000,Allentown,Pennsylvania,4,3,1,1,2920,1833,557,530,45553,68076,13,1,3,0,17,30,18,18,16,35,29,21
4202184,Altoona,Pennsylvania,4,2,2,0,2794,1358,1330,106,18137,67626,3,0,1,0,1,90,5,0,8,46,26,19
4202264,Ambler,Pennsylvania,2,1,1,0,2810,1498,785,527,2642,115452,16,1,4,0,4,68,3,4,1,22,28,48
4202288,Ambridge,Pennsylvania,5,2,3,0,3266,1518,1685,63,3130,62913,16,0,0,0,2,75,6,1,8,35,36,21
4202832,Archbald,Pennsylvania,3,2,1,0,3069,1687,968,414,2911,94136,0,0,1,0,1,97,2,0,10,26,30,33
4203088,Arnold,Pennsylvania,4,2,2,0,2507,1206,1264,37,2107,58376,26,0,0,0,2,65,7,0,9,44,35,12
4203264,Ashland,Pennsylvania,6,3,0,3,4427,1875,234,2318,1153,71239,2,0,0,0,0,97,1,0,19,46,24,10
4203272,Ashley,Pennsylvania,5,2,2,0,3191,1569,1303,319,1083,64383,3,0,0,0,1,80,11,4,8,39,36,17
4203320,Aspinwall,Pennsylvania,2,1,1,0,2963,1535,1399,29,1222,127462,4,0,14,0,0,82,0,0,2,14,10,75
4203392,Athens,Pennsylvania,4,2,1,0,2581,1439,868,274,1777,64988,1,0,3,0,0,94,2,1,8,38,26,28
4203608,Avalon,Pennsylvania,3,2,1,0,2268,1315,946,7,2632,72094,16,0,2,0,1,77,4,1,3,27,33,37
4203640,Avoca,Pennsylvania,4,2,1,1,3492,1723,822,947,1099,85051,0,0,0,0,2,94,4,0,5,40,43,12
4203736,Baden,Pennsylvania,5,2,2,0,3413,1672,1631,110,1744,74574,2,0,0,0,0,91,7,0,3,36,39,22
4203928,Baldwin,Pennsylvania,3,1,2,0,3044,1431,1588,25,9019,96287,5,0,8,0,1,81,4,2,5,32,31,33
4204032,Bangor,Pennsylvania,5,2,1,2,3631,1576,463,1592,2076,74867,2,0,0,0,3,86,7,2,11,40,30,19
4204432,Bath,Pennsylvania,4,2,1,1,3064,1693,499,872,1063,85225,12,0,1,0,4,72,8,3,10,35,33,23
4204688,Beaver,Pennsylvania,3,2,2,0,3042,1608,1403,31,2186,92016,2,0,1,0,1,94,3,0,2,23,24,50
4204792,"Beaver Falls",Pennsylvania,6,3,3,0,3182,1560,1552,70,3484,53408,22,0,2,0,0,68,6,2,14,37,31,18
4204944,Bedford,Pennsylvania,5,2,1,2,3251,1390,377,1484,1367,70583,2,0,2,0,0,94,2,0,9,30,36,25
4205256,Bellefonte,Pennsylvania,3,2,1,1,2621,1344,743,534,2884,78777,2,0,3,0,0,91,4,0,2,24,29,45
4205312,Bellevue,Pennsylvania,3,2,1,0,2435,1327,1089,19,4322,83434,12,0,1,0,1,82,4,0,3,22,25,50
4205672,Bentleyville,Pennsylvania,4,2,2,0,2767,1427,1216,124,1006,71397,2,0,0,0,0,90,5,3,7,40,32,20
4205888,Berwick,Pennsylvania,5,3,1,1,3031,1787,831,413,4557,65813,4,1,0,0,4,87,3,0,13,45,23,20
4206064,"Bethel Park",Pennsylvania,2,1,1,0,2610,1276,1307,27,14825,125974,2,0,2,0,1,93,2,0,3,19,25,53
4206088,Bethlehem,Pennsylvania,3,2,1,1,2823,1687,527,609,30162,87898,9,0,3,0,11,55,11,10,11,28,28,34
4206504,Birdsboro,Pennsylvania,3,2,1,1,2659,1539,670,450,2269,87869,3,0,0,0,1,89,6,1,10,28,30,33
4206904,Blairsville,Pennsylvania,4,2,2,0,2451,1244,1097,110,1496,59131,6,0,1,0,0,86,8,0,4,55,21,21
4206928,Blakely,Pennsylvania,4,2,1,0,2930,1531,1017,382,3009,76899,2,0,0,0,1,95,2,0,3,37,29,31
4207128,Bloomsburg,Pennsylvania,5,3,1,1,2897,1895,604,398,4191,62620,4,0,1,0,3,84,5,3,3,36,25,37
4207960,Boyertown,Pennsylvania,4,2,0,1,2706,1365,327,1014,2062,75930,2,0,0,0,7,87,2,2,7,42,33,17
4207976,Brackenridge,Pennsylvania,5,2,2,0,2727,1283,1415,29,1551,58075,4,0,1,0,2,92,1,0,8,42,34,16
4208040,Bradford,Pennsylvania,4,2,2,0,2617,1283,1232,102,3194,62956,1,0,0,0,1,93,4,1,8,44,30,18
4208416,Brentwood,Pennsylvania,4,2,2,0,3031,1343,1675,13,4621,74589,5,0,3,0,1,84,6,1,2,30,35,33
4208568,Bridgeport,Pennsylvania,2,1,1,0,3136,1432,1062,642,2000,137660,5,0,2,0,15,64,12,3,6,25,20,48
4208624,Bridgeville,Pennsylvania,3,2,1,0,2390,1243,1123,24,2485,75830,5,0,0,0,0,91,3,1,6,38,25,31
4208760,Bristol,Pennsylvania,3,2,1,1,3058,1558,596,904,4146,91558,7,1,2,0,10,69,8,4,11,37,30,23
4209080,Brookhaven,Pennsylvania,3,2,1,1,2842,1658,638,546,3631,108131,8,0,1,0,1,86,4,0,6,27,32,36
4209224,Brookville,Pennsylvania,4,2,2,0,2639,1317,1218,104,1719,69263,1,0,0,0,2,92,4,1,4,35,27,34
420960,Eagar,Arizona,3,1,1,0,2414,1129,926,359,1201,75283,0,2,0,0,9,75,11,3,11,19,47,22
4210464,Butler,Pennsylvania,4,2,2,0,2567,1174,1375,18,6177,60898,3,0,1,0,2,88,5,2,8,34,34,24
4210768,California,Pennsylvania,4,2,1,0,2481,1367,980,134,1706,69932,13,0,1,0,2,75,9,1,12,38,27,23
4210912,"Cambridge Springs",Pennsylvania,4,2,1,1,3096,1565,966,565,27,77035,3,0,1,0,1,91,3,1,9,48,17,26
4211000,"Camp Hill",Pennsylvania,2,1,1,1,3094,1779,663,652,3245,128223,2,0,6,0,3,82,5,2,3,14,21,63
4211152,Canonsburg,Pennsylvania,3,1,2,0,2803,1345,1414,44,4266,92526,5,0,0,0,1,91,3,0,4,38,25,32
4211232,Carbondale,Pennsylvania,4,2,1,0,2638,1471,962,205,3920,67810,2,0,1,0,7,84,5,0,10,40,32,18
4211272,Carlisle,Pennsylvania,3,2,1,1,2508,1608,484,416,8334,78569,9,0,3,0,2,78,6,2,7,29,22,42
4211336,Carnegie,Pennsylvania,3,2,1,0,2585,1364,1189,32,4074,80861,11,0,2,0,0,79,7,0,4,30,32,34
4211472,"Carroll Valley",Pennsylvania,3,2,0,0,2985,1993,527,465,305,113481,1,0,0,0,1,93,5,0,7,28,32,33
4211680,"Castle Shannon",Pennsylvania,3,1,1,0,2620,1297,1309,14,3767,88820,4,0,6,0,0,83,6,1,6,28,30,36
4211720,Catasauqua,Pennsylvania,3,2,0,1,3098,2030,329,739,2757,92805,3,0,0,0,7,77,10,3,6,36,35,24
4212184,Centerville,Pennsylvania,5,2,1,2,3608,1613,914,1081,20,66704,0,0,0,0,0,96,3,0,21,42,25,12
4212224,Centerville,Pennsylvania,4,2,1,1,3275,1538,1130,607,1697,77503,1,0,0,0,1,93,4,0,3,42,28,26
4212504,Chalfont,Pennsylvania,2,2,0,1,3819,2348,498,973,1688,156068,0,0,4,0,1,91,4,1,3,15,15,67
4212536,Chambersburg,Pennsylvania,2,1,0,0,1640,1028,341,271,9815,73846,10,2,1,0,8,66,8,6,9,42,22,26
4212704,Charleroi,Pennsylvania,5,2,2,0,2894,1402,1453,39,1668,59628,7,0,1,0,2,81,8,0,6,42,37,15
4213208,Chester,Pennsylvania,5,3,1,1,2603,1486,694,423,12471,54609,76,0,1,0,2,13,3,5,12,44,30,15
4213232,"Chester Heights",Pennsylvania,2,1,0,0,2381,1457,394,530,1336,126128,4,0,6,0,1,84,6,1,5,19,18,59
4213608,Churchill,Pennsylvania,3,1,1,0,3106,1717,1368,21,1311,123875,10,0,2,0,0,79,8,1,2,10,13,76
4213704,Clairton,Pennsylvania,5,3,3,0,2950,1500,1419,31,2747,56389,40,0,0,0,0,52,7,0,5,35,39,21
4213800,Clarion,Pennsylvania,3,2,1,0,2184,1357,806,21,1536,71784,7,0,1,0,1,87,1,1,7,30,26,38
4213880,"Clarks Summit",Pennsylvania,3,2,1,0,2843,1748,964,131,2168,100289,0,0,0,0,5,88,5,2,3,17,16,64
4214064,Clearfield,Pennsylvania,5,2,1,2,3109,1447,537,1125,2638,59607,1,0,1,0,0,94,3,0,4,45,29,23
4214264,"Clifton Heights",Pennsylvania,3,2,1,1,2984,1574,850,560,2433,88988,39,0,5,0,1,52,3,0,16,30,38,16
4214712,Coatesville,Pennsylvania,3,2,1,1,2523,1551,453,519,4649,76592,43,0,1,0,7,25,11,13,14,38,33,15
4215192,Collegeville,Pennsylvania,2,1,0,0,2639,1412,517,710,1533,142616,6,0,3,0,2,82,7,0,1,23,16,60
4215232,Collingdale,Pennsylvania,5,3,1,1,2933,1597,897,439,3395,63837,59,0,3,0,1,30,4,3,10,39,37,14
4215384,Columbia,Pennsylvania,4,2,1,1,2545,1656,537,352,4515,70297,8,1,0,0,11,70,5,5,19,42,22,17
4215432,Colwyn,Pennsylvania,4,3,1,0,2454,1634,759,61,837,63399,93,0,0,0,0,6,1,0,11,34,42,13
4215776,Connellsville,Pennsylvania,5,2,2,0,3115,1425,1555,135,3293,68219,2,0,2,0,0,90,6,0,14,41,27,19
4215848,Conshohocken,Pennsylvania,2,1,1,0,2559,1443,766,350,4333,140083,5,0,3,0,0,86,4,1,2,16,14,69
4216128,Coplay,Pennsylvania,4,2,1,1,3094,1943,492,659,1437,84713,0,0,0,0,7,70,18,4,10,38,31,22
4216144,Coraopolis,Pennsylvania,4,2,2,0,2796,1425,1334,37,2516,70842,19,0,0,0,2,69,10,0,5,30,36,29
4216256,Cornwall,Pennsylvania,3,1,0,1,2986,1588,403,995,1970,116615,1,0,1,0,0,94,3,2,2,29,25,44
4216296,Corry,Pennsylvania,4,2,2,0,2415,1254,972,189,3004,61712,0,0,1,0,0,89,6,4,10,40,27,22
4216448,Coudersport,Pennsylvania,3,2,1,0,2388,1213,933,242,132,71942,1,0,1,0,2,93,3,0,7,37,30,27
4216848,Crafton,Pennsylvania,3,1,1,0,2642,1411,1212,19,3042,100382,7,0,0,0,0,89,3,0,5,22,35,38
4218048,Dallas,Pennsylvania,3,2,1,0,2835,1725,1050,60,1143,104970,3,0,2,0,2,91,3,0,1,19,27,53
4218072,Dallastown,Pennsylvania,4,2,2,0,2977,1551,1338,88,1714,70911,3,0,0,0,3,90,3,1,7,39,30,23
4218136,Danville,Pennsylvania,4,2,1,1,2789,1736,567,486,2016,77547,4,0,5,0,1,87,2,0,8,20,21,51
4218152,Darby,Pennsylvania,4,3,1,0,2515,1560,821,134,3563,62021,87,0,0,0,0,8,4,0,14,31,35,20
4218768,Delmont,Pennsylvania,2,1,1,0,2359,1244,996,119,1123,103660,0,0,3,0,0,96,1,0,3,24,35,38
4218888,Denver,Pennsylvania,4,2,0,1,3016,1943,316,757,1476,83316,1,0,2,0,3,83,2,9,6,43,32,20
4218960,Derry,Pennsylvania,4,2,2,0,2574,1248,1212,114,1221,68994,1,0,0,0,0,97,1,0,4,41,37,19
4219160,"Dickson City",Pennsylvania,3,2,1,0,2753,1549,911,293,2811,82456,2,0,1,0,1,93,3,1,10,37,26,27
4219208,Dillsburg,Pennsylvania,3,2,1,1,3382,2003,644,735,285,112089,1,0,2,0,0,90,5,2,3,29,35,34
4219536,Donora,Pennsylvania,6,3,3,0,2774,1287,1382,105,2279,48425,24,0,0,0,3,66,7,0,7,51,29,12
4219576,Dormont,Pennsylvania,3,1,1,0,2740,1298,1411,31,4157,96037,3,0,1,0,3,89,3,0,4,21,25,50
4219752,Downingtown,Pennsylvania,3,1,0,1,2805,1410,522,873,3393,108477,13,0,7,0,2,71,7,1,3,29,26,43
4219784,Doylestown,Pennsylvania,2,1,0,1,3249,1943,467,839,3733,132784,1,0,1,0,1,92,4,1,2,12,24,62
4220136,DuBois,Pennsylvania,4,2,2,0,2546,1239,1230,77,3372,66628,1,0,0,0,0,96,3,0,6,37,28,30
4220352,Dunmore,Pennsylvania,3,2,1,0,2760,1518,1096,146,5885,89065,1,0,5,0,3,86,4,1,4,26,32,37
4220424,Dupont,Pennsylvania,6,3,1,3,4936,2141,527,2268,1195,79690,0,0,2,0,0,91,6,1,5,50,32,13
4220432,Duquesne,Pennsylvania,5,2,2,0,2537,1262,1237,38,2083,52382,45,0,0,0,0,38,16,1,10,41,34,14
4220512,Duryea,Pennsylvania,4,2,1,1,3243,1753,908,582,2078,83659,4,0,0,0,0,88,7,1,5,42,29,24
4221200,"East Greenville",Pennsylvania,3,2,0,1,3135,1964,284,887,1135,93053,0,0,2,0,5,83,9,0,4,43,26,26
4221384,"East Lansdowne",Pennsylvania,4,2,1,0,2605,1446,804,355,1188,73819,64,0,7,0,0,17,10,2,6,36,35,23
4221648,Easton,Pennsylvania,3,2,1,1,2541,1440,672,429,10804,83400,15,0,1,0,6,55,12,11,15,34,23,29
4221688,"East Petersburg",Pennsylvania,3,2,0,1,3630,2137,324,1169,342,113752,3,0,2,0,3,82,10,1,7,29,23,42
4221872,"East Stroudsburg",Pennsylvania,4,2,1,1,3289,1871,640,778,2949,88171,22,0,3,0,4,53,9,10,7,30,33,30
4222144,Ebensburg,Pennsylvania,3,1,2,0,2568,1145,1315,108,1636,76778,0,0,1,0,0,98,1,0,5,35,21,39
422220,"El Mirage",Arizona,3,3,0,0,2284,2127,155,2,10769,84010,8,1,1,1,16,34,24,15,16,30,39,16
4222264,Economy,Pennsylvania,3,2,1,0,3573,1931,1407,235,3750,112958,1,0,0,0,0,94,4,1,3,30,29,39
4222296,Eddystone,Pennsylvania,4,2,1,1,2798,1515,689,594,856,65619,16,0,0,0,7,71,5,0,10,41,39,10
4222520,Edgewood,Pennsylvania,2,1,1,0,2787,1480,1300,7,1559,120782,6,0,4,0,2,83,5,0,0,7,17,76
4222528,Edgewood,Pennsylvania,6,3,1,2,3224,1570,472,1182,1129,50806,0,0,1,0,1,92,2,5,10,48,25,18
4222608,Edinboro,Pennsylvania,3,2,1,0,2158,1309,789,60,1767,73276,1,0,1,0,1,94,3,0,5,9,38,48
4222672,Edwardsville,Pennsylvania,4,2,1,0,2379,1382,739,258,2089,55968,16,0,0,0,1,68,9,6,8,48,26,18
4223016,Elizabethtown,Pennsylvania,3,2,0,1,2587,1801,270,516,4666,88441,4,0,2,0,2,88,4,1,6,31,31,31
4223304,"Ellwood City",Pennsylvania,4,2,2,0,3296,1461,1771,64,3492,73269,2,0,0,0,1,95,2,0,6,41,31,22
4223584,Emmaus,Pennsylvania,3,2,0,1,3463,2040,340,1083,4724,102178,5,0,2,0,3,86,4,1,5,33,26,35
422360,Eloy,Arizona,4,3,0,0,2796,2465,321,10,3233,75249,6,3,1,1,22,34,13,19,20,31,29,21
4223616,Emsworth,Pennsylvania,3,2,1,0,2807,1510,1285,12,1103,88965,8,0,1,0,3,80,7,1,2,26,31,41
4223832,Ephrata,Pennsylvania,5,3,0,1,3905,2727,183,995,5757,80352,2,0,0,0,5,88,3,3,11,42,24,23
4224000,Erie,Pennsylvania,4,2,2,0,2332,1236,1059,37,37677,58237,16,0,2,0,3,67,8,3,10,36,31,23
4224160,Etna,Pennsylvania,5,2,2,0,2957,1567,1331,59,1656,65250,4,0,2,0,1,87,6,1,8,39,29,25
4224392,Exeter,Pennsylvania,4,2,1,1,3176,1853,893,430,2486,79837,0,0,0,0,1,97,2,0,6,42,28,25
4225360,Farrell,Pennsylvania,4,3,2,0,2306,1335,910,61,1799,51482,43,0,1,0,0,45,8,2,13,48,29,9
4226280,Fleetwood,Pennsylvania,3,2,1,1,3129,1560,662,907,1716,95354,1,0,0,0,5,86,7,0,4,56,22,18
4226408,Folcroft,Pennsylvania,4,3,2,0,2828,1649,988,191,2446,63842,44,0,3,0,1,44,4,4,5,40,36,19
4226512,"Ford City",Pennsylvania,4,2,2,0,2472,1137,1307,28,1359,60990,0,0,0,0,0,99,1,1,5,58,17,20
4226592,"Forest Hills",Pennsylvania,3,2,1,0,2836,1539,1268,29,3181,98529,13,0,1,0,1,80,5,0,1,16,26,57
4226880,"Forty Fort",Pennsylvania,3,2,1,0,3027,1689,1176,162,1710,91215,2,0,0,0,8,84,3,3,7,22,41,30
4227008,"Fountain Hill",Pennsylvania,4,2,1,1,2874,1694,471,709,1942,72482,0,0,1,0,12,63,8,15,16,23,31,30
4227120,"Fox Chapel",Pennsylvania,2,1,1,0,3517,2009,1454,54,1779,214262,0,0,7,0,2,87,2,2,0,2,9,89
4227232,Frackville,Pennsylvania,6,2,0,3,4871,1815,280,2776,1408,81027,1,0,0,0,1,92,6,0,6,58,21,15
4227360,Franklin,Pennsylvania,9,2,0,7,4613,1090,208,3315,359,49848,2,0,0,0,0,92,6,0,8,54,30,8
4227456,Franklin,Pennsylvania,3,2,1,0,2339,1292,979,68,2676,74067,5,0,0,0,1,89,5,0,7,37,31,25
4227552,"Franklin Park",Pennsylvania,2,1,1,0,3254,1755,1471,28,5358,202964,3,0,14,0,0,78,3,1,1,5,18,76
4227744,Freeland,Pennsylvania,7,3,0,4,4737,1760,254,2723,1608,63907,4,0,1,0,7,77,5,6,5,40,30,25
4227760,Freemansburg,Pennsylvania,3,2,1,0,2887,1692,797,398,1224,112502,14,0,4,0,5,49,20,8,10,46,27,16
4228960,Gettysburg,Pennsylvania,3,2,1,0,2315,1322,858,135,2303,75830,4,1,4,0,7,74,6,4,6,27,23,43
4229232,Girard,Pennsylvania,3,2,1,0,2809,1807,924,78,1273,96676,1,0,0,0,5,86,7,0,5,43,20,32
4229432,Glassport,Pennsylvania,5,2,2,0,2999,1509,1446,44,1797,61414,7,0,0,0,3,86,3,0,4,48,35,13
4229720,Glenolden,Pennsylvania,3,2,1,0,2859,1681,887,291,2795,85708,13,0,1,0,1,79,4,2,4,42,26,29
4230896,Greencastle,Pennsylvania,3,2,1,0,2668,1678,750,240,1698,102868,3,0,2,0,0,90,6,0,4,31,32,33
4231200,Greensburg,Pennsylvania,3,2,1,0,2300,1190,1068,42,6715,77931,3,0,1,0,1,91,4,0,4,27,32,37
4231256,"Green Tree",Pennsylvania,3,1,1,0,2796,1514,1272,10,2334,106662,0,0,6,0,1,90,3,0,2,17,29,52
4231328,Greenville,Pennsylvania,4,2,1,0,2569,1564,952,53,1992,67066,1,0,0,0,0,95,3,0,5,36,33,25
4231656,"Grove City",Pennsylvania,4,3,1,0,3241,2225,929,87,2497,77430,3,0,1,0,1,90,3,2,7,27,23,42
4232056,Hallam,Pennsylvania,3,2,1,1,3230,1689,891,650,71,100978,10,0,0,0,1,86,3,1,0,46,27,27
4232120,Hamburg,Pennsylvania,4,2,0,2,3153,1589,293,1271,1967,79584,3,1,0,0,1,91,3,1,9,36,35,20
4232448,Hanover,Pennsylvania,4,2,2,0,2929,1433,1416,80,7169,78800,3,0,1,0,4,81,7,4,12,45,25,18
4232800,Harrisburg,Pennsylvania,4,2,1,0,2368,1514,627,227,21474,63184,47,0,3,0,9,25,8,8,15,31,30,25
4233000,"Harveys Lake",Pennsylvania,3,2,1,1,3623,1819,840,964,1339,106898,1,0,0,0,0,94,5,1,5,14,36,45
4233088,Hatboro,Pennsylvania,2,1,0,1,2933,1540,547,846,3088,134258,8,0,4,0,4,78,2,3,5,23,31,41
4233112,Hatfield,Pennsylvania,4,2,0,1,3137,2028,315,794,1407,89109,5,0,26,0,2,56,8,1,6,20,38,36
4233408,Hazleton,Pennsylvania,6,3,2,1,3261,1642,882,737,11333,55960,7,0,0,0,15,34,14,29,27,37,24,12
4233744,Hellertown,Pennsylvania,3,2,1,1,3010,1708,662,640,2544,97263,1,0,1,0,2,85,5,5,5,33,30,32
4234064,Hermitage,Pennsylvania,3,2,1,0,2531,1649,788,94,8148,86321,5,0,1,0,1,87,4,1,7,32,27,34
4234664,Highspire,Pennsylvania,5,3,1,1,3168,1827,552,789,1281,58079,13,0,1,0,3,77,5,1,7,45,30,19
4235224,Hollidaysburg,Pennsylvania,3,1,1,0,2678,1287,1319,72,2639,93393,2,0,2,0,0,93,3,0,4,16,23,57
4235424,Homestead,Pennsylvania,5,3,2,0,2427,1295,1125,7,1264,48253,61,0,3,0,0,30,5,1,9,39,33,19
4235520,Honesdale,Pennsylvania,6,4,1,2,3365,1933,633,799,2137,52535,0,0,1,0,1,94,4,0,12,41,24,24
423620,Flagstaff,Arizona,2,1,1,0,1803,988,746,69,25356,94513,2,10,3,0,8,61,10,6,3,13,33,51
4236232,Hummelstown,Pennsylvania,3,2,0,1,2852,1631,369,852,2234,94436,0,0,6,0,8,81,4,0,7,18,26,49
4236368,Huntingdon,Pennsylvania,4,2,0,2,3436,1520,385,1531,2369,79746,1,1,1,0,0,89,7,1,5,41,22,31
4236816,Indiana,Pennsylvania,3,2,1,0,2313,1304,944,65,4048,72561,2,0,1,0,1,92,4,0,3,19,29,49
4237000,Ingram,Pennsylvania,3,2,1,0,2712,1451,1241,20,1500,86441,11,1,3,0,0,83,2,0,2,31,42,25
4237208,Irwin,Pennsylvania,3,2,1,0,2147,1146,957,44,1980,69893,2,0,0,0,1,91,4,2,2,29,36,33
423760,Florence,Arizona,2,2,0,0,2018,1731,282,5,5374,93353,7,3,1,0,17,57,8,7,4,26,40,30
4237784,Jeannette,Pennsylvania,4,2,2,0,2462,1199,1170,93,4436,62889,9,0,1,0,0,81,7,2,9,36,33,22
4237955,"Jefferson Hills",Pennsylvania,2,1,1,0,2937,1392,1457,88,4866,149972,2,0,4,0,0,92,2,0,8,18,28,46
4238000,Jenkintown,Pennsylvania,2,1,1,0,3349,1709,974,666,1988,148546,9,0,2,0,1,79,6,1,4,16,12,68
4238128,"Jersey Shore",Pennsylvania,5,3,1,1,3613,2040,578,995,277,73710,0,0,0,0,0,98,1,0,7,44,29,21
4238160,Jessup,Pennsylvania,4,2,1,0,2996,1618,1011,367,1915,77306,1,0,1,0,0,85,13,0,8,31,29,33
4238200,"Jim Thorpe",Pennsylvania,5,2,1,2,4293,1809,511,1973,1951,89207,1,0,0,0,3,96,0,0,7,37,32,24
4238288,Johnstown,Pennsylvania,5,2,3,0,2483,1068,1311,104,9291,45227,17,0,0,0,1,71,9,2,11,43,32,15
4238688,Kane,Pennsylvania,4,2,2,0,2889,1370,1287,232,9,81214,2,0,1,0,3,93,1,0,1,43,29,27
4239256,Kenhorst,Pennsylvania,3,2,1,1,3014,1509,799,706,1204,88285,0,0,0,0,6,63,9,22,3,40,34,24
4239352,"Kennett Square",Pennsylvania,2,1,0,1,2905,1464,434,1007,2233,121095,5,0,1,0,10,54,15,15,13,25,22,40
4239784,Kingston,Pennsylvania,4,2,1,0,2655,1610,924,121,5895,75243,4,0,1,0,1,87,3,2,6,31,32,32
4240040,Kittanning,Pennsylvania,3,2,1,0,2541,1279,1151,111,1600,77614,3,0,0,0,0,93,1,2,18,45,18,19
4240584,Kulpmont,Pennsylvania,6,2,0,4,4623,1668,166,2789,1353,74945,0,0,2,0,2,89,7,0,3,49,38,10
4240656,Kutztown,Pennsylvania,6,3,0,2,3970,2450,238,1282,1927,71777,2,0,2,0,1,89,6,0,2,31,29,38
4240960,"Lake City",Pennsylvania,3,2,1,0,2809,1807,924,78,973,96676,1,0,0,0,5,86,7,0,5,43,20,32
4241216,Lancaster,Pennsylvania,3,2,1,0,2505,1609,685,211,21929,81015,17,0,3,0,13,40,15,13,13,29,25,33
4241432,Lansdale,Pennsylvania,3,2,0,1,3364,2109,478,777,7134,107975,6,0,16,0,2,70,4,3,11,23,27,38
4241440,Lansdowne,Pennsylvania,3,2,1,0,2706,1500,858,348,4858,96698,50,0,2,0,0,38,5,5,5,27,28,40
4241464,Lansford,Pennsylvania,8,3,0,4,4200,1702,199,2299,1691,52556,8,0,0,0,6,71,13,2,14,49,25,12
4241608,Larksville,Pennsylvania,3,2,1,0,3222,1974,1029,219,1751,94990,4,0,1,1,1,90,3,1,6,39,24,31
4241680,Latrobe,Pennsylvania,3,2,2,0,2666,1286,1269,111,3688,76616,1,0,0,0,0,93,5,0,4,40,33,24
4241768,Laureldale,Pennsylvania,4,2,1,1,3244,1619,611,1014,1630,86478,8,1,0,0,9,56,19,8,10,47,30,13
4242168,Lebanon,Pennsylvania,4,2,1,1,2579,1420,487,672,10594,61528,4,0,1,0,8,49,11,26,15,48,24,12
4242472,Lehighton,Pennsylvania,5,3,1,2,3902,1980,459,1463,2056,77699,0,0,0,0,3,90,7,0,14,41,32,14
4242648,Lemoyne,Pennsylvania,3,2,1,1,2978,1647,528,803,2350,89320,7,0,1,0,1,89,2,0,6,19,32,42
4242976,Lewisburg,Pennsylvania,4,2,1,1,2594,1440,434,720,1957,65290,3,0,2,0,3,91,1,1,10,15,24,51
4243000,Lewistown,Pennsylvania,6,3,1,2,2972,1467,411,1094,3895,52961,1,0,1,0,1,86,9,2,19,42,26,13
4243816,Lititz,Pennsylvania,3,2,0,0,2921,1929,549,443,3833,112360,0,0,3,0,3,90,2,2,4,31,27,39
4243944,Littlestown,Pennsylvania,3,2,1,0,2890,1592,1135,163,1878,83212,2,0,0,0,1,94,2,0,6,42,36,17
4244128,"Lock Haven",Pennsylvania,5,3,1,1,2872,1685,513,674,3287,57384,4,1,1,0,1,90,3,0,10,41,26,23
4244864,"Lower Burrell",Pennsylvania,3,1,1,0,2566,1284,1145,137,5284,99098,0,0,0,0,0,96,2,0,5,30,31,33
4245568,Luzerne,Pennsylvania,5,3,2,0,2746,1576,982,188,1403,60237,1,0,0,0,1,94,4,0,7,35,47,11
4246256,McKeesport,Pennsylvania,5,3,2,0,2525,1305,1187,33,8266,49702,36,0,1,0,1,53,7,2,13,40,35,12
4246264,"McKees Rocks",Pennsylvania,5,3,2,0,2648,1388,1245,15,2885,49845,28,1,6,0,0,49,8,8,8,47,33,12
4246376,McSherrystown,Pennsylvania,4,2,2,0,2919,1564,1174,181,922,68156,1,0,0,0,1,92,5,2,3,44,37,16
4246392,Macungie,Pennsylvania,3,3,0,0,2770,2284,224,262,1448,90653,6,0,3,0,5,67,17,2,4,30,34,32
4246592,"Mahanoy City",Pennsylvania,9,4,0,4,4515,2076,181,2258,1358,52855,0,0,1,0,5,84,6,4,12,42,40,6
4246792,Malvern,Pennsylvania,2,1,0,0,2755,1492,515,748,1588,155598,1,0,13,0,3,82,1,0,1,17,16,67
4246864,Manchester,Pennsylvania,3,2,1,0,3067,1817,1037,213,244,99619,4,0,0,0,2,86,3,5,10,43,27,20
4246888,Manheim,Pennsylvania,3,2,1,1,3366,1922,535,909,1922,98781,1,0,0,0,1,91,7,0,6,39,23,32
4247000,Manor,Pennsylvania,2,1,1,0,2841,1408,1185,248,1099,136368,0,0,2,0,3,89,7,0,2,24,26,49
4247080,Mansfield,Pennsylvania,3,2,1,0,2331,1200,945,186,82,69463,3,0,0,0,2,92,4,0,4,35,29,32
4247424,Marietta,Pennsylvania,4,2,1,0,2839,1871,691,277,1316,80357,3,0,0,0,0,83,4,9,3,50,26,21
4247968,Marysville,Pennsylvania,4,2,0,1,3773,2078,296,1399,171,101898,2,0,0,0,1,93,3,1,6,34,32,28
4248000,Masontown,Pennsylvania,5,2,2,0,3281,1545,1518,218,1344,71057,8,0,0,0,0,86,6,0,13,39,34,15
4248360,Meadville,Pennsylvania,4,2,2,0,2327,1275,1000,52,4284,61665,5,0,1,0,0,88,6,0,9,41,28,23
4248376,Mechanicsburg,Pennsylvania,3,2,0,1,2887,1843,432,612,4182,98782,2,0,1,0,3,85,7,2,4,31,20,45
4248480,Media,Pennsylvania,2,1,0,0,2077,1213,513,351,2939,112683,3,0,4,2,0,84,5,1,1,11,25,63
4249128,Middletown,Pennsylvania,4,3,1,1,2940,1946,381,613,4292,68667,10,0,3,0,4,73,7,3,8,44,24,24
4249144,Middletown,Pennsylvania,3,2,1,0,3344,2161,649,534,3020,129776,3,0,4,1,6,72,9,4,5,28,32,35
4249184,Midland,Pennsylvania,4,2,2,0,3164,1549,1599,16,1116,73507,12,0,0,0,0,79,8,0,10,34,47,9
4249288,Mifflinburg,Pennsylvania,6,4,0,2,4639,2990,271,1378,1394,83566,1,0,0,0,0,95,1,3,10,41,27,21
4249680,Millersburg,Pennsylvania,5,3,0,2,3647,1861,180,1606,1124,69519,1,0,1,0,4,88,5,0,4,53,22,20
4249728,Millersville,Pennsylvania,3,2,1,0,2711,1821,523,367,2420,98098,4,0,4,0,5,72,8,6,6,28,30,36
4249920,Millvale,Pennsylvania,4,2,2,0,2638,1360,1268,10,1631,67794,8,0,0,0,0,88,4,0,5,36,32,27
4250016,Milton,Pennsylvania,4,2,1,1,2776,1766,548,462,2741,71311,0,0,0,0,7,88,2,2,7,56,26,12
4250088,Minersville,Pennsylvania,8,3,0,4,4412,1765,223,2424,1784,54303,0,0,1,0,1,85,13,1,13,39,35,14
4250272,Mohnton,Pennsylvania,3,2,1,0,2668,1619,708,341,1136,95670,0,0,1,0,5,84,4,5,5,37,29,29
4250320,Monaca,Pennsylvania,4,2,2,0,2955,1591,1317,47,2418,72721,3,0,0,0,0,88,6,3,5,36,33,25
4250344,Monessen,Pennsylvania,4,2,2,0,2564,1240,1273,51,3236,67977,16,0,0,0,0,74,6,3,6,44,22,28
4250408,Monongahela,Pennsylvania,5,2,2,0,3031,1372,1583,76,1932,65693,2,0,0,0,1,93,4,0,7,40,33,21
4250528,Monroeville,Pennsylvania,3,2,1,0,2706,1518,1102,86,12332,95072,13,0,7,0,0,72,7,1,2,21,28,49
4250720,Montoursville,Pennsylvania,5,3,1,1,3776,2386,651,739,2089,77446,0,0,0,0,1,97,1,0,5,36,21,38
4250880,Moosic,Pennsylvania,2,1,1,0,2868,1591,1121,156,2586,122085,1,0,2,0,1,85,9,2,11,25,30,34
4251144,Morrisville,Pennsylvania,3,1,0,1,3322,1636,574,1112,3892,127589,14,0,1,0,3,74,6,2,5,31,26,39
4251152,Morrisville,Pennsylvania,3,2,1,0,2855,1717,1074,64,77,105650,17,0,0,0,3,66,13,1,11,20,31,38
4251176,Morton,Pennsylvania,2,1,1,0,2251,1397,733,121,1271,104049,23,0,6,0,1,67,2,1,10,24,31,35
4251496,"Mount Carmel",Pennsylvania,6,3,1,2,3428,1670,473,1285,2438,60311,2,0,0,0,0,92,5,1,11,47,27,16
4251656,"Mount Joy",Pennsylvania,3,2,1,0,2836,1880,517,439,3442,95460,2,0,1,0,1,83,8,5,4,34,31,31
4251744,"Mount Oliver",Pennsylvania,6,3,3,0,2832,1333,1483,16,1459,48790,37,0,4,0,4,49,1,4,24,36,24,16
4251760,"Mount Penn",Pennsylvania,4,2,1,1,2738,1417,826,495,515,78131,9,0,0,0,6,56,13,15,8,44,24,24
4251880,"Mount Pleasant",Pennsylvania,4,2,2,0,2663,1292,1194,177,2041,62758,2,0,0,0,0,97,1,0,4,32,46,18
4251912,"Mount Pocono",Pennsylvania,4,3,1,1,3710,2489,557,664,1124,94438,16,0,6,0,32,40,4,1,15,49,15,21
4252016,Mountville,Pennsylvania,3,2,0,1,2907,1765,322,820,821,103644,3,0,1,0,1,89,5,0,5,40,20,36
4252320,Munhall,Pennsylvania,4,2,2,0,2854,1310,1494,50,5148,71119,15,0,0,0,0,82,2,0,5,31,37,27
4252432,Murrysville,Pennsylvania,2,1,1,0,2701,1436,1141,124,8701,144411,1,0,3,0,1,91,3,0,2,18,23,57
4252488,Myerstown,Pennsylvania,4,2,1,2,2971,1445,430,1096,1258,71688,2,0,0,0,0,96,1,1,15,50,24,11
4252584,Nanticoke,Pennsylvania,4,2,1,0,2941,1679,982,280,4397,70530,6,0,0,0,2,80,7,5,15,38,27,20
4252616,Nanty-Glo,Pennsylvania,7,3,1,4,3902,1428,365,2109,1100,55287,2,0,0,0,0,97,2,0,16,47,22,15
4252664,Narberth,Pennsylvania,2,1,1,0,3293,1762,1279,252,1952,206247,7,0,8,0,1,77,6,0,0,8,12,80
4252808,Nazareth,Pennsylvania,4,2,0,2,2836,1319,346,1171,2972,71697,5,0,2,0,3,82,8,0,9,32,33,26
425300,"Fountain Hills",Arizona,2,1,0,0,2210,1958,242,10,11092,144984,2,0,2,0,2,89,4,1,1,14,31,54
4253088,Nesquehoning,Pennsylvania,6,3,0,3,4129,1947,210,1972,1183,69686,8,0,1,0,1,85,5,0,3,58,20,19
4253288,"New Brighton",Pennsylvania,5,3,3,0,3226,1544,1641,41,1897,59890,9,0,0,0,1,84,4,1,6,44,33,18
4253296,"New Britain",Pennsylvania,3,2,0,1,3798,2354,424,1020,784,140013,4,0,4,0,2,83,6,0,4,19,24,54
4253368,"New Castle",Pennsylvania,6,3,3,0,3127,1477,1575,75,9190,52419,11,0,0,0,2,77,9,1,10,42,29,18
4253464,"New Cumberland",Pennsylvania,3,2,1,1,2817,1681,606,530,3523,96038,4,0,1,0,1,85,8,1,4,32,26,38
4253568,"New Freedom",Pennsylvania,3,1,1,0,3215,1655,1263,297,979,119655,1,0,0,0,0,95,3,1,2,16,22,60
4253696,"New Holland",Pennsylvania,3,2,0,1,3156,1982,413,761,2149,91257,4,0,5,0,6,73,8,5,12,34,27,27
4253712,"New Hope",Pennsylvania,1,1,0,0,2485,1628,515,342,1356,166397,0,0,3,0,7,84,6,0,2,16,14,67
4253736,"New Kensington",Pennsylvania,4,2,2,0,2378,1103,1224,51,5964,62785,13,0,2,0,0,82,2,1,4,38,35,24
4254656,Norristown,Pennsylvania,3,2,1,0,2527,1632,534,361,12918,79904,33,3,3,0,7,29,16,11,13,30,30,26
4254696,Northampton,Pennsylvania,4,2,0,1,3453,1897,379,1177,4195,93398,1,0,2,0,2,86,6,3,6,38,34,23
4254816,"North Braddock",Pennsylvania,5,2,2,0,2528,1285,1218,25,2158,51999,46,1,1,0,0,42,8,2,6,39,40,14
4254872,"North Catasauqua",Pennsylvania,3,2,0,1,3493,2007,437,1049,1184,99896,7,0,0,0,9,73,12,0,2,42,33,23
4254952,"North East",Pennsylvania,3,2,1,0,2131,1317,762,52,1692,84272,1,0,0,0,0,91,7,0,8,42,29,21
4255000,"Northern Cambria",Pennsylvania,7,2,1,4,4348,1545,343,2460,1388,64327,0,0,2,0,0,97,0,0,7,53,23,17
4255456,Northumberland,Pennsylvania,4,2,1,1,3155,1777,672,706,1773,81045,3,0,0,0,1,92,2,2,5,44,27,23
4255512,"North Wales",Pennsylvania,2,1,0,1,3157,1468,531,1158,1464,131868,3,0,1,0,1,84,8,3,4,27,23,45
4255664,Norwood,Pennsylvania,3,2,1,0,2907,1703,861,343,2341,101979,2,0,4,0,4,88,1,1,6,36,34,23
4256088,Oakmont,Pennsylvania,2,1,1,0,2621,1412,1190,19,3392,113062,1,0,0,0,0,95,4,0,2,18,24,56
4256432,Ohioville,Pennsylvania,5,2,1,1,4208,2090,1207,911,1296,93405,1,0,0,0,0,98,1,0,3,35,41,22
4256456,"Oil City",Pennsylvania,4,2,1,0,2276,1262,963,51,4054,64253,1,0,0,0,0,95,3,0,12,42,25,20
4256576,"Old Forge",Pennsylvania,3,2,1,0,3005,1673,1058,274,3801,92207,1,0,1,0,2,85,11,1,6,30,27,37
4256792,Olyphant,Pennsylvania,4,2,1,1,3266,1705,965,596,2309,78787,0,0,0,0,3,85,5,7,2,49,25,24
4257184,Orwigsburg,Pennsylvania,5,2,0,3,4550,2010,251,2289,999,88621,0,0,1,0,0,93,6,0,8,37,17,38
4257480,Oxford,Pennsylvania,2,1,1,0,2188,1414,719,55,2119,114126,5,0,2,0,17,53,20,3,17,28,23,31
4257696,Palmerton,Pennsylvania,5,2,0,2,3797,1680,348,1769,2363,80964,0,0,0,0,1,97,1,2,8,51,27,14
4257720,Palmyra,Pennsylvania,3,2,1,1,2674,1502,438,734,2978,85698,2,0,3,0,1,76,7,11,8,44,26,22
4258032,Parkesburg,Pennsylvania,3,2,1,1,3870,2469,736,665,1472,130475,10,1,1,0,8,61,13,5,11,30,32,26
4258696,"Pen Argyl",Pennsylvania,4,2,0,2,3822,1574,447,1801,1321,90802,3,0,0,0,6,87,2,2,9,33,37,22
4258712,Penbrook,Pennsylvania,4,2,1,1,2878,1581,808,489,1401,72728,40,1,0,0,3,42,12,3,5,27,17,50
4258936,Penndel,Pennsylvania,3,1,0,1,2731,1341,413,977,1015,107591,21,0,3,0,4,69,3,1,5,28,31,36
4259120,Pennsburg,Pennsylvania,3,2,0,1,3194,2080,258,856,1354,110894,2,0,1,0,6,87,3,1,4,44,34,19
4259384,Perkasie,Pennsylvania,3,2,0,1,3362,2058,580,724,3495,129010,3,0,0,0,3,90,3,1,3,32,26,39
4260000,Philadelphia,Pennsylvania,2,1,1,0,2146,1137,920,89,659129,85879,40,0,8,0,4,34,6,9,11,28,24,37
4260008,Philipsburg,Pennsylvania,4,2,0,2,2912,1389,258,1265,1213,66591,7,0,0,0,0,92,0,0,10,33,33,24
4260120,Phoenixville,Pennsylvania,2,1,0,0,2309,1379,416,514,8374,126817,5,0,4,0,1,82,7,1,6,20,19,55
4260712,Pitcairn,Pennsylvania,5,2,2,0,2242,1137,1093,12,1379,49219,25,0,2,0,0,63,9,1,9,37,38,15
4261000,Pittsburgh,Pennsylvania,3,1,1,0,2555,1323,1211,21,137187,89959,23,0,5,0,1,64,5,1,5,21,25,50
4261048,Pittston,Pennsylvania,5,2,1,1,3006,1557,766,683,3399,64575,6,0,1,0,2,84,5,2,6,38,35,21
4261328,"Pleasant Hills",Pennsylvania,3,1,1,0,2892,1359,1501,32,3550,106664,5,0,5,0,1,86,2,0,3,24,34,39
4261536,Plum,Pennsylvania,3,1,1,0,2899,1628,1198,73,10727,109639,4,0,1,0,0,91,3,1,2,25,31,42
4261648,Plymouth,Pennsylvania,4,3,2,0,2815,1627,999,189,2405,64713,9,0,0,0,3,75,6,7,10,46,29,14
4262320,"Port Vue",Pennsylvania,4,2,2,0,3041,1436,1576,29,1601,69780,6,0,1,0,2,77,8,6,9,37,36,18
4262416,Pottstown,Pennsylvania,4,2,0,2,3377,1507,278,1592,9743,78941,21,0,1,0,3,60,11,4,10,38,30,21
4262432,Pottsville,Pennsylvania,6,3,1,2,3759,1723,540,1496,5655,67271,5,0,0,0,4,85,3,3,9,42,28,22
4262792,"Prospect Park",Pennsylvania,3,2,1,1,2854,1529,782,543,2567,88605,11,0,4,0,0,75,9,0,1,39,32,28
4262920,Punxsutawney,Pennsylvania,4,2,2,0,2640,1260,1291,89,2578,62108,0,0,1,0,0,97,0,1,6,47,23,24
4263048,Quakertown,Pennsylvania,4,3,0,1,3763,2699,358,706,3492,95916,4,0,2,0,2,78,14,1,7,38,31,24
4263064,Quarryville,Pennsylvania,3,2,0,1,3153,1822,428,903,151,97227,2,0,4,0,1,89,2,3,21,35,23,21
4263624,Reading,Pennsylvania,5,3,1,1,2764,1568,730,466,32645,58355,11,1,1,0,17,21,21,28,27,36,25,12
4263840,"Red Lion",Pennsylvania,4,2,2,0,2873,1383,1344,146,2724,74521,5,0,3,0,1,87,4,0,13,44,27,16
4264376,Reynoldsville,Pennsylvania,4,2,2,0,2632,1317,1252,63,1029,58937,0,0,1,0,1,96,2,0,13,46,30,11
4264784,Ridgway,Pennsylvania,4,2,2,0,2678,1377,1232,69,1686,70353,0,0,0,0,0,95,4,0,7,45,30,17
4264832,"Ridley Park",Pennsylvania,3,1,1,0,2845,1627,841,377,3069,109258,5,0,1,0,2,87,4,2,4,36,27,33
4265256,"Roaring Spring",Pennsylvania,5,2,1,2,3705,1592,411,1702,1011,72094,1,0,0,0,1,92,5,1,7,38,36,20
4265392,Rochester,Pennsylvania,5,3,2,0,2609,1458,1108,43,1591,51270,14,0,1,0,0,79,6,0,12,37,37,15
4265568,Rockledge,Pennsylvania,3,2,1,0,2673,1536,866,271,1076,102066,0,0,0,0,1,92,7,0,5,29,29,37
4266576,Royersford,Pennsylvania,3,2,0,1,3105,1430,367,1308,2111,93452,8,0,0,0,1,85,5,1,6,35,29,31
4267224,"St. Clair",Pennsylvania,8,3,0,5,5515,2057,266,3192,1227,69464,0,0,0,0,1,96,3,0,8,52,24,15
4267344,"St. Marys",Pennsylvania,3,2,1,0,2599,1336,1094,169,5726,75253,1,0,0,0,1,94,3,0,7,48,23,22
4268096,Sayre,Pennsylvania,3,2,1,0,2649,1353,1091,205,2382,79319,1,0,1,0,0,89,5,3,6,41,24,30
4268312,"Schuylkill Haven",Pennsylvania,7,3,0,4,4558,1753,176,2629,2494,63606,2,0,0,0,1,90,7,0,3,48,24,25
4268432,Scottdale,Pennsylvania,4,2,2,0,2819,1331,1414,74,2012,69232,1,0,2,0,1,93,5,0,9,36,33,22
4269000,Scranton,Pennsylvania,4,2,1,0,2663,1473,1072,118,29947,71959,6,0,5,0,6,69,11,4,10,37,28,25
4269216,Selinsgrove,Pennsylvania,3,2,1,0,2515,1647,512,356,1735,76461,2,0,1,0,1,90,6,1,5,27,28,40
4269248,Sellersville,Pennsylvania,3,2,0,1,2917,1962,339,616,1886,101448,0,0,1,0,4,87,6,2,2,27,25,46
4269309,"Seven Fields",Pennsylvania,2,1,1,0,2441,1401,1030,10,1216,151441,0,0,4,0,1,91,4,0,1,9,17,73
4269376,Sewickley,Pennsylvania,2,1,1,0,3400,1588,1798,14,1663,141111,7,0,0,0,2,82,9,1,2,19,24,56
4269600,Shamokin,Pennsylvania,7,3,1,3,3512,1558,393,1561,2872,52522,2,0,0,0,1,80,15,2,18,48,23,11
4269720,Sharon,Pennsylvania,4,3,2,0,2409,1417,946,46,6144,56263,14,0,0,0,0,79,6,0,10,41,29,20
4269752,"Sharon Hill",Pennsylvania,4,2,1,0,2741,1776,813,152,1992,76988,73,0,2,0,0,19,7,0,14,29,29,29
4269776,Sharpsburg,Pennsylvania,4,2,2,0,2550,1340,1203,7,1341,62476,6,0,2,0,0,86,6,1,7,33,25,36
4269800,Sharpsville,Pennsylvania,4,2,1,0,2560,1539,983,38,1411,71795,2,0,0,0,1,95,1,1,11,41,30,18
4270056,Shenandoah,Pennsylvania,8,4,1,4,4130,1911,292,1927,1627,53149,3,0,0,0,10,59,9,19,15,45,28,13
4270248,Shillington,Pennsylvania,3,2,1,1,2901,1489,822,590,2303,84985,1,0,0,0,8,75,13,3,9,28,40,24
4270352,Shippensburg,Pennsylvania,3,2,1,1,2026,1348,355,323,2234,60007,3,0,2,0,2,89,3,0,8,42,26,24
4270568,Shrewsbury,Pennsylvania,3,1,1,0,3055,1564,1345,146,1134,118685,4,0,0,0,7,84,4,1,5,28,37,30
4270880,"Sinking Spring",Pennsylvania,2,1,1,0,2477,1608,643,226,1643,109861,4,0,8,0,8,72,3,5,12,26,30,32
4271144,Slatington,Pennsylvania,6,3,0,2,3839,2050,278,1511,1681,66708,0,0,0,0,10,83,2,5,14,39,34,14
4271184,"Slippery Rock",Pennsylvania,3,2,1,0,2129,1298,814,17,1183,72290,5,0,2,0,3,87,2,0,5,26,36,33
4271776,Somerset,Pennsylvania,4,2,2,0,2992,1394,1280,318,2751,74428,0,0,0,0,1,95,3,1,9,42,22,28
4271856,Souderton,Pennsylvania,3,2,0,1,3385,1893,327,1165,2754,110033,3,1,3,0,6,77,4,7,8,29,32,31
4272648,"South Williamsport",Pennsylvania,4,2,1,1,3284,1911,791,582,2600,82495,4,0,4,1,0,89,2,0,4,32,32,32
4272920,"Spring City",Pennsylvania,3,1,0,1,2629,1250,224,1155,1903,87639,4,0,2,0,1,84,3,7,6,26,33,35
4272960,Springdale,Pennsylvania,3,1,2,0,2622,1238,1327,57,1634,84528,0,0,0,0,0,94,5,0,4,37,27,32
4273808,"State College",Pennsylvania,3,2,1,0,2007,1256,546,205,11357,75735,2,0,6,0,2,87,2,0,1,15,27,56
4273888,Steelton,Pennsylvania,4,3,1,0,2904,1807,830,267,2281,69380,38,0,0,0,6,38,15,4,7,42,36,15
427400,Gilbert,Arizona,2,1,0,0,2276,1927,344,5,87721,139315,4,1,6,0,8,67,10,3,3,12,34,51
4274712,Strasburg,Pennsylvania,3,2,0,1,3411,2109,323,979,132,105803,0,0,0,0,2,96,2,1,11,39,13,38
4274888,Stroudsburg,Pennsylvania,4,2,1,1,3048,1847,712,489,2542,78226,12,0,3,0,10,57,11,7,9,20,33,39
4275000,Sugarcreek,Pennsylvania,4,2,1,0,2599,1345,1051,203,2104,71373,0,0,0,0,0,98,1,1,7,53,22,17
4275248,"Summit Hill",Pennsylvania,7,2,0,4,5131,1885,139,3107,1297,77136,0,0,0,0,1,95,4,0,5,39,50,7
4275304,Sunbury,Pennsylvania,5,3,1,1,2908,1703,727,478,4160,62779,3,0,0,0,3,85,4,5,10,57,23,10
4275648,Swarthmore,Pennsylvania,2,1,0,0,3407,1914,895,598,2043,181195,7,0,8,0,2,75,8,1,2,7,13,78
4275816,Swissvale,Pennsylvania,3,2,2,0,2517,1301,1184,32,4393,74252,32,0,3,0,1,57,6,1,2,18,37,44
4275832,Swoyersville,Pennsylvania,4,2,1,1,3017,1637,951,429,2508,77519,0,0,0,0,0,93,7,0,3,32,31,34
4276032,Tamaqua,Pennsylvania,7,2,0,4,4744,1690,290,2764,2704,68061,0,0,0,0,5,83,9,3,10,43,32,16
4276104,Tarentum,Pennsylvania,6,3,3,0,3069,1505,1556,8,2188,51710,4,0,0,0,2,89,5,0,3,47,32,18
4276184,Taylor,Pennsylvania,3,2,1,0,2967,1794,873,300,2432,89447,1,0,1,0,6,78,7,7,11,41,21,27
4276304,Telford,Pennsylvania,3,2,0,1,3242,1931,277,1034,1882,97897,5,1,3,0,6,76,5,5,11,33,32,24
4276648,Throop,Pennsylvania,4,2,1,0,2743,1536,934,273,1829,68038,1,0,4,0,1,89,3,1,10,34,31,25
4276904,Titusville,Pennsylvania,5,2,2,0,2297,1231,1007,59,2340,50108,2,0,1,0,0,94,1,2,6,52,23,19
4277168,Towanda,Pennsylvania,4,2,1,0,2812,1547,1018,247,1202,74288,3,0,0,0,1,94,1,1,16,32,23,29
4277272,Trafford,Pennsylvania,3,2,2,0,2516,1257,1196,63,1528,72221,2,0,3,0,1,91,3,0,9,33,30,27
4277304,Trappe,Pennsylvania,2,1,0,0,2769,1651,558,560,1591,144427,7,0,4,0,3,81,4,1,3,14,26,57
4277912,"Turtle Creek",Pennsylvania,5,2,2,0,2495,1322,1166,7,2174,53837,26,0,1,0,1,60,11,1,11,32,42,15
4278168,Tyrone,Pennsylvania,4,2,2,0,2621,1305,1080,236,2404,65202,0,0,0,0,1,96,3,0,5,47,31,17
427820,Glendale,Arizona,2,2,0,0,2105,1897,201,7,84699,87717,7,2,4,0,15,44,19,9,13,24,37,26
4278448,"Union City",Pennsylvania,4,2,2,0,2393,1272,1051,70,1357,56232,0,0,0,0,2,93,5,1,11,59,13,16
4278528,Uniontown,Pennsylvania,5,2,2,0,2572,1286,1163,123,4845,56092,17,0,2,0,0,75,4,1,12,39,28,21
4278712,Upland,Pennsylvania,4,2,1,1,2924,1675,682,567,1245,75453,37,0,1,0,2,51,8,2,5,51,27,17
4279776,Vandergrift,Pennsylvania,5,2,2,0,2502,1159,1238,105,2084,54435,2,0,0,0,1,89,6,0,5,41,36,17
4280032,Verona,Pennsylvania,4,2,2,0,2628,1374,1205,49,1208,70815,12,0,0,0,0,82,5,0,12,33,35,19
428030,Globe,Arizona,3,2,1,0,2208,1558,605,45,968,72496,1,7,1,0,18,46,18,8,12,28,41,19
4281000,Warren,Pennsylvania,3,2,1,0,2272,1143,1056,73,4303,72107,2,0,0,0,0,95,1,1,4,36,34,26
4281328,Washington,Pennsylvania,4,2,2,0,2705,1222,1426,57,5896,62162,14,0,2,0,2,73,8,1,10,36,32,22
4281824,Waynesboro,Pennsylvania,4,2,1,1,2778,1638,357,783,4511,69682,5,0,0,0,4,83,7,1,9,42,34,15
4281832,Waynesburg,Pennsylvania,4,2,2,0,2780,1363,1389,28,1353,68706,2,0,1,0,1,93,3,1,7,33,28,32
4281856,Weatherly,Pennsylvania,7,3,0,3,5302,2420,312,2570,98,77772,1,0,0,0,1,93,3,2,6,44,33,17
4282160,Wellsboro,Pennsylvania,3,2,1,0,2314,1219,985,110,1508,81225,1,0,1,0,1,95,2,1,11,27,24,38
4282296,Wernersville,Pennsylvania,4,2,1,1,3151,1825,465,861,1205,87573,4,0,0,0,2,89,4,1,4,37,19,40
4282344,Wesleyville,Pennsylvania,4,2,2,0,2414,1243,1116,55,1336,54749,1,0,4,0,4,83,9,0,11,49,21,19
4282704,"West Chester",Pennsylvania,2,1,0,0,2205,1299,472,434,6996,105558,14,0,2,0,5,70,4,6,4,19,21,56
4283104,"West Grove",Pennsylvania,3,2,1,1,3159,1754,735,670,964,111946,7,0,3,0,5,62,16,7,13,24,28,36
4283136,"West Hazleton",Pennsylvania,7,3,2,2,4029,1793,965,1271,1646,59461,16,0,0,0,7,27,10,41,19,45,17,19
4283512,"West Mifflin",Pennsylvania,4,2,2,0,2983,1443,1498,42,8300,79951,11,0,1,0,0,84,4,0,6,34,41,20
4283584,Westmont,Pennsylvania,3,1,1,0,2962,1355,1454,153,2020,113924,0,0,0,0,0,97,1,2,1,17,21,61
4283680,"West Newton",Pennsylvania,4,2,2,0,2525,1199,1278,48,1334,70595,4,0,0,0,0,92,3,0,8,40,30,22
428380,Goodyear,Arizona,2,2,0,0,2500,2032,455,13,31757,118933,5,2,4,0,13,52,15,9,5,18,38,39
4283856,"West Pittston",Pennsylvania,4,2,1,1,3183,1649,939,595,2133,76343,1,0,1,0,1,92,2,3,8,29,29,34
4283928,"West Reading",Pennsylvania,3,2,1,0,2373,1394,700,279,1772,78782,6,0,9,0,14,51,16,5,6,31,24,38
4284144,"West View",Pennsylvania,3,2,1,0,2964,1569,1381,14,2806,100462,3,0,0,0,1,89,5,1,2,36,26,36
4284272,"West Wyoming",Pennsylvania,4,2,1,1,3348,1764,1059,525,1088,94833,0,0,0,0,2,95,3,0,6,33,29,32
4284288,"West York",Pennsylvania,5,2,3,0,3534,1623,1853,58,1820,69731,18,0,2,0,6,61,5,7,20,37,30,13
4284512,Whitehall,Pennsylvania,3,1,1,0,2906,1419,1473,14,6842,107014,4,0,13,0,1,79,3,0,4,24,29,43
4284704,"White Oak",Pennsylvania,3,2,1,0,2660,1456,1062,142,3683,79079,2,0,0,0,0,94,3,0,1,36,36,26
4285152,Wilkes-Barre,Pennsylvania,4,2,2,0,2801,1535,1085,181,16288,62432,13,0,2,0,4,55,12,14,12,37,32,19
4285188,Wilkinsburg,Pennsylvania,3,2,2,0,2204,1181,990,33,7907,63383,49,0,2,0,1,38,9,1,6,18,35,41
4285312,Williamsport,Pennsylvania,4,2,1,0,2680,1590,770,320,10866,65079,13,1,1,0,1,77,6,1,11,31,30,28
4285592,Wilson,Pennsylvania,3,2,1,1,2820,1484,752,584,2404,92853,9,0,3,0,9,57,9,13,14,32,35,19
4285632,Windber,Pennsylvania,6,2,1,3,3941,1532,679,1730,1755,66161,0,0,0,0,0,99,1,0,7,48,25,19
4285664,"Wind Gap",Pennsylvania,4,2,0,2,3403,1649,185,1569,1290,84784,3,0,2,0,1,90,4,0,4,41,29,26
4286056,Womelsdorf,Pennsylvania,3,2,0,1,3413,2105,421,887,122,99313,1,0,1,0,4,85,3,6,10,51,21,18
4286528,Wormleysburg,Pennsylvania,3,2,0,1,2789,1722,396,671,1410,91556,5,0,6,0,3,75,7,4,4,32,30,34
4286856,Wyoming,Pennsylvania,3,2,1,0,3019,1646,1028,345,1475,89719,0,0,0,0,1,96,3,0,3,36,22,39
4286880,Wyomissing,Pennsylvania,2,1,1,0,2584,1635,641,308,5143,127700,3,0,2,0,2,81,7,6,2,21,21,56
4286968,Yeadon,Pennsylvania,3,2,1,0,2251,1346,654,251,4956,74060,86,0,0,0,0,8,4,1,5,30,39,25
4287048,York,Pennsylvania,5,2,3,0,3019,1452,1510,57,17770,58181,26,0,1,0,14,37,10,10,15,39,29,17
4287232,Youngwood,Pennsylvania,3,2,2,0,2647,1296,1143,208,1371,75989,1,0,0,0,0,94,5,1,2,36,41,22
4287272,Zelienople,Pennsylvania,3,2,1,0,2906,1827,998,81,2021,88918,2,0,0,0,1,92,5,0,3,22,32,42
430270,Guadalupe,Arizona,2,2,0,0,1982,1719,220,43,1614,81340,1,33,1,0,30,2,14,18,41,23,28,8
433280,Holbrook,Arizona,3,2,1,0,2348,1370,864,114,43,67596,6,33,0,0,12,31,7,11,13,28,46,14
437620,Kingman,Arizona,2,2,1,0,1778,1312,453,13,10653,73088,1,1,2,0,9,76,8,3,7,25,49,20
439370,"Lake Havasu City",Arizona,2,2,0,0,1649,1456,179,14,22020,84324,0,1,1,0,6,80,8,4,7,29,44,20
441330,"Litchfield Park",Arizona,2,2,0,0,2380,2036,341,3,2900,129554,2,0,5,0,11,65,12,4,2,14,32,52
4414140,"Central Falls","Rhode Island",5,2,2,0,2586,1394,1065,127,7358,56433,8,1,0,0,13,19,19,41,37,28,22,13
4414320,Charlestown,"Rhode Island",3,1,1,1,4107,1940,704,1463,361,130589,1,0,0,0,1,93,6,0,5,14,30,51
4419180,Cranston,"Rhode Island",3,1,1,1,3270,1583,989,698,32434,106498,5,0,7,0,6,66,9,6,8,25,30,38
4422960,"East Providence","Rhode Island",3,2,1,1,3043,1456,894,693,20410,94899,6,0,2,0,3,77,8,4,12,25,28,35
4427640,Foster,"Rhode Island",4,1,0,2,5110,2004,560,2546,57,136095,0,0,0,0,0,88,12,0,8,17,31,44
4435200,Hopkinton,"Rhode Island",4,2,0,2,4401,1952,538,1911,225,124204,0,0,1,0,0,93,6,0,2,24,39,35
444270,Marana,Arizona,2,1,0,0,2051,1572,473,6,19397,124887,3,1,3,0,13,60,14,5,3,14,36,47
444410,Maricopa,Arizona,2,2,0,0,2435,2025,397,13,17896,106250,13,2,3,1,13,45,16,8,6,22,44,29
4449960,Newport,"Rhode Island",3,1,1,1,3069,1459,842,768,9951,119278,8,1,2,1,2,75,8,3,6,19,22,53
4454640,Pawtucket,"Rhode Island",4,2,1,1,2928,1454,1054,420,30582,79743,17,1,1,0,8,46,16,12,18,30,30,22
4459000,Providence,"Rhode Island",3,1,1,0,2716,1340,1045,331,69110,91143,15,1,6,0,11,34,14,19,15,27,19,39
446000,Mesa,Arizona,2,2,0,0,1770,1588,178,4,191361,95888,5,2,2,0,12,60,12,7,7,21,40,32
4470700,Tiverton,"Rhode Island",4,1,1,2,4236,1650,589,1997,3464,113910,1,0,0,0,5,90,1,3,5,22,30,43
4474300,Warwick,"Rhode Island",3,2,1,1,3152,1623,888,641,36143,104317,3,0,3,0,2,85,5,1,6,24,35,34
4476820,Westerly,"Rhode Island",3,2,1,1,3434,1759,572,1103,7954,107601,1,0,3,0,1,89,3,3,7,30,22,41
4480780,Woonsocket,"Rhode Island",4,2,1,1,2974,1533,959,482,16972,72977,8,1,6,0,5,57,15,7,15,35,30,20
449640,Nogales,Arizona,3,2,1,0,1673,1135,528,10,5826,53932,0,1,0,0,41,3,44,11,37,24,23,16
4500100,Abbeville,"South Carolina",4,3,1,0,2831,2377,421,33,197,75794,37,0,0,0,0,60,3,0,16,41,26,17
4500550,Aiken,"South Carolina",3,2,1,0,2573,1972,577,24,8828,92479,33,0,2,0,1,59,4,1,6,20,29,45
4500955,Allendale,"South Carolina",8,6,2,0,3170,2492,618,60,165,38762,81,0,4,0,2,9,0,4,17,34,32,17
4501360,Anderson,"South Carolina",3,2,0,0,1715,1386,306,23,9380,67815,26,0,2,0,2,63,5,1,11,25,34,31
4501450,Andrews,"South Carolina",3,3,0,0,2150,1849,280,21,289,68109,67,0,0,0,0,32,1,0,15,38,44,4
4503790,Bamberg,"South Carolina",5,4,1,0,2798,2294,489,15,80,60118,46,0,0,0,0,53,1,0,26,17,37,20
4504060,Barnwell,"South Carolina",5,4,1,0,2705,2333,358,14,443,53750,49,0,0,0,0,46,2,2,19,45,23,14
4504300,Batesburg-Leesville,"South Carolina",4,3,1,0,2575,2148,387,40,1025,71977,33,1,0,0,1,53,8,6,14,34,33,19
4504690,Beaufort,"South Carolina",2,2,0,0,2085,1888,184,13,3951,88352,27,0,1,0,4,57,7,4,7,28,30,35
4505365,Belton,"South Carolina",2,2,0,0,1841,1451,368,22,572,75586,14,0,0,0,2,78,6,0,18,42,24,15
4505680,Bennettsville,"South Carolina",5,4,1,0,2440,2035,373,32,759,45420,60,1,0,0,1,32,4,1,13,56,24,7
4506310,Bishopville,"South Carolina",4,3,1,0,2195,1831,317,47,122,57398,71,0,0,0,1,27,1,0,11,34,33,22
4507210,Bluffton,"South Carolina",2,1,0,0,2134,1833,293,8,9519,125586,8,0,1,0,5,73,6,8,4,15,32,49
4507255,Blythewood,"South Carolina",2,2,0,0,2688,2212,464,12,1493,129249,45,1,3,0,0,45,4,2,3,17,37,43
4510270,Burnettown,"South Carolina",4,3,1,0,2609,2135,449,25,1065,64508,20,0,0,0,0,69,9,1,10,39,36,14
4510855,Camden,"South Carolina",3,3,1,0,2612,1946,627,39,1740,77200,33,0,1,1,2,57,2,5,9,26,37,27
4512655,Cayce,"South Carolina",3,3,1,0,2348,1966,369,13,6652,68640,29,0,4,0,1,58,7,1,4,25,37,34
4513015,Central,"South Carolina",3,3,0,0,1653,1466,173,14,469,57137,10,0,5,0,2,72,8,2,10,22,35,34
4513330,Charleston,"South Carolina",2,2,0,0,2225,1899,317,9,58640,124332,20,0,2,0,2,71,4,1,4,15,23,58
4513600,Cheraw,"South Carolina",4,3,1,0,2197,1831,349,17,520,61289,39,0,1,0,2,50,7,0,15,27,38,20
4514095,Chester,"South Carolina",4,3,1,0,1996,1594,365,37,1785,50251,59,0,1,0,3,36,1,0,21,35,34,9
4514950,Clemson,"South Carolina",2,2,0,0,1808,1550,246,12,4678,94847,7,0,7,0,1,80,4,1,2,11,33,55
4515295,Clinton,"South Carolina",5,5,1,0,3455,3033,397,25,491,62895,38,0,1,0,1,53,5,2,15,34,25,27
4515355,Clover,"South Carolina",2,2,0,0,1923,1537,359,27,1031,86021,14,0,0,0,6,70,6,4,12,20,47,21
451600,"Oro Valley",Arizona,1,1,0,0,1993,1483,501,9,16017,133839,1,0,4,0,6,73,11,4,3,9,29,60
4516000,Columbia,"South Carolina",3,2,0,0,2346,2008,328,10,48751,83705,41,0,2,0,1,49,4,2,6,16,32,46
4516405,Conway,"South Carolina",3,3,0,0,1954,1811,131,12,6114,64517,28,0,1,0,2,63,4,2,10,28,39,24
451810,Page,Arizona,3,2,1,0,2809,2108,549,152,1884,99383,1,58,0,0,1,35,3,2,5,17,56,23
4518565,Darlington,"South Carolina",4,3,1,0,2255,1850,372,33,1457,58490,56,0,0,0,2,39,2,1,18,29,34,19
4519105,Denmark,"South Carolina",6,5,1,0,2912,2465,420,27,87,46926,84,0,0,0,1,13,2,0,25,28,26,21
4519420,Dillon,"South Carolina",3,3,0,0,2059,1782,251,26,801,70618,37,2,0,0,1,56,1,2,20,35,27,18
4521265,Duncan,"South Carolina",3,2,0,0,1805,1494,266,45,1335,63817,30,0,1,0,6,57,3,3,15,30,33,22
4521985,Easley,"South Carolina",4,2,2,0,3362,1483,1860,19,6659,84244,8,0,1,0,2,82,4,3,15,25,30,30
4522795,Edgefield,"South Carolina",5,4,1,0,2508,2095,392,21,82,54874,52,1,0,0,5,36,4,2,27,30,29,14
4523830,Estill,"South Carolina",5,5,1,0,2534,2190,329,15,24,48502,66,0,0,0,2,23,2,7,23,43,27,6
4525810,Florence,"South Carolina",2,2,0,0,1919,1649,250,20,13136,83759,45,1,2,0,1,49,2,1,8,26,32,33
4526035,"Folly Beach","South Carolina",2,2,0,0,2182,1902,269,11,2404,103763,30,0,0,0,0,63,6,0,2,14,29,54
4526305,"Forest Acres","South Carolina",3,2,1,0,2711,2140,557,14,5085,104411,17,0,2,0,1,76,3,1,4,11,25,60
4526890,"Fort Mill","South Carolina",1,1,0,0,2077,1615,453,9,8887,139032,12,0,4,0,3,73,5,3,4,18,24,55
4527070,"Fountain Inn","South Carolina",3,2,1,0,2561,1687,855,19,2451,92166,26,0,0,0,1,61,11,1,8,27,34,31
4528060,Gaffney,"South Carolina",3,3,1,0,1809,1474,298,37,2100,53325,43,0,0,0,0,45,9,3,14,36,32,18
4528870,Georgetown,"South Carolina",3,3,1,0,2405,2031,353,21,1185,69227,44,0,0,0,0,51,1,3,10,30,35,25
452930,"Paradise Valley",Arizona,1,1,0,0,3598,2901,664,33,5241,274000,0,0,3,3,3,80,8,2,1,5,14,80
4529815,"Goose Creek","South Carolina",2,2,0,0,2007,1804,191,12,14096,99540,18,0,3,0,4,63,7,5,7,25,39,29
453070,Parker,Arizona,3,3,0,0,2757,2522,223,12,1415,79345,1,21,2,0,10,27,27,12,13,26,47,13
4530850,Greenville,"South Carolina",1,1,0,0,1579,1257,292,30,32215,112201,22,0,2,0,2,66,5,3,6,15,24,55
4530895,Greenwood,"South Carolina",3,3,1,0,1992,1506,475,11,7194,57187,46,0,1,0,5,41,5,2,18,28,32,22
4530985,Greer,"South Carolina",3,2,1,0,2198,1421,752,25,11146,87537,16,1,4,0,5,62,9,4,10,26,32,32
4531885,Hampton,"South Carolina",4,4,0,0,2516,2216,283,17,92,57438,43,0,2,0,0,48,1,5,16,37,30,17
4532065,Hanahan,"South Carolina",2,2,0,0,2214,1910,298,6,7503,93563,12,1,3,0,3,70,4,8,7,21,36,36
4532245,Hardeeville,"South Carolina",2,2,0,0,2027,1690,328,9,1431,93509,20,0,1,0,5,56,9,9,6,22,34,38
4532560,Hartsville,"South Carolina",3,3,0,0,2120,1847,247,26,1681,72453,47,0,1,0,0,50,2,1,9,38,25,28
4534045,"Hilton Head Island","South Carolina",1,1,0,0,1865,1705,152,8,16255,137399,7,0,1,0,3,76,6,7,6,14,21,59
4534495,Hollywood,"South Carolina",2,2,0,0,2648,2285,346,17,1549,116968,34,0,2,0,1,58,4,1,10,26,28,36
4534810,"Honea Path","South Carolina",3,2,0,0,2047,1690,331,26,172,69601,8,0,0,0,0,89,3,0,14,26,30,30
4535755,Inman,"South Carolina",3,2,0,0,1814,1566,164,84,670,66543,18,1,3,0,4,70,4,0,14,37,31,18
4535890,Irmo,"South Carolina",3,2,0,0,2490,2171,306,13,4546,93169,29,0,5,0,1,61,3,1,5,16,37,42
4536115,"Isle of Palms","South Carolina",1,1,0,0,2477,2206,250,21,1727,203949,0,0,2,0,0,96,1,1,0,2,20,77
4536430,"James Island","South Carolina",2,2,0,0,2545,2165,364,16,3323,140565,11,0,2,0,1,81,4,1,2,14,21,63
453700,Payson,Arizona,3,2,1,0,2499,1739,710,50,3135,78080,1,1,2,0,8,79,4,5,5,20,50,25
4538590,Kingstree,"South Carolina",4,3,0,0,2264,1943,232,89,105,57745,76,0,1,0,0,22,0,1,8,40,29,23
4539310,"Lake City","South Carolina",3,3,0,0,1958,1728,215,15,727,62179,57,0,0,0,0,34,8,1,18,43,19,20
4539895,Lancaster,"South Carolina",5,3,2,0,2857,1582,1248,27,2383,54725,55,0,2,0,2,35,3,3,15,34,34,16
4540075,Landrum,"South Carolina",3,3,1,0,1899,1496,311,92,508,57491,5,0,0,0,0,94,1,0,10,33,33,24
454050,Peoria,Arizona,2,2,0,0,2242,1941,295,6,70034,112420,4,1,5,0,9,64,10,6,5,19,38,38
4540615,Laurens,"South Carolina",4,3,1,0,3169,2286,858,25,2217,73900,34,0,1,0,1,57,4,2,13,31,37,18
4541335,Lexington,"South Carolina",2,2,0,0,2418,2021,388,9,6408,105143,9,0,5,1,1,78,5,1,3,17,35,45
4541380,Liberty,"South Carolina",3,3,1,0,2302,1902,376,24,586,74434,9,0,0,0,3,83,3,2,10,44,27,19
4542730,Loris,"South Carolina",3,3,0,0,1924,1734,163,27,685,57086,32,1,6,0,1,58,1,1,14,37,28,21
4543315,Lyman,"South Carolina",3,2,0,0,2062,1716,317,29,1516,76568,19,0,2,0,3,65,7,3,13,31,36,20
4543720,McCormick,"South Carolina",5,4,1,0,2958,2411,451,96,57,61659,59,0,0,0,0,37,4,1,18,32,30,20
4544350,Manning,"South Carolina",4,3,0,0,1929,1739,164,26,135,50801,54,0,1,0,1,41,2,1,19,35,25,21
4544575,Marion,"South Carolina",4,3,0,0,2098,1784,287,27,214,58069,60,0,1,0,0,34,2,3,15,51,22,11
4545115,Mauldin,"South Carolina",2,1,0,0,1758,1403,341,14,9035,102204,22,0,4,0,3,60,7,3,4,17,35,44
4547275,"Moncks Corner","South Carolina",2,2,0,0,2160,1951,194,15,2506,93318,36,1,0,0,1,58,3,1,6,31,39,24
4548535,"Mount Pleasant","South Carolina",1,1,0,0,2254,1989,247,18,31958,153913,6,0,2,0,1,88,2,0,3,8,20,69
4548805,Mullins,"South Carolina",4,3,0,0,2044,1755,264,25,120,54343,55,0,0,0,0,41,1,2,14,47,26,14
4549075,"Myrtle Beach","South Carolina",2,2,0,0,1373,1250,113,10,15655,78958,16,0,1,0,4,68,9,2,7,26,36,31
4549570,Newberry,"South Carolina",3,2,1,0,2044,1596,400,48,1416,69060,38,1,0,0,1,48,5,7,14,26,38,22
455000,Phoenix,Arizona,2,2,0,0,2026,1805,215,6,584114,102203,7,2,4,0,18,42,17,10,13,20,32,35
4550695,"North Augusta","South Carolina",3,2,1,0,2620,2089,509,22,9739,90413,18,0,1,0,2,73,4,2,8,24,33,35
4550875,"North Charleston","South Carolina",3,2,0,0,2027,1829,193,5,47220,78096,45,0,3,0,3,37,6,5,11,25,35,30
4551280,"North Myrtle Beach","South Carolina",1,1,0,0,1439,1313,114,12,6685,105247,3,0,2,0,3,85,5,1,3,20,32,45
4553080,Orangeburg,"South Carolina",4,4,1,0,1921,1574,335,12,4430,44307,75,0,2,0,1,21,1,0,14,28,31,27
4554025,Pageland,"South Carolina",4,3,1,0,2107,1799,281,27,181,52957,38,0,0,0,4,48,8,2,25,43,25,7
455560,Pima,Arizona,3,3,1,0,2885,2200,636,49,17,86564,1,3,0,0,12,71,10,2,15,17,49,19
4555645,Pendleton,"South Carolina",2,2,0,0,1793,1495,282,16,643,86589,18,0,1,0,0,76,4,0,9,13,33,44
4556140,Pickens,"South Carolina",3,3,1,0,2555,2058,447,50,409,76813,11,0,1,0,0,81,6,1,12,33,38,16
4558030,"Port Royal","South Carolina",2,2,0,0,1857,1711,141,5,3600,88105,27,0,2,0,5,54,8,5,7,27,32,34
4559020,Ravenel,"South Carolina",2,2,0,0,2557,2202,340,15,993,122930,34,0,2,0,0,58,4,1,7,24,28,40
455980,Pinetop-Lakeside,Arizona,3,1,1,0,2059,1075,868,116,1923,79806,1,3,0,0,4,82,8,2,5,18,42,34
4560280,Ridgeland,"South Carolina",3,2,0,0,2019,1746,263,10,1648,78634,44,0,1,0,3,44,4,4,5,33,34,28
4561405,"Rock Hill","South Carolina",2,2,0,0,1619,1257,351,11,24762,78831,36,0,2,0,4,52,4,1,9,22,36,33
4562530,"St. George","South Carolina",4,4,1,0,2440,2122,299,19,99,58548,58,0,0,0,0,41,2,0,23,23,34,20
4563250,Saluda,"South Carolina",4,4,0,0,2390,2044,289,57,78,58194,29,2,0,0,5,38,18,9,21,32,35,12
4565095,Seneca,"South Carolina",3,3,0,0,2513,2100,395,18,1939,82458,24,0,2,0,1,65,6,2,12,24,34,29
4566580,Simpsonville,"South Carolina",2,1,1,0,2030,1503,516,11,6910,102773,26,0,1,0,3,64,5,2,4,24,37,35
4568290,Spartanburg,"South Carolina",2,2,0,0,1799,1423,340,36,14105,74208,44,0,2,0,2,47,4,1,12,26,28,34
4568380,Springdale,"South Carolina",6,3,2,0,2937,1678,1232,27,1072,52682,39,0,1,0,2,45,12,0,23,38,29,9
4568425,Springdale,"South Carolina",3,3,1,0,2529,2110,397,22,1297,75252,13,0,2,0,4,68,11,2,6,36,34,25
4570270,Summerville,"South Carolina",2,2,0,0,2210,1965,232,13,16035,91068,22,0,1,0,2,67,5,2,7,22,42,30
4570405,Sumter,"South Carolina",3,2,0,0,1979,1696,258,25,12422,69845,43,1,1,0,2,46,6,2,8,27,37,28
4570585,"Surfside Beach","South Carolina",2,2,0,0,1428,1352,65,11,2198,85508,2,0,1,0,0,91,5,0,2,22,36,41
4571417,"Tega Cay","South Carolina",1,1,0,0,1856,1492,357,7,3536,154230,9,0,10,0,2,69,9,0,0,13,25,61
4572430,"Travelers Rest","South Carolina",2,1,0,0,1908,1487,392,29,1728,113852,14,0,1,0,2,79,3,2,7,20,29,45
4573105,Union,"South Carolina",6,4,1,0,3102,2430,641,31,2622,54875,39,0,0,0,2,53,5,0,24,32,32,13
457380,Prescott,Arizona,2,1,1,0,1908,1202,685,21,18529,96925,1,1,2,0,4,85,5,3,4,16,39,41
4574095,Walhalla,"South Carolina",3,3,1,0,2226,1749,437,40,808,66148,3,0,1,0,4,69,11,12,16,34,32,18
4574275,Walterboro,"South Carolina",5,4,0,0,2799,2492,295,12,1399,61507,50,2,3,0,3,40,2,0,28,29,23,21
457450,"Prescott Valley",Arizona,2,2,1,0,1967,1279,661,27,17263,84550,1,1,1,0,7,75,11,4,7,25,45,24
4574680,"Ware Shoals","South Carolina",4,3,1,0,2312,1871,412,29,110,63294,19,0,0,0,9,70,2,0,15,41,31,13
4575580,Wellford,"South Carolina",3,2,0,0,2001,1750,206,45,811,76439,28,0,3,0,3,55,9,2,10,37,35,18
4575850,"West Columbia","South Carolina",3,3,0,0,2223,1921,287,15,7581,71579,19,0,3,0,3,64,8,2,8,24,31,37
4576165,Westminster,"South Carolina",4,3,1,0,2597,2110,428,59,193,64957,6,0,0,0,1,87,5,0,19,35,28,17
4577875,Williamston,"South Carolina",2,2,0,0,1797,1475,300,22,904,72039,8,0,0,0,0,86,6,1,6,32,33,28
4577965,Williston,"South Carolina",4,4,1,0,2534,2180,332,22,246,59550,46,0,0,0,1,51,2,0,18,27,33,22
4578460,Winnsboro,"South Carolina",6,5,1,0,2783,2175,502,106,1020,44280,69,0,0,0,0,29,0,1,12,50,24,14
4579090,Woodruff,"South Carolina",3,2,0,0,2111,1562,334,215,843,67911,22,0,0,0,0,72,2,4,14,42,21,22
4579630,York,"South Carolina",3,2,0,0,1843,1557,260,26,2428,69353,29,0,0,0,1,54,11,5,15,32,34,19
458010,Quartzsite,Arizona,3,3,1,0,1918,1415,495,8,132,56198,0,0,0,0,17,75,7,1,15,25,37,23
458150,"Queen Creek",Arizona,2,1,0,0,2461,1997,454,10,17802,147716,3,1,3,1,8,70,11,3,3,18,33,46
4600100,Aberdeen,"South Dakota",3,2,1,0,2112,1390,678,44,5128,75938,2,4,4,0,2,84,4,1,7,34,29,30
4604380,"Belle Fourche","South Dakota",3,2,1,0,2304,1516,715,73,381,79665,0,1,1,0,1,92,5,1,8,32,43,17
4606620,"Box Elder","South Dakota",2,1,1,0,2061,1394,608,59,1589,94137,2,13,1,0,4,73,6,1,4,30,39,26
4606840,Brandon,"South Dakota",2,1,1,0,2517,1742,758,17,1803,124361,3,0,0,0,2,92,2,0,1,23,34,43
4607580,Brookings,"South Dakota",3,2,1,0,2249,1508,691,50,4948,82944,2,2,5,0,1,86,4,1,3,15,31,51
4609500,Canton,"South Dakota",3,2,1,0,2564,1435,1079,50,122,88946,0,2,0,0,0,94,4,0,6,46,27,21
4615980,"Dell Rapids","South Dakota",2,1,1,0,2518,1608,853,57,154,111414,0,1,0,0,2,95,2,0,1,26,32,40
462000,Safford,Arizona,3,2,1,0,2265,1704,539,22,2910,81968,2,1,1,0,31,43,15,6,14,23,43,20
462140,Sahuarita,Arizona,2,1,0,0,1956,1457,490,9,8911,112905,3,1,1,0,18,52,17,8,3,14,34,49
462350,"St. Johns",Arizona,4,2,2,0,2676,1194,1210,272,40,75162,6,6,0,0,16,57,8,7,7,17,52,25
462362,"St. Johns",Arizona,4,4,0,0,2168,1978,173,17,14,49889,0,79,2,1,2,2,11,3,41,17,34,7
4627260,Harrisburg,"South Dakota",2,1,1,0,2871,1636,1156,79,576,122645,0,0,1,0,0,94,5,0,2,19,36,43
4627540,Hartford,"South Dakota",3,2,1,0,3145,1974,1095,76,50,118616,0,0,0,0,1,92,6,0,2,21,41,36
4630220,"Hot Springs","South Dakota",4,3,1,0,2834,1890,854,90,117,72751,0,10,2,0,0,85,2,1,9,35,36,20
4631060,Huron,"South Dakota",4,2,1,0,2401,1605,775,21,1766,67171,1,3,7,0,3,65,7,14,10,37,31,22
463470,"San Luis",Arizona,3,3,0,0,1981,1811,167,3,6993,63861,0,1,0,0,50,2,43,3,54,14,22,11
4636220,Lead,"South Dakota",3,2,1,0,2251,1351,811,89,931,80630,0,1,0,0,0,97,2,0,3,36,35,25
4640220,Madison,"South Dakota",3,2,1,0,2465,1499,918,48,717,85792,0,2,0,0,2,92,3,0,3,23,36,38
4642260,Milbank,"South Dakota",4,2,1,0,3301,2068,1058,175,46,93548,0,0,1,0,1,91,2,5,9,36,27,28
4643100,Mitchell,"South Dakota",3,2,1,0,2128,1264,823,41,2631,70116,1,6,1,0,3,85,4,1,4,33,39,23
4643180,Mobridge,"South Dakota",3,1,1,0,2191,1174,944,73,112,80855,3,15,0,0,1,72,9,0,6,32,32,31
4645700,"North Sioux City","South Dakota",2,1,1,0,2206,1360,814,32,140,122004,1,1,3,0,2,86,5,2,5,22,27,46
4649600,Pierre,"South Dakota",2,2,1,0,2075,1472,532,71,2212,92899,0,9,1,0,1,83,5,1,2,25,34,38
465000,Scottsdale,Arizona,1,1,0,0,2283,1931,342,10,112392,154633,2,1,5,0,5,78,7,2,2,9,26,63
4652980,"Rapid City","South Dakota",2,2,1,0,1914,1266,614,34,25625,80446,2,10,1,0,2,76,9,1,5,25,36,34
4653460,Redfield,"South Dakota",3,2,1,0,2450,1619,791,40,132,74429,3,1,0,0,7,86,4,1,6,38,30,26
465350,Sedona,Arizona,2,1,1,0,2061,1257,745,59,1161,92914,1,0,3,0,3,78,6,9,3,11,25,61
4659020,"Sioux Falls","South Dakota",2,1,1,0,2243,1354,875,14,72052,97788,7,2,2,0,2,79,6,2,5,24,33,38
4660020,Spearfish,"South Dakota",2,2,1,0,2035,1378,587,70,2557,83753,1,3,0,1,1,89,5,0,4,23,30,42
4662100,Sturgis,"South Dakota",3,2,1,0,2105,1345,707,53,1269,64753,2,1,1,0,0,92,3,0,3,38,41,19
4663100,Tea,"South Dakota",2,1,1,0,2748,1653,1082,13,285,120391,2,0,1,0,0,92,4,1,3,19,38,39
466470,"Show Low",Arizona,3,1,1,0,2091,1103,885,103,4764,73623,0,2,1,0,9,76,9,4,5,21,40,34
4666700,Vermillion,"South Dakota",4,2,1,0,2385,1581,779,25,2215,66065,3,3,3,0,0,85,5,1,5,19,33,43
466820,"Sierra Vista",Arizona,2,2,1,0,1922,1369,543,10,16191,86060,8,1,4,0,12,56,15,3,6,18,41,35
4669300,Watertown,"South Dakota",2,1,1,0,1639,1066,548,25,7190,81179,1,3,1,0,2,90,4,1,9,38,34,19
4672180,Winner,"South Dakota",4,3,1,0,3181,1991,958,232,84,72860,1,19,1,0,0,75,4,1,11,36,36,16
4673060,Yankton,"South Dakota",3,1,1,0,2032,1083,927,22,4461,76619,2,2,0,0,3,82,9,1,7,31,33,29
467800,Snowflake,Arizona,4,2,2,0,2858,1376,1297,185,176,74234,3,4,0,0,5,81,5,2,12,14,51,24
468080,Somerton,Arizona,3,2,0,0,1967,1777,187,3,3168,71651,4,1,0,0,46,4,37,8,32,15,39,13
468850,"South Tucson",Arizona,4,3,1,0,1874,1418,447,9,1480,48148,3,19,0,0,35,11,15,17,32,30,26,12
4700540,Alcoa,Tennessee,2,2,0,0,1878,1542,306,30,5079,85105,9,0,2,0,2,76,10,1,6,29,32,32
4700640,Algood,Tennessee,3,2,0,0,1920,1666,237,17,519,73918,1,0,1,0,1,96,2,0,9,29,27,35
4701740,Arlington,Tennessee,2,2,0,0,2477,1921,547,9,5979,120645,12,0,1,0,2,81,4,0,3,19,28,49
4702180,"Ashland City",Tennessee,3,2,0,0,2256,1955,267,34,1449,80791,5,0,0,0,4,86,3,1,5,49,27,18
4702320,Athens,Tennessee,3,2,1,0,2012,1632,351,29,3118,69185,9,0,0,0,2,82,5,1,11,40,29,20
4702340,Atoka,Tennessee,2,2,0,0,2254,1772,470,12,3026,109906,12,0,1,0,1,80,5,0,4,30,33,33
4703440,Bartlett,Tennessee,2,2,1,0,2293,1730,548,15,20325,107423,27,0,3,0,2,62,4,1,4,23,32,41
4703760,"Bean Station",Tennessee,4,3,0,0,2180,1927,195,58,303,61026,2,0,0,0,3,94,1,0,20,33,30,17
4704720,Bells,Tennessee,3,3,0,0,2432,2077,331,24,101,77031,13,0,0,0,8,65,10,4,8,39,41,13
4707180,Bolivar,Tennessee,4,3,1,0,2292,1785,478,29,383,59312,57,0,0,0,0,35,6,1,11,40,41,8
4708280,Brentwood,Tennessee,1,1,0,0,2717,1846,855,16,15173,207312,3,0,9,0,2,82,3,1,1,6,13,80
4708500,Brighton,Tennessee,3,2,0,0,2178,1781,381,16,277,85582,15,0,0,0,6,77,2,0,13,32,38,18
4708540,Bristol,Tennessee,3,2,0,0,1868,1662,180,26,10947,67961,2,0,0,0,1,90,5,1,8,30,32,30
4708920,Brownsville,Tennessee,4,3,1,0,1916,1475,428,13,667,51967,65,0,0,0,1,29,2,3,20,44,28,8
4710560,Camden,Tennessee,4,3,1,0,2365,1719,615,31,1047,64243,4,0,0,0,0,94,2,0,12,39,35,13
4711280,Carthage,Tennessee,3,2,0,0,1928,1566,336,26,465,75067,4,0,1,0,2,83,9,0,8,44,23,25
4711360,Caryville,Tennessee,4,2,1,0,2487,1624,827,36,377,66534,0,0,1,0,0,97,1,0,10,41,35,14
4712420,Centerville,Tennessee,4,3,1,0,2623,1747,817,59,283,69064,1,1,0,0,2,93,3,0,12,45,27,15
471300,Superior,Arizona,4,3,1,0,2070,1509,525,36,66,58355,0,2,4,0,26,35,21,12,8,42,26,24
4714000,Chattanooga,Tennessee,2,2,0,0,1885,1533,337,15,77351,89326,29,0,2,0,3,57,6,2,8,21,34,36
4714980,"Church Hill",Tennessee,2,2,0,0,2043,1627,393,23,2146,98674,0,0,0,0,0,97,2,0,7,25,48,20
471510,Surprise,Arizona,2,2,0,0,2290,1945,338,7,52759,102575,5,1,2,0,11,66,10,5,5,20,40,35
4715160,Clarksville,Tennessee,3,2,0,0,2121,1924,189,8,56949,79277,24,0,3,0,5,55,10,3,4,24,41,32
4715400,Cleveland,Tennessee,3,2,0,0,2017,1705,286,26,13970,71553,8,0,1,0,4,76,5,5,11,25,34,30
4715480,Clifton,Tennessee,4,3,1,0,2416,1966,409,41,32,60992,12,0,0,1,1,78,7,0,13,39,30,18
4715580,Clinton,Tennessee,3,3,0,0,2042,1715,309,18,3184,67421,1,0,0,0,1,92,5,0,5,44,35,15
4716300,Collegedale,Tennessee,2,1,0,0,2144,1689,441,14,2429,118273,9,0,3,0,4,76,5,3,7,16,31,47
4716420,Collierville,Tennessee,1,1,0,0,2455,1788,660,7,18101,177957,9,0,13,0,2,71,3,1,4,11,23,63
4716540,Columbia,Tennessee,3,2,0,0,1971,1633,318,20,9666,72820,15,1,1,0,5,69,9,1,10,33,38,20
4716920,Cookeville,Tennessee,2,2,0,0,1694,1445,238,11,12953,70251,4,0,2,0,3,83,5,3,9,27,32,33
4716980,Coopertown,Tennessee,2,2,0,0,2728,2177,534,17,1478,127641,8,0,1,0,0,84,5,1,10,28,21,40
4717680,Covington,Tennessee,4,3,1,0,2134,1480,640,14,2584,56968,53,0,0,0,0,44,2,1,14,38,39,9
4718540,Crossville,Tennessee,3,2,1,0,1661,1317,315,29,4057,56236,3,0,0,4,4,87,2,0,15,43,28,14
4719380,Dandridge,Tennessee,2,2,0,0,2196,1896,247,53,768,89741,1,0,0,0,3,90,3,2,7,29,39,25
4719700,Dayton,Tennessee,3,2,0,0,1885,1551,299,35,1165,64478,3,0,1,0,4,83,6,3,17,38,26,19
4719920,Decherd,Tennessee,3,3,0,0,1908,1646,245,17,984,60757,7,0,2,0,4,79,6,2,11,49,25,16
4720620,Dickson,Tennessee,3,2,1,0,2657,1682,955,20,1964,85988,6,0,0,0,2,86,4,1,8,35,34,23
4721540,Dresden,Tennessee,3,3,1,0,2197,1748,422,27,127,65751,4,0,0,0,1,95,0,0,16,44,24,16
4722000,Dunlap,Tennessee,4,3,1,0,2286,1811,427,48,910,62271,1,0,0,0,3,90,2,3,20,41,25,14
4722200,Dyersburg,Tennessee,2,2,0,0,1992,1650,330,12,4610,86684,22,0,0,0,1,72,5,1,13,33,27,27
4722720,"East Ridge",Tennessee,3,2,0,0,1928,1669,239,20,9197,71570,12,0,1,0,6,71,4,6,12,23,42,24
4723500,Elizabethton,Tennessee,3,2,0,0,1869,1572,243,54,4524,63298,5,0,1,0,1,90,2,1,10,31,33,26
472420,Taylor,Arizona,3,2,1,0,2387,1277,935,175,332,77824,1,3,0,0,4,84,4,3,5,14,55,26
4724360,Erwin,Tennessee,3,2,1,0,2018,1434,546,38,1990,63041,1,0,0,0,0,87,6,6,15,39,29,17
4724480,Etowah,Tennessee,3,2,0,0,2243,1883,281,79,168,76333,2,0,0,0,4,87,6,0,14,40,28,19
4725440,Fairview,Tennessee,2,2,0,0,2497,1977,498,22,2003,109133,4,0,1,1,3,85,5,1,5,25,29,41
4725760,Farragut,Tennessee,1,1,0,0,2435,1674,751,10,8786,167713,1,0,4,0,2,89,3,0,1,7,22,69
4725920,Fayetteville,Tennessee,4,3,1,0,2625,1783,819,23,563,70068,17,0,0,0,0,76,6,0,14,40,27,19
4727020,"Forest Hills",Tennessee,1,1,0,0,3378,2274,1098,6,2094,262477,0,0,1,0,3,91,4,0,0,3,13,83
4727740,Franklin,Tennessee,2,1,0,0,2234,1627,594,13,24609,145547,7,0,7,0,2,77,6,1,4,11,21,64
4728540,Gallatin,Tennessee,2,2,0,0,1858,1434,411,13,12931,86296,17,0,1,0,2,67,7,5,11,27,32,30
4728800,Gatlinburg,Tennessee,2,2,0,0,1862,1498,341,23,1100,75814,5,0,5,0,1,81,3,4,13,21,35,31
4728960,Germantown,Tennessee,1,1,0,0,2328,1691,629,8,16275,168745,10,0,6,0,1,80,3,1,2,7,21,70
4729920,Goodlettsville,Tennessee,3,2,0,0,2126,1814,302,10,6124,80375,25,0,3,0,3,56,8,6,10,27,27,36
473000,Tempe,Arizona,2,1,0,0,1524,1398,121,5,74962,96722,7,3,9,1,9,53,11,7,4,12,34,50
4730960,Greenbrier,Tennessee,3,2,1,0,2651,2103,534,14,994,102867,1,0,2,0,1,93,3,1,8,32,35,24
4730980,Greeneville,Tennessee,3,2,0,0,1914,1656,228,30,3681,67358,3,0,0,0,3,88,5,1,9,34,31,27
4732520,Harriman,Tennessee,4,3,0,0,2193,1882,287,24,1589,61027,7,0,0,0,0,87,6,0,16,40,28,16
4732640,Harrogate,Tennessee,2,2,0,0,1787,1487,231,69,1099,71565,1,0,3,0,0,95,2,0,10,31,26,33
4732742,"Hartsville/Trousdale County",Tennessee,3,3,0,0,2241,1842,327,72,3552,71316,12,0,0,0,0,82,4,2,10,38,39,13
4733260,Henderson,Tennessee,5,4,1,0,2891,2210,671,10,1265,61150,23,0,1,0,0,73,3,0,17,36,26,21
4733280,Hendersonville,Tennessee,2,2,1,0,2429,1819,599,11,22270,115668,8,0,2,0,1,83,4,2,3,19,34,43
473420,Thatcher,Arizona,2,2,1,0,2298,1717,552,29,550,93656,1,1,1,0,12,76,7,2,14,26,40,20
4735160,Hohenwald,Tennessee,4,3,1,0,2379,1877,457,45,181,67347,1,0,2,0,1,94,3,0,9,39,41,11
4736460,Humboldt,Tennessee,3,2,1,0,2153,1522,614,17,1607,65232,30,0,0,0,2,53,3,12,15,37,32,15
4736580,Huntingdon,Tennessee,7,2,5,0,5284,1675,3582,27,381,73250,11,0,0,0,0,86,3,0,9,32,33,27
4737640,Jackson,Tennessee,4,3,1,0,2584,1927,646,11,23230,68723,48,0,1,0,1,44,3,2,11,31,30,29
4737820,Jasper,Tennessee,3,2,0,0,2241,1858,343,40,674,89605,7,0,0,0,2,81,7,4,24,19,30,27
4737960,"Jefferson City",Tennessee,3,2,0,0,1996,1743,229,24,893,75794,4,0,1,0,4,88,4,0,7,31,33,29
4738320,"Johnson City",Tennessee,3,2,0,0,1922,1716,186,20,24496,75861,6,0,2,0,3,82,6,1,8,22,32,39
4738540,Jonesborough,Tennessee,2,2,0,0,1808,1549,198,61,1289,91708,3,0,3,0,0,90,4,0,6,25,27,42
4739560,Kingsport,Tennessee,2,2,0,0,1742,1580,140,22,20824,70664,3,0,1,0,1,90,3,1,11,31,30,28
4739620,Kingston,Tennessee,3,2,0,0,2214,1887,305,22,1600,84561,4,0,0,0,2,92,2,0,8,41,27,24
4739660,"Kingston Springs",Tennessee,3,2,1,0,2617,1953,624,40,712,104562,2,0,0,0,1,91,5,1,4,30,34,32
4740000,Knoxville,Tennessee,3,2,0,0,1872,1587,273,12,87032,74588,15,0,2,0,2,74,6,2,8,23,32,37
4740160,Lafayette,Tennessee,4,3,1,0,1996,1680,281,35,536,51787,0,0,0,0,4,85,9,1,22,43,28,7
4740180,"La Follette",Tennessee,4,3,1,0,2251,1699,518,34,1964,57764,0,0,0,0,1,92,5,2,19,48,25,8
4740350,Lakeland,Tennessee,2,1,0,0,2531,1922,599,10,3627,150875,13,0,5,0,2,76,2,1,1,12,25,62
4741200,"La Vergne",Tennessee,2,2,0,0,2079,1935,135,9,12739,84831,26,0,3,0,6,47,10,8,8,35,34,23
4741340,Lawrenceburg,Tennessee,4,3,1,0,2247,1694,512,41,1074,60431,3,0,0,0,3,87,5,2,10,45,28,17
4741520,Lebanon,Tennessee,2,2,0,0,1985,1727,248,10,11401,89319,10,0,1,0,3,76,7,2,7,34,31,27
4741760,"Lenoir City",Tennessee,3,3,1,0,2170,1780,371,19,3210,69939,1,0,0,0,10,76,10,3,14,37,28,22
4741860,Lewisburg,Tennessee,3,2,1,0,1974,1590,368,16,3358,64682,11,1,0,0,12,70,2,3,17,31,37,15
474190,Tolleson,Arizona,3,3,0,0,1893,1721,165,7,3051,64806,9,1,0,0,34,9,26,20,29,29,34,9
4741980,Lexington,Tennessee,3,2,0,0,1803,1586,201,16,770,67777,14,0,0,0,2,81,3,1,12,45,30,13
4743140,Livingston,Tennessee,4,3,1,0,2083,1716,305,62,317,56000,4,1,1,0,1,92,3,0,17,44,27,12
4743780,Loudon,Tennessee,3,2,0,0,2070,1707,340,23,1496,78246,1,0,4,0,9,75,8,2,24,27,28,20
4743820,Louisville,Tennessee,2,2,0,0,2355,1939,363,53,1954,111463,3,0,0,0,5,89,2,0,11,31,29,30
4744382,"Lynchburg, Moore County",Tennessee,3,2,1,0,2646,1995,601,50,2558,87848,4,1,1,0,0,92,2,0,13,37,24,26
4744940,McKenzie,Tennessee,3,2,0,0,2112,1705,378,29,271,81571,8,0,0,0,1,89,1,1,5,35,26,33
4745100,McMinnville,Tennessee,3,3,0,0,1752,1483,238,31,2307,56741,4,0,0,0,4,77,7,7,15,45,28,12
4745320,Madisonville,Tennessee,3,3,0,0,2085,1907,147,31,420,61141,1,0,0,0,2,90,5,2,18,35,32,15
4745500,Manchester,Tennessee,3,3,0,0,2049,1805,234,10,3015,70946,7,0,1,2,2,83,3,3,11,31,29,28
4746240,Martin,Tennessee,3,3,0,0,1656,1524,119,13,2681,52499,20,1,1,0,2,73,3,1,7,35,34,24
4746380,Maryville,Tennessee,2,2,0,0,1876,1541,316,19,10393,86553,4,0,1,0,2,88,4,1,8,28,29,35
4746700,Maynardville,Tennessee,3,2,0,0,1773,1522,212,39,346,67446,1,0,0,0,0,98,1,0,23,38,33,6
4747000,Medina,Tennessee,2,2,0,0,2732,2120,603,9,489,124018,3,0,1,0,2,90,3,0,7,19,36,39
4748000,Memphis,Tennessee,3,2,1,0,2174,1650,514,10,249361,76436,64,0,2,0,2,24,3,4,11,28,31,30
4748660,Milan,Tennessee,3,2,1,0,2182,1702,468,12,1639,74173,31,0,0,0,0,64,5,0,11,29,40,20
4748980,Millersville,Tennessee,3,2,0,0,2417,2040,363,14,2374,93513,10,0,1,0,1,74,6,7,11,33,33,23
4749060,Millington,Tennessee,3,2,1,0,1999,1569,405,25,3113,66419,29,0,3,0,1,56,6,3,11,29,36,24
4749760,Monterey,Tennessee,3,3,1,0,2060,1676,346,38,63,60929,0,2,0,0,5,86,4,3,13,34,35,17
4750280,Morristown,Tennessee,3,3,0,0,1882,1716,143,23,10919,55184,6,1,1,1,9,69,11,3,16,37,30,17
4750580,"Mount Carmel",Tennessee,2,2,0,0,1822,1538,266,18,1335,89690,1,0,0,0,0,94,4,0,6,36,29,29
4750780,"Mount Juliet",Tennessee,2,1,0,0,2324,1786,525,13,9875,131736,7,0,4,0,2,79,4,3,3,22,27,48
4751080,"Mount Pleasant",Tennessee,3,3,0,0,2104,1827,247,30,823,69774,20,0,0,0,1,71,8,1,10,48,27,15
4751540,Munford,Tennessee,2,2,0,0,2278,1831,430,17,1001,99144,7,0,1,0,3,85,3,1,8,33,39,20
4751560,Murfreesboro,Tennessee,2,2,0,0,1771,1539,224,8,45304,91707,17,0,3,0,3,67,7,2,5,20,35,41
4752006,"Nashville-Davidson metropolitan government (balance)",Tennessee,2,2,0,0,2058,1656,394,8,291066,104328,27,0,4,0,4,55,6,4,8,18,26,48
4752400,Newbern,Tennessee,3,3,0,0,1979,1665,295,19,142,62761,8,0,0,0,0,80,9,3,12,31,36,21
4753000,Newport,Tennessee,4,3,1,0,2747,1829,854,64,690,61268,1,0,0,1,2,90,4,0,18,36,32,14
4753140,"New Tazewell",Tennessee,3,3,0,0,1671,1429,179,63,265,56203,1,0,0,0,1,97,1,0,25,35,21,20
4753460,Nolensville,Tennessee,1,1,0,0,2818,1956,843,19,2981,205496,5,0,8,0,2,78,6,1,4,9,14,72
4754780,"Oak Hill",Tennessee,1,1,0,0,3311,2180,1126,5,2141,249474,1,0,5,0,1,90,2,0,1,2,11,86
4754920,Oakland,Tennessee,3,2,1,0,2728,1928,788,12,913,104097,22,0,0,0,1,74,2,2,5,30,33,32
4755120,"Oak Ridge",Tennessee,2,2,0,0,1962,1507,433,22,12178,93129,7,0,2,0,2,81,7,2,7,19,34,40
4755800,"Oliver Springs",Tennessee,3,2,1,0,2138,1590,503,45,727,67008,0,0,0,0,0,94,3,3,6,40,43,10
4755860,Oneida,Tennessee,3,3,1,0,1908,1474,392,42,262,54961,0,0,0,0,0,95,3,1,17,40,28,15
4756720,Paris,Tennessee,3,3,0,0,1882,1567,285,30,2927,60500,12,0,0,0,1,81,5,0,14,38,25,23
4758080,"Pigeon Forge",Tennessee,3,2,1,0,1973,1574,377,22,1202,69754,1,0,1,0,5,78,9,6,22,42,24,12
4759560,"Pleasant View",Tennessee,2,2,0,0,2603,2114,423,66,1950,106737,1,0,2,0,2,91,4,0,4,27,34,35
4760280,Portland,Tennessee,3,3,0,0,2199,1936,248,15,2623,72551,4,0,0,0,1,87,2,5,18,36,34,13
4761040,Pulaski,Tennessee,3,2,0,0,2208,1854,302,52,225,79224,13,0,0,0,2,77,6,2,9,41,26,24
4761960,"Red Bank",Tennessee,2,2,0,0,1893,1486,397,10,6080,80503,7,0,2,0,1,81,7,3,7,19,34,40
4763340,Ripley,Tennessee,3,3,0,0,1956,1671,272,13,1782,57465,53,1,0,0,0,41,4,2,16,42,29,14
4764440,Rockwood,Tennessee,3,3,0,0,2132,1809,295,28,474,66214,1,1,3,0,0,91,4,0,11,41,34,14
4764820,Rogersville,Tennessee,4,2,2,0,2570,1443,1103,24,878,71816,2,0,1,0,0,94,4,0,9,47,25,19
4766720,Savannah,Tennessee,4,3,1,0,1922,1475,428,19,1381,54137,8,0,0,0,6,81,5,0,5,51,35,9
4766940,Selmer,Tennessee,4,3,1,0,2088,1710,337,41,404,54085,15,0,3,0,0,80,2,0,9,49,36,6
4767120,Sevierville,Tennessee,3,2,1,0,1928,1514,389,25,5012,73382,1,0,2,0,5,79,6,6,10,33,33,24
4767760,Shelbyville,Tennessee,3,2,0,0,1917,1649,244,24,3244,69512,9,1,0,0,11,63,11,4,18,41,25,16
4768540,"Signal Mountain",Tennessee,2,1,1,0,2711,1840,861,10,2894,162376,1,0,0,0,0,96,3,0,1,4,22,73
4769320,Smithville,Tennessee,3,3,1,0,1711,1437,252,22,577,49768,2,1,1,0,6,82,5,3,32,32,16,20
4769420,Smyrna,Tennessee,2,2,0,0,1800,1618,157,25,16451,88550,16,0,6,0,6,60,8,4,9,27,33,31
4769560,Soddy-Daisy,Tennessee,2,2,0,0,2245,1838,384,23,4175,103241,1,0,0,0,1,92,4,0,8,29,32,30
4769620,Somerville,Tennessee,5,2,3,0,4251,1894,2337,20,415,88443,37,0,0,0,0,58,5,1,9,38,32,21
477000,Tucson,Arizona,2,2,1,0,1679,1284,387,8,214195,70574,5,3,3,0,19,42,16,12,11,21,37,31
4770060,"South Pittsburg",Tennessee,4,3,1,0,2196,1668,487,41,580,61927,8,0,2,0,1,87,1,1,17,48,25,10
4770180,Sparta,Tennessee,3,3,1,0,1921,1513,372,36,654,59418,4,0,0,0,1,91,3,1,14,43,32,11
4770500,Springfield,Tennessee,3,2,0,0,1859,1547,296,16,4934,65733,22,0,0,0,5,55,7,11,15,42,25,18
4770580,"Spring Hill",Tennessee,2,1,0,0,2294,1760,525,9,14445,137667,5,1,1,0,2,84,7,1,3,14,27,56
4772540,Sweetwater,Tennessee,3,3,0,0,2077,1840,212,25,801,65083,6,0,0,0,3,83,6,2,12,48,25,15
4773900,"Thompson's Station",Tennessee,1,1,0,0,2667,1836,821,10,2963,179189,2,0,4,0,2,84,9,1,0,12,25,62
4774540,Tiptonville,Tennessee,3,3,0,0,1941,1623,301,17,38,61471,30,1,0,0,0,61,4,2,29,27,27,17
4775000,Trenton,Tennessee,7,3,4,0,4187,1608,2549,30,892,57886,27,0,0,0,2,64,5,2,17,28,31,24
4775320,Tullahoma,Tennessee,3,2,1,0,2276,1575,686,15,7675,68862,7,0,1,0,1,84,5,2,11,30,30,28
4775560,Tusculum,Tennessee,2,2,0,0,1958,1663,264,31,775,80418,6,1,0,0,3,86,4,0,9,23,32,36
4775820,Unicoi,Tennessee,3,2,1,0,2015,1420,441,154,635,63862,0,0,1,0,8,86,4,1,11,23,38,27
4775940,"Union City",Tennessee,3,2,1,0,1967,1482,466,19,2132,68477,27,0,1,0,3,60,8,2,14,32,34,20
4778560,Waverly,Tennessee,5,2,2,0,3285,1699,1562,24,496,68421,3,0,0,0,0,92,5,0,12,41,29,18
4778600,Waynesboro,Tennessee,3,3,1,0,2247,1845,353,49,60,69916,5,0,0,0,1,89,5,0,12,38,32,18
4779420,Westmoreland,Tennessee,3,3,0,0,2387,2045,309,33,167,75058,0,0,0,0,0,94,3,1,18,41,29,12
4779980,"White Bluff",Tennessee,2,2,1,0,2312,1679,620,13,345,93393,2,0,0,0,0,90,6,2,9,53,18,20
4780200,"White House",Tennessee,3,2,0,0,2556,2107,437,12,2494,101441,2,0,2,0,0,89,5,1,8,29,37,25
4780540,Whiteville,Tennessee,4,3,1,0,2530,1867,639,24,35,60281,49,0,0,0,2,43,5,1,16,42,27,14
4781080,Winchester,Tennessee,3,2,0,0,1972,1663,287,22,2245,68088,10,1,1,0,2,79,5,3,10,40,27,22
4781560,Woodbury,Tennessee,4,3,1,0,2072,1728,308,36,160,52255,2,0,0,0,3,91,3,1,14,44,25,17
4800160,Abernathy,Texas,2,2,1,0,2065,1255,794,16,11,83616,0,3,0,0,27,57,10,3,19,30,24,27
4801000,Abilene,Texas,3,3,1,0,2500,1972,514,14,42116,77427,9,0,2,0,12,57,12,7,9,28,35,28
4801240,Addison,Texas,2,2,0,0,1633,1480,150,3,10912,94976,20,0,7,0,12,41,12,8,3,10,30,56
4801576,Alamo,Texas,3,3,0,0,2046,1860,181,5,4995,62647,0,0,0,0,54,10,30,5,41,24,22,14
4801600,"Alamo Heights",Texas,1,1,0,0,2517,2066,439,12,3022,215081,1,1,1,0,10,71,17,1,0,6,20,75
4801744,Aledo,Texas,2,2,0,0,3161,2773,368,20,297,173649,0,0,2,0,3,87,6,1,1,9,26,64
4801852,Alice,Texas,4,4,0,0,2570,2411,147,12,4141,67388,1,1,1,0,74,9,8,5,27,31,27,14
4801924,Allen,Texas,2,1,0,0,2828,2131,690,7,32989,153696,11,0,19,0,6,52,9,3,4,10,27,60
4802104,Alpine,Texas,3,2,1,0,2197,1724,450,23,1653,70052,0,0,2,0,33,43,13,8,10,13,30,46
4802212,Alton,Texas,3,3,0,0,2105,1952,151,2,3958,60964,0,1,0,0,42,1,50,7,39,23,25,13
4802260,Alvarado,Texas,3,2,0,0,2357,2144,194,19,330,91843,8,0,0,0,19,57,10,6,15,43,24,18
4802272,Alvin,Texas,3,3,0,0,2356,2154,192,10,7653,85281,8,3,2,0,24,43,15,5,12,26,42,21
4803000,Amarillo,Texas,3,2,1,0,2178,1449,714,15,72187,83398,8,1,4,0,20,52,11,4,12,25,37,26
4803216,Andrews,Texas,3,2,0,0,2640,2326,302,12,4656,99554,3,0,1,0,26,41,17,12,21,32,25,22
4803264,Angleton,Texas,2,2,0,0,2215,2004,197,14,2631,90848,8,0,1,0,13,61,10,7,8,30,48,14
4803300,Anna,Texas,2,2,0,0,2625,2269,346,10,4454,113876,15,0,2,0,13,60,7,2,10,18,26,47
4803336,Annetta,Texas,2,2,0,0,3257,2951,285,21,642,176132,1,0,0,0,3,89,4,2,0,10,26,64
4803432,Anthony,Texas,3,2,1,0,1832,1325,501,6,1174,59634,0,0,0,0,44,7,22,27,28,30,26,15
4803600,"Aransas Pass",Texas,3,3,0,0,2490,2316,169,5,2908,86762,4,1,1,0,22,46,18,7,12,39,27,22
4803768,Argyle,Texas,2,1,0,0,3699,2742,945,12,2234,197843,3,0,5,0,4,78,9,1,1,10,24,65
4804000,Arlington,Texas,3,2,0,0,2420,2090,324,6,136134,93506,23,1,7,0,10,36,14,9,12,21,32,34
4804504,Athens,Texas,3,3,1,0,2416,2010,391,15,3242,75300,17,0,1,0,13,48,16,4,14,34,29,23
4804516,Atlanta,Texas,3,2,0,0,2117,1820,281,16,1614,82390,29,0,11,0,4,49,7,1,14,27,38,21
4804600,Aubrey,Texas,2,2,0,0,2685,2208,456,21,416,122331,9,0,4,0,7,64,12,3,4,17,31,48
4805000,Austin,Texas,1,1,0,0,1601,1293,303,5,412670,126413,8,1,8,0,15,48,11,8,7,11,22,60
4805168,Azle,Texas,3,2,0,0,2573,2320,240,13,3131,98363,2,1,0,0,7,76,12,1,6,27,40,27
4805372,"Balch Springs",Texas,4,3,0,0,2643,2281,347,15,9412,73099,26,1,0,0,26,16,20,11,27,33,30,10
4805384,"Balcones Heights",Texas,4,3,0,0,1385,1260,123,2,1285,38557,8,3,0,0,39,17,22,10,7,33,47,13
4805456,Ballinger,Texas,4,3,1,0,2662,1970,668,24,17,75561,5,2,0,0,14,65,11,4,7,35,35,23
4805864,Bastrop,Texas,3,2,0,0,2520,2346,158,16,2079,100611,6,1,2,0,15,59,14,2,9,27,29,35
4805984,"Bay City",Texas,3,3,0,0,2534,2177,353,4,3972,75712,9,0,1,0,27,30,7,26,15,29,33,23
4806128,Baytown,Texas,3,3,0,0,2175,2003,166,6,25173,75809,15,0,1,0,26,27,16,14,21,30,34,16
4806200,"Beach City",Texas,2,2,0,0,3025,2675,335,15,292,158420,8,0,0,0,12,71,7,3,2,16,44,38
4807000,Beaumont,Texas,3,2,0,0,2176,1859,312,5,45127,79914,45,0,3,0,7,29,9,5,11,29,33,27
4807132,Bedford,Texas,2,2,0,0,2326,1969,349,8,19987,102650,12,0,6,0,7,60,11,3,4,16,37,43
4807156,"Bee Cave",Texas,1,1,0,0,2152,1640,487,25,2614,178317,2,0,15,0,5,67,9,2,1,8,13,77
4807192,Beeville,Texas,4,3,0,0,2310,2174,132,4,3218,64991,3,1,1,0,47,23,17,7,15,32,42,11
4807300,Bellaire,Texas,1,1,0,0,3087,2734,349,4,6077,287682,2,0,21,0,5,63,7,2,1,3,11,86
4807408,Bellmead,Texas,4,3,1,0,2452,2113,330,9,2760,65661,23,3,2,1,15,30,22,4,24,25,33,18
4807432,Bellville,Texas,3,3,0,0,2495,2292,197,6,41,89450,12,1,1,0,5,62,0,19,9,32,28,31
4807492,Belton,Texas,2,2,0,0,2233,2004,221,8,5616,90540,8,0,1,0,11,61,14,6,10,23,32,36
4807552,Benbrook,Texas,2,2,0,0,2606,2341,255,10,7256,125890,3,0,2,0,8,69,17,1,3,15,30,53
4808212,"Big Lake",Texas,3,2,1,0,2441,1855,573,13,11,89266,3,0,3,0,25,22,15,32,17,50,20,14
4808236,"Big Spring",Texas,3,3,1,0,2705,2105,588,12,7010,82901,6,1,1,0,30,41,12,8,13,33,38,16
4808392,Bishop,Texas,4,3,0,0,2574,2312,251,11,645,71799,9,0,0,0,32,22,31,6,34,24,28,14
4808536,Blanco,Texas,2,2,0,0,2193,1820,346,27,41,119497,0,1,0,0,8,71,13,8,11,20,34,34
4808860,"Blue Mound",Texas,2,2,0,0,2439,2008,424,7,418,101548,16,0,4,0,15,46,8,11,10,20,34,36
4809160,Boerne,Texas,2,2,0,0,2749,2475,254,20,3193,114819,0,0,0,0,16,62,13,8,8,14,32,45
4809328,Bonham,Texas,4,3,1,0,2858,2350,494,14,1276,68682,21,0,1,0,17,50,7,4,13,34,29,24
4809556,Borger,Texas,3,2,1,0,2107,1444,637,26,2351,75196,3,1,1,0,15,58,15,6,16,35,34,16
4809640,Bowie,Texas,4,3,1,0,3316,2536,756,24,1347,77985,1,1,0,0,3,90,5,1,9,51,24,16
4809916,Brady,Texas,5,4,1,0,3147,2611,520,16,812,63097,1,0,1,0,18,50,24,6,25,26,27,22
4810072,Brazoria,Texas,3,3,0,0,2771,2434,324,13,177,88847,11,0,0,0,9,66,8,5,17,28,42,13
4810132,Breckenridge,Texas,4,3,1,0,2465,2067,376,22,403,60351,3,1,1,0,21,57,12,6,15,41,31,13
4810156,Brenham,Texas,2,2,0,0,1769,1402,348,19,2718,79305,23,0,2,0,11,50,10,4,9,29,34,28
4810252,"Bridge City",Texas,2,2,0,0,2388,2195,176,17,702,116564,1,0,1,0,2,84,10,2,9,32,34,25
4810264,Bridgeport,Texas,3,2,0,0,3021,2626,374,21,628,107646,2,1,1,0,29,58,5,5,9,22,37,32
4810636,Brookshire,Texas,4,3,0,0,2567,2411,141,15,200,70668,18,5,1,1,8,16,17,35,35,36,17,11
4810720,Brownfield,Texas,4,3,1,0,2724,2014,699,11,918,64307,7,0,0,0,31,28,29,4,28,33,32,7
4810768,Brownsville,Texas,3,3,0,0,2034,1887,141,6,55937,65007,0,0,1,0,55,4,33,7,31,23,24,22
4810780,Brownwood,Texas,4,3,1,0,2419,1970,435,14,5679,65078,5,0,0,0,13,62,16,4,11,34,35,20
4810912,Bryan,Texas,3,2,1,0,2069,1636,429,4,29279,74396,17,0,2,0,28,38,10,5,14,23,31,31
4811080,Buda,Texas,2,1,0,0,1938,1509,419,10,3448,123501,2,1,1,0,24,54,15,4,4,19,28,48
4811212,Bullard,Texas,2,2,0,0,2792,2286,480,26,228,113648,4,0,0,0,6,67,20,3,4,15,37,43
4811224,Bulverde,Texas,2,1,0,0,2616,2185,390,41,1499,159447,1,0,4,0,14,67,10,4,5,19,31,45
4811300,"Bunker Hill Village",Texas,1,1,0,0,4752,4255,492,5,1166,390640,0,0,10,0,1,80,8,0,0,4,6,90
4811368,Burkburnett,Texas,3,2,1,0,2544,1923,597,24,3305,80076,2,2,0,0,12,76,8,0,12,32,32,24
4811428,Burleson,Texas,2,2,0,0,2416,2182,221,13,15004,100744,5,0,2,0,11,71,9,2,5,27,37,30
4811464,Burnet,Texas,4,3,0,0,3454,3047,388,19,768,89664,5,0,1,0,14,70,10,0,11,32,27,30
4811692,Cactus,Texas,3,3,1,0,2170,1630,529,11,466,65079,11,0,10,0,56,2,20,2,72,20,6,1
4811836,Caldwell,Texas,4,3,0,0,3371,2970,390,11,593,87189,13,1,0,0,13,55,14,4,9,35,31,25
4812040,Cameron,Texas,3,3,0,0,2594,2262,319,13,114,81707,17,0,1,0,19,46,9,8,18,37,28,17
4812412,Canadian,Texas,3,2,1,0,3122,1622,1448,52,13,98579,2,0,0,0,17,61,9,10,11,34,31,24
4812496,Canton,Texas,3,3,0,0,2516,2211,272,33,788,83512,3,0,0,0,3,91,2,0,6,34,44,15
4812532,Canyon,Texas,2,2,1,0,2030,1423,592,15,3275,85280,3,1,1,0,7,74,10,3,5,21,33,41
4812988,"Carrizo Springs",Texas,4,4,0,0,2177,2051,120,6,947,57974,0,0,0,0,39,7,37,16,28,42,18,12
4813024,Carrollton,Texas,2,2,0,0,2485,1980,502,3,52719,124103,10,0,16,0,18,39,12,4,7,16,29,48
4813108,Carthage,Texas,3,2,1,0,2359,1827,515,17,1715,82210,13,0,2,0,7,67,10,1,18,21,46,15
4813276,"Castle Hills",Texas,2,1,0,0,2415,1997,412,6,1495,133407,0,0,4,0,17,44,29,5,9,16,23,53
4813312,Castroville,Texas,2,2,0,0,2135,1974,152,9,125,103679,2,1,1,0,26,40,25,5,6,25,38,31
4813492,"Cedar Hill",Texas,3,2,0,0,2903,2500,395,8,16096,100820,50,0,2,0,14,18,9,7,6,22,37,36
4813552,"Cedar Park",Texas,1,1,0,0,1904,1476,422,6,30043,147488,3,0,12,0,11,60,10,3,2,12,29,57
4813684,Celina,Texas,2,1,1,0,3344,2402,933,9,3424,182414,5,1,8,0,7,65,12,2,3,8,33,56
4813732,Center,Texas,4,3,0,0,2507,2276,209,22,972,69953,26,0,0,3,16,44,3,8,15,41,28,16
4814224,Chandler,Texas,3,3,0,0,2463,2146,298,19,505,79908,4,0,0,0,10,80,1,3,3,32,43,23
4814668,Childress,Texas,3,2,1,0,2359,1631,711,17,529,74675,1,0,0,0,21,52,19,7,21,24,27,28
481480,Wellton,Arizona,3,3,0,0,2487,2321,158,8,306,73385,0,0,0,0,8,70,14,7,21,27,28,24
4814920,Cibolo,Texas,2,1,0,0,1974,1918,52,4,8974,129092,14,1,3,0,11,50,16,4,3,16,34,48
4815004,Cisco,Texas,3,3,1,0,2478,2043,411,24,734,75986,2,0,1,0,14,71,9,3,7,26,37,30
4815160,Clarksville,Texas,3,2,1,0,1908,1375,513,20,95,57940,45,0,0,0,1,51,0,3,10,40,38,12
4815364,Cleburne,Texas,3,3,0,0,2527,2141,377,9,9604,76914,5,1,1,0,19,57,12,5,14,34,35,17
4815436,Cleveland,Texas,3,3,0,0,2275,2097,163,15,2369,72935,22,0,0,0,12,47,11,9,15,36,36,13
4815472,Clifton,Texas,4,3,1,0,2728,2157,559,12,912,68003,3,0,1,0,13,62,10,12,18,24,30,28
4815652,Clute,Texas,2,2,0,0,2106,1949,152,5,3298,105556,8,1,0,0,24,32,23,12,12,26,35,26
4815676,Clyde,Texas,4,3,0,0,2588,2227,334,27,728,73117,1,0,0,0,6,78,13,3,7,32,36,24
4815796,"Cockrell Hill",Texas,3,2,1,0,2859,2016,841,2,1173,94145,4,0,0,0,49,11,19,17,44,21,20,14
4815916,Coleman,Texas,4,3,1,0,2524,1923,584,17,423,65754,1,0,0,0,7,70,14,8,12,26,42,19
4815976,"College Station",Texas,2,2,0,0,2013,1674,335,4,40495,85490,9,0,10,0,9,60,9,2,4,13,34,49
4815988,Colleyville,Texas,2,1,0,0,3858,2858,984,16,10182,243901,4,0,8,0,3,75,8,1,1,5,23,71
4816120,"Colorado City",Texas,3,3,1,0,2569,2004,540,25,67,75208,10,1,0,0,27,37,18,6,13,44,31,12
4816168,Columbus,Texas,3,3,0,0,2503,2103,377,23,62,78745,13,0,1,0,14,57,6,8,18,33,28,21
4816192,Comanche,Texas,4,4,1,0,2635,2149,463,23,649,60634,1,3,0,0,12,45,35,4,19,35,30,16
4816204,Combes,Texas,3,3,0,0,2245,2073,166,6,420,66760,1,0,1,0,49,20,22,6,26,22,31,22
4816240,Commerce,Texas,4,3,1,0,2454,1951,489,14,2028,61662,22,2,4,0,6,49,8,9,13,21,34,32
4816432,Conroe,Texas,2,2,0,0,2190,1973,212,5,33490,102309,11,1,3,0,16,53,10,6,12,20,32,36
4816468,Converse,Texas,2,2,0,0,1668,1552,113,3,9848,91916,21,1,3,0,22,28,17,8,5,20,45,30
4816612,Coppell,Texas,2,1,0,0,2770,2120,648,2,14711,177969,6,0,30,0,9,45,7,2,2,8,21,69
4816624,"Copperas Cove",Texas,3,2,0,0,2106,1870,222,14,11372,75460,14,0,2,1,7,55,18,3,4,25,51,19
4816696,Corinth,Texas,2,2,0,0,2880,2250,623,7,7534,136632,9,1,3,0,6,70,10,2,6,17,31,46
4817000,"Corpus Christi",Texas,3,3,0,0,2376,2263,107,6,113823,85662,4,0,2,0,35,28,26,4,13,25,37,25
4817060,Corsicana,Texas,4,3,1,0,2648,2129,505,14,3599,63356,13,1,1,1,18,37,13,17,23,22,38,17
4817216,Cotulla,Texas,4,4,0,0,2579,2470,101,8,364,67639,0,0,0,0,61,3,25,11,18,57,14,11
4817504,Crandall,Texas,3,2,0,0,3014,2544,449,21,152,116804,4,1,0,0,7,71,11,5,8,26,38,29
4817516,Crane,Texas,3,2,0,0,2510,2153,344,13,17,92064,2,0,2,0,11,29,11,43,21,43,19,17
4817744,Crockett,Texas,3,3,1,0,2445,2012,411,22,2213,72284,45,1,1,0,6,39,7,1,18,33,28,21
4817960,Crowley,Texas,3,2,0,0,2824,2465,356,3,5818,105215,21,0,2,0,13,42,17,4,8,27,37,28
4818020,"Crystal City",Texas,4,4,0,0,2783,2498,258,27,455,66693,0,0,1,0,56,4,35,5,22,30,34,14
4818092,Cuero,Texas,3,3,0,0,2540,2276,255,9,85,78701,18,1,0,0,3,39,11,27,9,23,47,21
4818464,Daingerfield,Texas,4,4,1,0,2227,1928,279,20,611,52755,31,0,0,0,3,48,5,13,11,33,38,18
4818524,Dalhart,Texas,3,2,1,0,2419,1648,734,37,851,79993,0,3,0,0,32,36,16,13,21,43,23,13
4819000,Dallas,Texas,2,2,0,0,2280,1826,449,5,536371,105174,23,1,4,0,19,30,13,11,16,20,24,40
4819432,Dayton,Texas,3,2,0,0,2715,2306,394,15,1484,97898,8,0,2,0,13,64,7,5,22,29,35,14
4819528,Decatur,Texas,3,2,0,0,2612,2227,366,19,1209,92958,3,0,1,0,12,59,22,3,11,27,44,18
4819570,DeCordova,Texas,2,2,0,0,2496,2381,85,30,859,122183,0,0,0,0,3,88,4,4,0,8,38,53
4819624,"Deer Park",Texas,2,2,0,0,2458,2231,220,7,11324,118268,2,1,1,0,23,52,15,6,9,25,38,27
4819792,"Del Rio",Texas,3,3,0,0,2412,2253,133,26,8836,70597,0,1,0,0,61,10,16,11,24,28,27,21
4819900,Denison,Texas,3,3,1,0,2692,2090,583,19,6891,79077,7,1,0,0,6,75,8,3,9,26,46,19
4819972,Denton,Texas,2,2,0,0,2082,1634,440,8,48972,93991,11,1,4,0,11,57,11,5,6,17,35,42
4819984,"Denver City",Texas,2,2,0,0,1813,1544,252,17,20,99469,2,1,0,0,39,24,23,10,28,29,33,11
4820092,DeSoto,Texas,3,2,1,0,3018,2364,650,4,20909,96909,65,1,1,0,8,10,10,6,9,19,38,34
4820152,Devine,Texas,2,2,0,0,1915,1768,139,8,337,80693,3,0,3,0,31,34,27,2,21,30,34,15
4820308,Diboll,Texas,4,3,0,0,2403,2131,252,20,166,68201,18,0,0,0,14,46,18,3,18,29,37,17
4820344,Dickinson,Texas,2,2,0,0,2533,2315,214,4,6202,106901,10,0,1,0,17,51,14,7,11,23,37,30
4820428,Dilley,Texas,3,3,0,0,2200,1998,194,8,13,65088,0,0,0,0,54,2,42,1,39,44,11,6
4820464,Dimmitt,Texas,3,2,1,0,2169,1319,825,25,98,77992,1,1,1,0,39,25,25,8,15,40,16,30
4820884,Donna,Texas,4,3,0,0,1913,1707,203,3,4272,51185,0,0,0,0,51,7,30,12,42,23,21,13
4821028,"Double Oak",Texas,2,1,0,0,3831,2817,1001,13,1102,233322,2,0,3,0,7,80,6,2,1,7,21,71
4821424,"Dripping Springs",Texas,1,1,0,0,2246,1745,487,14,574,165938,1,0,3,0,7,75,12,2,1,13,24,62
4821484,Dublin,Texas,3,3,1,0,2679,2041,614,24,34,80153,0,0,0,3,33,44,10,10,30,22,28,20
4821556,Dumas,Texas,3,2,1,0,2311,1506,776,29,3464,79321,2,1,4,0,37,29,16,11,25,28,35,11
4821628,Duncanville,Texas,3,3,1,0,2701,2233,458,10,13743,85411,33,1,2,0,19,22,11,13,15,26,33,25
4821844,"Eagle Lake",Texas,3,3,1,0,2652,2239,399,14,13,77724,17,2,0,0,25,28,12,17,14,32,36,18
4821892,"Eagle Pass",Texas,4,3,0,0,2358,2176,163,19,7821,65230,0,1,0,0,55,3,35,6,35,22,23,20
4821904,Early,Texas,3,3,0,0,2861,2444,390,27,188,90375,2,0,2,0,12,71,13,0,4,20,44,32
4821988,"East Bernard",Texas,3,2,1,0,2721,2014,694,13,19,103954,6,0,0,0,21,63,8,2,17,22,30,31
4822132,Eastland,Texas,3,3,0,0,2579,2167,385,27,82,81343,4,1,1,0,6,80,9,0,14,32,22,31
4822528,Edcouch,Texas,4,4,0,0,2131,1980,149,2,124,53027,0,0,0,0,53,1,45,1,44,32,16,8
4822552,Eden,Texas,3,3,1,0,2421,1824,568,29,8,71268,4,0,1,0,22,54,16,3,12,28,39,20
4822588,"Edgecliff Village",Texas,3,2,0,0,2880,2342,532,6,1194,111356,8,0,5,0,17,44,16,9,10,20,40,30
4822660,Edinburg,Texas,3,3,0,0,1930,1839,89,2,30892,73251,2,0,2,0,43,8,39,6,17,19,31,32
4822720,Edna,Texas,2,2,0,0,2202,1949,242,11,16,100494,8,0,0,0,13,66,9,2,9,30,40,21
4822864,"El Campo",Texas,3,3,0,0,2786,2498,281,7,1641,97745,4,0,0,0,23,64,8,1,11,29,31,30
4822905,"El Cenizo",Texas,6,5,0,0,2501,2276,221,4,12,44683,0,0,0,0,62,3,31,4,63,21,9,6
4822984,Electra,Texas,5,4,1,0,3121,2461,649,11,364,65655,2,1,1,0,15,71,6,4,16,33,27,24
4823044,Elgin,Texas,3,2,0,0,2714,2291,410,13,1178,99008,14,1,0,0,18,34,9,24,18,26,30,26
4823164,"El Lago",Texas,2,2,0,0,2303,2079,222,2,998,127404,5,0,6,0,14,65,5,4,12,10,28,50
4824000,"El Paso",Texas,2,2,1,0,1717,1224,489,4,231372,76374,3,1,1,0,37,12,30,15,17,21,33,29
4824036,Elsa,Texas,3,3,0,0,2066,1927,137,2,1435,63074,0,0,0,0,50,0,47,2,19,40,34,7
4824348,Ennis,Texas,3,3,0,0,2736,2382,341,13,5431,90973,11,1,0,0,26,38,14,10,19,29,32,20
4824552,Escobares,Texas,5,4,0,0,2034,1923,107,4,140,45118,0,0,0,0,58,1,32,9,53,24,16,7
4824768,Euless,Texas,2,2,0,0,2172,1852,312,8,25257,102126,17,1,13,1,9,41,13,5,6,17,36,41
4824912,Everman,Texas,4,3,0,0,2621,2285,332,4,2272,66691,28,0,0,0,17,21,14,19,26,38,27,9
4825104,Fairfield,Texas,3,3,0,0,2481,2170,294,17,510,74444,21,0,0,0,12,54,12,2,16,26,35,23
4825168,"Fair Oaks Ranch",Texas,1,1,0,0,2212,1761,438,13,3802,165367,5,1,2,1,12,68,10,2,2,7,23,69
4825224,Fairview,Texas,2,1,0,0,2571,2028,533,10,3787,136907,13,0,5,0,6,65,10,1,4,14,22,59
4825368,Falfurrias,Texas,5,4,0,0,2381,2204,172,5,834,50428,0,0,0,0,56,8,25,11,27,29,28,16
4825452,"Farmers Branch",Texas,2,2,0,0,2298,1792,504,2,11870,108844,6,1,8,0,33,37,9,6,14,16,23,46
4825488,Farmersville,Texas,3,2,1,0,3165,2537,613,15,240,102157,6,1,0,2,7,74,5,6,10,43,25,21
4825572,Fate,Texas,2,2,0,0,3125,2419,693,13,4490,153720,11,0,4,0,9,55,16,4,6,12,31,51
4825752,Ferris,Texas,3,3,0,0,2766,2517,236,13,429,84960,9,1,0,0,21,33,26,10,23,31,29,17
4826160,Floresville,Texas,3,3,0,0,2228,2079,142,7,1210,82559,1,0,1,0,32,40,22,3,10,41,23,26
4826232,"Flower Mound",Texas,2,1,0,0,3374,2498,867,9,28714,188644,4,0,13,0,5,68,8,2,2,9,23,66
4826268,Floydada,Texas,4,2,1,0,2516,1718,778,20,11,71366,8,0,1,0,42,30,10,9,26,24,36,14
4826544,"Forest Hill",Texas,4,3,1,0,2767,2297,465,5,3956,70388,42,1,0,0,16,7,18,16,32,27,30,12
4826604,Forney,Texas,2,2,0,0,2779,2252,514,13,4489,117654,22,0,3,0,8,52,11,3,6,23,41,30
4826808,"Fort Stockton",Texas,3,2,0,0,2516,2135,358,23,2419,88811,3,0,1,0,51,16,17,12,20,27,38,15
4827000,"Fort Worth",Texas,2,2,0,0,2448,2043,399,6,315117,98754,19,1,5,0,14,37,13,11,13,22,30,34
4827348,Fredericksburg,Texas,2,2,0,0,2170,1769,376,25,498,95374,0,0,0,0,13,72,6,8,9,24,31,37
482740,Wickenburg,Arizona,3,2,0,0,2005,1742,245,18,2180,79836,1,0,0,0,8,90,1,0,5,38,32,25
4827420,Freeport,Texas,4,3,0,0,2251,2096,150,5,2758,63950,26,1,0,0,26,18,19,11,18,36,39,7
4827432,Freer,Texas,3,3,0,0,2462,2359,97,6,9,72732,0,0,0,0,49,18,31,2,26,30,35,9
4827648,Friendswood,Texas,2,2,0,0,2543,2327,212,4,14261,144118,6,0,8,0,10,66,8,3,5,13,33,49
4827660,Friona,Texas,2,1,1,0,2139,1202,910,27,17,95353,1,1,0,0,43,27,18,9,28,20,40,12
4827684,Frisco,Texas,2,1,0,0,3007,2192,809,6,71250,176089,10,0,25,0,5,48,9,3,2,8,21,69
4827696,Fritch,Texas,3,2,1,0,2222,1575,622,25,280,81025,2,3,0,0,7,79,5,3,10,32,43,15
4827876,Fulshear,Texas,1,1,0,0,2553,2203,345,5,1781,179229,7,0,12,0,9,49,16,5,2,7,20,71
4827984,Gainesville,Texas,4,3,1,0,2546,2008,521,17,3711,66645,6,1,2,0,18,56,12,4,18,32,34,16
4827996,"Galena Park",Texas,4,4,0,0,2512,2276,230,6,2126,63481,3,0,1,0,46,4,39,6,39,33,23,5
4828068,Galveston,Texas,3,2,0,0,2141,1971,165,5,23190,83397,16,1,3,0,15,49,14,3,9,21,34,36
4828248,"Garden Ridge",Texas,2,1,0,0,2368,2061,285,22,657,147011,7,0,2,0,12,64,14,1,4,12,24,60
4829000,Garland,Texas,2,2,1,0,2218,1706,506,6,77222,93077,16,1,11,0,19,25,21,8,17,24,31,28
4829168,Gatesville,Texas,3,3,1,0,2490,2016,457,17,401,72571,22,1,0,0,10,40,20,7,8,29,45,18
4829336,Georgetown,Texas,2,1,0,0,2127,1609,509,9,26251,119108,5,1,3,0,9,67,11,4,5,14,30,51
4829348,"George West",Texas,4,4,0,0,2319,2234,77,8,397,55184,1,0,7,0,55,25,12,1,36,27,26,11
4829432,Giddings,Texas,3,3,1,0,2579,2056,510,13,439,74303,14,3,1,0,26,42,10,4,21,33,33,14
4829564,Gilmer,Texas,4,3,1,0,2451,1887,548,16,865,65236,21,1,0,0,3,67,5,3,14,25,37,25
4829660,Gladewater,Texas,3,3,0,0,2427,2039,371,17,924,79906,12,0,1,0,8,67,10,2,10,30,44,16
4829840,"Glenn Heights",Texas,3,2,1,0,3017,2445,565,7,3828,101281,57,1,0,0,6,20,11,4,9,18,37,37
4829876,"Glen Rose",Texas,3,2,1,0,2591,2065,506,20,408,90402,1,0,0,0,6,76,13,4,4,26,40,30
4830116,Gonzales,Texas,5,4,0,0,3506,3222,275,9,1995,74113,13,1,1,0,29,28,14,15,25,50,14,12
4830392,Graham,Texas,3,3,1,0,2617,2168,429,20,2595,82503,3,0,0,0,13,72,9,2,8,41,32,20
4830416,Granbury,Texas,3,3,0,0,2747,2493,235,19,3317,94985,2,0,1,0,5,86,6,1,4,29,33,34
4830464,"Grand Prairie",Texas,3,2,0,0,2529,2097,425,7,63210,98357,24,1,7,0,19,21,14,15,15,24,30,32
4830476,"Grand Saline",Texas,4,3,1,0,2378,1933,421,24,375,58236,1,1,0,0,11,67,10,9,27,29,36,8
4830584,"Granite Shoals",Texas,2,2,0,0,2298,2051,225,22,1174,92395,0,1,0,1,15,58,10,15,14,24,31,31
4830644,Grapevine,Texas,2,1,0,0,2806,2221,574,11,20404,163888,6,0,8,0,9,63,10,5,4,13,27,56
483090,Willcox,Arizona,3,3,1,0,1611,1281,313,17,113,46250,1,3,1,0,28,40,18,9,14,36,34,16
4830920,Greenville,Texas,3,2,1,0,2179,1654,499,26,7081,74684,14,1,1,0,8,60,6,11,14,33,29,24
4831280,Groesbeck,Texas,3,3,1,0,2895,2366,499,30,58,87038,21,0,0,0,3,58,16,2,10,33,38,20
4831328,Groves,Texas,3,2,0,0,2452,2003,440,9,5785,94466,9,0,7,0,9,58,13,4,9,30,44,17
4831592,"Gun Barrel City",Texas,3,3,0,0,2482,2327,134,21,1514,86397,3,0,1,0,5,87,4,1,13,30,41,16
483160,Williams,Arizona,3,1,1,0,2259,1113,1008,138,653,76197,1,1,1,0,6,49,12,29,11,31,37,20
4831868,Hallettsville,Texas,3,3,0,0,2908,2513,375,20,28,83753,15,1,1,0,3,67,5,7,10,31,36,23
4831904,Hallsville,Texas,2,2,0,0,2628,2446,158,24,248,110804,7,0,1,0,1,81,6,4,10,24,33,33
4831928,"Haltom City",Texas,3,3,1,0,2335,1904,423,8,16363,71464,7,1,10,1,16,37,10,20,21,37,26,16
4831952,Hamilton,Texas,3,3,1,0,2293,1764,513,16,342,70043,0,0,0,0,4,80,15,1,8,39,34,19
4832312,"Harker Heights",Texas,3,2,0,0,2312,2199,107,6,10416,88768,29,1,4,2,10,38,11,4,10,18,39,32
4832372,Harlingen,Texas,3,3,0,0,2133,1984,145,4,23588,65837,2,0,1,0,55,13,20,8,21,25,32,21
4832696,Haskell,Texas,4,3,1,0,2715,1938,744,33,12,76763,7,0,0,0,14,66,4,8,18,39,19,23
4832972,Hearne,Texas,5,4,1,0,2769,2083,676,10,143,58405,41,0,0,0,5,28,19,7,18,46,23,13
4832984,Heath,Texas,2,1,0,0,3420,2634,772,14,2778,196430,3,1,2,0,3,83,7,2,1,9,27,63
4833068,"Hedwig Village",Texas,1,1,0,0,3751,3393,355,3,828,313509,3,0,18,0,7,62,9,2,2,12,8,78
4833146,Helotes,Texas,2,1,1,0,2880,1744,1127,9,2635,147320,3,1,4,0,27,38,21,6,1,9,28,62
4833200,Hempstead,Texas,3,3,0,0,2526,2187,322,17,149,75526,33,1,0,0,6,28,10,22,5,37,41,17
4833212,Henderson,Texas,3,2,1,0,2457,1857,582,18,2837,83557,19,0,0,0,14,55,10,1,11,23,34,32
4833284,Henrietta,Texas,4,3,1,0,2772,2222,529,21,401,72090,0,2,1,0,3,89,4,1,5,30,34,31
4833320,Hereford,Texas,3,2,1,0,2309,1498,789,22,3967,69206,2,1,0,0,44,16,26,11,25,43,20,12
4833428,Hewitt,Texas,2,2,0,0,2553,2400,142,11,3557,108887,7,0,3,0,11,69,8,1,5,16,38,41
4833476,"Hickory Creek",Texas,2,1,0,0,2618,2061,538,19,1267,139064,5,1,4,0,13,67,9,1,6,12,39,44
4833560,Hidalgo,Texas,3,3,0,0,1977,1891,85,1,2316,57691,0,0,0,0,27,1,28,44,35,25,24,16
4833578,Hideaway,Texas,2,2,0,0,2876,2501,344,31,163,118671,0,0,1,0,7,90,1,1,4,14,46,36
4833824,"Highland Park",Texas,1,1,0,0,4925,3514,1401,10,3191,353558,0,0,5,0,2,89,3,1,0,2,11,87
4833848,"Highland Village",Texas,2,1,0,0,3493,2569,911,13,3655,183241,3,0,4,0,4,81,6,1,1,10,26,64
4834088,Hillsboro,Texas,4,3,1,0,2690,2243,436,11,2027,74637,15,1,1,0,18,44,8,12,17,27,32,23
4834220,Hitchcock,Texas,2,2,0,0,2724,2387,330,7,4727,117825,15,1,2,0,12,55,12,4,8,21,42,28
4834628,"Hollywood Park",Texas,2,1,0,0,2007,1673,325,9,1178,133737,7,1,3,0,13,69,5,3,1,6,30,64
4834676,Hondo,Texas,4,4,0,0,2757,2520,228,9,121,69353,10,1,0,0,31,31,18,10,15,31,32,22
4834736,Hooks,Texas,3,3,0,0,2276,2034,225,17,717,65388,9,0,0,0,5,82,3,0,11,36,35,18
4834832,"Horizon City",Texas,3,2,1,0,1892,1306,581,5,5510,72423,3,1,0,0,52,6,23,15,12,23,43,22
4834862,"Horseshoe Bay",Texas,2,1,0,0,1958,1794,145,19,1424,119752,0,0,0,0,3,86,4,7,2,16,37,45
4835000,Houston,Texas,2,1,0,0,1745,1611,134,0,668,112605,10,0,9,0,4,64,11,2,1,10,40,49
4835084,Howe,Texas,3,2,0,0,2978,2508,450,20,224,113818,4,1,0,0,11,68,15,1,8,23,37,32
4835228,Hudson,Texas,3,2,0,0,2466,2275,170,21,384,91539,12,3,1,0,6,66,11,1,10,27,38,26
4835348,Humble,Texas,3,2,0,0,2195,2023,171,1,6506,82362,30,1,3,1,20,23,13,9,9,33,41,18
4835480,"Hunters Creek Village",Texas,1,1,0,0,4746,4240,501,5,1524,395431,0,0,2,0,3,89,3,2,0,1,15,84
4835528,Huntsville,Texas,4,4,0,0,1756,1622,124,10,11754,46304,26,0,2,0,10,50,10,2,5,28,42,25
4835576,Hurst,Texas,3,2,0,0,2445,1984,453,8,14884,96335,10,1,4,0,10,56,12,6,8,21,35,37
4835612,Hutchins,Texas,5,4,1,0,2463,2185,273,5,1130,52063,39,3,0,0,18,16,16,9,31,35,26,8
4835624,Hutto,Texas,2,2,0,0,2582,2060,512,10,6093,130927,12,0,1,0,20,46,15,5,4,18,39,39
4836008,Ingleside,Texas,3,2,0,0,2490,2370,115,5,2340,96500,1,0,1,1,30,52,12,3,7,33,37,22
4836104,"Iowa Park",Texas,3,3,1,0,2559,2063,480,16,914,79808,0,2,0,0,5,86,7,0,10,36,33,21
4837000,Irving,Texas,2,2,0,0,2095,1733,355,7,92648,104167,13,0,22,0,19,19,11,15,17,16,23,43
4837156,"Jacinto City",Texas,4,3,0,0,2371,2139,225,7,2860,65512,4,3,0,0,35,11,34,14,38,26,23,13
4837168,Jacksboro,Texas,4,4,1,0,2659,2219,424,16,747,62175,3,0,0,0,23,72,2,1,30,28,24,18
4837216,Jacksonville,Texas,4,3,1,0,2575,2037,521,17,3162,64812,16,4,0,0,21,42,11,5,22,22,34,23
4837420,Jasper,Texas,4,4,0,0,2553,2337,194,22,1678,57374,47,0,0,0,1,40,6,7,9,46,33,12
4837528,Jefferson,Texas,4,3,0,0,2104,1880,210,14,286,59835,47,0,3,0,1,45,3,1,10,36,28,26
4837612,"Jersey Village",Texas,2,2,0,0,2079,1922,152,5,4416,105183,17,0,8,0,11,46,13,4,6,15,38,41
4838080,Joshua,Texas,2,2,0,0,2439,2169,256,14,1601,97850,1,0,0,0,7,83,5,4,10,23,41,26
4838116,Jourdanton,Texas,4,3,0,0,2372,2290,76,6,26,66203,0,0,0,0,12,57,29,2,24,64,10,2
4838332,Justin,Texas,2,2,0,0,2803,2295,488,20,269,131538,5,1,3,0,6,72,10,3,6,16,36,42
4838452,"Karnes City",Texas,2,2,0,0,2500,2273,215,12,24,102736,6,0,0,0,30,34,22,8,15,43,25,17
4838476,Katy,Texas,2,1,0,0,2510,2229,273,8,8546,151034,9,1,15,0,11,45,11,8,7,14,24,54
4838488,Kaufman,Texas,3,3,1,0,2708,2191,505,12,1143,83679,8,0,0,0,18,56,11,6,19,34,28,19
4838548,Keene,Texas,3,3,0,0,2320,2105,198,17,684,81354,2,0,2,0,16,69,7,3,8,30,37,24
4838632,Keller,Texas,2,1,0,0,3397,2616,770,11,14365,193280,3,0,6,0,6,77,6,2,2,10,23,65
4838776,Kemah,Texas,2,2,0,0,2582,2357,222,3,944,118853,7,0,3,0,20,56,8,7,14,12,43,31
4838860,Kenedy,Texas,3,3,0,0,2341,2217,119,5,61,70129,2,1,3,0,61,10,19,4,10,39,37,13
4838896,Kennedale,Texas,2,2,0,0,2876,2492,375,9,3334,122572,19,0,5,0,7,55,7,6,14,18,31,37
4839004,Kermit,Texas,3,2,0,0,2805,2346,440,19,1036,95301,5,3,0,0,36,24,21,11,33,31,26,10
4839040,Kerrville,Texas,2,2,0,0,1652,1301,327,24,6320,85590,2,0,1,0,15,62,12,8,10,28,32,30
4839124,Kilgore,Texas,3,2,1,0,2465,1953,503,9,2475,83233,17,1,1,0,8,53,20,2,16,31,29,24
4839148,Killeen,Texas,3,3,0,0,2228,2108,114,6,54797,69623,39,1,4,1,10,27,12,6,7,22,48,23
483930,Winslow,Arizona,3,2,1,0,2444,1380,995,69,240,73534,1,41,0,0,9,23,16,9,13,27,48,12
4839352,Kingsville,Texas,4,4,0,0,2357,2210,142,5,8264,61114,3,1,2,0,41,15,33,5,16,31,32,21
4839448,Kirby,Texas,3,2,0,0,2033,1795,228,10,2478,73838,14,0,1,0,23,23,28,10,19,23,45,13
4839460,Kirbyville,Texas,5,4,0,0,2244,2076,139,29,307,47023,20,3,0,0,3,64,2,8,10,54,30,6
4839928,Krum,Texas,2,2,0,0,2829,2455,345,29,171,130951,1,0,1,0,6,81,10,1,4,21,32,43
4839952,Kyle,Texas,2,1,0,0,1697,1426,262,9,13535,98347,5,0,1,0,26,41,20,5,6,21,35,37
4840168,Lacy-Lakeview,Texas,4,3,1,0,2350,1970,371,9,1803,59637,33,2,2,1,13,35,13,2,20,25,39,16
4840204,"La Feria",Texas,4,4,0,0,2202,2060,132,10,1705,55282,0,0,0,0,66,8,20,6,23,34,29,14
4840264,"Lago Vista",Texas,2,1,0,0,2245,1885,339,21,3312,142771,2,0,0,0,13,75,8,1,7,19,34,40
4840276,"La Grange",Texas,3,2,0,0,2155,1862,278,15,939,78103,9,0,1,0,22,59,6,3,8,43,22,27
4840336,"Laguna Vista",Texas,2,2,0,0,2171,2077,89,5,77,90997,0,0,0,0,36,51,11,2,9,31,27,33
4840384,"La Joya",Texas,4,3,0,0,2474,2291,182,1,1052,70381,0,0,1,0,46,10,39,4,35,26,12,27
4840516,"Lake Dallas",Texas,3,2,1,0,2796,2178,603,15,1032,109706,3,4,0,0,16,70,8,0,10,17,34,40
4840588,"Lake Jackson",Texas,2,2,0,0,2351,2165,178,8,10072,111180,7,0,2,0,17,59,10,4,7,23,38,32
4840984,Lakeway,Texas,1,1,0,0,2339,1860,454,25,6302,196939,2,0,4,0,5,79,8,2,1,4,22,73
4841056,"Lake Worth",Texas,2,2,0,0,2735,2317,404,14,1845,118170,2,1,0,0,13,64,16,3,14,31,31,24
4841116,"La Marque",Texas,3,2,0,0,2591,2230,352,9,6880,90762,26,1,2,0,15,40,11,6,11,26,39,23
4841164,Lamesa,Texas,4,3,1,0,2661,1989,658,14,1451,60286,5,1,0,0,34,31,16,13,23,39,22,16
4841188,Lampasas,Texas,3,3,0,0,2966,2578,373,15,1134,88047,2,1,2,0,14,65,13,3,7,32,39,22
4841212,Lancaster,Texas,4,3,1,0,2828,2285,539,4,14630,80818,69,0,1,0,9,9,7,5,8,26,38,28
4841440,"La Porte",Texas,2,2,0,0,2472,2242,218,12,10514,116028,5,2,1,0,18,52,16,6,8,30,43,19
4841464,Laredo,Texas,3,3,0,0,2404,2265,132,7,68770,77519,1,0,1,0,50,3,39,6,30,20,27,22
4841788,"La Villa",Texas,4,3,0,0,2444,2250,193,1,16,66953,0,0,0,0,49,1,34,15,35,20,29,16
4841800,Lavon,Texas,2,2,0,0,2901,2461,426,14,248,138166,9,2,2,0,7,64,9,7,5,30,35,29
4841980,"League City",Texas,2,2,0,0,2570,2333,231,6,43091,145770,8,0,6,0,10,63,10,3,3,14,31,52
4842016,Leander,Texas,1,1,0,0,2045,1546,490,9,20126,152330,6,0,7,0,12,57,14,4,3,15,32,50
4842388,"Leon Valley",Texas,2,2,0,0,1739,1533,202,4,5635,78296,7,1,6,0,32,22,26,6,9,25,36,29
4842448,Levelland,Texas,3,2,1,0,2266,1550,703,13,2813,73117,4,0,1,0,29,39,19,9,21,26,34,18
4842508,Lewisville,Texas,2,2,0,0,2317,1957,352,8,43514,99342,13,1,11,0,14,42,13,6,9,19,32,40
4842568,Liberty,Texas,4,4,0,0,3162,2852,291,19,1391,81324,9,0,1,0,4,68,7,9,18,39,23,20
4842820,Lindale,Texas,3,2,0,0,2679,2309,352,18,512,100024,8,0,1,0,6,79,6,0,16,20,46,18
4843012,"Little Elm",Texas,2,2,0,0,3024,2311,705,8,19371,148139,19,1,11,0,10,43,11,4,5,14,33,48
4843024,Littlefield,Texas,3,2,1,0,2323,1576,734,13,65,67981,4,0,0,0,40,41,11,3,22,33,30,15
4843096,"Live Oak",Texas,2,2,0,0,1674,1484,189,1,6041,87391,12,2,3,0,17,38,21,7,5,23,40,32
4843132,Livingston,Texas,3,3,0,0,2683,2461,198,24,209,77030,11,1,1,0,12,66,7,2,18,41,29,12
4843144,Llano,Texas,4,4,0,0,2718,2426,274,18,596,68360,0,1,1,0,10,83,4,1,10,29,38,23
4843240,Lockhart,Texas,3,2,0,0,2432,2100,321,11,3374,87639,4,1,2,0,32,41,11,9,9,34,31,26
4843888,Longview,Texas,3,2,1,0,2202,1779,415,8,29681,81830,21,0,1,0,8,55,12,2,10,24,40,25
4844116,"Los Fresnos",Texas,3,3,0,0,2166,2028,135,3,1244,65793,0,1,0,0,44,12,36,7,31,20,31,18
4845000,Lubbock,Texas,3,2,1,0,2184,1644,529,11,100554,82351,8,1,3,0,18,49,14,7,10,22,33,35
4845012,Lucas,Texas,2,1,1,0,3450,2539,889,22,3752,173915,8,0,11,0,3,68,8,1,3,8,22,67
4845072,Lufkin,Texas,3,3,0,0,2298,2076,206,16,11407,72875,18,1,1,0,17,44,14,5,16,24,34,26
4845096,Luling,Texas,4,4,0,0,2787,2447,314,26,761,64933,8,0,1,0,17,35,25,13,19,36,30,14
4845120,Lumberton,Texas,2,2,0,0,2251,2067,171,13,3102,110553,0,0,1,0,4,88,5,2,6,26,46,22
4845228,Lyford,Texas,4,3,0,0,2330,2085,221,24,16,63032,0,0,0,0,72,6,17,5,22,30,27,21
4845288,Lytle,Texas,3,3,0,0,2030,1962,60,8,292,66763,0,0,0,0,52,22,19,7,16,51,20,13
4845324,Mabank,Texas,3,3,0,0,2559,2277,263,19,459,74257,3,0,1,0,9,81,5,1,5,29,46,20
4845384,McAllen,Texas,3,3,0,0,2151,2062,87,2,47896,82410,1,0,3,0,44,8,26,18,20,19,27,34
4845672,McGregor,Texas,3,2,0,0,2853,2410,424,19,781,113502,1,1,0,0,18,65,6,9,8,33,21,39
4845744,McKinney,Texas,2,1,1,0,2840,2091,743,6,65528,143612,11,1,12,0,9,55,9,2,3,13,29,55
4845804,McLendon-Chisholm,Texas,2,1,0,0,3693,2725,941,27,1310,193185,13,2,3,0,5,67,7,3,4,9,30,57
4845996,Madisonville,Texas,3,3,0,0,2425,2047,368,10,519,75908,22,0,0,0,17,42,12,8,24,29,30,17
4846224,Malakoff,Texas,4,4,0,0,2405,2143,248,14,173,60268,14,0,0,0,15,58,11,2,25,36,25,15
4846440,Manor,Texas,2,2,0,0,2078,1806,268,4,2118,113876,18,2,5,0,24,21,13,17,17,21,26,36
4846452,Mansfield,Texas,2,2,0,0,3016,2378,633,5,22488,141041,23,0,5,0,9,51,9,3,5,15,37,44
4846500,Manvel,Texas,2,2,0,0,2714,2332,376,6,5124,128988,20,1,6,0,10,42,15,5,9,17,34,40
4846584,"Marble Falls",Texas,2,2,0,0,1891,1734,144,13,1433,85447,2,0,0,0,17,65,11,5,7,24,33,36
4846740,Marlin,Texas,6,5,1,0,2693,2080,597,16,1179,41462,38,1,28,0,3,21,7,2,25,21,48,6
4846776,Marshall,Texas,3,3,0,0,2174,1914,246,14,3959,74574,32,0,1,0,7,38,15,7,13,28,36,22
4847040,Mathis,Texas,5,5,0,0,2418,2209,203,6,381,45751,1,0,0,0,61,10,21,7,42,23,31,4
4847337,"Meadows Place",Texas,2,2,0,0,2339,2061,266,12,1823,110888,16,0,17,0,6,44,14,3,5,20,26,49
4847496,Melissa,Texas,2,2,0,0,3120,2411,692,17,1870,154830,12,0,5,0,4,67,9,2,5,17,22,56
4847700,Mercedes,Texas,4,3,0,0,2336,2109,221,6,3207,62930,0,0,0,0,47,6,35,12,33,25,23,19
4847796,Merkel,Texas,4,3,1,0,2930,2293,608,29,205,83584,2,0,0,0,12,72,8,5,11,35,39,15
4847892,Mesquite,Texas,3,2,1,0,2621,2114,498,9,50096,84632,24,1,3,0,21,25,16,10,18,27,36,19
4847916,Mexia,Texas,5,4,1,0,2534,2068,453,13,1252,51655,24,1,1,0,16,33,24,1,22,37,31,10
4848072,Midland,Texas,2,2,0,0,2733,2165,554,14,46385,120215,8,1,2,0,23,41,15,11,15,21,34,30
4848096,Midlothian,Texas,2,2,0,0,2804,2521,266,17,10354,134164,11,0,1,0,8,68,10,3,4,19,35,42
4848648,Mineola,Texas,3,3,1,0,2281,1878,379,24,1291,71658,8,0,0,0,8,68,8,8,16,30,32,22
4848684,"Mineral Wells",Texas,3,3,1,0,2463,2029,417,17,4676,74605,5,1,2,0,16,60,9,6,16,36,35,13
4848768,Mission,Texas,3,3,0,0,2321,2221,96,4,25740,78989,1,0,2,0,41,9,37,11,24,20,26,30
4848804,"Missouri City",Texas,2,2,0,0,2570,2296,269,5,28015,125397,37,0,20,0,9,21,8,5,5,15,29,50
4848936,Monahans,Texas,3,3,0,0,2690,2298,374,18,2226,86759,8,0,1,0,41,34,6,10,15,39,35,11
4849068,"Mont Belvieu",Texas,2,2,0,0,2771,2524,230,17,1270,139098,5,0,2,0,8,71,7,7,8,19,41,31
4849392,"Morgan's Point Resort",Texas,2,2,0,0,2495,2370,112,13,453,129311,2,0,3,0,9,75,9,2,5,15,29,51
4849800,"Mount Pleasant",Texas,4,3,0,0,2245,2042,189,14,4016,63459,14,0,2,0,22,26,17,18,26,37,26,10
4849860,"Mount Vernon",Texas,3,2,1,0,2543,1962,558,23,338,81410,17,0,0,0,6,54,16,7,11,30,37,22
4849968,Muleshoe,Texas,3,2,1,0,2282,1543,720,19,123,89788,1,2,2,0,61,27,2,6,34,25,31,10
4850100,Murphy,Texas,2,1,1,0,3427,2402,1021,4,5417,193919,9,0,32,0,2,52,4,1,2,9,26,63
4850256,Nacogdoches,Texas,4,3,0,0,2031,1856,164,11,9990,55476,28,1,1,0,10,49,8,3,12,24,37,27
4850352,Nash,Texas,3,3,0,0,2202,1986,208,8,1438,76683,41,1,1,0,6,46,2,3,4,32,39,25
4850376,"Nassau Bay",Texas,2,2,0,0,1997,1858,138,1,2564,109019,1,2,7,0,9,70,6,5,5,13,31,50
4850472,Navasota,Texas,3,3,0,0,2061,1933,119,9,1559,65953,9,0,0,1,20,42,25,4,36,23,26,16
4850580,Nederland,Texas,2,2,0,0,2307,1901,397,9,6515,96071,3,0,2,0,4,80,7,3,6,25,44,26
4850628,Needville,Texas,2,2,0,0,2585,2382,193,10,306,109044,3,0,0,0,15,54,20,7,18,20,39,23
4850808,"New Boston",Texas,3,2,0,0,2338,2067,251,20,130,84273,21,1,0,0,5,65,6,3,12,33,33,22
4850820,"New Braunfels",Texas,2,2,0,0,2024,1908,107,9,27807,105644,2,0,1,0,22,56,15,4,7,23,31,39
4851588,Nixon,Texas,3,2,0,0,2470,2240,221,9,15,90362,3,0,0,0,49,28,11,9,26,46,23,5
4851648,Nocona,Texas,5,4,1,0,2817,2045,754,18,732,54032,0,1,0,0,7,75,3,15,19,38,27,15
4851708,Nolanville,Texas,3,2,0,0,2544,2356,173,15,722,96681,20,0,3,1,10,52,7,5,12,21,36,31
4852212,Northlake,Texas,2,2,0,0,3057,2400,642,15,3578,158904,5,0,5,0,6,69,13,3,4,12,31,53
4852356,"North Richland Hills",Texas,2,2,0,0,2646,2189,448,9,27069,120975,6,1,4,0,9,65,11,4,7,19,37,37
4853130,"Oak Point",Texas,2,2,0,0,2818,2419,371,28,1334,135167,11,0,2,0,11,58,14,3,6,12,40,42
4853190,"Oak Ridge North",Texas,2,2,0,0,2250,2022,223,5,919,107422,11,0,4,0,10,65,6,2,13,15,40,33
4853388,Odessa,Texas,3,2,0,0,2524,2071,437,16,38941,90564,6,1,2,0,30,28,16,17,19,27,36,18
485400,Youngtown,Arizona,3,3,0,0,1856,1659,193,4,2290,65046,2,1,1,1,18,48,17,11,16,35,33,16
4854000,Olney,Texas,4,4,1,0,3066,2459,586,21,19,69856,1,1,2,0,13,77,3,3,8,34,35,23
4854048,Onalaska,Texas,4,3,0,0,2536,2241,215,80,286,69376,1,0,0,0,2,89,8,0,8,37,43,12
4854132,Orange,Texas,3,2,0,0,2166,1967,189,10,4846,82009,39,0,1,0,3,48,9,1,14,34,37,15
4854432,Overton,Texas,4,3,1,0,2693,2137,538,18,196,75670,11,0,0,0,6,74,8,1,9,38,38,15
4854444,Ovilla,Texas,2,2,0,0,2814,2402,398,14,2003,122421,37,1,1,0,9,37,14,2,4,24,24,47
4854684,Palacios,Texas,2,2,0,0,1922,1692,224,6,40,89481,0,0,7,0,26,34,24,9,24,15,39,21
4854708,Palestine,Texas,4,3,1,0,2510,2157,339,14,5098,62765,29,0,0,0,9,46,12,2,8,40,37,15
4854780,Palmhurst,Texas,2,2,0,0,2147,2037,107,3,1789,88582,0,0,2,0,38,4,48,8,22,20,35,23
4854804,Palmview,Texas,4,3,0,0,2481,2338,139,4,4136,66868,0,0,0,0,42,3,48,6,43,23,21,13
4854912,Pampa,Texas,3,2,1,0,2316,1514,772,30,5173,69879,3,1,1,0,18,59,8,9,17,33,33,17
4854960,Panhandle,Texas,2,1,1,0,2273,1572,641,60,14,107838,2,4,0,1,9,78,3,3,5,28,36,32
4855008,"Panorama Village",Texas,2,2,0,0,2399,2059,334,6,527,99483,2,0,5,0,10,73,8,1,5,17,47,31
4855020,Pantego,Texas,3,2,0,0,2385,2028,350,7,1620,90234,19,1,3,0,5,60,7,5,9,23,27,41
4855080,Paris,Texas,4,3,1,0,2550,2004,527,19,6677,57360,22,0,2,1,9,60,6,1,13,31,36,21
4855152,Parker,Texas,2,1,0,0,3423,2450,970,3,3661,201478,14,0,21,0,4,54,5,2,3,7,23,67
485540,Yuma,Arizona,3,2,0,0,1918,1692,222,4,33822,76162,2,1,2,0,27,31,22,15,15,25,40,20
4856000,Pasadena,Texas,3,2,0,0,2206,1991,208,7,49734,87266,3,1,2,0,39,23,23,9,24,31,28,17
4856348,Pearland,Texas,2,2,0,0,2411,2145,260,6,41813,138874,19,0,15,0,12,35,14,4,5,15,30,51
4856384,Pearsall,Texas,2,2,0,0,2240,2082,152,6,3,98319,7,1,2,0,43,14,31,3,20,41,9,29
4856516,Pecos,Texas,3,3,1,0,2911,2353,539,19,3242,83985,2,1,1,0,33,19,22,21,32,30,27,10
4856696,Penitas,Texas,4,4,0,0,2499,2306,189,4,1935,60027,0,0,0,0,42,10,42,6,35,34,16,15
4856912,Perryton,Texas,4,2,2,0,2886,1511,1353,22,1612,73377,1,1,1,0,33,39,13,13,16,33,29,21
4857176,Pflugerville,Texas,2,1,0,0,2288,1802,483,3,24057,123021,17,1,7,0,15,37,15,7,5,18,31,45
4857200,Pharr,Texas,3,3,0,0,2029,1912,116,1,21112,65448,1,0,0,0,54,5,30,10,29,29,25,18
4857476,"Pilot Point",Texas,3,2,1,0,2764,2211,533,20,224,104441,4,0,0,0,12,64,18,2,13,24,31,32
4857800,"Piney Point Village",Texas,1,1,0,0,4671,4179,483,9,1154,380205,0,0,13,0,2,82,2,1,1,5,11,83
4857908,Pittsburg,Texas,3,3,0,0,2200,1963,220,17,751,71903,14,0,1,0,14,47,12,12,12,43,28,17
4857980,Plainview,Texas,3,2,1,0,2276,1609,655,12,5585,68243,3,0,1,0,36,29,20,11,24,32,30,14
4858016,Plano,Texas,2,1,0,0,2687,2030,652,5,107723,146222,9,0,23,0,7,49,9,3,4,9,23,63
4858280,Pleasanton,Texas,3,3,0,0,2404,2248,151,5,1258,79175,1,0,2,0,27,43,22,5,13,39,25,23
4858808,"Port Aransas",Texas,2,2,0,0,2334,2199,131,4,1396,112888,0,0,0,0,10,84,5,0,1,23,37,39
4858820,"Port Arthur",Texas,4,3,1,0,2219,1878,334,7,19801,63352,41,1,6,0,14,18,13,6,22,31,34,13
4858892,"Port Isabel",Texas,3,3,0,0,2043,1890,150,3,1350,67084,0,0,0,0,74,12,11,3,22,41,24,13
4858904,Portland,Texas,2,2,0,0,2480,2362,112,6,6125,110945,2,1,2,0,26,51,16,3,6,28,34,32
4858916,"Port Lavaca",Texas,3,3,0,0,2506,2254,246,6,2454,81464,4,0,6,0,40,28,16,6,17,32,39,12
4858940,"Port Neches",Texas,2,2,0,0,2436,2020,410,6,3867,115422,2,0,3,0,3,83,7,1,6,18,45,31
4859012,Post,Texas,4,3,2,0,2753,1619,1121,13,40,61383,29,2,1,0,29,23,3,14,29,18,27,25
4859084,Poteet,Texas,4,4,0,0,2637,2487,133,17,207,70476,1,0,1,0,41,15,38,4,13,38,38,10
4859336,"Prairie View",Texas,4,4,0,0,2290,2184,104,2,795,59151,52,0,0,0,7,25,4,11,10,32,48,11
4859384,Premont,Texas,4,4,0,0,2556,2382,168,6,13,63283,0,0,0,0,73,9,16,2,28,41,21,10
4859396,Presidio,Texas,6,5,1,0,1994,1722,265,7,8,33872,0,0,0,0,45,0,52,3,59,5,24,11
4859540,Primera,Texas,3,3,0,0,2456,2329,115,12,762,85913,3,0,0,0,60,12,18,6,15,23,38,24
4859576,Princeton,Texas,3,2,0,0,2844,2420,406,18,2280,111965,18,1,4,0,15,48,9,5,8,28,33,31
4859636,Progreso,Texas,3,3,0,0,2296,2101,193,2,92,69847,0,0,0,0,45,2,30,23,44,25,15,17
4859696,Prosper,Texas,2,1,0,0,3221,2350,859,12,10305,200787,8,0,11,0,5,64,9,2,1,7,19,73
4859748,"Providence Village",Texas,2,2,0,0,2694,2471,203,20,805,112445,20,0,1,0,6,60,10,3,8,17,34,41
4860044,Quanah,Texas,4,3,1,0,3015,2167,818,30,13,71944,3,1,1,0,16,64,11,4,14,29,36,21
4860544,"Rancho Viejo",Texas,2,2,0,0,2358,2251,102,5,381,103504,0,1,2,0,40,17,31,9,13,12,24,51
4860632,Ranger,Texas,5,4,1,0,2498,1993,486,19,47,48617,4,1,1,0,5,80,8,1,21,24,43,12
4860836,Raymondville,Texas,4,4,0,0,2623,2378,240,5,192,65978,2,0,0,0,57,13,26,2,27,32,29,12
4861196,"Red Oak",Texas,2,2,0,0,2741,2537,191,13,4491,110591,22,1,1,0,10,49,11,6,8,27,38,27
4861436,Refugio,Texas,4,3,0,0,2315,2074,234,7,11,63279,12,0,0,0,30,34,20,2,12,53,30,6
4861592,Reno,Texas,3,3,0,0,2633,2220,380,33,372,80249,7,2,2,0,1,80,7,1,3,28,36,33
4861604,Reno,Texas,3,3,0,0,3063,2649,394,20,1551,98215,0,0,0,0,10,83,5,1,13,32,37,17
4861796,Richardson,Texas,2,1,0,0,2542,1931,605,6,43512,131221,11,0,16,0,8,51,8,5,5,10,26,60
4861844,"Richland Hills",Texas,3,2,1,0,2479,1899,572,8,3320,90492,3,0,2,2,15,64,5,8,14,27,38,22
4861892,Richmond,Texas,2,2,0,0,2132,1915,214,3,3592,102072,20,0,8,0,21,27,13,10,15,19,30,36
4861904,Richwood,Texas,2,2,0,0,2322,2176,140,6,1490,96724,9,0,0,0,30,37,13,10,12,24,41,23
4862138,"Rio Bravo",Texas,5,4,0,0,2711,2507,201,3,136,58186,0,0,0,0,42,4,51,4,67,20,12,1
4862168,"Rio Grande City",Texas,5,5,0,0,2397,2327,66,4,3189,51254,0,0,0,0,51,4,36,8,34,29,21,16
4862180,"Rio Hondo",Texas,3,3,0,0,2124,1979,142,3,106,78088,0,0,0,0,45,11,41,2,32,34,22,12
4862384,"River Oaks",Texas,3,3,1,0,2709,2101,598,10,2452,83329,0,2,1,0,29,34,18,16,21,38,28,13
4862504,Roanoke,Texas,2,1,0,0,2842,2212,623,7,2745,168158,5,0,9,0,7,61,12,4,2,12,31,54
4862588,Robinson,Texas,3,2,0,0,2685,2407,264,14,3109,107379,4,0,0,0,16,64,15,1,5,33,34,28
4862600,Robstown,Texas,4,4,0,0,2388,2138,232,18,3698,55693,0,0,0,0,57,4,30,7,35,22,35,7
4862672,Rockdale,Texas,4,3,1,0,2583,2095,471,17,1124,67073,9,0,0,1,23,56,4,6,20,32,32,16
4862804,Rockport,Texas,3,3,0,0,2382,2222,151,9,4014,87187,1,1,0,0,21,64,9,3,12,29,29,30
4862828,Rockwall,Texas,2,2,0,0,2951,2313,627,11,13043,146509,8,2,4,0,9,66,8,3,5,14,31,51
4863020,Roma,Texas,5,5,0,0,2191,2075,114,2,2516,40124,0,0,0,0,53,2,38,8,50,21,14,16
4863284,Rosenberg,Texas,3,2,0,0,2229,2006,218,5,14217,87848,15,0,7,0,25,21,16,15,16,28,33,23
4863500,"Round Rock",Texas,2,2,0,0,2322,1800,518,4,41730,119850,11,0,7,0,15,47,15,4,5,16,34,45
4863572,Rowlett,Texas,2,2,1,0,2998,2252,738,8,16136,128045,24,0,8,0,11,44,10,3,5,17,35,43
4863668,"Royse City",Texas,2,2,0,0,3109,2604,492,13,3287,127744,8,0,2,0,13,57,13,7,9,19,37,34
4863848,Rusk,Texas,3,2,1,0,2766,2199,545,22,331,90661,32,0,1,0,7,46,9,4,5,40,33,22
4864064,Sachse,Texas,2,1,1,0,3015,2193,817,5,8613,149138,12,1,19,0,4,53,8,3,5,16,34,46
4864112,Saginaw,Texas,2,2,0,0,2539,2151,378,10,9544,105658,7,0,2,0,23,49,10,9,9,21,39,30
4864268,Salado,Texas,2,2,0,0,2562,2411,140,11,115,124813,0,0,1,0,7,78,7,6,1,16,27,56
4864472,"San Angelo",Texas,3,2,1,0,2335,1840,482,13,32712,80624,4,1,1,0,24,46,16,7,13,25,37,25
4865000,"San Antonio",Texas,2,2,0,0,1874,1649,219,6,546251,82837,7,1,3,0,34,23,23,9,14,23,32,31
4865036,"San Benito",Texas,4,4,0,0,2161,1989,167,5,6710,51181,0,0,0,0,54,6,33,7,26,32,29,12
4865180,"San Diego",Texas,4,4,0,0,2526,2365,148,13,13,58704,2,1,0,0,71,8,18,0,24,30,37,8
4865344,"Sandy Oaks",Texas,3,3,0,0,1857,1717,135,5,186,67696,1,1,1,0,32,19,39,8,14,28,50,8
4865360,"San Elizario",Texas,3,2,1,0,1843,1214,613,16,2910,54797,0,2,0,0,42,2,37,17,41,30,22,8
4865408,Sanger,Texas,3,2,0,0,3264,2800,440,24,1322,116360,4,1,1,0,9,73,11,1,5,28,40,27
4865516,"San Juan",Texas,3,3,0,0,2115,1955,159,1,9799,63447,0,0,0,0,54,3,33,10,38,27,21,14
4865600,"San Marcos",Texas,2,2,0,0,1339,1230,103,6,16787,58571,7,0,2,0,23,44,17,7,8,20,41,30
4865648,"San Saba",Texas,2,2,1,0,1434,914,501,19,235,60555,0,0,0,0,30,54,8,7,9,48,22,21
4865660,"Sansom Park",Texas,4,3,1,0,2483,2014,457,12,1635,67214,3,2,0,0,34,28,26,8,9,66,22,4
4865726,"Santa Fe",Texas,2,2,0,0,2714,2439,264,11,3789,116487,2,0,2,0,9,71,12,3,8,31,36,25
4865768,"Santa Rosa",Texas,4,4,0,0,2381,2168,206,7,32,56220,0,1,0,0,67,4,22,6,49,18,22,11
4866128,Schertz,Texas,2,2,0,0,1968,1879,83,6,14274,117715,12,0,2,0,17,45,18,5,4,17,36,43
4866188,Schulenburg,Texas,6,6,1,0,4669,4255,402,12,52,74596,10,1,0,0,15,63,6,4,11,37,32,21
4866392,Seabrook,Texas,2,2,0,0,2293,2067,224,2,4367,134418,5,0,5,0,11,73,4,2,6,10,36,48
4866428,Seagoville,Texas,3,3,0,0,2531,2261,261,9,4274,80154,17,1,1,0,25,23,18,15,18,36,30,16
4866440,Seagraves,Texas,3,2,1,0,2695,2116,562,17,14,86136,9,0,0,0,36,29,18,8,32,23,35,11
4866464,Sealy,Texas,3,3,0,0,3011,2548,424,39,382,95715,5,0,0,0,17,57,8,13,13,33,35,20
4866644,Seguin,Texas,2,2,0,0,1726,1591,130,5,9822,76546,8,1,1,0,23,33,23,11,20,36,24,20
4866704,Selma,Texas,2,1,0,0,1681,1609,70,2,3759,109754,24,1,6,0,13,35,17,4,4,12,37,47
4866764,Seminole,Texas,3,2,1,0,2782,2225,544,13,1930,89303,0,0,2,0,29,41,23,4,29,40,13,18
4866968,Seymour,Texas,4,3,1,0,2881,2186,672,23,38,71023,1,0,0,1,5,85,8,0,16,55,22,6
4867100,"Shady Shores",Texas,2,1,0,0,2840,2203,616,21,757,150948,9,0,2,0,5,75,4,5,4,17,36,42
4867136,Shallowater,Texas,3,2,1,0,2648,1948,682,18,394,96581,0,0,0,0,10,69,17,3,10,31,29,30
4867268,"Shavano Park",Texas,1,1,0,0,2432,2042,385,5,2525,166572,4,0,3,0,20,50,20,2,2,10,20,68
4867400,Shenandoah,Texas,1,1,0,0,2183,1915,267,1,1579,162529,3,1,6,0,6,74,9,2,4,11,22,63
4867424,Shepherd,Texas,4,3,0,0,2533,2198,263,72,225,70854,8,1,0,0,8,70,8,5,20,34,39,7
4867496,Sherman,Texas,3,3,1,0,2465,1989,460,16,13284,71075,11,0,3,0,12,62,9,3,8,27,43,22
4867832,Silsbee,Texas,3,3,0,0,2193,2051,127,15,614,70125,28,0,0,0,3,60,7,1,9,41,37,13
4868036,Sinton,Texas,4,3,0,0,2273,2044,224,5,388,59306,2,0,0,0,45,16,30,6,27,33,27,13
4868180,Slaton,Texas,4,3,1,0,2706,2029,665,12,1994,69137,7,0,0,0,23,44,6,21,15,33,41,10
4868456,Smithville,Texas,3,3,0,0,2732,2404,312,16,584,87842,11,1,1,0,6,68,9,4,8,27,39,26
4868624,Snyder,Texas,3,2,0,0,2792,2312,461,19,865,102901,1,0,0,0,19,71,5,4,2,25,37,36
4868636,Socorro,Texas,3,2,1,0,1839,1242,591,6,9498,60923,0,1,0,0,48,3,30,18,34,28,27,11
4868756,Sonora,Texas,3,3,1,0,2491,2060,418,13,11,73470,0,1,0,0,24,24,5,47,17,40,24,18
4869020,"South Houston",Texas,3,3,0,0,2186,1988,196,2,4821,73547,1,0,2,0,46,5,37,10,37,30,25,8
4869032,Southlake,Texas,1,1,0,0,4228,3107,1106,15,9926,288030,1,0,16,0,6,70,5,1,1,4,18,77
4869140,"South Padre Island",Texas,2,2,0,0,1977,1890,83,4,44,93470,4,0,4,0,7,70,8,6,6,10,28,56
4869476,Spearman,Texas,4,2,2,0,3190,1608,1561,21,12,82052,0,0,0,0,33,48,14,4,25,26,22,26
4869800,Springtown,Texas,2,2,0,0,2909,2649,245,15,365,118212,0,0,0,0,5,84,8,1,11,29,44,16
4869830,"Spring Valley Village",Texas,1,1,0,0,2831,2512,313,6,1317,257975,0,0,7,0,7,72,13,1,1,5,5,88
4869908,Stafford,Texas,2,2,0,0,1988,1818,164,6,7159,97108,32,0,24,0,11,15,10,6,9,21,28,41
4869980,Stamford,Texas,4,3,1,0,2681,1976,675,30,52,67499,5,0,0,0,20,59,6,9,13,41,26,19
4870040,Stanton,Texas,3,3,1,0,2976,2393,566,17,14,87687,2,0,0,0,39,37,11,11,17,37,27,20
4870208,Stephenville,Texas,3,3,0,0,2124,1804,304,16,5513,62374,3,2,1,0,8,74,7,5,9,22,39,30
4870808,"Sugar Land",Texas,2,1,0,0,2510,2205,297,8,37138,165854,8,0,39,0,7,36,8,2,3,11,21,65
4870868,"Sullivan City",Texas,5,5,0,0,2510,2300,207,3,216,46491,0,0,0,0,45,0,34,20,54,20,24,2
4870904,"Sulphur Springs",Texas,4,3,1,0,2562,2102,442,18,4943,72096,12,0,1,0,10,67,4,5,11,30,37,22
4871156,Sunnyvale,Texas,2,2,0,0,3148,2467,661,20,3216,134736,20,1,13,0,7,46,7,6,3,19,31,46
4871492,Sweeny,Texas,2,2,0,0,1973,1608,348,17,97,92661,10,0,0,0,20,61,5,4,12,31,36,20
4871540,Sweetwater,Texas,4,3,1,0,2610,2027,566,17,3326,62139,6,1,0,0,25,47,13,9,19,31,38,12
4871684,Taft,Texas,4,4,0,0,2475,2250,221,4,336,61409,1,0,0,0,36,14,42,7,33,35,24,9
4871708,Tahoka,Texas,3,2,1,0,2197,1479,704,14,149,65994,3,0,0,0,27,45,21,4,21,33,27,20
4871948,Taylor,Texas,3,2,1,0,2571,2059,499,13,5531,87885,7,1,1,0,18,47,20,6,16,36,32,17
4871960,"Taylor Lake Village",Texas,2,1,0,0,2494,2242,250,2,675,151321,5,0,6,0,13,63,11,3,7,9,28,56
4872020,Teague,Texas,3,3,1,0,2906,2404,484,18,440,89801,19,1,0,0,14,39,15,12,20,26,33,20
4872176,Temple,Texas,3,2,0,0,2235,2014,215,6,28683,84605,12,1,2,0,13,53,13,5,9,21,36,34
4872284,Terrell,Texas,4,3,1,0,2485,2101,371,13,4807,67890,26,0,0,0,13,39,16,5,19,32,32,18
4872296,"Terrell Hills",Texas,1,1,0,0,2815,2378,422,15,1774,237811,1,0,3,0,9,75,8,4,3,3,16,78
4872368,Texarkana,Texas,3,3,0,0,2021,1787,216,18,14175,70384,38,0,2,0,5,48,3,3,10,29,38,23
4872392,"Texas City",Texas,3,3,0,0,2387,2168,212,7,24472,85014,24,0,2,1,14,39,15,5,12,29,38,21
4872530,"The Colony",Texas,2,1,0,0,2548,2079,464,5,17414,139178,10,0,9,0,11,53,12,4,4,14,31,51
4872578,"The Hills",Texas,1,1,0,0,2518,1919,573,26,959,187226,1,0,2,0,2,83,8,3,0,4,19,77
4873316,Tomball,Texas,2,2,0,0,2192,2021,159,12,4974,107808,8,0,1,0,13,64,12,2,13,19,35,33
4873664,Trinity,Texas,3,3,0,0,2356,2131,202,23,540,68173,26,0,0,0,11,39,7,17,25,38,28,9
4873710,"Trophy Club",Texas,2,1,0,0,3734,2818,900,16,1055,217132,1,0,6,0,4,77,10,3,2,7,26,66
4873868,Tulia,Texas,5,4,2,0,2779,1924,831,24,440,50554,8,0,2,0,38,33,14,5,24,27,22,27
4874144,Tyler,Texas,3,2,1,0,2524,1847,670,7,35027,90224,24,1,2,0,14,49,7,3,11,19,36,34
4874408,"Universal City",Texas,2,2,0,0,1622,1458,162,2,7621,95384,12,0,3,0,22,40,17,6,3,24,38,35
4874492,"University Park",Texas,1,1,0,0,4785,3414,1362,9,7351,354568,1,0,4,0,4,83,7,1,0,3,6,91
4874588,Uvalde,Texas,4,4,0,0,2346,2234,94,18,2679,63097,1,1,3,0,53,14,14,13,24,19,38,19
4874912,Van,Texas,3,3,0,0,2681,2273,380,28,93,81935,2,0,0,0,13,75,7,3,15,29,35,21
4874924,"Van Alstyne",Texas,2,2,0,0,3031,2395,613,23,344,124493,3,0,0,0,6,79,12,0,5,18,39,38
4875236,Venus,Texas,3,3,0,0,2624,2302,310,12,167,90096,11,0,3,0,9,55,14,7,11,48,24,17
4875308,Vernon,Texas,4,3,1,0,2555,1944,597,14,1100,63290,7,1,3,0,12,56,14,8,17,30,35,19
4875428,Victoria,Texas,3,3,0,0,2386,2209,169,8,21932,82486,7,0,2,0,31,33,21,6,16,25,37,21
4875476,Vidor,Texas,3,3,0,0,2141,2009,118,14,1752,78968,0,0,0,0,5,89,4,1,11,39,35,15
4876000,Waco,Texas,3,3,1,0,2319,1907,405,7,48629,66353,21,0,2,0,17,42,15,4,13,25,36,26
4876096,"Wake Village",Texas,3,3,0,0,2139,1873,256,10,1710,72439,31,1,2,0,2,58,4,2,3,27,39,30
4876228,Waller,Texas,4,3,0,0,2303,2183,115,5,552,64147,45,0,0,0,9,28,6,12,9,31,47,13
4876672,Watauga,Texas,3,2,0,0,2685,2370,301,14,7495,102019,6,1,4,0,11,60,11,6,8,29,35,28
4876816,Waxahachie,Texas,3,2,0,0,2597,2226,361,10,12562,95743,18,0,1,0,13,54,9,6,10,24,38,29
4876864,Weatherford,Texas,2,2,0,0,2083,1827,244,12,9328,96330,3,1,1,0,7,78,7,2,9,25,36,31
4876948,Webster,Texas,2,2,0,0,1602,1516,81,5,6833,76237,16,0,7,0,14,43,9,11,7,18,38,36
4877272,Weslaco,Texas,3,3,0,0,2194,2031,160,3,10289,64952,1,1,0,0,42,10,35,11,27,23,29,21
4877332,West,Texas,4,3,1,0,2881,2052,818,11,47,75198,5,0,0,0,3,72,18,2,18,30,27,24
4877416,"West Columbia",Texas,3,3,0,0,2614,2392,209,13,134,81546,6,3,1,0,14,68,6,2,15,29,35,20
4877632,"West Lake Hills",Texas,1,1,0,0,2606,2014,577,15,1336,229435,0,0,7,0,12,76,3,1,1,2,7,90
4877746,"Weston Lakes",Texas,1,1,0,0,2712,2355,350,7,193,182505,3,0,6,0,4,78,9,0,0,6,33,61
4877752,"West Orange",Texas,3,3,0,0,2239,2006,221,12,1158,77086,16,0,1,0,1,70,12,0,23,21,37,19
4877956,"West University Place",Texas,1,1,0,0,3247,2875,368,4,5198,336145,0,0,11,0,2,74,10,1,1,1,7,91
4878076,"Westworth Village",Texas,2,2,0,0,2100,1786,306,8,1109,103267,6,0,1,0,19,61,11,2,4,36,30,30
4878136,Wharton,Texas,4,3,0,0,2461,2153,301,7,504,68732,26,0,0,0,27,33,10,4,24,23,34,18
4878388,Whitehouse,Texas,3,2,0,0,2767,2371,362,34,1081,101452,3,0,0,0,8,81,7,1,6,19,43,31
4878436,"White Oak",Texas,3,2,0,0,2482,2091,380,11,1052,92847,6,0,0,0,16,59,18,1,17,28,39,17
4878532,Whitesboro,Texas,3,3,1,0,3009,2415,579,15,530,88421,3,2,4,0,1,86,3,1,12,28,38,22
4878544,"White Settlement",Texas,3,3,0,0,2296,2005,286,5,6434,75380,6,0,1,0,12,55,16,10,12,36,34,17
4879000,"Wichita Falls",Texas,3,2,1,0,2447,1885,545,17,31133,76230,12,1,3,0,14,59,8,4,11,29,35,25
4879408,Willis,Texas,3,3,0,0,2357,2190,157,10,1102,80949,2,2,0,0,19,48,11,18,19,22,45,14
4879492,"Willow Park",Texas,2,2,0,0,2937,2697,222,18,928,136267,0,0,1,0,4,89,4,1,2,16,38,45
4879564,"Wills Point",Texas,3,3,0,0,2535,2200,301,34,445,76712,12,0,0,0,15,63,8,2,28,32,28,12
4879576,Wilmer,Texas,4,4,0,0,2356,2129,220,7,262,59231,28,0,0,0,16,22,11,23,37,18,33,12
4879624,Wimberley,Texas,2,1,0,0,2128,1709,409,10,503,138772,1,1,1,0,4,84,8,1,3,16,28,53
4879672,Windcrest,Texas,2,2,0,0,1977,1672,297,8,2719,89423,12,2,4,0,20,38,19,5,6,19,37,38
4879816,Winnsboro,Texas,3,2,1,0,2204,1707,482,15,309,79436,3,0,2,0,5,81,6,3,10,26,39,26
4879876,Winters,Texas,4,3,1,0,2648,1968,665,15,302,59755,2,0,0,0,33,45,17,3,31,33,29,7
4879972,Wolfforth,Texas,2,2,0,0,2664,2093,557,14,903,114580,1,0,1,0,14,57,24,2,2,26,41,32
4880212,Woodville,Texas,3,3,0,0,2298,2141,139,18,608,72141,26,0,2,0,2,60,10,1,15,38,30,16
4880224,Woodway,Texas,2,2,0,0,2692,2341,340,11,3076,126889,4,0,3,0,6,81,3,2,2,9,24,65
4880356,Wylie,Texas,2,2,0,0,2938,2350,581,7,17435,136178,13,1,10,0,9,53,11,3,7,15,33,45
4880560,Yoakum,Texas,5,4,1,0,3358,2947,401,10,777,67009,3,0,0,0,19,47,9,22,17,37,26,19
4900540,Alpine,Utah,1,1,1,0,2523,1438,1067,18,1835,170609,1,0,1,0,0,91,5,1,1,10,25,64
4901310,"American Fork",Utah,2,1,1,0,1951,1070,874,7,9710,118021,0,0,2,1,3,83,7,4,4,15,37,45
4904060,Beaver,Utah,3,2,1,0,2565,1671,699,195,14,88974,0,1,0,0,8,84,1,6,9,24,39,29
4906370,Blanding,Utah,4,2,1,0,3086,1652,1143,291,15,86690,0,18,2,1,3,65,6,4,10,15,39,36
4906810,Bluffdale,Utah,1,1,1,0,2004,1111,888,5,5117,144940,0,0,2,0,2,89,5,2,3,19,36,43
4907690,Bountiful,Utah,2,1,1,0,1978,1102,862,14,13376,116226,1,0,1,1,5,85,5,1,3,15,34,47
4908460,"Brigham City",Utah,3,2,1,0,2739,1925,789,25,4849,81457,1,1,1,1,4,82,9,1,5,29,38,27
4911320,"Cedar City",Utah,2,1,1,0,1745,1008,674,63,7197,81458,2,2,2,0,4,81,6,3,5,16,46,33
4911440,"Cedar Hills",Utah,2,1,1,0,2501,1422,1067,12,875,163378,2,2,1,0,6,81,7,1,1,5,29,64
4911980,Centerville,Utah,1,1,1,0,1875,1043,820,12,4106,130384,1,0,1,1,5,87,4,0,1,12,39,49
4913850,Clearfield,Utah,2,1,1,0,1687,941,739,7,9505,90101,3,0,2,1,8,72,8,6,8,29,40,24
4914290,Clinton,Utah,2,1,1,0,2024,1130,887,7,6052,119945,1,0,3,1,9,78,6,2,4,22,45,29
4916270,"Cottonwood Heights",Utah,1,1,1,0,1913,1002,899,12,12092,145304,1,0,3,1,3,85,5,2,2,12,28,58
4918910,Delta,Utah,3,2,1,0,2164,1190,929,45,34,78895,1,0,2,0,5,82,7,3,3,33,38,26
4920120,Draper,Utah,1,1,1,0,2249,1261,973,15,16624,167782,2,0,4,1,3,82,6,2,2,11,30,57
4920810,"Eagle Mountain",Utah,2,1,1,0,1940,1112,823,5,8137,114213,0,1,0,1,5,83,6,4,4,15,40,41
4922370,"Elk Ridge",Utah,2,1,1,0,3051,1957,1081,13,62,157355,1,0,1,0,2,91,4,1,2,9,33,56
4923200,Enoch,Utah,3,1,1,0,1860,1080,723,57,739,73502,0,0,0,0,1,92,1,5,3,16,48,34
4923530,Ephraim,Utah,3,1,1,0,2249,1313,885,51,138,89806,1,0,1,0,1,91,2,4,4,19,47,30
4924740,Farmington,Utah,1,1,1,0,2135,1190,910,35,3778,149781,1,0,1,1,3,89,4,1,1,9,38,52
4924850,"Farr West",Utah,1,1,1,0,1934,1051,875,8,2257,133232,0,1,1,0,4,85,6,1,3,19,44,33
4925510,Fillmore,Utah,3,2,1,0,2724,1762,824,138,15,89788,0,2,3,0,3,81,2,10,12,28,36,24
4927490,"Fruit Heights",Utah,2,1,1,0,2310,1359,934,17,1464,125561,0,2,3,0,0,88,7,0,2,10,27,61
4931120,Grantsville,Utah,2,1,1,0,2080,1121,940,19,2055,111080,0,1,0,0,4,89,3,3,7,31,40,21
4932660,Gunnison,Utah,2,1,1,0,1990,1061,850,79,12,81675,0,3,1,1,1,72,4,19,7,35,43,15
4933540,Harrisville,Utah,2,1,1,0,1841,972,865,4,2432,97566,1,0,0,1,9,79,5,6,5,31,42,22
4934200,Heber,Utah,2,1,1,0,2421,1472,924,25,2922,131360,1,0,2,0,5,78,7,6,4,17,35,44
4934970,Herriman,Utah,1,1,1,0,1860,1037,821,2,11944,128056,1,0,3,1,2,81,10,3,3,16,37,43
4935190,Highland,Utah,1,1,1,0,2418,1349,1056,13,4213,183089,1,1,1,1,1,89,5,1,1,5,25,69
4935300,Hildale,Utah,2,1,1,0,2475,1401,931,143,11,100539,0,0,0,0,2,91,4,2,6,33,31,30
4936070,Holladay,Utah,1,1,1,0,1978,998,968,12,11711,148099,2,0,3,1,3,86,6,1,3,9,26,62
4936400,Hooper,Utah,2,1,1,0,1989,1079,901,9,3100,118486,0,0,0,1,2,90,6,1,2,22,42,34
4937170,Hurricane,Utah,3,2,1,0,2176,1544,611,21,4941,83024,1,0,0,0,4,88,2,5,4,26,44,26
4937390,"Hyde Park",Utah,2,1,1,0,2220,1120,1057,43,928,137303,0,0,2,0,2,90,4,1,2,20,30,48
4937500,Hyrum,Utah,3,2,1,0,3284,2205,1048,31,1488,96574,0,0,1,2,4,84,6,4,9,20,37,34
4938710,Ivins,Utah,2,1,1,0,1975,1372,580,23,2452,100492,0,0,2,0,5,85,7,1,2,18,38,41
4939920,Kanab,Utah,3,1,1,0,2480,1147,1076,257,139,89994,0,1,1,0,3,91,3,1,6,22,36,35
4940360,Kaysville,Utah,2,1,1,0,2496,1553,930,13,7417,143376,1,0,1,0,1,91,5,1,1,10,31,58
4943440,"La Verkin",Utah,3,2,1,0,2040,1364,647,29,984,80994,0,1,0,1,3,83,6,7,8,19,43,30
4943660,Layton,Utah,2,1,1,0,1866,1058,799,9,24711,115715,2,1,2,1,8,77,8,2,5,19,35,41
4944320,Lehi,Utah,1,1,1,0,1802,891,901,10,18841,143718,0,0,2,0,3,86,5,2,3,12,34,52
4945090,Lindon,Utah,2,1,1,0,2118,1181,928,9,3209,135846,0,0,2,2,1,86,7,1,4,12,33,51
4945860,Logan,Utah,2,1,1,0,1557,774,768,15,16131,73475,1,0,4,1,7,77,6,4,5,17,44,34
4947730,Manti,Utah,3,2,1,0,2123,1196,910,17,6,79467,0,0,2,0,0,85,2,11,7,28,46,19
4947950,Mapleton,Utah,1,1,1,0,2311,1252,1049,10,2746,158053,0,0,0,0,3,91,5,0,2,12,34,51
4949710,Midvale,Utah,2,1,1,0,1521,807,706,8,14596,92002,3,1,4,2,7,66,11,7,8,18,39,35
4949820,Midway,Utah,1,1,1,0,2221,1189,998,34,1069,170557,0,0,0,0,1,96,2,1,3,8,29,60
4950150,Millcreek,Utah,1,1,1,0,1755,880,865,10,21737,120446,3,1,4,0,4,77,7,4,3,15,30,52
4950700,Moab,Utah,3,2,1,0,1880,992,829,59,469,65716,0,4,0,1,10,73,8,4,8,18,42,33
4951580,Monticello,Utah,3,1,1,0,2554,1199,941,414,13,84014,0,3,0,0,6,85,1,5,2,28,47,22
4951910,Morgan,Utah,2,1,1,0,2203,1122,1026,55,96,137578,0,0,0,1,3,94,0,2,2,24,46,28
4953010,"Mount Pleasant",Utah,3,1,1,0,2303,1058,1109,136,15,82817,1,1,0,0,0,89,5,4,4,33,35,28
4953230,Murray,Utah,2,1,1,0,1650,789,854,7,20351,108634,1,1,4,1,5,78,8,3,3,19,37,41
4953560,Naples,Utah,2,1,1,0,1550,771,689,90,396,79453,0,8,4,0,2,77,9,1,1,39,33,27
4954220,Nephi,Utah,4,3,1,0,3763,2895,792,76,400,103651,1,1,1,0,2,91,5,0,3,36,40,21
4954660,Nibley,Utah,2,1,1,0,2229,1193,1022,14,921,127553,0,1,1,0,5,81,4,7,5,19,34,42
4954990,"North Logan",Utah,2,1,1,0,1728,922,791,15,3334,98144,0,1,2,0,4,80,8,5,3,15,39,43
4955100,"North Ogden",Utah,2,1,1,0,1966,1064,893,9,5683,111645,1,0,2,0,5,83,6,3,4,20,38,38
4955210,"North Salt Lake",Utah,1,1,1,0,1917,1055,836,26,5067,127966,0,0,3,1,7,77,11,2,7,16,38,38
4955980,Ogden,Utah,2,1,1,0,1777,945,820,12,31911,83876,2,1,2,0,16,63,9,8,10,27,36,26
4957300,Orem,Utah,2,1,1,0,1770,995,765,10,30343,101874,1,1,1,1,8,75,9,5,4,15,39,42
4958070,"Park City",Utah,1,1,1,0,2078,1035,1016,27,2038,171654,1,0,5,0,5,78,8,4,0,9,17,74
4958510,Parowan,Utah,3,2,1,0,2027,1161,695,171,16,74017,0,5,1,0,1,91,1,1,3,19,54,24
4958730,Payson,Utah,3,2,1,0,2639,1774,848,17,4696,103069,0,1,0,1,7,80,6,4,6,24,45,24
4959390,Perry,Utah,2,1,1,0,2368,1467,883,18,1453,119098,0,2,0,0,6,87,4,1,1,19,40,39
4960710,"Plain City",Utah,2,1,1,0,2005,1070,904,31,1219,127304,0,1,1,0,1,90,5,2,2,18,46,34
4960930,"Pleasant Grove",Utah,2,1,1,0,1806,1010,785,11,10625,114597,0,0,2,1,4,81,8,4,3,16,39,42
4961150,"Pleasant View",Utah,1,1,1,0,1936,1064,866,6,2760,132342,0,0,2,0,8,80,6,3,3,19,38,40
4962030,Price,Utah,5,3,2,0,2519,1594,877,48,1462,54116,1,2,1,0,12,71,9,4,8,27,53,11
4962360,Providence,Utah,2,1,1,0,2122,1124,975,23,2141,123995,2,1,1,0,3,83,9,2,1,15,34,50
4962470,Provo,Utah,2,1,1,0,1473,797,672,4,29698,80555,1,1,2,1,9,73,9,4,4,12,46,38
4963570,Richfield,Utah,2,1,1,0,2084,1109,914,61,277,89473,1,1,0,0,3,92,2,0,6,24,44,26
4963680,Richmond,Utah,2,1,1,0,2219,1085,1080,54,95,113851,0,1,0,0,3,91,5,0,2,30,39,29
4964010,Riverdale,Utah,2,1,1,0,1919,982,927,10,2870,92850,0,0,1,0,8,72,12,6,6,36,37,21
4964340,Riverton,Utah,1,1,1,0,1996,1098,892,6,13149,138712,0,1,2,1,4,84,5,3,3,16,40,41
4964670,Roosevelt,Utah,2,1,1,0,1949,942,943,64,1108,83705,1,6,0,1,9,72,6,5,13,33,36,17
4965110,Roy,Utah,2,1,1,0,1850,1009,829,12,12993,97366,1,1,2,0,9,73,7,8,6,29,41,25
4965330,"St. George",Utah,2,1,1,0,1791,1274,506,11,30786,99420,1,1,1,1,6,81,5,4,4,17,44,34
4965770,Salem,Utah,2,1,1,0,2616,1553,1042,21,1891,130601,1,0,0,1,1,90,6,1,4,19,41,36
4965880,Salina,Utah,2,1,1,0,1924,989,874,61,17,84006,0,1,0,0,3,93,1,2,5,38,34,23
4967000,"Salt Lake City",Utah,1,1,1,0,1543,819,716,8,87027,111036,3,1,6,2,6,64,8,10,7,16,27,51
4967440,Sandy,Utah,1,1,1,0,1986,1077,897,12,31685,138827,1,1,3,1,4,80,6,4,3,17,33,47
4967660,"Santa Clara",Utah,2,2,1,0,2488,1860,611,17,1508,112174,0,0,1,0,5,83,7,3,1,17,38,44
4967770,Santaquin,Utah,2,1,1,0,2071,1207,844,20,2056,96704,1,1,0,1,9,78,4,7,9,27,41,23
4967825,"Saratoga Springs",Utah,1,1,1,0,1765,980,781,4,8257,129962,0,0,1,0,4,83,8,4,1,11,34,54
4969640,Smithfield,Utah,2,1,1,0,2074,1078,965,31,894,110446,0,0,0,0,2,88,4,5,4,18,37,41
4970850,"South Jordan",Utah,1,1,1,0,2008,1109,893,6,23878,147259,0,1,4,0,3,82,5,4,1,13,35,51
4970960,"South Ogden",Utah,2,1,1,0,2033,1071,952,10,5004,113737,1,1,1,0,12,78,5,1,5,22,39,33
4971070,"South Salt Lake",Utah,2,1,1,0,1600,828,764,8,11122,81783,5,3,9,1,10,51,10,11,11,25,34,30
4971180,"South Weber",Utah,1,1,1,0,1942,1074,861,7,1674,137396,1,0,2,0,3,82,6,6,1,15,33,51
4971290,"Spanish Fork",Utah,2,1,1,0,2017,1001,1003,13,10566,118721,0,0,0,0,6,84,7,2,4,19,36,40
4972280,Springville,Utah,2,1,1,0,2000,1051,936,13,8974,104596,0,0,1,1,8,78,6,5,4,18,36,41
4974480,Sunset,Utah,2,1,1,0,1763,930,826,7,1663,77757,0,1,1,0,12,77,8,0,8,36,40,15
4974810,Syracuse,Utah,2,1,1,0,2105,1181,917,7,6786,140016,1,1,1,1,4,84,5,3,4,18,35,43
4975360,Taylorsville,Utah,2,1,1,0,1725,935,783,7,20766,98686,1,1,6,2,8,62,9,11,11,26,37,26
4976680,Tooele,Utah,2,1,1,0,1850,1041,800,9,10580,96774,1,0,1,0,6,79,8,4,5,42,36,17
4977120,Tremonton,Utah,2,1,1,0,1760,945,802,13,2050,76082,0,0,0,0,7,84,7,2,9,33,36,22
4980090,Vernal,Utah,2,1,1,0,1863,914,790,159,1089,76527,0,2,1,0,8,76,10,3,11,34,40,16
4980420,Vineyard,Utah,1,1,1,0,1787,1041,743,3,3369,129417,1,3,3,2,6,76,6,4,2,10,43,45
4981960,Washington,Utah,2,1,1,0,2172,1585,577,10,7176,112127,0,3,1,0,9,76,5,6,2,14,45,38
4982070,"Washington Terrace",Utah,2,1,1,0,1859,947,905,7,2790,95149,1,0,0,0,6,86,4,2,4,16,52,28
4982620,Wellsville,Utah,2,1,1,0,2675,1504,1089,82,342,130187,0,0,1,1,4,85,5,3,5,17,40,37
4982840,"West Bountiful",Utah,2,1,1,0,1969,1072,880,17,1299,127428,1,0,5,2,6,79,4,2,4,16,34,46
4982930,"West Haven",Utah,2,1,1,0,1824,1007,812,5,4104,115455,1,0,2,0,9,79,5,4,4,30,36,30
4982950,"West Jordan",Utah,2,1,1,0,1838,982,848,8,35103,117239,1,1,3,2,7,69,10,8,5,23,40,32
4983390,"West Point",Utah,2,1,1,0,2087,1145,935,7,3099,130351,1,1,2,0,7,79,7,4,5,19,42,35
4983470,"West Valley City",Utah,2,1,1,0,1823,982,833,8,37547,94869,3,1,5,4,9,44,9,25,15,32,37,16
4985370,"Woods Cross",Utah,2,1,1,0,2005,1139,852,14,3162,126436,2,0,2,0,5,84,5,2,2,16,44,37
5001375,Arlington,Vermont,5,2,1,2,4540,1535,908,2097,50,97993,4,0,1,0,1,87,5,2,4,23,29,44
5003175,Barre,Vermont,5,2,1,3,3954,1299,636,2019,3795,73577,0,0,1,0,1,93,4,1,6,36,27,32
5003475,Barton,Vermont,7,2,1,4,4841,1684,686,2471,37,70148,1,1,0,0,1,94,2,1,4,28,32,36
5004750,Bennington,Vermont,5,2,1,3,3827,1341,434,2052,2455,76183,0,0,2,0,1,93,4,0,5,28,30,36
500580,Alexander,Arkansas,2,2,0,0,2098,1671,410,17,471,90961,24,0,0,0,4,63,5,3,12,24,27,37
5007225,Bradford,Vermont,4,2,1,2,4319,1517,1007,1795,36,97918,0,0,1,0,0,95,3,0,4,29,32,36
5007675,Brandon,Vermont,5,2,1,2,4333,1511,712,2110,118,85985,1,0,1,0,0,93,4,0,6,31,30,33
5007975,Brattleboro,Vermont,6,2,1,3,3876,1267,540,2069,1960,70298,1,0,1,0,1,94,4,0,4,24,23,50
5008950,Bristol,Vermont,4,1,1,2,4508,1519,988,2001,82,108413,2,0,0,0,0,96,2,0,5,31,24,39
500970,Alma,Arkansas,3,2,1,0,2492,1716,753,23,649,71348,3,1,0,0,0,87,7,2,8,33,41,18
5010675,Burlington,Vermont,2,1,1,0,2071,956,977,138,17448,97760,4,0,3,0,1,86,5,1,4,13,27,56
5011425,Cambridge,Vermont,4,1,1,2,4608,1398,1351,1859,28,109243,2,1,0,0,1,90,6,1,2,17,29,53
5011875,Castleton,Vermont,5,2,1,2,4122,1464,899,1759,52,77944,1,0,0,0,1,94,2,1,6,33,23,38
5013600,Chester,Vermont,5,2,1,2,4587,1509,802,2276,38,98851,2,0,0,0,0,97,1,0,8,25,26,41
501870,Arkadelphia,Arkansas,3,2,1,0,1612,1296,306,10,2197,57550,31,0,0,0,2,60,4,3,4,25,41,30
5021850,"East Montpelier",Vermont,4,1,1,2,4667,1380,1228,2059,11,107171,1,0,1,0,1,94,2,0,2,16,21,61
502380,Ashdown,Arkansas,3,2,1,0,2374,1789,554,31,166,72872,22,0,0,0,0,67,10,1,7,30,34,30
5024850,Fairfax,Vermont,3,1,1,1,4563,1552,1624,1387,48,131567,0,0,1,0,1,96,2,0,1,24,24,50
5025450,"Fair Haven",Vermont,6,2,1,3,4949,1618,690,2641,159,81477,0,0,0,0,0,94,6,0,3,38,35,24
502590,Atkins,Arkansas,3,2,0,0,2012,1590,390,32,190,79638,1,0,0,0,0,95,3,0,6,41,38,15
502860,Austin,Arkansas,2,2,0,0,2326,1901,407,18,526,100557,4,0,2,0,2,86,5,0,4,28,33,35
5031750,Hardwick,Vermont,5,2,1,2,4657,1490,1262,1905,52,90042,2,0,0,0,1,91,7,0,6,44,21,29
5032350,Hartland,Vermont,4,1,1,2,4538,1447,964,2127,30,104791,0,0,1,0,0,97,2,0,3,18,40,40
503280,"Bald Knob",Arkansas,4,3,1,0,2148,1632,486,30,71,59628,1,0,0,0,3,90,5,2,12,46,27,14
5033175,Highgate,Vermont,5,2,1,2,4823,1733,1079,2011,14,88748,0,1,0,0,0,88,11,0,12,44,25,19
5033400,Hinesburg,Vermont,3,1,1,1,4017,1478,957,1582,72,140721,0,0,0,0,1,95,4,1,2,19,19,60
5034975,"Hyde Park",Vermont,5,2,1,2,5189,1753,1003,2433,37,104317,0,0,0,0,0,98,1,0,11,32,25,32
503640,Barling,Arkansas,3,2,1,0,2156,1685,436,35,2079,72527,3,0,9,0,5,75,3,5,6,41,26,27
5036625,Jericho,Vermont,3,1,1,1,3831,1462,1127,1242,82,148235,0,0,1,0,0,93,5,1,0,14,28,59
5037000,Johnson,Vermont,6,2,1,2,4848,1875,1190,1783,38,86527,2,1,0,0,1,92,4,0,1,23,37,39
504030,Batesville,Arkansas,3,2,1,0,2064,1514,520,30,1029,78520,4,0,1,0,5,76,6,7,8,34,30,28
5041650,Lyndon,Vermont,7,2,1,3,4851,1617,787,2447,11,74051,2,0,0,0,0,97,1,1,2,36,27,35
5042700,Manchester,Vermont,3,1,1,1,4234,1448,1165,1621,101,124087,1,0,0,0,0,93,2,3,5,17,30,48
5044275,Middlebury,Vermont,3,1,1,1,3758,1437,928,1393,1111,110163,3,0,10,0,2,76,8,1,4,11,22,62
5045175,Milton,Vermont,3,1,1,1,3347,1487,1074,786,400,128952,6,0,0,0,0,91,2,0,6,24,37,33
504600,Beebe,Arkansas,3,2,1,0,2123,1666,436,21,792,77468,2,0,0,0,1,92,5,1,9,32,37,22
5046000,Montpelier,Vermont,4,1,1,2,4009,1281,729,1999,3861,103319,1,0,2,0,2,90,5,0,2,14,16,68
504840,"Bella Vista",Arkansas,2,2,0,0,2469,1866,548,55,10476,124088,1,1,1,0,1,85,10,1,5,20,33,42
5048850,Newport,Vermont,5,2,1,3,4183,1169,679,2335,1988,76621,1,0,0,0,1,94,3,0,11,38,28,23
5050200,Northfield,Vermont,6,2,1,3,5024,1817,720,2487,58,91325,1,0,1,0,3,90,5,0,5,29,27,39
5052825,Norwich,Vermont,3,1,1,1,4735,1528,1459,1748,39,150052,0,0,2,0,2,90,5,0,0,8,7,84
505290,Benton,Arkansas,2,1,1,0,1913,1317,583,13,11080,89853,9,0,2,0,3,82,3,1,6,28,39,27
505320,Bentonville,Arkansas,2,1,0,0,2046,1415,618,13,17404,124220,3,1,12,0,6,63,14,2,4,19,27,49
5055525,Pittsford,Vermont,5,2,1,2,4272,1509,650,2113,63,85236,0,0,0,0,0,93,7,0,4,42,21,34
505560,Berryville,Arkansas,4,2,1,0,2579,1582,964,33,537,71010,0,2,1,1,11,60,22,3,17,38,23,23
5056800,Poultney,Vermont,5,2,1,3,4478,1476,824,2178,15,83078,1,0,0,0,0,93,5,0,4,29,27,40
5056950,Pownal,Vermont,5,2,1,2,4361,1575,682,2104,12,87449,0,0,0,0,0,96,2,1,5,33,28,34
505740,"Bethel Heights",Arkansas,2,1,1,0,2616,1672,919,25,398,114791,2,1,2,6,10,49,25,6,16,28,25,31
5057625,Putney,Vermont,5,2,1,2,4387,1445,949,1993,43,95737,1,0,1,0,0,89,8,0,6,29,21,44
5058000,Randolph,Vermont,5,2,1,2,4153,1405,828,1920,184,86937,0,0,0,0,0,96,4,0,3,25,29,44
5059050,Richford,Vermont,6,2,1,3,4170,1413,862,1895,14,74346,0,0,0,0,0,95,4,1,11,30,28,31
5059200,Richmond,Vermont,3,1,1,1,4042,1443,1347,1252,73,146449,1,0,1,0,2,93,3,0,2,8,29,61
5061225,Rutland,Vermont,5,2,1,3,3924,1323,492,2109,7570,74047,1,0,1,0,1,94,3,0,9,31,26,34
5061675,"St. Albans",Vermont,4,2,2,1,2862,1301,1056,505,2862,70143,1,2,0,0,0,90,6,1,8,30,37,25
5062125,"St. Johnsbury",Vermont,6,2,1,3,4309,1352,810,2147,1184,78052,1,0,1,0,0,93,4,2,8,29,27,36
5064225,Shelburne,Vermont,2,1,1,0,3163,1382,1174,607,766,143382,0,0,4,0,1,89,6,0,3,7,23,67
5066175,"South Burlington",Vermont,2,1,1,0,2470,1231,1028,211,8783,126364,2,0,9,0,1,81,6,1,1,11,20,68
5069475,Springfield,Vermont,5,2,1,3,4248,1412,507,2329,277,79674,1,0,1,0,0,94,3,1,6,37,30,26
5070450,Stowe,Vermont,5,3,1,1,6276,2975,1589,1712,25,115146,0,1,0,0,0,96,1,2,4,5,26,65
5071650,Swanton,Vermont,4,2,2,1,4091,1686,1387,1018,25,91862,0,2,2,0,0,93,3,0,10,40,30,20
507330,Blytheville,Arkansas,4,2,2,0,2889,1502,1377,10,3826,74166,54,0,0,0,2,38,3,3,14,35,31,20
5074050,Underhill,Vermont,3,1,1,1,4168,1488,1089,1591,25,135218,1,0,0,0,1,93,4,0,0,22,26,52
5074650,Vergennes,Vermont,4,1,1,1,3709,1450,825,1434,1047,100310,2,0,0,0,2,93,2,2,11,22,32,36
5076900,Waterbury,Vermont,4,2,1,1,4984,1960,1486,1538,66,129502,0,0,1,0,0,96,2,2,3,14,21,63
507720,Booneville,Arkansas,4,3,1,0,2055,1532,469,54,705,55356,4,1,0,0,1,91,4,0,8,42,42,8
5081325,Westminster,Vermont,4,1,1,2,4614,1473,852,2289,37,103965,6,1,0,0,1,87,4,1,8,17,31,45
5084100,Williamstown,Vermont,5,2,1,2,4799,1598,1179,2022,105,99742,0,0,0,0,0,98,2,0,7,46,24,23
5085000,Windsor,Vermont,6,2,1,3,4238,1315,852,2071,119,72600,0,0,0,0,0,93,6,1,6,34,32,27
5085150,Winooski,Vermont,2,1,1,0,1979,996,879,104,3665,85053,5,0,11,0,1,80,2,0,8,10,24,57
5085900,Woodstock,Vermont,3,1,1,1,4533,1410,1292,1831,41,133697,1,0,0,0,0,97,2,0,1,14,20,65
508950,Brinkley,Arkansas,4,3,1,0,2007,1533,445,29,67,45788,55,0,0,0,0,44,0,0,21,38,25,16
509100,Brookland,Arkansas,3,2,1,0,2532,1952,527,53,216,97842,1,0,0,0,1,92,5,0,10,39,27,24
509460,Bryant,Arkansas,2,2,0,0,2062,1594,451,17,8061,95101,14,0,3,0,3,73,5,2,8,23,31,37
5100148,Abingdon,Virginia,3,2,0,0,1903,1666,145,92,2334,70273,6,0,2,0,1,88,3,0,10,22,32,36
5101000,Alexandria,Virginia,1,1,0,0,1600,1156,430,14,74819,160661,21,0,6,0,6,51,10,5,5,9,16,70
5101528,Altavista,Virginia,4,3,1,1,2627,1764,421,442,1407,61065,31,0,0,0,0,66,4,0,12,29,41,18
5101672,Amherst,Virginia,3,2,0,0,2314,1853,223,238,176,89684,17,0,0,0,1,78,1,1,17,31,18,33
510300,Cabot,Arkansas,3,2,0,0,2168,1794,361,13,5675,85408,4,0,1,0,3,85,6,1,5,30,40,25
5103368,Ashland,Virginia,2,2,0,0,2261,1809,291,161,2275,94174,19,0,2,0,3,64,5,6,11,20,32,37
5105544,Bedford,Virginia,3,3,0,0,2262,1836,166,260,2785,67900,18,0,3,0,0,71,4,4,15,33,32,20
5106968,Berryville,Virginia,2,2,1,0,2640,1679,594,367,935,109368,8,0,1,0,8,79,2,2,7,29,33,32
510720,Camden,Arkansas,4,2,1,0,2289,1560,687,42,2276,63413,52,0,0,0,1,44,2,0,8,32,38,21
5107480,"Big Stone Gap",Virginia,4,3,0,0,2497,2098,281,118,638,68113,13,0,2,0,0,81,4,0,16,23,37,24
5107784,Blacksburg,Virginia,2,2,0,0,1624,1351,216,57,10241,74855,4,1,12,0,1,78,2,1,1,11,34,54
5107832,Blackstone,Virginia,5,3,1,1,3627,2180,699,748,151,75722,42,0,0,0,1,49,6,2,12,25,38,25
5108152,Bluefield,Virginia,3,3,0,0,2213,1919,188,106,639,68754,10,0,1,0,0,87,1,0,21,29,32,18
5109656,Bridgewater,Virginia,2,2,0,0,2092,1587,257,248,1404,91242,3,0,0,0,3,88,2,4,3,16,30,52
5109816,Bristol,Virginia,3,2,0,0,1873,1569,215,89,7299,67061,6,0,0,0,1,87,5,1,12,30,34,25
5110040,Broadway,Virginia,3,2,0,0,2326,1624,370,332,294,92535,0,0,0,0,4,89,4,3,10,37,29,24
5111032,"Buena Vista",Virginia,4,3,1,0,2387,1621,673,93,2655,61185,4,0,1,0,1,86,7,1,15,29,34,22
5114968,Charlottesville,Virginia,2,1,1,0,2001,1421,544,36,19511,106959,17,0,7,0,3,65,6,1,6,12,21,60
5116000,Chesapeake,Virginia,2,2,1,0,2633,1922,636,75,91368,117334,29,0,4,0,2,55,7,2,5,19,37,40
5116512,Chincoteague,Virginia,3,2,1,0,2098,1358,412,328,1770,78493,0,0,0,0,2,94,4,0,7,24,33,35
5116608,Christiansburg,Virginia,2,2,0,0,2015,1648,281,86,5391,90159,5,0,2,0,1,86,5,1,7,18,27,48
5117440,"Clifton Forge",Virginia,4,3,1,0,2396,1678,618,100,1029,55205,12,0,0,0,1,83,2,2,9,46,26,19
5118400,"Colonial Beach",Virginia,4,3,1,0,2632,2024,409,199,1751,73239,10,1,3,0,0,80,5,1,12,36,29,24
5118448,"Colonial Heights",Virginia,3,2,1,0,2865,1981,704,180,7612,89844,17,0,4,0,3,69,4,3,6,29,36,29
5119728,Covington,Virginia,5,3,1,0,2708,1892,683,133,2503,59125,13,0,1,0,1,80,4,0,11,48,28,13
5120752,Culpeper,Virginia,3,2,1,0,3350,2178,1078,94,1645,127877,14,0,2,1,4,64,5,10,11,23,31,36
5121344,Danville,Virginia,4,3,1,0,2505,1871,549,85,18755,60979,50,0,1,0,1,40,6,1,15,35,31,19
512340,"Cave Springs",Arkansas,2,1,1,0,2868,1865,982,21,2587,181444,1,0,4,0,2,78,12,4,2,15,22,62
5123648,Dublin,Virginia,3,2,0,0,2004,1635,220,149,608,70844,4,0,0,0,1,92,2,1,9,32,48,11
5123760,Dumfries,Virginia,2,1,1,0,2198,1604,586,8,1714,111028,34,1,2,0,18,23,13,10,20,19,34,27
5125408,Elkton,Virginia,3,2,0,1,2725,1876,302,547,411,81642,3,0,0,0,1,95,1,0,11,42,33,14
5125808,Emporia,Virginia,5,4,1,1,3112,2275,322,515,2245,62155,61,0,1,0,1,24,14,0,24,29,30,17
5126496,Fairfax,Virginia,1,1,0,0,2275,1480,633,162,9129,170177,6,0,17,0,6,53,9,8,8,9,19,65
5127200,"Falls Church",Virginia,1,1,0,0,2140,1475,634,31,5740,225995,5,0,9,0,4,69,10,3,1,4,12,83
5127440,Farmville,Virginia,4,3,0,0,2349,1809,309,231,1340,61924,29,0,2,3,3,59,3,1,7,29,27,38
512820,Centerton,Arkansas,2,1,1,0,2422,1654,754,14,4243,139932,6,0,6,0,3,61,19,4,4,18,32,46
5129600,Franklin,Virginia,5,4,0,1,3344,2676,251,417,3349,72024,51,0,3,0,0,38,6,0,17,32,30,21
5129744,Fredericksburg,Virginia,2,1,1,0,2162,1551,573,38,11276,113857,22,0,4,0,3,57,9,5,6,20,28,47
5129968,"Front Royal",Virginia,4,3,0,1,2995,2077,345,573,4328,78976,10,0,1,0,2,72,8,6,15,33,31,21
5130208,Galax,Virginia,3,2,0,1,2534,1754,196,584,2618,74360,8,0,0,0,6,71,10,4,21,25,39,15
513300,Charleston,Arkansas,4,2,1,0,2661,1744,877,40,128,75718,1,0,1,0,0,88,10,0,4,37,37,22
5133488,Grottoes,Virginia,3,2,0,1,2757,1781,329,647,67,92502,2,1,0,0,6,86,5,0,9,36,33,23
513450,"Cherokee Village",Arkansas,5,3,1,0,2441,1718,628,95,1134,53511,0,0,1,0,1,92,5,0,12,35,38,15
5135000,Hampton,Virginia,3,2,1,0,2325,1629,646,50,57470,83017,49,0,2,0,2,36,8,2,6,26,39,29
5135624,Harrisonburg,Virginia,2,2,0,0,1700,1261,266,173,17142,74811,7,0,3,0,7,64,12,6,13,19,31,36
5136648,Herndon,Virginia,1,1,0,0,2166,1660,494,12,7787,183041,7,1,16,0,8,35,11,22,12,13,14,61
5137336,Hillsville,Virginia,4,3,0,1,2266,1720,177,369,280,60649,0,0,0,0,0,96,3,0,16,45,25,15
5138424,Hopewell,Virginia,4,3,1,0,2595,2034,471,90,9348,63324,43,0,1,0,4,43,7,2,12,41,35,12
514140,Clarksville,Arkansas,4,3,1,0,2076,1383,660,33,1592,50396,2,1,7,0,14,66,7,3,23,36,27,14
514260,Clinton,Arkansas,3,2,1,0,2138,1620,444,74,146,67389,1,0,0,1,0,93,3,2,12,37,36,16
5144696,Lebanon,Virginia,3,3,0,0,2224,1797,241,186,276,68764,2,0,0,0,0,97,0,0,14,41,24,21
5144984,Leesburg,Virginia,1,1,0,0,2382,1667,649,66,11327,163259,11,1,11,0,6,55,13,4,8,14,20,58
5145512,Lexington,Virginia,3,2,1,0,2456,1367,1045,44,1991,88776,5,0,3,0,2,81,6,2,4,22,16,58
5147208,Lovettsville,Virginia,2,1,1,0,4035,2338,1316,381,40,211029,4,0,5,0,4,81,5,1,3,16,21,60
5147528,Luray,Virginia,4,2,1,1,3000,1899,432,669,142,79395,3,0,0,0,0,92,3,1,14,36,28,22
5147672,Lynchburg,Virginia,3,2,1,0,2183,1632,408,143,28910,76360,28,0,2,0,2,61,5,2,8,21,31,40
5148952,Manassas,Virginia,2,1,0,0,2125,1562,502,61,13840,139707,13,1,6,0,15,38,18,9,9,25,27,39
5148968,"Manassas Park",Virginia,2,1,1,0,2224,1491,712,21,5228,121666,15,3,11,0,15,30,12,14,20,19,28,33
5149464,Marion,Virginia,3,3,0,0,2098,1639,156,303,388,64859,3,0,0,0,1,94,3,0,13,32,33,22
5149784,Martinsville,Virginia,5,4,0,0,2932,2452,261,219,5628,59682,45,1,1,0,2,43,5,3,11,26,43,20
515190,Conway,Arkansas,2,2,1,0,1576,1185,376,15,20721,74822,19,0,2,0,2,70,5,3,5,20,37,38
515460,Corning,Arkansas,4,3,1,0,2248,1666,549,33,308,58437,0,0,0,0,0,96,2,2,23,30,28,19
5156000,"Newport News",Virginia,3,2,1,0,2104,1611,441,52,75465,81167,41,0,3,0,3,41,8,3,7,28,35,30
5157000,Norfolk,Virginia,3,2,1,0,2188,1621,475,92,93797,84312,41,0,4,0,3,42,7,3,9,23,34,34
5157688,Norton,Virginia,4,3,0,0,2202,1953,174,75,1592,59721,2,0,0,0,0,94,4,0,11,38,33,18
5159496,Orange,Virginia,3,2,0,1,2767,1706,418,643,222,87201,25,0,0,0,1,69,5,0,16,24,30,30
5161208,Pearisburg,Virginia,3,3,0,0,2316,1866,272,178,91,72070,3,0,0,0,1,94,1,0,7,38,39,15
5161832,Petersburg,Virginia,4,3,1,0,2339,1718,521,100,14703,60171,77,0,1,0,2,15,4,0,11,29,34,26
516240,Crossett,Arkansas,4,3,1,0,2244,1663,561,20,548,62105,39,0,0,0,2,57,2,0,12,40,27,21
5163768,Poquoson,Virginia,2,1,0,0,2743,1911,627,205,4657,141664,2,0,2,0,3,90,3,1,3,22,31,45
5164000,Portsmouth,Virginia,3,2,1,0,2555,1694,808,53,38962,76386,52,0,1,0,1,36,7,2,9,29,38,24
5164880,Pulaski,Virginia,3,3,0,0,2066,1677,198,191,1924,59565,3,0,1,0,2,89,5,0,7,39,38,17
5165008,Purcellville,Virginia,2,1,1,0,3794,2201,1237,356,1140,203246,9,0,3,0,3,75,8,1,5,7,28,61
5165392,Radford,Virginia,4,3,0,0,2879,2459,297,123,5467,73464,9,0,2,0,2,83,4,1,4,14,41,40
5166928,Richlands,Virginia,4,4,0,0,2437,2005,255,177,552,55752,0,0,1,0,0,98,1,0,14,35,37,13
5167000,Richmond,Virginia,3,2,1,0,2297,1631,490,176,101201,91719,44,0,2,0,3,42,6,3,10,18,26,46
5168000,Roanoke,Virginia,3,2,1,0,2178,1455,595,128,42806,74785,29,0,3,0,2,57,6,2,10,32,28,31
5168496,"Rocky Mount",Virginia,3,3,0,0,2242,1756,280,206,1231,66981,23,0,0,0,2,67,7,1,10,28,37,25
5170000,Salem,Virginia,2,1,1,0,2129,1415,665,49,10045,95741,8,0,2,0,2,84,3,2,5,23,38,33
5170096,Saltville,Virginia,4,3,0,1,2347,1767,214,366,257,60366,0,0,0,0,0,99,1,0,18,40,20,22
5171776,Shenandoah,Virginia,4,3,0,1,2940,2014,354,572,59,74317,1,0,0,0,1,89,8,1,14,44,31,11
5173200,Smithfield,Virginia,2,2,1,0,2866,1987,784,95,2336,127734,25,0,0,0,1,69,3,1,7,23,33,36
5173712,"South Boston",Virginia,4,3,1,1,2891,1988,325,578,2284,64772,50,0,1,0,2,46,1,0,7,36,34,23
517380,Dardanelle,Arkansas,3,2,0,0,1801,1479,295,27,269,63669,4,0,0,0,12,66,2,15,22,29,30,19
5173904,"South Hill",Virginia,4,3,1,0,2533,1836,522,175,638,67206,45,0,4,0,3,42,5,1,16,31,28,25
5175216,Staunton,Virginia,3,2,1,0,2366,1480,812,74,11064,79271,11,0,1,1,2,80,5,1,7,26,30,37
5176000,Strasburg,Virginia,3,2,0,0,2443,1762,326,355,707,74721,4,0,1,0,1,85,8,1,7,31,44,19
5176432,Suffolk,Virginia,3,2,1,0,2864,2064,646,154,36318,112462,42,0,2,0,1,48,6,2,9,23,33,34
5177792,Tazewell,Virginia,4,3,1,0,2531,1999,330,202,352,64083,5,1,0,0,0,90,2,2,10,28,47,16
5178736,Timberville,Virginia,3,2,1,0,2500,1713,423,364,90,76900,1,0,0,0,5,89,4,2,18,35,31,17
5181072,Vienna,Virginia,1,1,0,0,2895,1865,960,70,5418,268705,5,1,13,0,4,66,9,2,3,9,10,79
5181280,Vinton,Virginia,2,2,1,0,2070,1454,524,92,3520,90981,3,0,1,0,2,90,3,1,15,34,34,17
5182000,"Virginia Beach",Virginia,2,2,0,0,2294,1778,436,80,178915,115630,19,0,7,0,3,60,9,2,4,18,35,43
5183136,Warrenton,Virginia,2,1,1,0,2982,1867,970,145,1402,132672,11,0,1,0,1,76,9,1,2,15,30,52
5183680,Waynesboro,Virginia,3,2,1,0,2258,1432,746,80,9431,72882,11,0,2,0,4,73,9,2,8,30,32,29
518490,"De Queen",Arkansas,4,3,1,0,2130,1735,369,26,1403,59879,6,1,0,3,4,29,4,52,41,30,17,13
5184960,"West Point",Virginia,3,3,0,0,2594,2103,343,148,1045,82791,9,0,1,0,0,80,9,1,12,28,19,40
518520,Dermott,Arkansas,5,3,2,0,2271,1495,755,21,192,46877,73,0,1,0,0,26,0,0,21,43,22,14
5186160,Williamsburg,Virginia,2,1,0,0,1925,1391,471,63,4882,97910,15,0,7,0,1,68,7,1,5,16,30,49
5186720,Winchester,Virginia,3,2,0,0,2316,1616,400,300,11217,87626,10,0,2,0,9,64,9,6,10,27,31,33
5186784,Windsor,Virginia,3,2,0,0,3006,2358,394,254,120,100979,14,0,2,0,0,76,4,3,10,31,38,21
5187072,Wise,Virginia,4,3,0,0,2424,2066,231,127,266,62364,1,0,1,0,0,93,4,0,22,23,33,21
5187712,Woodstock,Virginia,3,2,0,1,2522,1745,345,432,715,78434,5,0,4,0,4,73,10,5,11,36,24,29
518790,DeWitt,Arkansas,4,3,1,0,2319,1763,525,31,48,64022,12,0,0,0,5,81,1,1,17,42,30,11
5188000,Wytheville,Virginia,3,2,0,0,1935,1560,166,209,2156,69790,4,0,1,0,2,90,3,0,10,26,42,21
519990,Dumas,Arkansas,5,4,1,0,2305,1725,559,21,27,45531,67,0,0,0,6,23,1,3,18,46,27,9
521070,"El Dorado",Arkansas,4,2,1,0,2247,1554,670,23,4161,62211,50,0,1,0,3,43,3,1,12,33,32,23
521190,Elkins,Arkansas,3,2,1,0,3253,1843,1386,24,388,108814,1,0,2,0,1,81,8,8,6,30,31,34
521730,England,Arkansas,3,2,1,0,2160,1626,503,31,55,70096,24,0,0,0,0,68,4,4,6,45,30,19
522660,"Fairfield Bay",Arkansas,3,3,1,0,2071,1507,503,61,661,59913,0,0,2,0,2,90,5,0,3,30,33,34
523170,Farmington,Arkansas,3,1,1,0,3073,1748,1297,28,1506,122745,2,1,0,0,2,80,9,5,6,27,31,36
523290,Fayetteville,Arkansas,3,2,1,0,2276,1341,922,13,34677,83762,5,1,3,0,3,75,10,3,5,19,31,44
524220,Fordyce,Arkansas,4,3,1,0,2178,1599,554,25,319,51653,60,0,0,0,0,36,3,0,20,42,31,7
524430,"Forrest City",Arkansas,4,3,1,0,2096,1495,580,21,2743,48157,70,0,0,0,1,23,4,0,20,32,32,16
524550,"Fort Smith",Arkansas,4,2,2,0,2833,1588,1232,13,34691,74496,8,1,6,0,3,59,9,13,14,28,33,24
526050,Gassville,Arkansas,4,3,2,0,2563,1577,920,66,200,59377,1,0,0,0,1,93,6,0,9,41,38,12
526290,Gentry,Arkansas,3,2,1,0,2346,1536,745,65,276,85665,1,4,1,0,9,68,16,1,8,29,36,28
527700,Gosnell,Arkansas,4,2,2,0,2870,1556,1302,12,79,80192,21,0,2,0,1,73,3,0,19,28,34,18
528360,Gravette,Arkansas,2,1,1,0,2567,1814,701,52,898,134364,1,1,2,0,1,82,12,1,4,26,26,44
528510,Greenbrier,Arkansas,3,2,0,0,2216,1917,282,17,497,88046,0,0,0,0,5,90,3,2,4,37,32,28
528600,"Green Forest",Arkansas,4,3,1,0,2504,1605,843,56,47,60226,0,1,2,5,14,51,21,7,26,36,23,14
528780,Greenwood,Arkansas,2,2,1,0,2175,1592,560,23,903,91233,0,1,0,0,0,85,8,5,12,25,43,20
529200,Gurdon,Arkansas,4,3,1,0,2103,1589,439,75,24,55577,23,0,0,0,5,68,1,3,8,38,41,13
529500,Hamburg,Arkansas,5,4,1,0,2611,2010,566,35,63,50602,17,0,0,0,7,65,6,4,21,47,19,13
5300100,Aberdeen,Washington,3,2,0,0,2061,1666,262,133,5603,71121,0,2,1,1,7,69,12,6,13,34,36,17
5300905,"Airway Heights",Washington,2,2,0,0,1459,1125,311,23,1166,65397,6,6,5,5,5,59,12,2,10,23,52,16
5301290,Algona,Washington,2,1,0,0,1942,1466,441,35,1350,104751,13,1,12,5,6,41,12,8,16,27,38,19
5301990,Anacortes,Washington,2,1,1,0,1895,948,895,52,7264,107760,1,1,2,0,3,86,7,1,4,16,33,47
5302585,Arlington,Washington,2,1,0,0,1786,1123,567,96,6002,115997,2,1,6,0,6,69,10,6,7,28,40,25
5303180,Auburn,Washington,2,1,0,0,1865,1289,492,84,28672,108572,8,2,11,3,6,50,11,10,8,26,38,28
5303736,"Bainbridge Island",Washington,1,1,0,0,2387,1528,514,345,9850,194925,0,0,4,0,1,86,6,2,0,4,18,77
530400,Harrisburg,Arkansas,3,3,0,0,2103,1753,328,22,252,66228,2,0,0,0,0,92,6,0,14,50,28,7
5304475,"Battle Ground",Washington,1,1,0,0,1704,1252,391,61,4748,114739,1,0,1,0,3,86,8,0,6,25,41,28
530460,Harrison,Arkansas,4,2,2,0,2316,1313,986,17,3128,65171,0,0,0,0,3,92,4,0,9,28,43,20
5305210,Bellevue,Washington,1,1,0,0,2072,1286,748,38,60405,216031,3,0,40,0,3,44,7,3,3,7,17,74
5305280,Bellingham,Washington,2,1,1,0,1449,859,565,25,31574,88980,1,1,6,0,4,76,8,4,5,16,36,44
5305560,"Benton City",Washington,2,2,0,0,1720,1474,181,65,81,89302,0,1,0,0,9,64,13,13,16,30,37,16
5306330,"Black Diamond",Washington,1,1,0,0,2501,1550,811,140,1140,172366,1,0,8,0,2,77,5,6,2,14,33,50
530640,Haskell,Arkansas,2,2,0,0,2166,1689,454,23,188,92614,3,0,0,0,5,86,5,0,10,33,33,24
5306505,Blaine,Washington,3,2,1,0,2531,1732,745,54,1931,88978,3,1,5,1,2,70,17,1,5,36,32,27
5307170,"Bonney Lake",Washington,2,1,0,0,2217,1509,637,71,6003,140001,1,0,4,1,3,79,10,2,4,23,44,30
5307380,Bothell,Washington,1,1,0,0,1869,1209,599,61,19719,169565,1,0,21,0,3,63,8,3,3,10,27,60
5307695,Bremerton,Washington,2,1,0,0,1685,1023,436,226,17525,90137,5,1,5,2,4,65,12,5,5,20,47,28
5307835,Brewster,Washington,3,3,0,0,2162,1880,107,175,15,72730,2,1,1,0,17,30,15,36,32,31,26,11
5307870,Bridgeport,Washington,2,2,0,0,1657,1593,44,20,11,69607,0,2,0,0,5,31,18,45,30,27,26,16
5307940,Brier,Washington,1,1,0,0,2005,1195,782,28,2468,185008,5,0,14,0,2,71,7,1,5,12,32,50
5308570,Buckley,Washington,2,1,0,0,2200,1429,669,102,672,145750,0,4,1,0,2,89,4,0,4,26,42,28
5308850,Burien,Washington,2,1,0,0,2256,1341,445,470,18351,115235,7,1,14,0,4,50,11,12,12,19,37,32
5308920,Burlington,Washington,2,1,1,0,1770,974,727,69,2901,86242,2,1,3,2,5,66,6,15,7,34,38,21
5309480,Camas,Washington,1,1,0,0,1788,1058,711,19,9551,155297,2,0,11,0,2,73,10,1,4,15,27,54
5310495,Cashmere,Washington,1,1,0,0,833,719,47,67,460,87915,0,1,0,0,1,76,9,14,9,23,43,24
5310565,"Castle Rock",Washington,2,2,0,0,1728,1470,157,101,101,90508,0,1,0,2,2,87,7,1,7,32,45,17
531090,"Heber Springs",Arkansas,3,2,1,0,2148,1534,578,36,1276,79104,1,1,0,0,1,94,4,0,7,30,38,25
5311160,Centralia,Washington,2,2,0,0,1716,1373,263,80,3276,72222,1,1,1,0,5,77,11,3,8,22,50,20
5311475,Chehalis,Washington,2,2,0,0,1663,1353,251,59,1572,76029,3,0,2,0,4,78,9,5,8,26,43,23
5311615,Chelan,Washington,1,1,0,0,807,734,55,18,372,96550,0,1,3,0,1,74,11,11,22,21,24,34
5311825,Cheney,Washington,2,2,0,0,1524,1287,156,81,2504,61657,2,2,2,0,3,74,11,6,3,19,49,29
531190,"Helena-West Helena",Arkansas,5,4,2,0,2163,1416,726,21,1091,40439,76,0,0,0,1,21,2,0,21,28,35,15
5312140,Chewelah,Washington,3,2,1,0,2072,1396,428,248,291,71210,0,1,0,2,2,83,5,7,9,35,34,22
5312630,Clarkston,Washington,3,2,1,0,1783,1114,613,56,2594,68440,2,1,3,0,3,82,7,1,4,29,47,19
5312945,"Cle Elum",Washington,3,2,1,1,2594,1697,480,417,765,79395,0,1,1,0,2,81,4,11,16,35,34,14
5313365,"Clyde Hill",Washington,1,1,0,0,3539,1885,1402,252,776,330972,0,0,31,0,1,59,9,0,0,2,19,78
5313785,Colfax,Washington,2,1,1,0,2023,1184,567,272,41,87646,1,0,1,0,2,87,7,3,3,24,40,32
5313855,"College Place",Washington,2,1,0,0,1711,1271,418,22,2584,89919,0,0,2,0,8,74,7,8,6,7,43,43
5314170,Colville,Washington,3,2,1,0,1776,1139,435,202,1209,65964,0,1,0,1,2,83,12,0,6,35,31,28
5314485,Connell,Washington,2,2,0,0,2047,1735,274,38,42,84184,5,0,2,0,18,41,11,23,25,35,29,11
5315290,Covington,Washington,2,1,1,0,2441,1488,808,145,6332,150291,5,0,13,1,3,65,11,2,5,23,38,34
5316970,Dayton,Washington,3,2,0,1,2482,1711,161,610,18,83097,1,0,0,0,0,82,13,4,8,20,43,29
5317320,"Deer Park",Washington,3,2,1,0,2019,1354,523,142,962,74395,0,1,0,2,0,87,8,1,8,29,48,14
5317635,"Des Moines",Washington,2,1,0,0,1875,1276,424,175,12102,107057,10,0,11,3,3,49,10,12,9,21,35,35
5318965,DuPont,Washington,1,1,0,0,1719,1124,580,15,3142,135340,8,1,11,1,4,61,11,3,1,6,37,56
5319035,Duvall,Washington,1,1,0,0,2770,1698,1008,64,386,210257,0,1,8,0,2,77,9,4,1,7,35,57
5320155,"East Wenatchee",Washington,1,1,0,0,898,825,53,20,4222,99363,1,0,1,0,3,61,9,26,15,30,37,18
5320260,Eatonville,Washington,2,1,0,0,2409,1770,364,275,23,119443,1,2,1,0,4,80,12,1,9,31,33,27
5320645,Edgewood,Washington,2,1,0,0,2156,1537,496,123,4269,136296,2,1,6,3,2,76,8,2,1,17,45,37
5320750,Edmonds,Washington,1,1,0,0,1647,1008,555,84,18061,143823,2,1,10,1,2,75,7,3,2,14,30,55
5321240,Ellensburg,Washington,3,2,0,0,1668,1358,254,56,4468,65141,2,1,2,1,2,77,10,5,4,18,47,31
5321450,Elma,Washington,2,2,0,0,2203,1619,255,329,217,91272,0,0,0,0,2,76,17,4,3,36,43,18
5322045,Enumclaw,Washington,1,1,0,0,1958,1333,528,97,2727,143918,0,1,3,1,4,80,9,2,2,30,28,40
5322080,Ephrata,Washington,2,2,0,0,1292,1192,65,35,1163,74900,1,0,1,0,8,61,8,20,12,26,48,14
5322640,Everett,Washington,1,1,0,0,1454,1059,331,64,43406,99188,6,1,10,1,5,59,10,8,9,22,39,30
5322745,Everson,Washington,2,1,1,0,2487,1302,1043,142,90,101936,0,4,2,0,2,74,7,10,12,29,36,23
5323515,"Federal Way",Washington,2,1,0,0,1730,1250,426,54,36736,105659,16,1,15,2,4,39,13,10,8,24,37,31
5323620,Ferndale,Washington,2,1,1,0,1882,971,871,40,2191,104198,0,1,6,0,5,75,7,5,5,25,41,29
5323795,Fife,Washington,1,1,0,0,1518,1107,364,47,4548,111557,10,2,16,7,5,44,13,4,6,20,45,29
5323970,Fircrest,Washington,1,1,1,0,1883,1083,669,131,2744,133836,4,2,5,0,3,72,11,2,3,22,32,44
5324810,Forks,Washington,3,2,0,0,2092,1677,120,295,301,68764,1,3,4,0,9,60,20,3,14,37,33,16
5325615,"Friday Harbor",Washington,2,2,0,0,2630,1912,517,201,224,106128,1,0,1,1,5,81,6,5,6,19,32,43
5326735,"Gig Harbor",Washington,1,1,0,0,2009,1357,546,106,3313,152954,1,1,3,0,1,85,9,0,2,8,34,55
5327435,Goldendale,Washington,3,2,1,0,2004,1464,376,164,19,67428,2,2,1,0,0,90,4,0,8,30,45,17
5327925,Grandview,Washington,3,2,0,0,1940,1600,302,38,2145,71014,0,0,0,0,47,13,22,18,33,35,26,6
5327960,Granger,Washington,3,2,0,0,1964,1616,227,121,109,73082,0,0,0,0,39,13,31,16,35,37,22,6
5327995,"Granite Falls",Washington,2,1,1,0,2045,1281,676,88,489,107168,0,2,3,0,0,84,10,1,6,29,38,27
533190,Hope,Arkansas,4,3,1,0,2183,1459,703,21,1670,57001,49,1,0,0,6,28,2,14,21,41,26,12
5332300,Hoquiam,Washington,3,2,1,0,2146,1567,368,211,1075,66558,1,4,2,0,4,81,6,1,3,33,43,21
5333805,Issaquah,Washington,1,1,0,0,1921,1189,697,35,10369,209383,2,0,23,0,2,60,8,3,2,5,22,71
533400,"Hot Springs",Arkansas,3,2,1,0,1925,1428,480,17,14014,66848,19,0,1,0,7,65,6,2,12,25,39,24
5334645,Kalama,Washington,1,1,0,0,1637,1293,210,134,488,120133,0,1,0,0,1,83,11,3,5,25,47,23
5335065,Kelso,Washington,2,2,0,0,1517,1343,104,70,3941,67194,2,4,1,0,6,79,8,1,9,31,49,11
5335170,Kenmore,Washington,1,1,0,0,2012,1285,634,93,9181,171511,2,0,15,0,2,68,10,2,2,11,27,60
5335275,Kennewick,Washington,2,1,0,0,1551,1309,229,13,27030,90108,2,1,2,0,11,60,10,13,11,23,39,27
5335415,Kent,Washington,2,1,0,0,1873,1308,529,36,41905,112063,13,1,22,3,2,39,11,10,10,23,37,30
533580,Hoxie,Arkansas,4,3,1,0,2082,1430,625,27,506,49135,3,0,0,0,0,84,13,0,16,42,38,4
5335940,Kirkland,Washington,1,1,0,0,1960,1244,688,28,35606,198506,2,1,18,0,2,68,8,3,2,8,23,67
5336710,"La Center",Washington,1,1,0,0,2012,1439,424,149,231,135194,1,0,4,0,1,87,5,1,5,28,39,29
5336745,Lacey,Washington,2,1,0,0,1776,1267,474,35,17879,97532,5,1,7,2,6,64,12,2,4,18,45,33
5337270,"Lake Forest Park",Washington,1,1,0,0,2154,1197,620,337,6025,167285,4,1,9,0,1,75,7,3,2,7,25,66
5337900,"Lake Stevens",Washington,2,1,0,0,2016,1323,642,51,8957,132451,3,1,7,0,5,72,9,3,5,19,40,36
5338038,Lakewood,Washington,2,1,0,0,1607,1170,393,44,26690,89194,14,1,8,3,6,45,15,7,9,23,43,25
5339335,"Liberty Lake",Washington,2,1,1,0,1698,1099,574,25,3003,108451,1,1,2,0,4,86,6,0,2,16,35,46
5340245,Longview,Washington,2,2,0,0,1486,1321,87,78,15124,74386,1,1,2,0,5,78,10,3,10,28,46,16
5340805,Lynden,Washington,2,1,1,0,1797,875,901,21,2430,106137,2,1,1,0,2,80,8,6,7,21,40,32
5340840,Lynnwood,Washington,1,1,0,0,1502,1023,399,80,16596,103657,9,1,18,0,4,51,12,5,12,17,35,36
5343150,"Maple Valley",Washington,2,1,1,0,2484,1528,902,54,6691,164855,1,0,11,0,3,74,10,1,3,18,30,49
5343955,Marysville,Washington,2,1,0,0,1827,1261,494,72,20970,112686,2,1,7,0,4,69,12,4,6,27,45,22
5344165,Mattawa,Washington,2,2,0,0,1311,1266,31,14,12,62096,0,1,0,0,17,4,21,57,59,24,13,4
5344690,"Medical Lake",Washington,2,1,1,0,1874,1298,517,59,412,95141,4,0,0,0,3,85,2,6,1,22,43,34
5344725,Medina,Washington,1,1,0,0,3482,1909,1503,70,842,319015,0,0,27,0,0,61,10,1,0,2,10,88
5345005,"Mercer Island",Washington,1,1,0,0,2456,1430,950,76,9782,243282,1,0,22,0,1,65,9,1,1,4,13,81
5345865,"Mill Creek",Washington,1,1,0,0,1691,1045,632,14,8717,158371,5,0,21,0,2,60,8,3,2,11,32,55
5346020,Milton,Washington,2,1,0,0,2114,1524,486,104,2855,114899,5,1,9,0,4,67,11,2,4,29,42,26
5346685,Monroe,Washington,2,1,0,0,1829,1267,505,57,4000,110106,2,1,5,0,5,72,10,5,7,19,45,28
5346895,Montesano,Washington,2,2,0,0,2114,1699,358,57,355,86032,0,0,1,0,3,88,8,0,1,28,44,27
5347245,"Moses Lake",Washington,2,1,0,0,1315,1179,99,37,6006,79027,4,1,1,0,11,52,16,15,12,28,41,18
5347490,"Mountlake Terrace",Washington,1,1,0,0,1480,1037,364,79,8859,123779,5,1,11,1,3,63,10,7,6,14,34,46
534750,Jacksonville,Arkansas,3,2,1,0,1995,1425,559,11,9831,69764,42,0,2,0,1,46,6,3,7,29,40,25
5347560,"Mount Vernon",Washington,2,1,1,0,1809,1031,722,56,10241,88760,1,3,3,0,11,57,8,18,13,23,38,25
5347665,Moxee,Washington,2,1,0,0,2054,1448,515,91,149,110486,3,1,0,0,11,60,13,12,12,28,37,23
5347735,Mukilteo,Washington,1,1,0,0,1629,1028,576,25,7706,150988,2,0,19,0,3,61,11,3,2,14,31,54
5348645,Newcastle,Washington,1,1,0,0,2330,1364,933,33,4826,231789,2,0,36,0,3,44,11,3,2,5,20,73
5349415,"Normandy Park",Washington,2,1,0,0,2627,1475,610,542,2695,146281,2,0,6,0,2,78,9,3,3,14,26,57
5349485,"North Bend",Washington,2,1,0,0,3024,2060,810,154,1735,201502,0,2,7,0,3,72,12,5,7,14,28,51
5350360,"Oak Harbor",Washington,2,1,1,0,1535,1055,418,62,7836,80995,6,2,8,0,7,60,13,3,5,23,50,23
5350570,"Ocean Shores",Washington,3,2,0,0,1825,1473,279,73,1363,65368,0,4,3,0,3,86,4,1,6,28,44,22
5350920,Okanogan,Washington,3,2,0,0,2277,1773,139,365,82,77965,2,2,0,0,5,72,14,5,9,27,46,17
5351300,Olympia,Washington,2,1,0,0,1610,1172,400,38,22662,93074,3,1,7,1,5,72,9,2,4,14,31,51
5351340,Omak,Washington,3,2,0,0,2389,1913,171,305,487,83363,0,7,0,0,2,77,10,3,9,28,44,20
5352005,Orting,Washington,2,1,1,0,2191,1453,703,35,1509,129909,1,3,3,0,5,79,9,1,5,32,41,21
5352215,Othello,Washington,2,2,0,0,1652,1274,346,32,1777,76826,0,1,1,0,31,21,23,22,28,27,30,14
5352495,Pacific,Washington,2,1,0,0,1857,1396,425,36,2476,103823,8,1,11,4,4,53,12,7,5,23,49,22
5353545,Pasco,Washington,2,1,0,0,1844,1450,380,14,21104,99780,2,2,2,0,19,37,17,21,20,23,33,23
535500,Johnson,Arkansas,2,1,1,0,2260,1440,801,19,1655,104348,3,1,3,1,4,61,16,11,7,23,21,50
5355365,"Port Angeles",Washington,2,2,0,0,1541,1281,133,127,7406,75956,0,2,2,0,3,81,8,3,5,20,44,31
5355785,"Port Orchard",Washington,2,1,1,0,1713,1107,509,97,5258,93759,2,1,5,1,3,72,15,1,4,20,48,28
5355855,"Port Townsend",Washington,3,2,1,0,2006,1394,389,223,2446,75797,1,1,2,0,1,87,6,3,1,12,38,49
5355995,Poulsbo,Washington,1,1,0,0,1727,1062,544,121,3206,116255,1,1,2,1,5,79,9,2,3,19,33,45
5356450,Prosser,Washington,2,2,0,0,1620,1392,204,24,950,87808,1,2,2,0,17,47,11,20,24,22,28,26
5356625,Pullman,Washington,2,2,0,0,948,757,170,21,4826,45988,4,1,13,0,5,69,8,2,1,10,46,43
5356695,Puyallup,Washington,2,1,0,0,1815,1294,479,42,16100,110480,3,1,5,1,3,75,10,2,6,26,41,27
535710,Jonesboro,Arkansas,2,2,1,0,1720,1276,426,18,23622,74622,21,0,2,0,3,66,5,3,9,27,34,30
5357115,Quincy,Washington,2,1,0,0,1407,1279,97,31,2060,89121,0,0,2,0,16,22,15,46,15,41,24,20
5357430,Raymond,Washington,2,1,0,0,1617,1172,130,315,62,78246,0,5,2,1,0,73,10,10,6,39,31,24
5357535,Redmond,Washington,1,1,0,0,1654,1131,508,15,28487,196680,2,0,34,0,4,49,7,3,2,6,18,74
5357745,Renton,Washington,1,1,0,0,1778,1185,531,62,41376,120492,10,1,24,1,5,42,12,6,8,20,32,41
5358235,Richland,Washington,2,1,0,0,1822,1554,253,15,23087,117342,2,0,5,0,6,75,8,2,3,15,35,47
5358410,Ridgefield,Washington,1,1,0,0,1758,1244,477,37,1293,137092,1,1,2,0,4,83,7,2,2,17,38,42
5361115,Sammamish,Washington,1,1,0,0,2814,1559,1222,33,20506,274429,1,0,34,0,2,54,6,1,1,4,16,80
5362288,SeaTac,Washington,2,1,0,0,1803,1262,339,202,12570,95324,24,1,18,3,3,30,7,13,16,24,34,26
5363000,Seattle,Washington,1,1,0,0,1389,882,365,142,345459,164003,7,1,17,0,2,61,9,3,4,8,20,69
5363210,Sedro-Woolley,Washington,2,1,1,0,1978,1096,777,105,2740,84757,1,1,1,0,11,65,6,14,12,25,48,15
5363280,Selah,Washington,2,1,1,0,1818,1290,487,41,2330,93757,0,1,2,0,5,59,11,21,9,30,34,27
5363385,Sequim,Washington,3,2,0,0,1924,1678,184,62,3746,68923,2,0,4,0,4,81,6,2,4,18,44,34
5363735,Shelton,Washington,3,2,0,0,2179,1816,287,76,2203,79915,1,3,1,2,4,59,11,18,15,28,38,20
5363960,Shoreline,Washington,1,1,0,0,1919,1119,558,242,22046,144858,6,1,16,0,2,63,9,3,5,11,28,56
5365170,Snohomish,Washington,2,1,0,0,1711,1264,383,64,3868,105179,1,0,3,1,2,83,8,2,8,19,39,34
5365205,Snoqualmie,Washington,1,1,0,0,2541,1527,966,48,1955,231648,1,0,9,0,3,78,6,2,1,7,26,65
5367000,Spokane,Washington,2,1,1,0,1871,1144,651,76,91996,85746,3,1,3,1,2,80,9,2,5,20,40,34
5367167,"Spokane Valley",Washington,2,1,1,0,1600,1076,457,67,36396,83480,2,1,2,0,3,83,7,2,5,25,42,28
5367455,Stanwood,Washington,2,1,1,0,1828,1025,782,21,718,103279,0,3,2,0,1,87,6,0,3,22,47,28
5367770,Steilacoom,Washington,2,1,0,0,2055,1358,612,85,1537,122803,5,1,7,1,8,63,14,1,3,18,36,44
5368260,Sultan,Washington,2,1,1,0,2095,1377,625,93,774,102897,1,1,2,0,7,72,14,3,13,31,29,27
5368435,Sumner,Washington,2,1,0,0,1830,1319,459,52,4824,108509,1,1,2,1,7,74,11,3,6,25,43,26
5368750,Sunnyside,Washington,3,2,1,0,1926,1518,332,76,3769,65444,0,1,1,0,42,12,24,19,41,27,20,12
5370000,Tacoma,Washington,2,1,0,0,1741,1273,404,64,89053,101729,11,2,9,1,4,57,13,4,7,21,35,36
5371960,Toppenish,Washington,3,2,1,0,2020,1522,428,70,1315,74248,0,8,1,1,30,6,29,25,46,26,19,9
5372625,Tukwila,Washington,2,1,0,0,1871,1302,354,215,7514,100627,17,2,23,3,4,31,8,13,12,27,31,30
5372905,Tumwater,Washington,2,1,0,0,1749,1264,430,55,9119,101721,4,1,4,0,3,74,12,3,4,15,39,42
5373290,"Union Gap",Washington,3,2,1,0,2067,1469,492,106,2177,65925,0,5,3,0,14,43,14,20,24,30,37,9
5373465,"University Place",Washington,1,1,0,0,1479,1017,423,39,13249,112190,8,2,12,1,3,59,12,3,4,17,36,43
5374060,Vancouver,Washington,1,1,0,0,1416,1068,306,42,76015,97172,3,1,5,2,6,68,11,5,7,21,39,33
5375775,"Walla Walla",Washington,2,2,1,0,1731,1244,439,48,11111,77637,3,2,2,0,9,67,8,8,9,22,39,30
5376125,Wapato,Washington,3,2,0,0,1872,1553,215,104,550,65806,0,13,2,0,31,3,30,20,49,28,16,6
5376160,Warden,Washington,2,2,0,0,1329,1248,57,24,36,73221,0,0,2,0,11,38,11,39,22,28,33,18
5376405,Washougal,Washington,1,1,0,0,1718,1127,526,65,3871,126697,1,0,2,0,3,85,7,2,4,26,42,28
5377105,Wenatchee,Washington,1,1,0,0,736,653,55,28,10394,79331,1,1,1,0,4,57,11,25,14,22,36,28
5377665,"West Richland",Washington,1,1,0,0,1796,1550,214,32,4708,134266,1,0,2,1,3,76,14,4,4,17,34,45
5379590,Woodinville,Washington,1,1,0,0,1975,1286,669,20,6015,180179,1,0,17,0,6,65,6,4,2,11,27,61
5379625,Woodland,Washington,1,1,0,0,1653,1307,271,75,434,112134,1,0,1,0,9,74,12,3,12,27,41,20
5380010,Yakima,Washington,2,2,1,0,1777,1329,376,72,32591,71812,1,1,1,1,14,43,17,21,21,26,32,21
5380220,Yelm,Washington,2,1,0,0,2020,1527,418,75,1469,107591,3,1,1,3,1,75,13,3,5,31,46,18
5380500,Zillah,Washington,2,2,1,0,2284,1568,527,189,136,93615,0,3,0,0,16,43,31,6,14,24,40,23
538890,Lavaca,Arkansas,3,2,1,0,2671,2040,597,34,69,89376,1,0,0,0,1,91,6,1,15,32,37,16
540120,"Little Flock",Arkansas,2,1,1,0,2169,1484,670,15,1922,110295,2,0,1,0,11,68,12,5,8,28,29,36
5404276,Barboursville,"West Virginia",3,2,0,0,2211,1986,200,25,1223,81362,2,0,3,0,1,91,2,0,2,21,34,43
5405332,Beckley,"West Virginia",4,3,1,0,2584,1829,695,60,5314,61212,16,0,1,0,0,76,7,0,11,32,34,23
5406940,Bethlehem,"West Virginia",3,2,1,0,2766,1745,976,45,1088,102439,2,0,0,0,0,97,1,0,1,20,33,47
5408524,Bluefield,"West Virginia",5,3,1,0,2781,2023,610,148,3090,61467,20,0,0,0,1,71,7,1,8,32,33,26
541000,"Little Rock",Arkansas,2,1,1,0,2070,1416,644,10,81114,96828,42,0,2,0,3,44,4,3,6,21,28,44
5410180,Bridgeport,"West Virginia",2,1,1,0,2246,1274,954,18,3256,114378,1,0,3,0,1,90,4,0,3,16,29,52
5411188,Buckhannon,"West Virginia",3,2,1,0,2150,1168,860,122,1217,62927,8,0,2,0,2,83,3,1,11,33,26,29
541420,Lonoke,Arkansas,3,2,1,0,2057,1577,463,17,217,72569,19,0,0,0,8,70,2,1,15,37,32,16
5414600,Charleston,"West Virginia",3,2,1,0,2528,1818,696,14,19584,88632,13,0,2,0,1,77,6,0,7,24,24,45
5414610,"Charles Town","West Virginia",2,1,1,0,2354,1525,562,267,1896,108467,10,0,1,0,3,78,6,1,7,32,30,31
5415628,Clarksburg,"West Virginia",3,2,1,0,2001,1097,864,40,3864,57659,3,0,0,0,0,91,5,0,15,38,24,24
541720,Lowell,Arkansas,2,1,1,0,2453,1638,794,21,2661,128148,3,0,2,3,9,59,21,4,11,28,24,38
5422564,Dunbar,"West Virginia",4,3,1,0,2427,1704,698,25,3060,61983,14,0,1,2,2,75,7,0,4,30,32,33
5424580,Elkins,"West Virginia",4,2,2,0,2019,1090,877,52,1496,56941,2,0,0,0,1,91,4,1,10,41,20,29
5426452,Fairmont,"West Virginia",2,2,1,0,1626,1139,459,28,5773,69720,7,0,0,0,1,85,5,2,8,35,27,30
5427028,Fayetteville,"West Virginia",4,3,1,0,2902,2116,663,123,265,67807,2,0,0,0,0,95,3,0,12,38,28,22
542770,McGehee,Arkansas,4,3,1,0,2486,1694,764,28,114,63076,42,0,0,0,1,50,6,1,17,42,28,13
5428204,Follansbee,"West Virginia",3,2,1,0,2091,1168,762,161,668,61659,0,0,0,0,0,97,3,0,7,47,31,15
5432716,Grafton,"West Virginia",4,2,1,0,2499,1354,949,196,139,68225,0,0,0,0,1,97,3,0,16,41,24,20
5432932,Granville,"West Virginia",2,1,1,0,1495,1027,426,42,908,71464,3,0,0,0,0,90,4,2,4,28,35,32
543460,Magnolia,Arkansas,3,2,1,0,2147,1579,556,12,2158,66705,43,1,1,0,4,49,1,1,11,29,32,27
543610,Malvern,Arkansas,4,3,1,0,2043,1502,518,23,1247,57019,31,0,0,0,5,60,4,0,14,38,38,9
5437636,Hinton,"West Virginia",5,3,1,0,2587,1604,847,136,511,57464,8,0,0,0,4,86,1,1,9,43,36,13
543820,Manila,Arkansas,3,2,1,0,3143,1853,1282,8,447,114234,1,0,0,0,0,97,3,0,12,32,35,21
5439460,Huntington,"West Virginia",4,3,1,0,2253,1850,378,25,18251,64173,8,0,1,0,0,84,6,1,8,23,34,35
5439532,Hurricane,"West Virginia",3,2,0,0,2775,2350,406,19,2328,103336,1,0,2,0,1,89,4,3,4,23,31,42
544120,Marianna,Arkansas,6,4,2,0,2267,1445,788,34,326,37039,81,0,0,0,0,18,1,0,19,36,42,3
544180,Marion,Arkansas,2,2,1,0,2059,1601,447,11,3389,83587,39,0,2,0,2,48,9,1,5,31,37,27
5443180,Kenova,"West Virginia",5,3,1,0,2733,1979,720,34,831,59726,2,0,0,0,0,91,7,0,7,45,29,20
5443492,Keyser,"West Virginia",3,2,1,0,2088,1310,544,234,305,78129,3,0,0,0,0,93,3,2,8,34,33,25
5444044,Kingwood,"West Virginia",3,1,1,1,2439,1188,816,435,182,80226,1,0,1,0,0,97,1,0,8,38,25,29
544600,Maumelle,Arkansas,2,1,0,0,2028,1477,535,16,6422,118817,23,0,3,0,2,64,5,1,3,14,35,48
5446636,Lewisburg,"West Virginia",3,2,1,0,1953,1231,516,206,419,65384,1,0,4,0,1,93,1,0,12,21,22,46
5450524,Madison,"West Virginia",3,3,0,0,2745,2305,362,78,224,81455,1,0,1,0,0,96,2,1,11,41,37,11
545170,Mena,Arkansas,3,3,0,0,2121,1742,330,49,536,68173,0,1,1,0,2,91,5,0,7,26,40,26
5452060,Martinsburg,"West Virginia",3,2,0,0,2013,1407,283,323,6138,68785,12,0,1,0,2,71,11,3,6,38,34,22
5454484,Milton,"West Virginia",3,2,0,0,2511,2086,392,33,997,85088,0,0,0,0,0,98,0,1,9,24,41,25
5455588,Moorefield,"West Virginia",4,2,1,1,2002,1206,362,434,207,56858,2,0,0,0,0,97,0,0,12,51,26,10
5455756,Morgantown,"West Virginia",2,1,0,0,1353,990,342,21,13092,71963,4,0,5,0,1,84,5,2,4,15,34,47
5456020,Moundsville,"West Virginia",4,3,1,0,2692,1799,839,54,1870,65481,0,0,0,0,0,96,2,1,11,49,29,10
5458684,"New Martinsville","West Virginia",3,2,1,0,2197,1429,701,67,341,71248,0,0,0,0,0,98,1,0,8,38,36,19
5459068,Nitro,"West Virginia",4,3,1,0,2706,1974,700,32,2293,76790,6,0,1,0,0,87,5,0,5,33,41,21
5460028,"Oak Hill","West Virginia",4,3,1,0,2686,1846,762,78,1710,60116,7,0,0,0,0,91,2,0,15,39,29,17
5461636,"Paden City","West Virginia",3,2,1,0,2489,1759,681,49,45,72757,0,0,0,0,0,94,4,1,9,37,34,19
5462140,Parkersburg,"West Virginia",3,2,1,0,1690,1029,635,26,11662,59705,2,0,1,0,1,92,3,0,12,36,33,18
5462956,Petersburg,"West Virginia",4,2,1,1,2245,1300,329,616,34,63751,2,0,0,0,0,93,5,0,15,44,22,19
5463292,Philippi,"West Virginia",5,3,2,0,2938,1886,957,95,258,60616,6,0,1,0,0,91,3,0,6,45,29,20
5464228,"Pleasant Valley","West Virginia",2,2,1,0,1827,1263,528,36,981,74266,1,0,1,0,0,90,7,1,10,30,25,36
5464708,"Point Pleasant","West Virginia",4,3,1,0,2368,1766,583,19,593,60967,0,0,1,0,0,95,2,2,15,34,24,27
5465692,Princeton,"West Virginia",5,4,1,0,2705,2047,614,44,2200,58463,4,0,0,0,1,87,7,0,9,36,36,19
546580,Monticello,Arkansas,3,3,1,0,2118,1656,442,20,736,66225,27,0,2,0,0,69,2,0,9,28,29,34
5466988,Ranson,"West Virginia",2,2,0,0,2061,1528,261,272,1881,95241,7,0,4,0,3,74,7,4,8,34,37,21
5467108,Ravenswood,"West Virginia",4,3,1,0,2316,1635,606,75,240,65083,0,0,0,0,0,96,3,0,4,46,31,19
5468596,Ripley,"West Virginia",3,3,1,0,2109,1671,412,26,223,62943,0,0,1,0,1,95,2,0,7,30,41,23
546970,Morrilton,Arkansas,3,2,1,0,1836,1443,373,20,506,59787,15,0,0,0,5,75,4,1,11,36,32,21
5471212,"St. Albans","West Virginia",3,2,1,0,2655,1842,796,17,2836,76028,6,0,0,0,1,87,5,0,4,29,35,32
5473636,Shinnston,"West Virginia",3,2,2,0,2379,1167,1162,50,839,70923,0,0,1,0,0,88,9,2,7,34,48,11
547390,"Mountain Home",Arkansas,4,2,1,0,2425,1458,922,45,2600,64458,0,1,1,0,2,91,4,0,6,30,41,22
5475292,"South Charleston","West Virginia",3,2,1,0,2530,1796,718,16,4816,74586,8,0,2,0,0,83,6,0,5,26,34,35
547540,"Mountain View",Arkansas,5,3,1,0,2183,1460,640,83,153,46857,0,0,0,0,0,95,3,1,19,32,35,14
5477980,Summersville,"West Virginia",3,2,1,0,2361,1771,424,166,287,74431,0,0,0,0,0,93,1,6,8,38,24,30
5483500,Vienna,"West Virginia",2,1,1,0,2000,1073,906,21,2882,84072,1,0,2,0,0,93,4,0,4,30,36,30
5485156,Weirton,"West Virginia",3,2,1,0,2173,1152,980,41,8170,71576,3,0,1,0,1,92,3,0,4,36,38,23
5485228,Welch,"West Virginia",8,7,1,0,2903,2339,418,146,125,35290,26,0,0,0,4,66,4,0,16,55,18,11
5485324,Wellsburg,"West Virginia",4,2,2,0,2216,1132,1052,32,961,53249,0,0,0,0,0,97,2,1,7,56,25,13
548560,Nashville,Arkansas,4,3,1,0,2083,1611,446,26,946,54418,23,0,2,0,1,49,1,24,10,41,31,18
5485972,Weston,"West Virginia",3,2,1,0,2133,1169,926,38,302,62414,1,0,0,0,0,96,3,0,13,46,28,12
5485996,Westover,"West Virginia",2,1,1,0,1498,1023,437,38,825,72361,5,0,0,0,1,89,4,2,6,25,34,35
5486452,Wheeling,"West Virginia",3,2,1,0,2516,1582,894,40,9389,72879,5,0,0,0,0,88,5,0,7,31,29,34
5486812,"White Sulphur Springs","West Virginia",4,2,1,0,2270,1349,854,67,670,59925,10,0,0,0,1,87,0,1,3,27,37,34
5487508,Williamson,"West Virginia",5,4,1,0,2522,2057,437,28,570,53729,11,0,0,0,0,85,5,0,19,41,30,10
5487556,Williamstown,"West Virginia",2,1,1,0,2017,1060,937,20,837,88122,0,0,0,0,0,98,1,0,3,32,20,44
5487988,Winfield,"West Virginia",3,2,0,0,2904,2397,473,34,253,110250,1,0,1,0,0,96,2,0,4,21,36,39
549580,Newport,Arkansas,5,4,1,0,2344,1882,438,24,860,49844,17,0,1,0,0,68,14,0,12,43,33,12
5501000,Algoma,Wisconsin,2,1,1,0,1912,917,937,58,871,80088,2,1,1,0,0,91,1,3,9,38,32,21
5501150,Allouez,Wisconsin,2,1,1,0,2300,1242,1029,29,5896,100317,2,0,1,0,3,89,3,2,3,18,37,41
5501550,Altoona,Wisconsin,3,2,1,0,2380,1444,881,55,2426,92604,2,0,3,0,0,87,7,0,4,16,38,41
5501725,Amery,Wisconsin,3,1,1,0,2419,1313,994,112,176,96068,1,0,0,0,0,97,1,0,8,24,39,29
5502250,Antigo,Wisconsin,4,2,2,0,2432,1130,1235,67,2296,67865,0,1,0,0,1,92,4,2,10,34,39,16
5502375,Appleton,Wisconsin,2,1,1,0,2095,1235,768,92,28161,92057,3,0,5,0,2,82,6,2,5,25,34,35
5502500,Arcadia,Wisconsin,7,6,1,0,5920,4601,1058,261,69,83372,0,2,0,0,12,57,2,27,16,41,24,19
5503225,Ashland,Wisconsin,4,2,2,0,2486,1233,1205,48,2235,66144,1,5,2,0,4,83,5,0,0,35,38,26
5503425,Ashwaubenon,Wisconsin,2,1,1,0,1909,1064,827,18,8079,87732,2,2,5,0,1,84,5,2,4,27,32,37
5504400,Baldwin,Wisconsin,3,2,1,0,2433,1553,847,33,832,91721,2,0,1,0,1,96,1,0,8,29,29,34
550450,"North Little Rock",Arkansas,3,2,1,0,1977,1313,652,12,25930,71262,41,0,1,0,2,47,6,3,7,27,33,33
5504625,Baraboo,Wisconsin,3,1,1,0,2193,1273,846,74,2131,85279,1,1,0,0,2,89,5,1,9,27,36,28
5504875,Barron,Wisconsin,6,4,1,0,4294,2992,1067,235,87,73866,12,1,1,0,1,78,3,5,19,35,28,17
5505450,Bayside,Wisconsin,2,1,1,0,2726,1534,1143,49,1536,176834,3,0,6,0,1,83,7,1,3,5,19,73
5505900,"Beaver Dam",Wisconsin,3,2,1,0,2280,1336,864,80,6824,80913,3,0,1,0,3,84,6,3,7,35,34,24
5506350,Bellevue,Wisconsin,2,1,1,0,1999,1105,877,17,6800,96113,1,0,4,0,1,80,9,5,7,30,37,26
5506500,Beloit,Wisconsin,4,2,2,0,2755,1481,1251,23,11717,73933,14,0,1,0,5,58,14,9,14,37,32,17
5506925,Berlin,Wisconsin,3,2,1,0,2453,1248,1106,99,1052,80554,1,0,1,0,5,88,2,2,6,42,30,22
5507900,"Black River Falls",Wisconsin,3,2,1,0,2040,1318,634,88,692,68041,1,5,1,0,0,85,8,1,3,45,29,23
5508225,Bloomer,Wisconsin,4,3,2,0,3964,2349,1364,251,78,90321,0,0,0,0,1,97,1,0,6,35,38,22
5508265,Bloomfield,Wisconsin,2,1,1,0,2414,1398,975,41,1357,96991,1,1,0,0,6,75,10,6,14,34,39,13
5508850,Boscobel,Wisconsin,3,2,1,0,2056,1119,811,126,145,72844,7,1,0,0,0,90,2,0,4,35,45,16
5509725,Brillion,Wisconsin,3,1,1,0,2509,1229,1067,213,160,91031,0,0,0,0,0,96,2,0,6,44,28,23
5509800,Bristol,Wisconsin,2,1,1,0,2780,1545,1173,62,2242,131824,1,0,1,0,1,91,4,1,1,16,43,41
5509925,Brodhead,Wisconsin,3,2,1,0,2182,1189,861,132,109,69882,0,0,0,0,1,97,0,1,6,46,33,16
5510025,Brookfield,Wisconsin,2,1,1,0,2591,1514,1040,37,15666,153968,1,0,11,0,1,80,5,1,2,11,24,64
5510375,"Brown Deer",Wisconsin,2,1,1,0,2341,1348,955,38,5684,103546,31,0,6,0,2,47,12,2,3,21,35,41
5511200,Burlington,Wisconsin,2,1,1,0,2137,1268,851,18,2469,97594,1,0,2,0,7,85,2,3,4,35,34,27
5511950,Caledonia,Wisconsin,2,1,1,0,2569,1451,1061,57,9271,116206,5,0,2,0,7,80,6,1,8,24,33,36
5513375,Cedarburg,Wisconsin,2,1,1,0,2031,1087,844,100,4305,118036,0,0,1,0,1,92,4,1,2,15,27,56
5514475,Chilton,Wisconsin,3,1,1,0,2604,1215,1012,377,219,85419,0,0,0,0,2,95,2,0,5,36,41,18
5514575,"Chippewa Falls",Wisconsin,3,2,1,0,2495,1464,884,147,3929,81378,2,1,1,0,0,91,5,0,7,25,42,26
5515725,Clintonville,Wisconsin,7,5,1,0,5167,4107,800,260,841,74886,0,2,0,0,0,93,2,3,10,36,28,26
5516450,Columbus,Wisconsin,2,1,1,0,1818,1054,691,73,686,91280,2,0,3,0,1,92,2,0,2,24,41,33
5516500,"Combined Locks",Wisconsin,2,1,1,0,2047,1180,825,42,1524,121494,2,0,4,0,0,90,3,2,4,35,23,39
5517175,"Cottage Grove",Wisconsin,2,1,1,0,2007,1309,684,14,1966,130087,1,0,7,0,0,82,9,0,2,16,29,54
5517775,"Cross Plains",Wisconsin,2,1,1,0,2301,1338,930,33,242,134629,0,0,0,0,0,93,6,1,3,22,30,45
5517975,Cudahy,Wisconsin,2,1,1,0,2077,1251,795,31,8006,84192,3,0,2,0,4,80,9,1,4,28,38,30
5519250,Deerfield,Wisconsin,2,1,1,0,2735,1359,1237,139,78,115476,3,0,1,0,3,89,4,0,3,26,31,40
5519350,DeForest,Wisconsin,2,1,1,0,2233,1323,893,17,2990,118991,1,0,3,0,1,84,11,0,1,23,34,42
5519400,Delafield,Wisconsin,2,1,1,0,2740,1558,1122,60,2441,166446,1,0,2,0,2,90,3,1,1,14,22,63
5519450,Delavan,Wisconsin,3,1,1,0,2081,1242,820,19,2239,83050,1,0,1,0,9,76,8,6,8,35,29,27
5519775,"De Pere",Wisconsin,2,1,1,0,2215,1178,1011,26,7730,97451,1,2,2,0,2,91,2,1,3,23,34,40
5520350,Dodgeville,Wisconsin,3,1,1,0,2274,1191,904,179,335,89624,1,0,2,0,1,92,4,0,6,32,36,26
5522100,"East Troy",Wisconsin,2,1,1,0,2234,1275,886,73,1019,106714,1,0,0,0,0,97,1,0,4,35,27,33
5522300,"Eau Claire",Wisconsin,3,2,1,0,2381,1394,851,136,25096,84725,2,0,6,0,1,87,4,0,2,24,40,33
5522575,Edgerton,Wisconsin,3,2,1,0,2439,1316,969,154,1596,86486,0,0,2,0,2,83,5,7,6,33,35,26
5523300,Elkhorn,Wisconsin,4,3,1,0,3497,2722,757,18,2276,91183,1,0,1,0,4,83,8,3,11,32,32,25
5523525,Ellsworth,Wisconsin,3,2,1,0,2907,1562,1198,147,161,96877,1,0,0,0,2,90,7,0,7,33,34,27
5523575,"Elm Grove",Wisconsin,2,1,1,0,2756,1565,1113,78,2156,162509,3,0,4,0,4,85,4,0,0,14,17,69
5524550,Evansville,Wisconsin,2,1,1,0,2307,1017,1094,196,185,99468,0,0,0,0,1,96,1,1,3,34,37,27
5525600,Fennimore,Wisconsin,4,3,1,0,3077,2011,906,160,36,80169,0,0,0,0,1,98,1,1,6,32,41,21
552580,Osceola,Arkansas,8,6,2,0,5078,3915,1144,19,724,66895,56,0,0,0,2,32,9,0,17,45,27,10
5525950,Fitchburg,Wisconsin,1,1,1,0,1963,1179,759,25,14498,132454,7,0,7,0,5,68,10,3,3,13,21,62
5526275,"Fond du Lac",Wisconsin,3,2,1,0,2155,1226,863,66,16192,74002,3,0,3,0,4,83,5,2,7,36,36,21
5526675,"Fort Atkinson",Wisconsin,2,1,1,0,2089,1252,801,36,2578,84480,0,0,0,0,3,89,3,5,6,30,37,27
5526982,"Fox Crossing",Wisconsin,2,1,1,0,1810,1058,729,23,9167,90078,1,0,3,0,2,85,5,3,4,28,34,34
5527075,"Fox Point",Wisconsin,2,1,1,0,2720,1513,1198,9,2412,173377,5,0,7,0,1,81,6,0,2,9,17,72
5527300,Franklin,Wisconsin,2,1,1,0,2370,1394,955,21,14363,126624,4,0,6,0,3,81,4,3,4,20,30,46
5528675,"Genoa City",Wisconsin,3,1,1,0,2712,1519,1112,81,165,106851,0,0,0,0,5,84,8,2,11,30,39,20
5528875,Germantown,Wisconsin,2,1,1,0,2384,1422,890,72,8214,132107,2,0,5,0,2,86,4,1,3,17,26,53
5529400,Glendale,Wisconsin,2,1,1,0,2463,1364,1041,58,5815,116338,18,0,7,0,1,66,4,4,3,12,25,60
552970,Ozark,Arkansas,5,4,1,0,2173,1617,536,20,923,46200,1,1,0,0,0,94,4,0,5,44,38,13
5530000,Grafton,Wisconsin,2,1,1,0,2046,1200,741,105,3668,94410,2,0,2,0,1,90,5,0,2,22,34,41
5531000,"Green Bay",Wisconsin,3,1,1,0,1975,1082,874,19,43854,77788,4,3,4,0,6,67,10,6,10,30,34,26
5531125,Greendale,Wisconsin,2,1,1,0,2202,1341,834,27,6140,114164,2,1,6,0,3,78,6,5,2,21,27,50
5531175,Greenfield,Wisconsin,2,1,1,0,1805,1127,662,16,17929,86266,5,0,5,0,4,70,9,5,4,31,32,34
5532075,"Hales Corners",Wisconsin,2,1,1,0,2087,1252,821,14,3116,104274,1,0,3,0,5,82,5,3,5,23,33,40
5532790,Harrison,Wisconsin,2,1,1,0,2364,1380,940,44,4344,130163,1,0,3,0,2,89,5,1,3,16,30,51
5533000,Hartford,Wisconsin,2,1,1,0,1860,946,852,62,3179,90389,1,1,1,0,1,91,4,1,7,33,38,21
5533100,Hartland,Wisconsin,2,1,1,0,2316,1370,927,19,2925,122486,1,0,4,0,2,91,2,0,1,24,32,42
5533450,Hayward,Wisconsin,3,2,2,0,2504,1224,1159,121,262,74176,1,8,1,0,0,86,3,1,8,34,29,29
553390,Paragould,Arkansas,3,2,0,0,1892,1576,301,15,9351,69265,4,0,1,0,1,88,5,1,10,41,30,19
553480,Paris,Arkansas,5,4,1,0,2929,2045,847,37,502,57224,1,0,5,0,0,91,2,2,9,42,31,17
5535150,Hobart,Wisconsin,2,1,1,0,2327,1220,1078,29,5135,135784,0,4,4,0,1,79,11,1,2,12,31,55
5535450,Holmen,Wisconsin,2,2,1,0,2366,1502,827,37,2284,97788,1,0,9,0,0,85,5,0,2,18,45,36
5535750,Horicon,Wisconsin,4,2,2,0,2358,1287,996,75,405,65636,2,0,0,0,1,95,1,0,5,36,41,18
5535850,Hortonville,Wisconsin,2,1,1,0,2489,1245,1051,193,141,99590,0,1,3,0,1,87,3,5,12,35,33,20
5535950,Howard,Wisconsin,2,1,1,0,2152,1158,969,25,8310,108496,3,0,1,0,1,92,2,0,2,26,35,38
5536025,"Howards Grove",Wisconsin,2,1,1,0,2128,1080,1001,47,232,98417,4,0,2,0,1,91,1,0,1,37,36,26
5536250,Hudson,Wisconsin,2,1,1,0,2260,1432,806,22,5763,112296,1,0,1,0,3,91,4,1,3,21,31,45
5537675,Jackson,Wisconsin,2,1,1,0,2323,1347,936,40,575,112303,2,0,0,0,0,94,3,1,2,27,32,39
5537825,Janesville,Wisconsin,3,2,1,0,2483,1394,1047,42,21401,79009,3,0,2,0,2,86,5,2,6,31,37,26
5537900,Jefferson,Wisconsin,2,1,1,0,1894,1059,799,36,1855,90182,2,0,0,0,4,80,4,9,7,34,36,23
5538350,"Johnson Creek",Wisconsin,2,1,1,0,2802,1358,1184,260,104,112900,1,0,2,0,2,89,4,1,4,32,37,28
5538675,Juneau,Wisconsin,3,1,1,0,2721,1237,1239,245,47,93300,3,0,0,0,2,90,5,0,6,43,33,18
5538800,Kaukauna,Wisconsin,2,1,1,0,2014,1143,751,120,5791,89895,0,0,0,0,2,94,2,1,6,35,32,28
5539225,Kenosha,Wisconsin,3,2,1,0,2282,1312,939,31,34069,87348,10,1,2,0,8,64,12,4,9,27,37,28
5539300,Kewaskum,Wisconsin,2,1,1,0,2600,1371,1076,153,196,115749,0,0,0,0,2,93,5,0,9,26,37,27
5539350,Kewaunee,Wisconsin,3,1,1,0,2803,1120,1356,327,78,96819,0,0,1,0,0,97,1,0,8,34,36,23
5539525,Kiel,Wisconsin,5,4,1,0,4805,3804,923,78,420,87469,0,0,0,0,1,95,3,1,11,35,30,23
5539650,Kimberly,Wisconsin,2,1,1,0,1927,1151,708,68,2857,88368,0,0,4,0,3,89,4,1,5,35,30,29
5540550,Kronenwetter,Wisconsin,2,1,1,0,2284,1135,1057,92,3478,120918,1,0,2,0,0,91,6,0,4,32,29,35
5540775,"La Crosse",Wisconsin,3,2,1,0,2021,1258,713,50,19864,78261,2,0,4,0,1,88,4,1,4,23,42,31
5540850,Ladysmith,Wisconsin,3,2,1,0,2183,1173,905,105,900,66171,1,0,1,0,3,92,3,0,6,36,34,25
5541300,"Lake Delton",Wisconsin,4,2,1,0,2312,1345,908,59,1135,60831,2,2,0,0,12,74,4,5,3,30,50,17
5541450,"Lake Geneva",Wisconsin,2,1,1,0,1820,1117,690,13,2849,90595,1,0,0,0,6,84,4,5,9,24,28,39
5541525,"Lake Hallie",Wisconsin,3,2,1,0,2631,1442,1083,106,2872,83234,0,0,4,0,1,93,2,0,3,29,45,23
5541675,"Lake Mills",Wisconsin,2,1,1,0,1897,1048,816,33,1077,101911,1,2,0,0,2,90,5,1,4,22,32,42
554200,"Pea Ridge",Arkansas,2,1,1,0,2433,1638,761,34,850,111686,4,0,1,0,3,74,15,3,8,32,31,29
5542250,Lancaster,Wisconsin,2,1,1,0,2185,1257,791,137,566,95528,0,0,1,0,0,97,2,0,3,32,40,25
5544950,"Little Chute",Wisconsin,2,1,1,0,1880,1092,716,72,5011,88550,1,1,1,0,1,88,5,2,5,34,35,26
5545350,Lodi,Wisconsin,2,1,1,0,2309,1223,999,87,78,124462,0,0,0,0,1,97,2,0,0,18,47,35
5545475,Lomira,Wisconsin,3,1,1,0,2538,1287,1106,145,105,87654,1,0,0,0,1,93,3,1,7,35,40,18
5546400,Luxemburg,Wisconsin,3,1,1,0,2830,1246,1326,258,47,103914,0,0,0,0,2,93,3,1,4,37,33,26
5546850,McFarland,Wisconsin,2,1,1,0,2134,1319,807,8,2810,115713,0,0,1,0,1,91,6,0,3,18,27,52
5548000,Madison,Wisconsin,2,1,1,0,1782,1109,658,15,113384,103270,7,0,9,0,3,72,7,2,3,13,25,59
5548500,Manitowoc,Wisconsin,2,1,1,0,1652,689,907,56,8086,75890,2,0,5,0,3,84,5,1,7,34,33,25
5549300,Marinette,Wisconsin,3,2,1,0,2083,1118,887,78,2158,66825,1,1,0,0,1,93,5,0,7,36,33,25
5549575,Marshall,Wisconsin,2,1,1,0,2661,1363,1169,129,70,107066,3,0,3,0,8,80,5,1,4,22,44,29
5549675,Marshfield,Wisconsin,2,1,1,0,1728,913,659,156,6316,76943,2,0,2,0,1,91,4,0,4,36,33,27
5550025,Mauston,Wisconsin,3,2,1,0,2148,1178,852,118,626,72813,6,1,1,0,1,85,5,1,9,39,35,18
5550200,Mayville,Wisconsin,3,2,1,0,2479,1408,1020,51,1297,78581,0,0,0,0,1,97,2,0,9,40,31,20
5550425,Medford,Wisconsin,5,3,1,0,3610,2589,822,199,881,75643,0,0,1,0,0,96,3,0,6,36,33,25
5550825,Menasha,Wisconsin,2,1,1,0,1847,1005,811,31,7271,79038,1,1,4,0,3,81,6,4,6,32,40,23
5551000,"Menomonee Falls",Wisconsin,2,1,1,0,2494,1470,975,49,16249,134496,4,0,5,0,2,84,4,2,4,23,25,48
5551025,Menomonie,Wisconsin,3,2,1,0,2195,1320,804,71,3586,75674,1,0,6,0,1,89,3,1,5,22,39,34
5551150,Mequon,Wisconsin,2,1,1,0,2612,1540,1024,48,9110,164029,2,0,4,0,2,87,4,1,1,11,16,72
5551250,Merrill,Wisconsin,3,2,1,0,2249,1113,1036,100,2774,72002,1,0,0,0,2,94,2,0,9,40,35,16
555130,Piggott,Arkansas,5,3,2,0,2891,1590,1267,34,458,56991,0,1,0,0,1,96,2,0,8,37,35,19
5551375,Merton,Wisconsin,2,1,1,0,3161,1830,1290,41,779,194841,0,0,3,0,1,94,2,0,0,14,30,56
5551575,Middleton,Wisconsin,2,1,1,0,1989,1246,732,11,6963,124677,4,0,5,0,3,77,7,3,3,11,23,63
5552200,Milton,Wisconsin,3,1,1,0,2711,1444,1221,46,370,96891,0,0,0,0,0,92,7,0,3,29,36,32
5553000,Milwaukee,Wisconsin,3,2,1,0,2210,1288,896,26,228583,66953,39,1,5,0,6,33,10,7,13,28,32,28
555310,"Pine Bluff",Arkansas,4,3,1,0,2259,1553,691,15,12373,54491,80,0,1,0,0,16,2,1,12,32,31,26
5553100,"Mineral Point",Wisconsin,3,1,1,0,2591,1281,1120,190,73,96048,1,0,0,0,0,96,2,1,3,29,35,32
5553600,Mondovi,Wisconsin,4,2,2,0,2278,1215,937,126,425,60093,0,0,0,0,1,97,1,1,7,49,24,21
5553675,Monona,Wisconsin,2,1,1,0,2168,1299,844,25,4602,115752,4,0,4,0,1,84,7,0,3,18,24,55
5553750,Monroe,Wisconsin,2,1,1,0,1894,1139,650,105,1578,78972,1,0,0,0,3,89,5,1,10,30,35,25
5554500,Mosinee,Wisconsin,2,1,1,0,2295,1108,1041,146,333,101082,0,0,1,1,0,94,4,0,6,30,32,31
5554725,"Mount Horeb",Wisconsin,2,1,1,0,1921,1003,857,61,499,122835,1,0,1,0,2,92,4,0,1,29,23,48
5554875,"Mount Pleasant",Wisconsin,2,1,1,0,2323,1398,891,34,13776,101169,10,0,3,0,7,68,8,3,6,24,35,35
5555050,Mukwonago,Wisconsin,2,1,1,0,2393,1435,933,25,2215,127190,0,1,2,0,1,89,6,1,2,25,31,41
5555275,Muskego,Wisconsin,2,1,1,0,2721,1574,1104,43,10046,159611,1,0,1,0,2,92,3,1,2,20,32,45
5555750,Neenah,Wisconsin,2,1,1,0,2068,1236,793,39,7506,86022,3,0,1,0,4,86,5,0,5,29,38,28
5556375,"New Berlin",Wisconsin,2,1,1,0,2530,1457,1012,61,17920,128680,1,0,5,0,2,88,3,1,3,21,29,47
5556800,"New Holstein",Wisconsin,3,2,1,0,2807,1474,1141,192,153,85135,0,1,2,0,0,91,3,3,3,44,30,23
5556900,"New Lisbon",Wisconsin,5,2,2,0,3286,1673,1433,180,75,67732,6,1,0,0,1,84,4,4,7,38,40,15
5556925,"New London",Wisconsin,3,1,1,0,1805,980,731,94,1105,71822,2,0,0,0,0,90,3,4,7,53,26,14
5557100,"New Richmond",Wisconsin,2,1,1,0,2130,1111,981,38,1488,106195,2,0,0,0,1,90,7,1,5,22,35,37
5558000,"North Fond du Lac",Wisconsin,3,2,1,0,2269,1251,979,39,416,74713,1,0,0,0,5,85,7,1,12,40,33,15
5558050,"North Hudson",Wisconsin,2,1,1,0,2665,1584,1056,25,578,145151,0,0,2,0,2,93,3,0,0,14,31,55
5558800,"Oak Creek",Wisconsin,2,1,1,0,2112,1296,803,13,14874,112302,3,0,6,0,4,76,8,3,4,22,33,42
5559250,Oconomowoc,Wisconsin,2,1,1,0,2157,1148,971,38,5885,126612,1,0,0,0,1,94,2,2,4,22,32,42
5559350,Oconto,Wisconsin,3,2,1,0,2800,1364,1224,212,216,88785,1,3,1,0,0,91,4,0,7,45,35,13
5559400,"Oconto Falls",Wisconsin,3,2,2,0,2421,1161,1086,174,151,72175,0,0,0,0,1,95,3,0,7,33,43,16
5559875,Omro,Wisconsin,3,1,1,0,2617,1361,1210,46,122,103580,0,0,0,0,1,98,0,0,5,27,39,29
5559925,Onalaska,Wisconsin,2,1,1,0,2147,1296,789,62,6315,106608,3,1,6,0,2,83,4,1,3,22,39,36
5560100,Oostburg,Wisconsin,2,1,1,0,1876,993,801,82,191,97014,0,0,0,0,2,89,4,5,5,35,28,32
5560200,Oregon,Wisconsin,2,1,1,0,2202,1315,875,12,1069,121767,6,0,0,0,1,88,4,0,2,19,33,46
5560500,Oshkosh,Wisconsin,3,2,1,0,2109,1119,964,26,20276,74572,3,0,4,0,3,84,5,1,5,30,36,29
5560975,"Paddock Lake",Wisconsin,2,1,1,0,2526,1423,1047,56,960,106452,0,1,0,0,4,91,3,1,10,22,35,33
5562175,Peshtigo,Wisconsin,3,1,1,0,2486,1130,1131,225,116,79812,0,0,0,0,1,96,3,1,5,33,44,18
5562240,Pewaukee,Wisconsin,2,1,1,0,2220,1327,859,34,9454,127866,1,0,4,0,2,86,5,1,3,15,32,50
5562250,Pewaukee,Wisconsin,2,1,1,0,2206,1334,849,23,1851,132410,1,0,2,0,3,88,5,1,4,15,33,48
5563250,Platteville,Wisconsin,3,2,1,0,2299,1364,796,139,1251,69752,4,0,3,0,1,90,2,0,4,16,41,39
5563300,"Pleasant Prairie",Wisconsin,2,1,1,0,2431,1404,991,36,9394,119783,3,0,2,0,3,81,8,3,4,15,37,43
5563525,Plover,Wisconsin,2,1,1,0,2045,1050,934,61,1727,111045,0,1,5,0,2,88,2,2,4,23,29,44
5563700,Plymouth,Wisconsin,2,1,1,0,1937,1039,839,59,1269,82348,1,0,0,0,2,94,3,0,4,32,36,28
5564100,Portage,Wisconsin,3,2,1,0,2198,1355,761,82,2132,75291,3,1,1,0,2,87,5,2,6,37,37,20
5564450,"Port Washington",Wisconsin,2,1,1,0,2249,1308,903,38,2720,105046,1,0,1,0,1,91,4,2,3,31,36,31
5565050,"Prairie du Chien",Wisconsin,3,2,1,0,2040,1144,840,56,1319,67488,2,0,0,0,1,91,6,0,5,41,32,21
5565100,"Prairie du Sac",Wisconsin,2,1,1,0,2335,1285,981,69,943,97994,0,0,0,0,2,92,3,2,7,24,36,34
5565375,Prescott,Wisconsin,3,2,1,0,3512,1913,1447,152,171,118713,0,0,1,0,1,92,4,2,1,33,32,33
556540,Pocahontas,Arkansas,4,2,1,0,2096,1394,668,34,1044,56381,1,0,1,4,1,85,7,1,14,40,34,12
5565675,Pulaski,Wisconsin,2,1,1,0,2422,1227,1051,144,184,104854,1,0,1,0,1,89,6,0,4,35,33,27
5566000,Racine,Wisconsin,3,2,1,0,2351,1332,948,71,24954,74526,19,0,1,0,8,54,13,5,11,29,37,23
5566800,Reedsburg,Wisconsin,2,1,1,0,1998,1079,850,69,1909,84754,0,0,0,0,3,89,5,2,5,38,37,21
5567200,Rhinelander,Wisconsin,3,2,2,0,2335,1094,1169,72,2027,67578,1,3,0,0,1,88,3,4,4,27,44,25
5567350,"Rice Lake",Wisconsin,4,3,1,0,3200,2333,796,71,2388,74150,1,0,1,0,1,94,1,2,6,30,38,25
5567475,Richfield,Wisconsin,2,1,1,0,2939,1612,1226,101,4496,162642,0,0,1,0,1,96,2,0,2,23,27,49
5567625,"Richland Center",Wisconsin,3,1,1,0,2097,1082,901,114,553,75043,1,0,2,0,0,91,1,4,7,29,43,21
5568175,Ripon,Wisconsin,3,2,1,0,2315,1274,986,55,575,81968,0,0,0,0,1,92,4,2,6,40,27,28
5568275,"River Falls",Wisconsin,2,1,1,0,2008,1126,835,47,2685,91690,1,0,2,0,1,91,4,1,2,19,37,43
5568550,Rochester,Wisconsin,2,1,1,0,2609,1482,1106,21,2327,119957,0,1,0,0,2,92,4,0,4,16,48,32
5569725,Rothschild,Wisconsin,2,1,1,0,2135,1113,944,78,2777,92988,2,0,6,0,0,90,1,0,4,30,41,26
556990,Pottsville,Arkansas,2,2,0,0,1890,1637,194,59,440,76441,2,0,2,0,3,83,4,4,10,46,23,21
5570650,"St. Francis",Wisconsin,2,1,1,0,1763,1127,617,19,4050,76637,7,0,1,0,4,79,3,6,7,35,35,22
5571650,"Sauk City",Wisconsin,3,2,1,0,2825,1770,958,97,447,91486,0,0,0,0,2,94,3,2,8,27,38,27
557170,"Prairie Grove",Arkansas,3,2,1,0,3123,1839,1246,38,595,98965,2,1,2,0,1,80,12,2,6,34,35,25
5571700,Saukville,Wisconsin,2,1,1,0,2308,1268,969,71,229,92426,2,0,1,0,1,92,4,1,4,39,28,29
557260,Prescott,Arkansas,12,11,1,0,5435,4791,631,13,81,44789,35,0,0,0,3,61,1,0,4,52,34,11
5572670,Seymour,Wisconsin,3,2,1,0,2840,1568,1076,196,316,98465,2,0,4,0,1,86,5,3,2,25,40,33
5572725,Seymour,Wisconsin,3,1,1,0,2327,1223,914,190,112,89991,0,3,1,0,3,88,3,2,8,33,35,25
5572925,Shawano,Wisconsin,2,1,1,0,1618,833,703,82,2811,71269,1,13,0,0,1,74,10,0,4,44,32,20
5572975,Sheboygan,Wisconsin,3,1,1,0,1859,1053,782,24,16532,73072,3,0,12,0,6,70,8,2,7,33,36,24
5573025,"Sheboygan Falls",Wisconsin,4,3,1,0,3634,2766,840,28,2406,93453,0,0,3,0,3,90,1,2,5,32,35,28
5573525,Sherwood,Wisconsin,2,1,1,0,2479,1387,998,94,180,127229,1,0,2,0,0,95,1,0,2,27,28,43
5573725,Shorewood,Wisconsin,2,1,1,0,2207,1176,1024,7,6062,127022,3,0,6,0,1,80,6,2,1,9,14,76
5574400,Slinger,Wisconsin,2,1,1,0,2166,1173,943,50,817,124892,0,0,1,0,1,95,3,0,3,33,31,33
5574625,Somers,Wisconsin,2,1,1,0,2137,1240,858,39,3474,90864,8,0,3,0,4,74,9,2,5,25,32,39
5574675,Somerset,Wisconsin,2,1,1,0,3090,1624,1278,188,172,127539,0,0,1,0,1,92,6,1,2,34,26,38
5575125,"South Milwaukee",Wisconsin,2,1,1,0,2104,1268,789,47,7775,86601,2,1,1,0,6,80,7,2,8,35,31,26
5575325,Sparta,Wisconsin,3,2,1,0,2057,1165,683,209,2049,71798,2,1,1,0,3,85,5,3,7,36,41,16
5575625,Spooner,Wisconsin,4,2,2,0,2971,1661,1129,181,195,69887,2,2,2,1,1,87,4,1,9,30,35,26
5576625,Stanley,Wisconsin,4,2,2,1,3362,1702,1189,471,42,77042,2,0,0,0,4,93,1,0,14,43,26,16
5577200,"Stevens Point",Wisconsin,2,1,1,0,1794,966,773,55,9447,77281,2,0,4,0,1,87,5,1,4,24,36,36
5577675,Stoughton,Wisconsin,2,1,1,0,1889,1038,838,13,3564,105217,1,0,0,0,1,93,4,1,5,28,27,40
5577875,"Sturgeon Bay",Wisconsin,3,1,1,0,2087,960,1012,115,1926,80406,1,2,0,0,1,91,4,0,5,29,39,28
5577925,Sturtevant,Wisconsin,2,1,1,0,2531,1441,1071,19,1251,108723,10,1,2,0,8,71,7,1,3,29,37,31
5577975,Suamico,Wisconsin,2,1,1,0,2613,1357,1176,80,4446,135214,2,0,1,0,1,90,4,1,2,22,29,47
5578375,Summit,Wisconsin,2,1,1,0,2937,1626,1214,97,2110,166363,0,0,1,0,2,89,5,3,1,14,25,59
5578600,"Sun Prairie",Wisconsin,1,1,1,0,1542,920,600,22,10301,111663,9,0,5,0,3,76,5,1,4,21,26,50
5578650,Superior,Wisconsin,3,1,1,0,2232,1052,1074,106,11055,75165,2,2,2,0,1,88,5,0,4,27,38,31
5578660,Superior,Wisconsin,3,1,1,0,2366,1099,1146,121,15,89445,0,1,0,0,2,94,2,0,3,29,34,33
5578750,Sussex,Wisconsin,2,1,1,0,2264,1422,797,45,3381,122655,1,0,6,0,1,90,2,0,2,20,39,39
5579475,Thiensville,Wisconsin,2,1,1,0,2136,1236,819,81,1585,115203,1,1,5,0,3,85,3,2,2,16,25,57
5580075,Tomah,Wisconsin,2,2,1,0,1786,1132,586,68,2141,73374,2,2,0,0,1,92,3,0,9,31,38,22
5580125,Tomahawk,Wisconsin,4,2,2,0,2331,1167,1079,85,885,64520,0,1,0,0,3,91,5,0,4,51,29,16
5581250,"Twin Lakes",Wisconsin,2,1,1,0,2741,1630,1014,97,1752,111139,1,0,0,0,5,90,4,1,7,29,43,21
5581325,"Two Rivers",Wisconsin,3,1,1,0,1815,833,929,53,2880,72577,1,0,1,1,2,88,5,1,9,35,36,21
5581775,"Union Grove",Wisconsin,2,1,1,0,2463,1384,1069,10,835,115881,7,0,1,0,1,86,4,2,7,10,43,40
5582600,Verona,Wisconsin,1,1,1,0,2214,1283,908,23,3653,156648,3,0,1,0,1,86,7,2,1,9,25,64
5582925,Viroqua,Wisconsin,3,2,1,0,2127,1189,854,84,502,73849,1,0,0,0,1,91,7,0,3,30,33,33
5583175,Wales,Wisconsin,2,1,1,0,2816,1614,1147,55,400,151659,0,0,4,0,1,92,2,1,2,14,31,53
5583250,Walworth,Wisconsin,2,1,1,0,2211,1325,843,43,293,96175,0,0,1,0,6,78,7,7,5,27,43,25
5583825,Waterford,Wisconsin,2,1,1,0,2472,1461,988,23,794,116708,1,0,0,0,2,92,3,1,4,26,31,39
5583925,Waterloo,Wisconsin,3,1,1,0,2687,1239,1198,250,124,95594,0,1,0,0,2,86,9,2,7,37,30,26
5583975,Watertown,Wisconsin,3,2,1,0,2091,1289,776,26,6684,81124,1,0,0,0,5,85,8,2,7,36,37,20
5584250,Waukesha,Wisconsin,2,1,1,0,2114,1304,774,36,24586,102470,3,0,3,0,7,79,6,2,4,22,33,41
5584350,Waunakee,Wisconsin,1,1,1,0,1943,1129,797,17,2160,146816,3,0,1,3,1,86,6,1,2,14,36,49
5584375,Waupaca,Wisconsin,3,1,1,0,2127,1062,993,72,1478,83651,2,0,0,0,0,94,2,2,6,33,34,27
5584425,Waupun,Wisconsin,3,1,1,0,2026,1062,929,35,1241,72501,9,1,0,0,5,81,3,1,10,43,33,14
5584475,Wausau,Wisconsin,3,1,1,0,2098,1104,883,111,12807,77850,1,0,11,0,2,78,5,2,7,28,35,30
5584675,Wauwatosa,Wisconsin,2,1,1,0,2126,1283,818,25,21263,120835,7,1,5,0,2,79,5,1,1,13,24,62
5585300,"West Allis",Wisconsin,2,1,1,0,1962,1169,745,48,27635,79574,6,1,3,0,6,71,8,4,6,31,36,27
5585350,"West Bend",Wisconsin,2,1,1,0,2154,1304,805,45,10501,96315,2,0,1,0,1,90,4,1,4,30,37,30
5585875,"West Milwaukee",Wisconsin,3,2,1,0,1702,983,700,19,1989,56899,16,2,0,0,12,47,13,10,12,40,30,18
5586025,Weston,Wisconsin,2,1,1,0,1974,1075,835,64,5440,94077,1,0,10,0,0,85,3,0,5,30,39,26
5586275,"West Salem",Wisconsin,2,1,1,0,2151,1343,755,53,1276,108262,0,0,3,0,1,89,6,0,2,20,35,43
5586700,"Whitefish Bay",Wisconsin,2,1,1,0,3013,1630,1365,18,4723,187914,3,0,4,0,3,84,5,2,1,8,11,80
5586925,Whitewater,Wisconsin,3,2,1,0,1668,1030,615,23,3410,64365,2,0,4,0,5,81,6,2,3,20,50,26
5587200,"Williams Bay",Wisconsin,2,1,1,0,2250,1325,906,19,469,103121,0,0,1,0,3,89,1,6,2,23,29,45
5587725,Windsor,Wisconsin,2,1,1,0,2177,1279,879,19,4980,126940,2,0,3,0,2,86,6,1,4,23,30,43
5587900,Winneconne,Wisconsin,2,1,1,0,2511,1366,1093,52,106,107585,0,0,1,0,0,97,2,0,3,28,37,31
5588150,"Wisconsin Dells",Wisconsin,4,3,2,0,3177,2017,1082,78,459,71753,1,0,0,0,24,71,2,2,4,29,46,21
5588200,"Wisconsin Rapids",Wisconsin,3,1,1,0,1799,952,718,129,3145,69970,1,0,3,0,3,88,3,1,6,39,33,22
5589150,Wrightstown,Wisconsin,2,1,1,0,2482,1258,1087,137,296,122464,1,1,2,0,1,88,6,2,4,28,29,39
560410,Rogers,Arkansas,2,1,1,0,2297,1515,767,15,22241,108719,1,1,4,1,13,54,19,5,13,26,25,36
561670,Russellville,Arkansas,3,2,0,0,1828,1492,321,15,9079,67228,4,3,1,0,5,72,8,8,11,24,36,28
563020,Searcy,Arkansas,3,2,1,0,1942,1530,378,34,4652,65590,8,0,2,0,4,79,5,1,12,31,23,34
563470,"Shannon Hills",Arkansas,2,2,0,0,2171,1771,380,20,592,91988,27,0,0,0,3,61,4,3,14,26,46,15
563710,Sheridan,Arkansas,3,2,1,0,2170,1587,566,17,1279,73952,3,0,0,0,0,93,2,1,4,35,32,29
563800,Sherwood,Arkansas,2,2,1,0,2195,1482,697,16,12183,95843,28,0,1,0,1,65,4,1,3,23,37,37
564370,"Siloam Springs",Arkansas,2,2,1,0,2155,1363,772,20,3654,90169,1,3,3,0,9,56,21,6,13,30,30,27
565630,Southside,Arkansas,4,3,1,0,2177,1662,481,34,429,60838,0,1,0,3,1,85,7,3,15,40,33,11
566080,Springdale,Arkansas,3,2,1,0,2620,1506,1098,16,27200,89337,3,1,3,8,11,41,19,14,20,27,25,27
567490,Stuttgart,Arkansas,3,2,1,0,2236,1599,622,15,977,70081,34,0,0,0,0,63,2,1,14,37,30,19
568810,Texarkana,Arkansas,4,3,1,0,2145,1600,527,18,10282,58915,37,0,0,0,2,54,3,3,11,34,40,15
569740,Tontitown,Arkansas,2,1,1,0,3302,1947,1313,42,1247,134502,1,0,2,2,1,73,10,10,12,22,22,44
570010,Trumann,Arkansas,4,3,1,0,2457,1792,640,25,1457,61841,3,0,0,0,0,90,6,1,23,42,26,9
571480,"Van Buren",Arkansas,4,2,1,0,2618,1655,948,15,5534,72901,2,1,2,0,4,76,12,4,13,33,29,25
571960,Vilonia,Arkansas,3,2,1,0,2298,1824,453,21,594,87587,1,0,0,0,1,96,2,0,8,26,35,31
572380,Waldron,Arkansas,4,3,1,0,2104,1583,445,76,479,50146,0,0,0,0,4,77,8,11,16,40,35,9
572890,"Walnut Ridge",Arkansas,3,2,1,0,2066,1419,621,26,1923,64413,2,0,0,0,1,93,3,0,20,27,32,21
573130,Ward,Arkansas,3,2,0,0,2216,1861,330,25,445,81333,3,0,2,0,4,86,6,0,5,27,50,17
573310,Warren,Arkansas,4,3,1,0,2303,1719,555,29,116,64033,27,7,0,0,7,51,5,3,14,45,25,15
574360,"West Fork",Arkansas,4,2,1,0,3071,1821,1171,79,72,82535,1,1,0,0,0,89,8,0,11,36,27,27
574540,"West Memphis",Arkansas,3,2,1,0,1959,1377,570,12,8951,61865,57,0,0,0,1,36,5,0,16,40,29,14
575170,"White Hall",Arkansas,2,2,1,0,2180,1686,480,14,973,88503,21,0,3,0,4,66,5,1,11,38,24,27
577090,Wynne,Arkansas,4,3,1,0,2277,1632,630,15,1722,61637,35,1,0,0,2,55,8,0,16,42,23,19
600296,Adelanto,California,4,2,2,0,3215,1880,1315,20,8314,78858,15,1,3,1,24,9,29,19,25,29,36,10
600394,"Agoura Hills",California,2,1,0,0,4563,3324,1224,15,5884,256846,2,0,8,0,5,69,9,6,2,6,22,69
600562,Alameda,California,1,1,0,0,1522,926,589,7,29900,172637,7,0,31,1,4,41,12,4,4,9,23,64
600674,Albany,California,1,1,0,0,1997,1269,723,5,7753,186562,4,1,30,0,3,44,14,4,2,6,12,80
600884,Alhambra,California,2,1,0,0,1900,1391,506,3,30061,110962,2,1,51,0,8,9,9,19,12,18,27,43
600947,"Aliso Viejo",California,1,1,0,0,2246,1622,619,5,18217,186033,3,0,16,0,7,56,12,6,2,8,28,62
601444,Alturas,California,4,3,1,1,2684,1549,419,716,316,60275,4,3,0,0,8,71,6,7,10,27,42,22
601640,"American Canyon",California,2,1,1,0,3146,2121,1012,13,3657,168561,4,1,31,2,12,25,11,12,11,21,38,30
602000,Anaheim,California,1,1,0,0,1657,1109,541,7,103220,120260,3,1,18,0,25,23,16,15,19,19,30,32
602042,Anderson,California,4,3,1,0,2741,2063,626,52,3680,72223,0,3,3,0,3,77,8,6,14,31,42,13
602112,Angels,California,4,2,1,0,3178,1766,1195,217,111,88070,0,2,0,0,1,83,8,6,7,17,50,26
602252,Antioch,California,2,2,1,0,2880,2087,776,17,33646,121232,19,1,13,1,8,26,14,17,11,23,42,24
602364,"Apple Valley",California,4,2,1,0,3271,1961,1263,47,23639,89213,8,1,3,0,16,45,17,9,12,24,42,22
602462,Arcadia,California,2,1,0,0,2439,1760,670,9,20305,150491,1,0,56,0,7,20,9,6,5,15,20,60
602476,Arcata,California,3,2,1,0,2068,1313,692,63,3993,63642,4,2,3,0,3,69,12,6,5,9,42,44
602868,"Arroyo Grande",California,1,1,1,0,1657,1037,606,14,6065,120932,0,1,4,0,6,71,14,4,3,18,38,41
602896,Artesia,California,2,1,1,0,2157,1562,590,5,4495,110973,4,0,42,3,5,15,8,22,16,21,25,37
602924,Arvin,California,5,3,1,0,2463,1733,714,16,1259,54244,0,1,0,0,47,5,20,27,54,27,18,2
603064,Atascadero,California,2,1,1,0,2307,1456,812,39,10202,125855,1,1,4,0,12,68,11,4,5,19,45,31
603092,Atherton,California,1,1,0,0,5054,3526,1524,4,3537,443675,1,0,20,0,5,67,6,2,0,4,4,92
603162,Atwater,California,3,2,1,0,2455,1681,762,12,8042,84919,5,1,5,1,16,30,8,33,25,23,36,16
603204,Auburn,California,3,2,1,0,2879,1916,889,74,4426,107661,1,0,2,0,10,74,11,2,9,16,40,35
603274,Avalon,California,2,2,0,0,2349,1870,476,3,1344,113095,0,0,0,0,35,40,20,4,12,27,46,15
603302,Avenal,California,5,3,1,0,2723,1890,824,9,1641,57917,0,3,0,0,25,4,8,60,63,20,10,7
603386,Azusa,California,2,1,1,0,1787,1226,558,3,13751,103795,3,1,13,0,25,13,21,23,18,23,30,29
603526,Bakersfield,California,3,2,1,0,2823,2046,770,7,122384,99042,6,1,7,0,24,29,17,15,17,22,35,25
603666,"Baldwin Park",California,2,2,1,0,2343,1729,607,7,18067,94937,1,3,22,0,23,3,22,24,31,29,24,16
603820,Banning,California,3,3,1,0,2752,2020,712,20,8358,79080,8,2,5,0,16,29,18,22,19,30,33,18
604030,Barstow,California,4,3,1,0,2776,1775,972,29,9028,68709,14,2,2,1,18,25,22,16,15,24,50,11
604758,Beaumont,California,3,2,1,0,2615,1836,768,11,14035,101139,9,1,7,0,16,38,13,17,8,23,42,28
604870,Bell,California,2,1,1,0,1564,1060,503,1,9152,71861,2,1,1,0,40,6,27,23,43,28,20,9
604982,Bellflower,California,2,1,1,0,1897,1341,554,2,24080,92255,12,1,12,1,12,13,15,34,20,21,36,22
604996,"Bell Gardens",California,2,2,1,0,1550,1028,512,10,9565,67671,1,1,0,0,42,2,33,20,50,25,20,5
605108,Belmont,California,1,1,0,0,2883,1859,1013,11,14219,316327,2,0,29,1,6,48,9,5,2,6,20,71
605290,Benicia,California,2,1,1,0,2605,1651,948,6,8552,145986,4,0,14,0,6,59,13,4,3,14,31,52
606000,Berkeley,California,1,1,0,0,1939,1213,719,7,45886,166516,8,1,21,0,4,52,10,5,3,7,19,72
606308,"Beverly Hills",California,2,1,0,0,3440,2537,897,6,14338,216447,2,0,12,0,3,73,7,3,3,10,19,69
606434,"Big Bear Lake",California,3,1,1,0,2657,1142,1462,53,2087,104982,0,1,3,0,11,66,16,4,9,20,34,37
606798,Bishop,California,4,2,1,1,3028,1831,730,467,1166,82927,0,20,2,1,8,51,15,3,3,22,44,31
607218,Blythe,California,4,3,1,0,2866,2378,484,4,2848,72849,7,2,3,0,9,27,11,41,25,26,37,12
608058,Brawley,California,3,2,0,0,2388,2037,344,7,5467,83631,1,2,1,0,40,12,16,28,23,21,40,16
608100,Brea,California,2,1,0,0,2400,1845,552,3,14553,145490,1,0,23,0,14,41,13,9,5,14,32,49
608142,Brentwood,California,2,1,1,0,3126,2193,919,14,15513,162090,11,1,16,0,8,46,9,10,5,19,35,41
608310,Brisbane,California,1,1,0,0,2348,1573,768,7,1675,218771,0,2,36,0,8,38,9,6,8,14,19,59
608758,Buellton,California,1,1,1,0,1918,1196,711,11,661,141790,0,1,1,0,12,74,4,7,8,13,39,41
608786,"Buena Park",California,2,1,0,0,2050,1503,539,8,25761,131313,3,1,32,0,16,22,12,13,13,20,33,35
608954,Burbank,California,1,1,0,0,1568,956,607,5,43352,127869,3,1,12,0,9,55,12,8,6,13,33,48
608968,Burbank,California,1,1,0,0,2204,1467,730,7,1910,160298,3,1,16,1,15,34,13,17,15,16,24,45
609066,Burlingame,California,1,1,0,0,3164,2040,1120,4,17120,294294,1,0,27,0,4,53,8,7,3,9,21,67
609598,Calabasas,California,2,1,0,0,4290,3134,1124,32,7652,243113,2,0,12,0,4,70,8,3,0,8,24,68
609710,Calexico,California,3,3,1,0,2401,2005,390,6,7350,69478,0,0,1,0,42,1,20,36,36,21,22,21
609780,"California City",California,4,3,1,0,3082,2244,741,97,4321,75896,23,2,1,0,14,33,15,12,12,33,38,17
609864,Calimesa,California,2,2,1,0,2690,1909,769,12,4907,118050,7,2,7,0,11,49,10,15,8,21,42,29
609878,Calipatria,California,5,4,1,0,2184,1853,317,14,15,44710,3,0,2,0,33,11,17,34,29,24,45,2
609892,Calistoga,California,2,1,1,0,2681,1777,895,9,2116,136444,1,0,2,0,9,57,16,16,10,13,42,35
610046,Camarillo,California,2,1,0,0,2229,1552,668,9,22278,144863,3,1,10,0,17,51,14,4,3,14,38,45
610345,Campbell,California,1,1,0,0,2430,1640,782,8,20565,218958,2,0,26,0,7,46,11,8,6,11,22,62
610928,"Canyon Lake",California,2,2,0,0,2868,2432,413,23,4495,133642,4,1,3,0,7,58,14,12,6,17,46,30
611040,Capitola,California,1,1,0,0,2025,1267,745,13,4803,150978,0,0,5,0,10,63,11,10,4,10,37,49
611194,Carlsbad,California,1,1,0,0,2447,1796,643,8,43992,183695,1,0,10,0,7,67,11,3,3,8,24,64
611250,Carmel-by-the-Sea,California,2,1,0,0,2716,1864,844,8,1432,177146,0,0,1,0,2,88,8,2,0,3,17,80
611446,Carpinteria,California,1,1,0,0,1913,1290,615,8,3022,159371,1,0,2,0,13,51,15,18,11,12,29,47
611530,Carson,California,2,1,1,0,2076,1401,670,5,25935,125269,23,1,25,2,14,6,14,16,15,19,31,35
612048,"Cathedral City",California,3,2,1,0,3041,2432,599,10,16624,98498,2,2,7,0,19,29,21,20,18,24,28,30
612524,Ceres,California,3,2,1,0,2396,1731,653,12,11892,86592,1,1,5,0,27,24,27,14,25,32,32,12
612552,Cerritos,California,2,1,0,0,2288,1646,634,8,15775,148963,8,0,61,0,3,13,9,6,4,11,24,62
613014,Chico,California,3,2,1,0,2431,1778,627,26,34636,92256,2,1,5,0,7,69,10,6,4,14,41,41
613210,Chino,California,2,1,1,0,2459,1808,638,13,27460,124864,6,1,20,0,19,18,17,19,11,19,35,36
613214,"Chino Hills",California,2,1,0,0,2655,1937,704,14,23196,146416,4,0,40,0,9,24,13,9,5,13,29,54
613294,Chowchilla,California,4,3,1,0,2720,1965,718,37,2838,73303,1,2,3,0,15,40,9,30,24,23,34,19
613392,"Chula Vista",California,2,1,0,0,2066,1493,567,6,80921,124677,5,1,15,0,25,16,23,14,14,18,35,33
613588,"Citrus Heights",California,2,2,1,0,2050,1467,568,15,32400,92698,3,1,5,0,7,67,9,7,7,20,47,26
613756,Claremont,California,2,1,0,0,2651,1949,693,9,12443,151268,6,0,15,0,9,48,16,7,3,11,24,63
613882,Clayton,California,2,1,1,0,3922,2500,1411,11,2278,231745,3,0,14,0,3,66,11,2,1,9,30,60
613945,Clearlake,California,5,3,1,1,2677,1822,529,326,2722,59491,6,3,1,0,5,60,10,14,14,38,41,7
614190,Cloverdale,California,2,1,1,0,2507,1629,823,55,289,124415,0,2,3,0,13,51,13,18,18,17,39,26
614218,Clovis,California,2,2,1,0,2910,2127,769,14,37809,127733,3,1,11,0,13,47,15,10,7,17,38,37
614260,Coachella,California,4,3,1,0,2759,2243,512,4,13636,68390,1,1,0,0,11,3,36,49,41,42,13,5
614274,Coalinga,California,3,2,1,0,2383,1751,610,22,1766,88545,2,2,2,1,15,28,20,30,20,25,34,20
614890,Colton,California,2,2,1,0,1983,1395,585,3,17203,83902,8,1,4,1,24,13,18,32,23,27,29,21
614946,Colusa,California,3,2,1,0,2622,1876,689,57,56,101868,3,3,1,0,16,44,17,16,17,19,49,15
614974,Commerce,California,2,1,1,0,1781,1234,543,4,3241,90742,2,4,2,0,29,4,20,38,39,25,25,11
615044,Compton,California,2,2,1,0,2049,1347,695,7,25017,84091,25,1,1,0,17,1,21,34,33,23,30,13
616000,Concord,California,2,1,1,0,2724,1831,887,6,46012,149357,5,1,14,0,7,43,16,14,9,16,34,41
616224,Corcoran,California,4,2,1,0,2567,1741,815,11,3189,70252,3,3,1,0,38,11,22,24,39,26,27,8
616322,Corning,California,4,3,1,0,2511,1812,642,57,1002,69740,0,2,0,0,26,37,20,15,24,34,28,14
616350,Corona,California,2,2,0,0,2672,2036,632,4,45811,130456,5,1,11,0,16,31,13,23,13,20,34,34
616378,Coronado,California,1,1,0,0,2462,1792,660,10,6214,193851,3,1,4,1,10,69,10,2,2,8,20,71
616462,"Corte Madera",California,1,1,0,0,3050,2015,1021,14,5885,328098,2,0,5,0,2,76,10,5,2,5,21,72
616532,"Costa Mesa",California,1,1,0,0,1748,1254,487,7,42760,146347,1,1,10,0,8,49,12,19,8,14,30,48
616560,Cotati,California,2,1,1,0,2224,1454,726,44,2047,118388,2,2,3,0,6,64,13,9,4,19,42,34
616742,Covina,California,2,1,1,0,2266,1641,611,14,16458,116837,5,1,13,0,23,18,18,21,12,23,37,28
617022,"Crescent City",California,4,3,0,0,2127,1656,222,249,1046,58742,1,9,2,0,7,61,11,9,22,12,37,28
617498,Cudahy,California,2,2,1,0,1467,983,483,1,5800,60418,1,1,0,0,37,2,36,24,45,28,21,6
617568,"Culver City",California,1,1,0,0,2358,1776,577,5,17646,167315,8,0,18,0,9,47,15,3,4,7,22,66
617610,Cupertino,California,1,1,0,0,3232,2141,1086,5,25108,334409,1,0,70,0,1,22,5,1,1,3,10,86
617750,Cypress,California,1,1,0,0,2133,1598,531,4,15674,152267,3,0,37,0,8,33,11,7,6,12,29,54
617918,"Daly City",California,1,1,0,0,2619,1698,913,8,43437,189173,3,1,59,1,6,11,9,10,10,18,28,44
617946,"Dana Point",California,1,1,0,0,2228,1559,660,9,11122,171469,1,0,4,0,8,75,7,5,3,10,28,59
617988,Danville,California,1,1,0,0,3696,2404,1275,17,14036,265612,2,0,24,0,3,63,7,2,1,5,19,76
618100,Davis,California,2,1,1,0,2152,1514,628,10,19992,115652,2,1,24,0,7,52,10,4,1,7,29,62
618394,Delano,California,4,3,1,0,2769,2095,659,15,9746,72176,1,1,14,0,31,3,29,21,36,29,25,11
618506,"Del Mar",California,1,1,0,0,2439,1815,621,3,1352,240116,2,0,1,0,6,81,9,1,0,3,7,90
618996,"Desert Hot Springs",California,4,3,1,0,2937,2414,519,4,9403,71268,7,1,2,0,21,24,23,21,20,32,32,15
619192,"Diamond Bar",California,2,1,0,0,2405,1773,626,6,15514,138683,4,1,60,0,7,13,7,8,6,11,24,59
619318,Dinuba,California,3,2,1,0,2468,1684,767,17,4851,82230,0,1,0,0,38,9,16,35,22,29,31,18
619402,Dixon,California,2,2,1,0,2648,1935,699,14,4689,116225,3,0,3,0,17,51,12,15,11,27,40,21
619612,"Dos Palos",California,3,2,1,0,2806,2034,733,39,666,82521,2,5,2,0,29,14,14,34,33,24,29,15
619766,Downey,California,2,1,1,0,2106,1514,590,2,35125,113670,4,1,7,0,23,14,18,32,16,24,33,28
619990,Duarte,California,2,1,1,0,2189,1611,573,5,7145,113989,5,2,19,0,18,23,16,17,15,18,30,37
620018,Dublin,California,1,1,0,0,2581,1772,803,6,19522,219699,5,1,50,0,3,28,10,2,2,7,19,72
620956,"East Palo Alto",California,1,1,0,0,3879,2522,1353,4,9812,276283,13,3,6,4,19,14,12,28,29,12,24,34
621230,Eastvale,California,2,1,0,0,2863,2139,722,2,13312,173394,7,0,29,0,11,22,11,18,8,13,28,50
621712,"El Cajon",California,2,2,0,0,1844,1489,344,11,32962,90462,6,1,4,1,10,56,11,12,11,25,38,27
621782,"El Centro",California,3,3,0,0,2341,2020,310,11,11507,72958,4,1,1,0,21,7,20,46,28,22,32,18
621796,"El Cerrito",California,1,1,0,0,2314,1498,801,15,10733,160478,5,1,29,1,3,46,11,4,3,8,21,67
621810,"El Cerrito",California,2,2,1,0,3182,2426,751,5,1198,143214,1,0,6,0,16,37,19,21,22,23,35,20
622020,"Elk Grove",California,2,1,1,0,2331,1514,797,20,50817,136213,11,1,30,2,6,32,13,6,6,13,38,42
622230,"El Monte",California,2,2,1,0,1892,1332,556,4,29208,79787,1,3,30,0,18,3,16,29,34,27,24,15
622300,"El Paso de Robles (Paso Robles)",California,2,1,1,0,2307,1400,877,30,9773,112991,0,1,4,0,15,56,13,10,10,17,42,31
622412,"El Segundo",California,1,1,0,0,1802,1220,579,3,7075,190706,5,0,10,0,8,57,17,2,1,10,29,60
622594,Emeryville,California,1,1,0,0,1139,945,193,1,7243,150600,18,0,30,0,4,36,8,4,2,4,21,73
622678,Encinitas,California,1,1,0,0,2598,1881,696,21,23918,194195,1,0,5,0,5,75,11,4,4,7,20,69
622790,Escalon,California,3,2,1,0,2922,2154,734,34,1464,110059,1,0,1,0,7,66,14,11,11,22,52,15
622804,Escondido,California,2,2,1,0,2189,1634,542,13,43545,99259,2,2,5,0,21,33,20,17,19,21,32,28
623042,Eureka,California,3,2,1,0,2479,1541,841,97,11919,78273,2,2,6,1,4,67,11,7,8,18,39,35
623126,Exeter,California,3,2,1,0,2813,1966,821,26,1132,95215,0,1,4,0,18,38,14,25,13,21,45,20
623158,Fairfax,California,5,4,1,0,3216,2433,773,10,174,63321,2,1,0,0,54,14,9,20,50,29,18,4
623168,Fairfax,California,1,1,0,0,3103,2056,1033,14,2180,243056,1,0,2,1,3,83,6,3,2,8,24,66
623182,Fairfield,California,2,2,1,0,2551,1786,738,27,27316,115535,16,0,15,1,14,27,14,13,12,23,39,26
623616,Farmersville,California,5,3,1,0,2836,2022,798,16,1373,60656,0,2,0,0,27,7,33,30,50,30,14,6
624092,Fillmore,California,2,1,1,0,2409,1605,784,20,254,126738,0,0,1,0,43,24,18,12,17,26,38,19
624134,Firebaugh,California,5,3,1,0,2363,1694,664,5,1393,49785,0,1,0,0,25,3,12,59,58,28,13,2
624638,Folsom,California,1,1,0,0,2203,1454,738,11,28519,166071,2,0,19,0,6,58,10,3,2,9,27,62
624680,Fontana,California,2,2,1,0,2415,1821,586,8,55686,112684,8,1,7,0,14,12,14,44,20,27,31,23
625058,"Fort Bragg",California,4,2,1,0,2563,1508,730,325,1807,71350,0,3,3,0,15,57,14,7,9,23,46,23
625296,Fortuna,California,3,2,1,0,2488,1558,785,145,2166,82340,0,3,2,0,4,68,13,10,8,27,43,22
625338,"Foster City",California,1,1,0,0,2346,1647,686,13,18864,274657,2,0,53,0,3,31,8,2,3,6,15,76
625380,"Fountain Valley",California,1,1,0,0,2193,1563,614,16,19242,150146,1,0,38,1,6,38,11,6,6,15,31,48
625436,Fowler,California,3,2,1,0,2879,2066,745,68,196,89555,0,1,14,0,36,18,13,17,24,21,30,25
626000,Fremont,California,1,1,0,0,2313,1516,789,8,75169,206457,3,0,62,1,3,18,6,7,4,12,17,67
627000,Fresno,California,3,2,1,0,2718,2029,684,5,164894,87905,6,1,13,0,19,26,19,15,17,20,36,26
628000,Fullerton,California,2,1,0,0,2370,1775,584,11,47347,135477,2,1,24,0,16,31,12,13,8,15,31,47
628112,Galt,California,2,1,1,0,2190,1548,629,13,5742,112317,3,1,6,0,19,45,14,14,12,22,41,25
628168,Gardena,California,2,1,1,0,1768,1184,580,4,20774,94535,20,1,25,0,10,8,14,22,17,22,31,30
629000,"Garden Grove",California,2,1,0,0,1978,1438,532,8,51353,115693,1,1,41,1,14,18,10,14,20,21,31,28
629504,Gilroy,California,2,1,1,0,3160,2120,1031,9,15406,186546,2,1,9,0,23,21,29,14,14,20,36,30
630000,Glendale,California,2,1,0,0,1821,1245,572,4,73077,117623,2,0,14,0,7,61,7,8,10,18,25,47
630014,Glendora,California,2,1,1,0,2672,1956,706,10,16510,138416,3,1,12,0,14,42,16,12,5,17,37,40
630378,Goleta,California,1,1,0,0,2002,1372,619,11,10068,163835,2,1,12,0,10,47,14,14,10,9,29,52
630392,Gonzales,California,3,2,1,0,2025,1395,591,39,44,75614,0,0,0,1,4,8,13,75,47,32,18,4
630658,"Grand Terrace",California,2,1,0,0,2192,1646,544,2,4382,113653,7,1,4,2,17,37,10,21,11,24,30,35
630798,"Grass Valley",California,3,2,1,0,2554,1631,851,72,3783,79543,0,0,4,0,4,82,8,2,10,20,36,34
630987,Greenfield,California,3,2,1,0,2771,1907,851,13,510,80391,8,1,1,0,35,14,18,23,23,42,20,15
630994,Greenfield,California,2,2,1,0,2201,1461,725,15,2821,97030,1,0,1,0,14,3,10,71,52,17,19,12
631260,Gridley,California,3,2,1,0,3088,2239,793,56,138,92360,0,2,2,0,13,64,10,9,15,19,48,19
631393,"Grover Beach",California,2,1,1,0,1605,997,595,13,5214,102963,1,1,3,0,14,59,16,5,10,23,32,35
631414,Guadalupe,California,2,1,1,0,2170,1476,673,21,987,99869,0,1,2,1,34,6,26,30,46,12,33,9
631568,Gustine,California,4,2,1,0,2516,1667,826,23,50,71333,1,1,2,0,12,42,9,34,15,33,38,14
631708,"Half Moon Bay",California,1,1,0,0,3054,2026,998,30,2156,290271,1,0,2,0,5,76,12,3,3,10,26,61
631960,Hanford,California,3,2,1,0,2803,2018,777,8,15836,97383,7,1,4,0,23,36,14,14,15,22,41,22
632506,"Hawaiian Gardens",California,2,2,0,0,1902,1438,461,3,3712,95802,3,3,13,0,12,7,19,44,33,21,24,21
632548,Hawthorne,California,2,1,1,0,1596,1103,490,3,29979,95087,25,2,7,0,19,10,17,20,17,21,35,28
633000,Hayward,California,2,1,1,0,2262,1462,789,11,48205,135114,9,1,29,2,8,14,12,24,16,22,27,34
633056,Healdsburg,California,2,1,1,0,2828,1941,852,35,3393,140879,0,0,2,0,6,66,8,18,7,11,33,49
633182,Hemet,California,3,3,1,0,2489,1815,661,13,28297,71471,8,1,3,0,20,35,14,18,19,27,39,15
633308,Hercules,California,2,1,1,0,2497,1643,848,6,7967,159705,20,0,42,1,4,18,9,7,4,11,32,53
633364,"Hermosa Beach",California,1,1,0,0,1888,1314,571,3,8882,211716,1,0,7,0,4,73,12,3,1,5,15,79
633434,Hesperia,California,4,2,2,0,3266,1952,1280,34,27744,83687,4,1,2,0,33,29,16,15,20,32,36,12
633588,Highland,California,3,2,1,0,2698,1929,758,11,14447,105965,8,1,9,0,20,23,12,28,20,27,29,24
633798,Hillsborough,California,1,1,0,0,4931,3050,1873,8,6041,423024,0,0,34,0,2,51,10,2,1,4,8,87
634120,Hollister,California,2,1,1,0,2497,1596,882,19,8714,124699,1,2,4,0,27,23,28,14,14,29,37,19
634246,Holtville,California,3,3,0,0,2369,2036,324,9,314,79734,1,1,1,0,25,14,17,41,33,25,27,15
634904,Hughson,California,2,1,1,0,2394,1668,709,17,791,116335,2,3,2,0,15,58,15,6,12,36,33,19
636000,"Huntington Beach",California,1,1,0,0,2014,1429,579,6,73751,155130,1,0,13,0,6,59,12,8,5,12,32,51
636056,"Huntington Park",California,2,1,1,0,1547,1048,498,1,14864,70572,1,2,1,0,33,1,20,42,48,23,23,7
636084,Huron,California,4,3,1,0,2480,1860,614,6,8,70669,2,6,0,0,16,1,51,25,62,18,5,15
636280,Imperial,California,3,2,0,0,2616,2195,418,3,2530,102920,1,0,4,0,39,12,24,20,20,15,35,30
636294,"Imperial Beach",California,2,1,0,0,1588,1189,398,1,8951,91836,5,1,7,0,22,32,22,11,12,26,38,24
636434,"Indian Wells",California,2,2,0,0,3029,2416,604,9,4139,132796,1,1,3,0,3,75,9,7,7,13,33,47
636448,Indio,California,3,2,1,0,2806,2252,548,6,30889,92781,3,1,3,0,16,24,29,24,22,31,26,21
636546,Inglewood,California,2,1,1,0,1873,1281,584,8,36381,88595,39,1,3,0,12,5,14,26,19,21,34,26
636672,Ione,California,3,2,1,0,2867,1889,874,104,171,96749,3,2,1,0,4,69,13,7,2,19,51,28
636770,Irvine,California,1,1,0,0,2007,1490,508,9,105543,170802,2,0,44,0,5,36,10,3,3,6,21,70
636980,Jackson,California,3,2,1,0,2963,1837,926,200,178,94540,0,1,2,0,7,76,9,5,7,24,44,25
637692,"Jurupa Valley",California,2,2,1,0,2648,1990,653,5,27463,118121,3,1,5,0,19,19,13,41,26,28,29,17
638226,Kerman,California,3,2,1,0,2614,1907,696,11,1055,84141,0,1,9,0,26,11,24,28,42,20,23,16
638520,"King City",California,3,2,1,0,2048,1392,652,4,1983,77988,0,1,3,0,10,8,5,72,47,26,19,9
638562,Kingsburg,California,3,2,1,0,2834,1931,871,32,1483,95563,1,1,4,0,28,37,17,12,12,27,38,23
639003,"La Cañada Flintridge",California,1,1,0,0,3624,2634,984,6,6451,258563,1,0,31,0,5,53,8,2,1,6,14,80
639122,Lafayette,California,1,1,0,0,3606,2301,1297,8,9444,294666,1,0,12,0,2,73,10,1,1,5,16,78
639178,"Laguna Beach",California,1,1,0,0,2725,2020,699,6,8731,212824,0,0,5,0,3,81,8,2,1,8,23,68
639220,"Laguna Hills",California,1,1,0,0,2336,1729,602,5,12197,168955,1,1,18,0,4,57,10,9,3,12,30,55
639248,"Laguna Niguel",California,1,1,0,0,2383,1667,709,7,24052,190703,2,0,11,0,6,64,11,6,3,10,28,59
639259,"Laguna Woods",California,2,1,0,0,1756,1500,253,3,9906,101792,1,1,19,0,4,63,6,6,4,13,29,53
639290,"La Habra",California,2,1,0,0,2362,1779,579,4,19378,124298,2,1,13,0,20,25,17,22,11,20,36,33
639304,"La Habra Heights",California,1,1,0,0,3045,2288,748,9,2068,244025,2,2,22,0,6,43,10,14,2,6,24,68
639486,"Lake Elsinore",California,2,2,1,0,2579,1950,619,10,19160,108402,5,1,6,0,16,31,14,27,13,25,39,23
639496,"Lake Forest",California,1,1,0,0,2577,1912,660,5,26822,173124,2,1,19,1,7,48,14,8,5,13,29,53
639710,Lakeport,California,3,2,1,1,2739,1716,556,467,1205,89854,1,1,1,0,5,77,5,10,4,27,44,26
639892,Lakewood,California,2,1,0,0,2094,1528,558,8,26615,135376,9,1,19,1,10,32,14,15,6,18,37,38
640004,"La Mesa",California,2,1,0,0,1948,1512,432,4,25019,114607,8,0,7,0,11,52,15,6,6,15,39,40
640032,"La Mirada",California,2,1,1,0,2223,1603,613,7,14817,121829,2,1,22,0,14,28,14,20,7,17,30,45
640130,Lancaster,California,3,2,1,0,2772,1901,861,10,52938,89052,21,1,4,0,16,26,18,15,14,27,35,24
640256,"La Palma",California,2,1,0,0,2210,1638,569,3,5009,146198,4,1,48,0,10,23,10,5,6,14,33,47
640340,"La Puente",California,2,2,1,0,2223,1583,635,5,9609,103841,1,3,14,0,23,3,12,43,33,28,27,13
640354,"La Quinta",California,2,2,0,0,3124,2491,623,10,14234,137954,2,1,4,0,11,53,17,12,7,21,32,40
640438,Larkspur,California,1,1,0,0,2817,1887,919,11,7646,293840,1,0,7,0,2,74,11,5,1,6,17,76
640704,Lathrop,California,2,2,1,0,3061,2174,872,15,6399,125837,7,2,22,1,12,22,22,12,21,23,35,21
640830,"La Verne",California,2,1,0,0,2636,1953,670,13,11309,134399,4,1,11,0,14,45,17,8,5,16,35,44
640886,Lawndale,California,2,1,1,0,1908,1273,631,4,9690,93697,7,2,11,0,22,16,22,21,24,23,29,24
641124,"Lemon Grove",California,2,2,1,0,2247,1711,526,10,9146,102376,15,2,9,1,16,26,18,13,12,19,44,25
641152,Lemoore,California,3,2,1,0,2540,1777,751,12,6457,90034,5,0,8,0,16,38,17,16,10,25,40,26
641474,Lincoln,California,2,1,1,0,2855,1970,870,15,15924,134106,1,1,6,0,9,68,11,4,5,16,40,39
641712,Lindsay,California,4,3,1,0,2734,1937,782,15,1969,60823,0,1,1,0,29,10,18,40,43,26,25,6
641922,"Live Oak",California,1,1,0,0,2267,1455,794,18,6695,166858,1,1,4,1,7,61,12,13,7,13,35,45
641936,"Live Oak",California,3,2,1,0,3048,2199,713,136,389,88553,1,7,6,0,19,41,18,9,29,19,40,12
641992,Livermore,California,1,1,0,0,2835,1922,901,12,24814,201316,2,1,15,1,9,54,13,7,5,12,32,52
642006,Livingston,California,3,2,1,0,2465,1610,829,26,1760,80937,0,1,22,0,18,4,8,46,36,29,24,11
642202,Lodi,California,2,2,1,0,2317,1605,691,21,20171,102762,1,0,12,0,9,43,23,10,14,24,36,26
642370,"Loma Linda",California,2,2,0,0,2014,1556,456,2,7448,92634,7,1,24,1,10,32,13,12,8,15,28,48
642468,Lomita,California,2,1,0,0,2281,1607,666,8,7890,150658,5,0,18,1,14,37,11,14,13,16,27,45
642524,Lompoc,California,2,2,1,0,2024,1401,610,13,12138,85612,4,2,4,0,22,27,22,20,22,23,39,15
643000,"Long Beach",California,2,1,0,0,1769,1234,530,5,170642,108236,12,1,13,1,17,27,11,18,14,15,33,38
643140,Loomis,California,2,1,1,0,3148,2133,974,41,2696,150342,0,0,3,0,3,80,11,2,3,17,34,46
643224,"Los Alamitos",California,1,1,0,0,1941,1454,483,4,4514,140701,4,0,16,0,10,45,12,13,3,14,30,52
643280,"Los Altos",California,1,1,0,0,3590,2403,1176,11,13673,400389,1,0,37,0,1,54,6,2,1,2,8,89
643294,"Los Altos Hills",California,1,1,0,0,4210,2724,1476,10,3587,417258,0,0,35,1,4,52,7,1,0,4,7,88
644000,"Los Angeles",California,2,1,1,0,2024,1423,596,5,1396983,119099,9,1,12,0,13,28,13,25,18,16,24,42
644028,"Los Banos",California,3,2,1,0,2743,1935,787,21,8452,91102,2,3,2,0,28,21,10,34,23,32,31,13
644112,"Los Gatos",California,1,1,0,0,3420,2236,1177,7,15352,337831,1,0,19,0,3,67,8,2,1,5,16,78
644574,Lynwood,California,2,1,1,0,1871,1260,607,4,15348,87713,9,2,1,0,30,2,19,37,44,25,22,9
644826,McFarland,California,4,3,1,0,2436,1778,649,9,1310,66910,1,1,1,0,37,9,35,16,46,26,23,5
645022,Madera,California,3,2,1,0,2699,1955,709,35,13629,85199,3,1,2,0,24,12,17,42,41,22,26,11
645246,Malibu,California,2,1,0,0,4870,3682,1165,23,3355,278650,1,0,4,0,4,73,14,4,1,7,18,73
645358,"Mammoth Lakes",California,3,2,1,0,2822,1725,779,318,1182,100856,0,0,6,0,20,63,4,7,9,22,38,31
645400,"Manhattan Beach",California,1,1,0,0,2316,1586,724,6,13400,258485,0,0,15,0,3,71,8,1,1,3,15,80
645484,Manteca,California,3,2,1,0,2800,2001,784,15,21025,108995,3,1,12,1,16,37,18,12,13,26,40,21
645778,Marina,California,2,1,1,0,2130,1393,724,13,5742,118015,7,0,15,2,7,38,16,15,10,16,37,37
646114,Martinez,California,2,1,0,0,2546,1745,787,14,12041,160012,3,1,10,0,6,59,16,4,4,14,32,50
646170,Marysville,California,3,3,1,0,2351,1793,537,21,3473,68919,1,1,8,0,11,59,12,7,15,21,49,15
646492,Maywood,California,2,1,1,0,1601,1073,527,1,6332,72249,1,2,1,0,34,1,20,40,52,25,15,8
646828,Mendota,California,5,3,1,0,2374,1684,680,10,232,49136,0,0,0,0,25,3,15,57,62,25,9,4
646842,Menifee,California,2,2,1,0,2503,1850,640,13,32084,110168,7,1,6,1,11,42,16,16,9,23,44,24
646870,"Menlo Park",California,1,1,0,0,3668,2450,1213,5,18031,350839,5,1,14,3,7,48,11,11,6,6,14,74
646898,Merced,California,3,2,1,0,2313,1633,668,12,20316,74823,5,1,8,0,16,24,10,36,21,21,39,20
647486,Millbrae,California,1,1,0,0,3291,2140,1146,5,11736,291518,1,0,48,2,3,34,9,5,5,14,29,52
647710,"Mill Valley",California,1,1,0,0,3350,2242,1091,17,8078,355451,2,0,7,0,1,83,6,1,1,4,12,83
647766,Milpitas,California,1,1,0,0,2563,1774,780,9,31215,228528,2,0,70,0,3,11,6,7,6,10,17,67
648256,"Mission Viejo",California,1,1,0,0,2535,1830,701,4,34073,171282,1,1,14,0,7,60,12,5,4,10,29,56
648354,Modesto,California,2,2,1,0,2390,1675,699,16,65588,99622,5,1,8,1,17,41,18,10,13,26,39,23
648648,Monrovia,California,2,1,1,0,2433,1769,659,5,14102,131399,5,1,15,1,16,29,19,15,9,15,28,49
648788,Montclair,California,2,2,1,0,2394,1708,684,2,10404,97057,5,2,9,0,24,10,15,33,24,21,34,21
648816,Montebello,California,2,1,1,0,1804,1310,492,2,19378,97783,1,3,14,0,24,7,14,38,25,22,28,24
648872,Monterey,California,2,1,1,0,2047,1325,712,10,11281,135392,4,1,8,0,5,65,9,9,3,7,30,59
648914,"Monterey Park",California,2,1,1,0,1741,1206,531,4,20457,103092,1,1,64,0,8,5,7,14,17,21,24,37
648956,"Monte Sereno",California,1,1,0,0,3901,2529,1357,15,1272,398828,1,0,21,0,4,69,5,0,1,3,10,87
649138,Moorpark,California,1,1,0,0,2670,1842,820,8,6375,179982,1,1,6,0,15,53,16,8,9,13,30,48
649187,Moraga,California,1,1,0,0,3683,2372,1302,9,3634,287094,1,0,20,0,2,64,10,2,1,3,11,85
649270,"Moreno Valley",California,3,2,1,0,2691,1994,688,9,47352,96919,18,1,6,1,12,12,12,39,18,26,36,20
649278,"Morgan Hill",California,2,1,0,0,3114,2122,982,10,12208,206662,2,1,15,0,15,41,19,6,8,14,29,49
649362,"Morro Bay",California,1,1,1,0,1606,983,610,13,3245,112080,0,0,4,0,4,75,8,8,3,14,35,49
649651,"Mountain View",California,2,1,0,0,2536,1774,743,19,751,154427,4,3,8,0,8,54,20,4,4,13,41,42
649670,"Mountain View",California,1,1,0,0,2216,1535,676,5,38009,291723,2,1,33,0,5,40,11,6,5,6,13,77
649852,"Mount Shasta",California,4,2,1,1,2566,1442,494,630,101,70185,0,0,2,3,1,85,7,1,4,20,44,32
650076,Murrieta,California,2,2,1,0,2646,1939,696,11,30276,128331,6,0,9,0,13,45,16,11,6,18,42,34
650258,Napa,California,2,1,1,0,2754,1806,931,17,24478,140845,1,1,3,0,16,50,13,17,14,15,30,40
650398,"National City",California,2,2,1,0,1627,1204,417,6,17576,76213,4,1,17,0,34,10,17,17,26,26,32,16
650734,Needles,California,6,5,1,0,3918,3486,402,30,410,66238,4,8,1,0,17,50,19,1,18,27,43,12
650874,"Nevada City",California,2,1,1,0,3048,1810,1116,122,558,126126,1,0,1,0,7,85,6,0,3,11,32,53
650916,Newark,California,1,1,0,0,2311,1547,756,8,14931,201667,3,1,42,1,6,20,12,15,8,17,27,49
651140,Newman,California,3,2,1,0,2626,1897,723,6,1190,103752,1,0,4,0,36,24,21,14,21,32,39,8
651182,"Newport Beach",California,1,1,0,0,2507,1862,640,5,37764,215464,1,0,9,0,4,75,9,2,2,7,22,69
651560,Norco,California,2,2,0,0,2895,2200,680,15,6981,141172,4,0,5,0,12,49,11,18,8,28,35,29
652526,Norwalk,California,2,1,1,0,2255,1586,659,10,26268,108665,5,2,14,1,16,11,13,39,20,26,32,23
652582,Novato,California,2,1,1,0,3131,1975,1137,19,23724,203305,4,0,8,0,7,60,11,10,7,12,27,54
652694,Oakdale,California,2,2,1,0,2620,1865,731,24,6221,110183,1,1,2,0,11,59,15,10,14,25,36,25
653000,Oakland,California,1,1,1,0,2132,1378,746,8,171006,148156,22,1,16,1,3,29,10,18,11,14,22,53
653070,Oakley,California,2,1,1,0,3104,2206,875,23,11207,150247,8,1,7,1,9,47,13,14,8,24,42,26
653322,Oceanside,California,2,1,0,0,2115,1540,566,9,61123,114172,4,1,7,1,15,44,19,9,10,17,35,38
653476,Ojai,California,2,1,1,0,2206,1439,746,21,849,128329,0,0,2,0,12,74,6,5,6,16,30,48
653896,Ontario,California,2,2,1,0,2278,1675,599,4,51760,98661,6,2,8,0,21,14,22,28,19,23,36,22
653980,Orange,California,2,1,0,0,2447,1806,632,9,42539,157527,2,1,12,0,18,40,14,13,9,16,31,44
654008,"Orange Cove",California,4,3,1,0,2355,1547,786,22,225,53081,1,0,0,0,41,3,18,37,63,11,24,3
654232,Orinda,California,1,1,0,0,3916,2516,1391,9,6002,324226,0,0,15,0,1,70,12,1,1,4,9,87
654274,Orland,California,4,3,1,0,2689,1988,643,58,1435,76527,0,2,1,0,27,42,11,16,16,41,33,11
654386,Oroville,California,4,3,1,0,2630,1923,638,69,4847,68720,5,1,9,0,7,61,13,2,12,29,46,14
654652,Oxnard,California,2,1,1,0,1799,1194,596,9,46028,112664,2,3,7,0,34,13,27,14,27,22,28,22
654806,Pacifica,California,1,1,0,0,2695,1731,955,9,16076,209116,2,1,24,1,7,47,12,5,3,11,34,52
654848,"Pacific Grove",California,2,1,1,0,2324,1490,820,14,6882,152897,1,0,8,0,4,74,9,4,3,8,28,60
655156,Palmdale,California,3,2,1,0,3028,2111,906,11,46575,99409,12,2,5,0,18,17,15,31,20,27,33,20
655184,"Palm Desert",California,2,2,0,0,2948,2377,564,7,21935,122397,3,0,4,0,6,65,13,7,5,15,36,43
655254,"Palm Springs",California,2,2,0,0,2780,2240,529,11,25186,111888,6,1,6,0,11,58,11,7,6,15,33,46
655282,"Palo Alto",California,1,0,0,0,2303,1271,1026,6,31466,340898,2,0,35,0,2,48,9,3,2,4,10,84
655380,"Palos Verdes Estates",California,1,1,0,0,3100,2131,954,15,5123,268511,3,0,25,0,2,63,7,0,3,4,14,80
655520,Paradise,California,4,2,1,0,2723,1845,747,131,1900,74110,1,1,1,0,3,79,12,3,6,24,39,31
655618,Paramount,California,2,2,1,0,1845,1303,540,2,14415,84078,9,2,4,0,16,5,21,44,32,26,29,14
655856,Parlier,California,3,2,1,0,2457,1701,738,18,1356,74823,1,0,1,0,45,5,13,36,47,33,19,1
656000,Pasadena,California,1,1,0,0,1990,1396,589,5,56624,146072,8,1,18,0,9,34,12,18,8,10,21,60
656112,Patterson,California,2,2,1,0,2455,1750,698,7,3608,107241,4,1,4,0,26,18,29,17,24,24,32,20
656700,Perris,California,3,2,1,0,2641,1942,691,8,17769,101876,8,1,3,1,16,10,13,50,25,32,29,14
656784,Petaluma,California,2,1,1,0,2414,1554,845,15,16467,135286,1,1,5,0,6,68,11,8,6,14,36,44
656924,"Pico Rivera",California,2,1,1,0,2107,1493,613,1,17010,106002,1,3,3,0,26,5,17,45,25,29,30,16
656938,Piedmont,California,1,1,0,0,3281,2051,1216,14,3789,305913,1,0,22,0,3,68,6,1,0,5,9,86
657288,Pinole,California,2,1,1,0,2658,1681,963,14,7008,141320,12,1,24,0,5,31,14,13,8,16,35,41
657414,"Pismo Beach",California,1,1,0,0,1519,918,587,14,2938,130655,1,0,3,3,3,83,6,2,3,10,32,55
657456,Pittsburg,California,2,2,1,0,2639,1794,832,13,19556,116337,15,1,17,1,9,18,14,26,19,22,38,20
657526,Placentia,California,2,1,0,0,2424,1841,573,10,17495,139298,2,0,18,0,15,39,18,9,9,13,31,47
657540,Placerville,California,3,2,1,0,3200,1914,1030,256,1337,116466,1,1,1,0,10,78,6,4,8,22,35,35
657764,"Pleasant Hill",California,2,1,0,0,2414,1709,693,12,13380,157967,4,0,17,1,6,57,11,3,4,11,28,57
657792,Pleasanton,California,1,1,0,0,2743,1853,881,9,22341,214158,2,0,39,0,4,42,8,4,3,8,20,70
658072,Pomona,California,2,2,1,0,2241,1648,583,10,41588,93698,5,2,11,0,18,10,17,37,24,22,33,21
658240,Porterville,California,4,3,1,0,2891,2127,746,18,16126,74024,1,2,3,0,28,19,22,25,30,23,33,15
658296,"Port Hueneme",California,2,1,1,0,1620,1113,501,6,6722,94029,3,1,3,0,29,27,26,11,20,22,33,25
658380,"Portola Valley",California,1,1,0,0,4651,3140,1507,4,2201,417477,0,0,7,0,4,75,8,7,2,2,6,90
658520,Poway,California,2,1,0,0,2705,1981,712,12,15944,174756,3,0,14,1,3,59,12,8,5,10,26,59
659444,"Rancho Cordova",California,2,1,1,0,1988,1363,611,14,26311,109319,10,1,15,1,6,47,11,8,7,19,40,34
659451,"Rancho Cucamonga",California,2,2,0,0,2748,2094,644,10,56747,132684,9,1,14,0,14,33,15,13,6,16,36,42
659500,"Rancho Mirage",California,2,2,0,0,3254,2590,654,10,8198,147029,1,1,5,0,7,73,5,8,7,12,33,47
659514,"Rancho Palos Verdes",California,1,1,0,0,2781,1949,814,18,15216,234162,2,0,32,0,3,48,10,5,1,6,18,74
659587,"Rancho Santa Margarita",California,1,1,0,0,2811,2076,730,5,14774,188724,2,0,11,0,9,60,12,5,3,10,33,54
659892,"Red Bluff",California,4,3,1,0,2477,1839,597,41,3871,69734,3,2,3,0,5,71,12,4,7,26,54,14
659920,Redding,California,3,2,1,0,2353,1714,579,60,33364,91327,2,2,4,0,5,75,10,3,5,22,46,27
659962,Redlands,California,2,1,1,0,2570,1861,696,13,27029,128299,5,0,9,1,14,43,14,14,7,16,28,49
660018,"Redondo Beach",California,1,1,0,0,1969,1390,574,5,25728,202973,3,0,17,0,7,55,14,4,2,10,20,68
660102,"Redwood City",California,1,1,0,0,2755,1779,956,20,40869,283326,2,2,17,1,8,39,14,17,8,13,20,58
660242,Reedley,California,3,2,1,0,2672,1754,902,16,5376,83124,1,0,1,0,38,14,17,28,36,22,29,14
660466,Rialto,California,3,2,1,0,2519,1872,640,7,27696,100376,11,1,2,0,27,9,17,32,22,31,31,16
660620,Richmond,California,2,1,1,0,2285,1493,785,7,40962,111320,18,1,13,1,6,18,14,29,16,20,30,34
660704,Ridgecrest,California,3,2,1,0,2674,1992,646,36,8974,102888,4,1,4,0,6,66,10,9,7,17,38,37
660900,"Rio Dell",California,4,2,1,0,2660,1545,897,218,36,70277,1,5,2,0,6,71,14,1,5,36,50,9
660984,"Rio Vista",California,2,1,1,0,2259,1545,704,10,177,105859,11,0,5,0,12,59,6,8,6,16,39,39
661026,Ripon,California,2,2,1,0,2991,2179,768,44,2718,140466,1,2,1,0,12,69,11,4,10,25,39,26
661068,Riverbank,California,2,2,1,0,2704,1909,777,18,5608,116847,1,2,7,0,17,37,23,13,14,29,40,17
662000,Riverside,California,2,1,1,0,2120,1502,611,7,89498,108122,6,1,8,0,18,27,12,27,15,23,34,28
662364,Rocklin,California,2,1,1,0,3019,2075,929,15,22271,150699,2,0,11,0,5,66,12,4,3,12,33,51
662546,"Rohnert Park",California,2,1,1,0,2189,1501,668,20,11948,118698,3,1,5,1,10,51,18,10,7,21,38,35
662644,"Rolling Hills Estates",California,1,1,0,0,3008,2086,905,17,3280,260299,3,0,26,0,4,55,9,3,1,6,13,80
662896,Rosemead,California,2,1,1,0,1914,1333,578,3,14184,91916,0,1,64,0,5,4,5,21,28,25,23,24
662938,Roseville,California,2,1,1,0,2108,1382,710,16,50714,137238,2,0,11,0,7,65,11,3,3,13,36,48
664000,Sacramento,California,2,1,1,0,1959,1316,635,8,193827,106494,13,1,19,2,8,31,13,13,10,17,34,40
664140,"St. Helena",California,1,1,1,0,2930,1890,1026,14,2466,200917,0,0,2,0,6,72,7,12,11,9,20,60
664224,Salinas,California,2,1,1,0,2165,1397,756,12,38255,107119,1,1,5,0,13,11,10,58,35,21,27,17
664434,"San Anselmo",California,1,1,0,0,3302,2206,1076,20,5634,335039,1,1,5,0,4,83,6,2,1,7,20,72
665000,"San Bernardino",California,3,2,1,0,2366,1711,647,8,64759,81535,11,1,4,0,25,14,13,32,24,31,31,14
665028,"San Bruno",California,1,1,0,0,2346,1518,818,10,20377,195838,1,0,32,3,8,30,11,15,8,16,28,48
665042,"San Buenaventura (Ventura)",California,1,1,0,0,1741,1157,575,9,33451,119742,1,1,5,0,20,54,13,6,7,13,35,44
665070,"San Carlos",California,1,1,0,0,3011,1885,1109,17,15831,332426,1,0,20,1,3,61,12,3,3,6,21,70
665084,"San Clemente",California,1,1,0,0,2476,1734,728,14,22220,201314,2,0,5,0,5,72,12,4,4,11,30,55
666000,"San Diego",California,1,1,0,0,1934,1460,467,7,512071,138197,6,1,17,0,13,41,13,9,8,12,26,54
666070,"San Dimas",California,2,1,0,0,2601,1925,660,16,12114,138497,3,1,16,0,14,38,18,10,4,14,38,43
666140,"San Fernando",California,4,3,1,0,3837,3167,661,9,6333,104226,1,2,3,0,36,4,18,36,38,25,23,14
667000,"San Francisco",California,1,1,0,0,1908,1286,618,4,461284,241107,5,1,35,0,4,38,10,8,9,9,17,65
667042,"San Gabriel",California,2,1,1,0,2326,1651,667,8,12624,121824,1,0,59,1,6,10,8,14,16,21,24,39
667056,Sanger,California,3,2,1,0,2534,1752,767,15,4050,81592,1,2,2,0,29,19,16,31,30,23,36,12
667112,"San Jacinto",California,3,2,1,0,2726,1937,777,12,12768,85612,9,2,3,1,19,26,19,23,20,29,38,14
667126,"San Joaquin",California,4,3,1,0,2877,2125,731,21,16,68693,2,1,0,0,30,4,14,50,44,27,26,4
668000,"San Jose",California,1,1,0,0,2624,1802,815,7,380527,210380,3,1,37,0,8,24,13,13,11,13,24,52
668028,"San Juan Capistrano",California,1,1,0,0,2527,1772,744,11,14305,188313,1,0,5,0,10,56,15,12,10,11,28,51
668084,"San Leandro",California,1,1,0,0,1901,1245,643,13,30352,136074,10,1,35,1,8,21,11,14,13,21,30,36
668154,"San Luis Obispo",California,2,1,1,0,1493,961,523,9,11980,97466,2,1,6,0,8,69,11,3,3,11,40,46
668196,"San Marcos",California,2,1,0,0,2254,1640,603,11,28928,134304,2,1,10,0,16,44,16,11,10,15,31,45
668224,"San Marino",California,1,1,0,0,3101,2235,859,7,3955,215077,1,0,68,0,4,21,5,1,3,4,9,84
668252,"San Mateo",California,1,1,0,0,2465,1653,806,6,55253,256307,2,1,27,1,5,39,12,13,6,10,20,63
668294,"San Pablo",California,2,2,1,0,2208,1477,718,13,10111,96453,10,1,17,0,7,9,12,43,23,30,29,17
668364,"San Rafael",California,1,1,0,0,2722,1832,877,13,26054,230875,1,1,6,0,7,55,9,20,10,10,24,56
668378,"San Ramon",California,1,1,0,0,3213,2140,1058,15,25047,254608,3,0,47,0,3,36,9,2,2,7,17,74
669000,"Santa Ana",California,2,1,0,0,1893,1343,547,3,82101,113670,1,1,12,0,16,9,13,47,33,22,24,21
669070,"Santa Barbara",California,1,1,0,0,1922,1275,637,10,33947,156124,1,1,4,0,13,54,13,14,8,9,29,54
669084,"Santa Clara",California,1,0,0,0,1295,788,505,2,54341,230538,2,0,47,1,5,30,8,7,4,9,19,68
669088,"Santa Clarita",California,2,1,0,0,2750,2037,708,5,68404,145845,4,1,11,0,13,43,16,11,7,15,35,42
669112,"Santa Cruz",California,1,1,1,0,2402,1502,873,27,21811,170882,2,1,10,0,7,61,12,8,3,9,32,56
669154,"Santa Fe Springs",California,2,1,1,0,2139,1537,593,9,6552,103525,2,2,7,1,19,10,14,44,18,24,36,21
669196,"Santa Maria",California,2,1,1,0,1674,1006,659,9,27773,105506,1,2,5,0,34,15,29,13,31,20,32,17
670000,"Santa Monica",California,1,1,0,0,1866,1321,542,3,46203,170043,5,1,9,0,7,62,12,4,4,7,19,70
670042,"Santa Paula",California,2,1,1,0,1895,1272,613,10,4870,87288,0,2,1,0,60,9,13,15,41,18,30,11
670098,"Santa Rosa",California,2,1,1,0,2416,1572,823,21,55435,120399,2,1,5,1,7,52,11,21,12,15,36,37
670224,Santee,California,2,1,0,0,2349,1835,496,18,20504,128199,2,1,5,0,8,67,13,4,5,17,41,37
670280,Saratoga,California,1,1,0,0,3693,2366,1313,14,12814,361044,0,0,57,0,1,36,4,0,1,4,10,86
670364,Sausalito,California,1,1,0,0,2594,1752,823,19,4259,249722,0,0,6,0,3,82,6,2,1,2,16,81
670588,"Scotts Valley",California,2,1,1,0,3065,1688,1315,62,2628,185107,0,0,7,0,3,73,10,6,1,9,27,62
670686,"Seal Beach",California,1,1,0,0,1646,1351,292,3,12378,121986,2,1,13,0,5,69,8,2,5,13,27,55
670742,Seaside,California,2,1,1,0,2443,1568,854,21,8791,114717,6,0,10,3,15,29,13,25,16,20,36,28
670770,Sebastopol,California,2,1,1,0,2604,1720,845,39,1169,133658,2,0,5,0,4,72,6,11,3,14,30,53
670882,Selma,California,4,3,1,0,2506,1790,693,23,3842,63536,1,1,2,0,50,8,13,24,25,32,34,8
671106,Shafter,California,3,2,1,0,2442,1733,694,15,4348,80232,2,1,0,0,35,15,28,18,37,26,25,13
671225,"Shasta Lake",California,9,8,1,0,6661,5943,641,77,3613,74611,0,2,2,0,7,76,10,2,8,25,52,15
671806,"Sierra Madre",California,2,1,0,0,2902,2113,786,3,5018,185193,5,1,18,0,10,58,7,2,0,6,22,72
671876,"Signal Hill",California,1,1,0,0,1805,1375,429,1,4602,128780,9,0,23,1,16,23,15,12,8,12,39,41
672016,"Simi Valley",California,2,1,1,0,2725,1978,735,12,37165,142532,1,1,11,0,11,56,13,8,6,19,37,38
672506,"Solana Beach",California,1,1,0,0,2409,1806,586,17,4073,190847,1,1,4,0,8,71,10,6,2,6,16,77
672520,Soledad,California,2,1,1,0,2099,1357,733,9,3968,92563,0,0,2,0,12,5,6,74,43,23,24,10
672576,Solvang,California,1,1,1,0,2263,1383,831,49,1094,163979,1,0,3,0,11,65,15,4,3,15,31,51
672646,Sonoma,California,2,1,1,0,2595,1729,835,31,2669,143241,2,0,2,0,6,81,7,2,4,14,31,51
672674,Sonora,California,3,2,1,0,3054,1722,1148,184,966,91752,0,2,2,1,3,83,7,2,5,18,45,32
672996,"South El Monte",California,2,2,1,0,2003,1382,615,6,5161,83962,1,2,17,0,22,2,14,42,42,24,24,9
673080,"South Gate",California,2,1,1,0,1777,1206,568,3,23810,84634,1,1,1,0,33,3,21,41,42,23,22,12
673108,"South Lake Tahoe",California,3,2,1,0,2811,1766,977,68,7356,107360,1,1,5,0,13,61,10,9,10,20,40,31
673220,"South Pasadena",California,1,1,0,0,2170,1569,597,4,10274,165285,4,0,33,0,6,39,12,6,2,6,17,75
673262,"South San Francisco",California,1,1,0,0,2443,1575,857,11,29334,199578,2,1,43,1,7,21,11,14,9,17,31,43
673962,Stanton,California,2,1,0,0,1735,1227,496,12,10868,105613,2,1,29,1,19,14,12,22,22,23,32,24
675000,Stockton,California,3,2,1,0,2773,1970,793,10,91388,93687,11,1,20,1,14,18,19,15,19,26,34,21
675630,"Suisun City",California,2,2,1,0,2665,1894,748,23,6052,117089,19,2,16,1,9,22,16,14,8,24,42,26
677000,Sunnyvale,California,1,1,0,0,2015,1413,597,5,68878,267451,1,0,50,0,4,27,9,9,4,8,16,72
677364,Susanville,California,5,3,1,1,3040,2011,596,433,529,60510,3,2,0,3,4,78,8,2,5,28,49,17
677392,"Sutter Creek",California,3,2,1,0,2888,1863,887,138,198,91669,0,1,2,0,3,80,13,2,3,20,52,25
677574,Taft,California,3,2,1,0,2149,1514,617,18,3161,74927,1,0,0,0,22,59,9,8,16,30,46,8
678092,Tehachapi,California,3,2,1,0,2582,1813,727,42,2891,76971,2,4,2,0,11,61,9,10,8,23,47,22
678120,Temecula,California,2,1,1,0,2691,1938,737,16,30693,136599,4,1,12,0,10,50,14,9,5,13,38,44
678148,"Temple City",California,2,1,1,0,2538,1808,719,11,12363,136098,1,0,65,0,6,14,8,6,10,18,26,46
678582,"Thousand Oaks",California,2,1,0,0,2810,2012,793,5,46080,174741,2,1,9,0,9,64,12,4,4,12,30,53
678666,Tiburon,California,1,1,0,0,3188,2160,1016,12,5014,350822,0,0,9,0,2,80,8,1,0,4,14,82
680000,Torrance,California,1,1,0,0,1850,1307,535,8,55723,145637,3,1,38,0,6,33,12,8,3,14,27,56
680238,Tracy,California,2,2,1,0,2972,2110,846,16,24407,134781,6,1,19,1,14,28,17,15,13,25,38,25
680588,Truckee,California,3,1,1,0,3911,2000,1796,115,4985,155556,0,0,2,0,5,78,10,4,6,8,23,63
680644,Tulare,California,4,3,1,0,2954,2193,735,26,16045,82257,3,1,2,0,27,28,19,20,22,28,39,11
680812,Turlock,California,2,2,1,0,2350,1648,689,13,23086,100443,2,1,6,1,16,43,12,20,15,22,35,28
680854,Tustin,California,1,1,0,0,2083,1558,519,6,27281,149266,2,1,24,0,14,27,11,19,8,13,28,50
680994,"Twentynine Palms",California,4,3,1,0,2326,1674,618,34,5828,66351,11,1,4,2,12,49,17,4,9,26,43,22
681134,Ukiah,California,3,2,1,0,2754,1965,732,57,4512,83151,0,3,3,0,16,54,11,13,11,23,41,25
681204,"Union City",California,1,1,0,0,2261,1508,747,6,21001,179930,5,1,56,1,3,14,9,12,11,16,22,51
681344,Upland,California,2,1,1,0,2399,1722,670,7,27237,121257,7,1,10,0,13,35,16,17,7,19,37,37
681554,Vacaville,California,2,2,1,0,2732,1967,748,17,29948,128605,7,1,9,1,14,49,12,7,6,21,44,29
681666,Vallejo,California,2,1,1,0,2416,1605,804,7,39665,110429,19,1,22,1,7,23,11,16,10,22,39,29
682590,Victorville,California,4,2,2,0,3216,1820,1373,23,34764,87547,16,2,5,0,22,21,19,16,20,25,40,16
682744,"Villa Park",California,1,1,0,0,3147,2235,904,8,1957,228661,1,0,19,0,8,61,8,4,2,13,27,58
682954,Visalia,California,3,2,1,0,2911,2160,737,14,37102,98701,3,1,6,0,17,36,15,21,12,22,40,26
682996,Vista,California,2,1,0,0,2169,1627,530,12,28604,115809,3,1,5,1,20,37,23,10,13,20,36,31
683332,Walnut,California,2,1,0,0,2622,1914,685,23,8662,162218,3,0,66,1,5,10,8,8,4,12,21,62
683346,"Walnut Creek",California,1,1,0,0,2623,1766,852,5,30437,182810,2,0,16,0,3,65,11,2,2,7,19,72
683542,Wasco,California,4,3,1,0,2249,1603,636,10,5576,61255,1,1,1,0,32,6,42,18,39,34,22,6
683612,Waterford,California,3,2,1,0,2816,1986,766,64,61,93199,1,0,3,0,25,45,17,9,26,33,30,11
683668,Watsonville,California,2,1,1,0,2375,1504,828,43,15729,126032,1,3,3,0,23,13,17,40,35,24,28,13
683850,Weed,California,3,2,0,1,2396,1378,381,637,73,88973,5,2,4,0,11,66,6,7,9,29,45,17
684200,"West Covina",California,2,1,1,0,2432,1768,657,7,31788,121180,4,1,29,0,15,10,15,25,12,23,32,33
684410,"West Hollywood",California,1,1,0,0,1714,1358,355,1,22836,128800,4,0,5,0,5,70,12,4,3,8,23,66
684438,"Westlake Village",California,2,1,0,0,4361,3202,1141,18,2793,264413,1,0,7,0,3,75,10,4,3,7,15,75
684550,Westminster,California,2,1,0,0,2035,1491,533,11,28518,109761,1,0,49,0,6,21,8,13,18,22,33,28
684606,Westmorland,California,4,3,0,0,2482,2149,313,20,6,64317,0,2,0,0,28,14,16,39,33,31,30,5
684816,"West Sacramento",California,2,1,1,0,2507,1722,772,13,18014,123761,5,1,12,1,13,41,16,11,12,19,36,33
685012,Wheatland,California,3,2,1,0,2934,2139,731,64,295,107700,0,0,1,0,12,72,10,5,9,18,52,21
685292,Whittier,California,2,1,1,0,2235,1627,603,5,27152,117830,1,2,5,0,17,22,14,38,10,25,36,30
685446,Wildomar,California,2,2,1,0,2725,2007,699,19,11473,128867,4,1,6,0,13,42,16,18,12,20,44,24
685586,Williams,California,3,2,1,0,3256,2133,1078,45,121,101443,0,2,1,0,42,15,21,19,37,24,16,23
685600,Willits,California,3,2,1,0,2512,1566,727,219,735,79319,3,5,3,0,5,69,11,5,14,14,56,16
685684,Willows,California,3,2,1,0,2200,1673,491,36,1663,86007,1,1,11,0,12,53,15,7,19,27,33,20
685922,Windsor,California,2,1,1,0,2944,1889,1029,26,5776,155118,1,4,2,0,8,60,11,14,10,16,39,36
686034,Winters,California,2,1,1,0,2779,1946,822,11,1338,161839,0,0,1,0,16,45,17,20,11,18,45,26
686300,Woodlake,California,4,3,1,0,2695,1939,742,14,1473,69683,1,1,2,0,28,7,14,46,45,13,24,18
686328,Woodland,California,2,2,1,0,2439,1721,685,33,18888,111797,2,1,6,0,24,36,20,11,15,22,34,28
686440,Woodside,California,1,1,0,0,5098,3233,1706,159,2340,440280,1,0,9,0,3,76,8,3,1,4,17,78
686832,"Yorba Linda",California,2,1,0,0,2753,2088,662,3,20998,179213,1,0,22,0,8,54,10,4,3,9,29,58
686930,Yountville,California,2,1,1,0,2294,1520,767,7,1516,115588,3,1,4,0,11,69,6,6,8,15,35,42
686944,Yreka,California,3,2,0,1,2374,1579,232,563,1757,71212,2,4,0,0,4,74,14,2,6,27,45,21
686972,"Yuba City",California,3,2,1,0,2666,1959,678,29,15760,89680,2,1,15,0,13,41,15,12,17,24,39,21
687042,Yucaipa,California,2,2,1,0,2698,1928,758,12,17804,123584,1,1,4,0,15,56,12,10,10,24,38,28
687056,"Yucca Valley",California,3,2,1,0,2590,1854,664,72,6507,83836,5,2,2,1,7,63,16,4,8,28,41,22
801090,Alamosa,Colorado,3,1,1,0,2214,1193,892,129,1192,81285,2,4,4,0,23,44,16,8,5,21,44,30
803455,Arvada,Colorado,2,1,1,0,2010,1094,903,13,44645,128806,1,0,2,0,8,77,9,3,4,20,27,48
803620,Aspen,Colorado,2,2,1,0,3847,2954,882,11,1070,158922,2,1,7,0,1,72,12,5,0,11,17,72
804000,Aurora,Colorado,2,1,1,0,1942,1152,776,14,136315,100821,17,1,6,0,10,42,14,11,11,21,33,34
804110,Avon,Colorado,2,2,0,0,2367,1898,464,5,1234,117592,1,1,0,0,32,46,16,3,3,19,48,30
804935,Basalt,Colorado,2,1,1,0,3184,1742,1387,55,135,163885,0,0,1,0,14,72,7,7,6,10,35,50
805265,Bayfield,Colorado,3,1,1,0,3180,1350,1611,219,25,121536,0,0,0,0,10,81,4,4,3,23,26,48
806255,Berthoud,Colorado,2,1,1,0,2186,1271,898,17,2589,129242,0,1,1,0,7,84,5,2,1,16,41,42
807850,Boulder,Colorado,1,1,0,0,1564,922,632,10,37363,127063,1,1,6,0,5,77,8,2,2,6,24,67
808400,Breckenridge,Colorado,2,1,1,0,3130,1544,1524,62,211,138691,0,0,3,3,3,83,7,1,7,14,27,52
808675,Brighton,Colorado,2,1,1,0,2274,1267,995,12,11582,111303,3,2,1,0,15,53,15,10,10,28,37,25
809280,Broomfield,Colorado,1,1,1,0,1887,1093,787,7,30104,152024,1,0,7,0,7,75,8,2,3,10,24,63
809555,Brush,Colorado,3,2,1,0,2760,1738,976,46,532,79667,1,0,0,0,21,63,14,1,20,29,33,18
810105,"Buena Vista",Colorado,4,2,2,0,3192,1546,1429,217,280,83237,0,0,0,0,0,99,1,0,20,37,16,27
810600,Burlington,Colorado,4,2,2,0,3638,1885,1725,28,19,84443,0,0,0,0,12,72,6,10,13,25,45,17
811810,"Cañon City",Colorado,3,2,1,0,2257,1253,913,91,3201,65838,1,1,0,0,10,82,4,2,7,31,36,26
812045,Carbondale,Colorado,2,1,1,0,2898,1533,1285,80,107,125777,2,0,1,0,12,67,8,10,11,5,28,55
812387,"Castle Pines",Colorado,1,1,1,0,3087,1439,1639,9,3987,206143,2,0,5,0,2,81,6,3,0,6,18,76
812415,"Castle Rock",Colorado,2,1,1,0,3071,1511,1553,7,14708,173112,1,0,3,0,5,82,7,2,2,11,30,57
812815,Centennial,Colorado,1,1,1,0,2416,1353,1044,19,42036,174244,3,0,7,0,4,76,8,2,2,9,21,68
813845,"Cherry Hills Village",Colorado,1,1,0,0,3406,1922,1461,23,2242,307293,0,0,2,0,1,90,8,0,0,3,6,91
816000,"Colorado Springs",Colorado,2,1,1,0,2235,1154,1067,14,186956,103839,6,1,3,0,7,66,12,5,4,17,36,42
816495,"Commerce City",Colorado,2,1,1,0,2172,1212,945,15,20296,115907,4,3,2,0,27,40,15,9,16,29,29,26
817375,Cortez,Colorado,4,2,2,0,2322,1176,999,147,1707,66097,0,9,2,0,8,62,13,5,6,27,37,29
817760,Craig,Colorado,3,2,1,0,2625,1445,1103,77,1844,79895,1,1,0,0,9,74,11,3,4,42,32,22
819080,Dacono,Colorado,2,1,1,0,2455,1362,1069,24,1473,108202,2,0,7,0,13,62,10,5,10,26,33,31
819850,Delta,Colorado,4,2,1,0,3122,1731,1066,325,281,71497,1,2,1,0,13,69,11,3,14,38,26,22
820000,Denver,Colorado,1,1,1,0,1625,941,678,6,322985,127098,9,1,4,0,12,54,13,8,8,13,22,57
822035,Durango,Colorado,2,1,1,0,2052,1164,795,93,4722,103625,1,7,1,0,5,78,8,1,2,12,25,60
822200,Eagle,Colorado,2,1,1,0,3425,1787,1614,24,167,169241,0,0,0,0,7,85,8,0,5,10,25,60
822860,Eaton,Colorado,2,1,1,0,2312,1090,1087,135,148,113258,0,0,2,0,14,70,13,1,7,25,26,42
823135,Edgewater,Colorado,2,1,1,0,1825,1085,725,15,1959,103769,1,1,1,0,13,66,12,6,8,18,28,46
824785,Englewood,Colorado,2,1,1,0,1591,910,676,5,14865,105914,4,1,2,0,6,70,10,6,5,22,28,46
824950,Erie,Colorado,1,1,1,0,2250,1269,972,9,7668,169826,0,0,5,0,7,80,7,1,2,10,25,64
825115,"Estes Park",Colorado,3,2,1,0,2748,1767,917,64,1066,104345,1,0,0,0,8,84,6,0,2,15,29,54
825280,Evans,Colorado,2,1,1,0,1950,1020,912,18,5640,93001,2,1,2,0,27,46,12,10,20,27,34,20
826270,"Federal Heights",Colorado,2,1,1,0,1684,1011,661,12,4986,68973,2,1,3,1,27,32,22,12,23,30,31,16
826600,Firestone,Colorado,2,1,1,0,2268,1269,986,13,4139,134182,1,1,3,0,12,67,9,8,5,19,39,37
827040,Florence,Colorado,4,2,2,0,2438,1219,1020,199,288,66613,0,1,1,0,8,85,4,1,13,20,44,24
827425,"Fort Collins",Colorado,2,1,1,0,1611,931,666,14,65080,106015,1,1,3,0,5,78,9,2,2,12,31,54
827700,"Fort Lupton",Colorado,3,1,1,0,2641,1380,1214,47,1849,96179,0,1,0,0,24,38,23,14,23,19,42,15
827810,"Fort Morgan",Colorado,1,1,0,0,1077,661,382,34,2303,78454,5,2,0,0,16,47,23,8,16,36,31,17
827865,Fountain,Colorado,3,1,1,0,2561,1209,1334,18,9150,93409,11,1,3,1,12,55,14,4,5,20,43,32
828360,Frederick,Colorado,2,1,1,0,2399,1321,1067,11,4336,149287,1,0,5,0,8,72,10,4,3,21,37,39
828690,Frisco,Colorado,1,1,1,0,2291,1264,1022,5,176,159949,0,0,0,0,0,86,10,3,0,25,6,69
828745,Fruita,Colorado,2,1,1,0,2220,1330,870,20,3681,89420,1,2,0,0,3,81,10,2,8,28,31,33
830340,Glendale,Colorado,1,1,0,0,897,613,275,9,2704,81294,16,1,2,0,6,57,11,6,3,12,26,59
830350,Glendale,Colorado,2,1,1,0,3367,1406,1745,216,49,174836,1,3,1,0,4,82,6,3,0,3,21,76
830780,"Glenwood Springs",Colorado,3,2,1,0,3409,2226,1026,157,1254,115234,0,0,4,0,6,58,18,13,6,16,33,45
830835,Golden,Colorado,1,1,1,0,1896,1044,831,21,4874,138212,2,0,2,0,6,80,8,2,2,18,22,59
831660,"Grand Junction",Colorado,2,1,1,0,1900,1079,801,20,26522,80729,1,1,1,0,9,78,9,2,7,25,34,35
832155,Greeley,Colorado,2,1,1,0,1816,925,867,24,36439,88804,3,1,1,0,22,55,10,7,14,22,34,30
833035,"Greenwood Village",Colorado,1,1,1,0,2146,1211,910,25,8051,177272,2,0,13,0,5,72,6,1,1,9,17,74
833640,Gunnison,Colorado,3,2,1,0,2515,1607,709,199,2191,76826,3,0,1,0,7,80,8,0,0,24,31,46
833695,Gypsum,Colorado,2,1,1,0,3349,1712,1554,83,163,151604,0,0,0,0,23,51,22,4,9,32,18,41
839855,Johnstown,Colorado,2,1,1,0,2235,1260,953,22,2063,145612,0,1,4,0,6,81,6,3,4,16,32,48
841835,Lafayette,Colorado,1,1,1,0,1902,1085,810,7,8047,141905,1,0,4,0,7,75,10,3,4,10,21,65
842110,"La Junta",Colorado,6,5,1,0,4040,2950,916,174,1849,62914,1,4,0,0,25,44,10,15,12,34,35,19
843000,Lakewood,Colorado,2,1,1,0,1738,989,738,11,66855,111656,2,1,4,0,11,68,11,4,5,19,27,48
843110,Lamar,Colorado,7,5,2,0,4750,3554,1138,58,2204,71904,2,3,1,0,20,54,10,10,10,32,35,23
843605,"La Salle",Colorado,2,1,1,0,2506,1162,1252,92,19,106918,1,1,0,0,22,53,15,7,12,36,30,22
844320,Leadville,Colorado,2,1,1,0,2185,1014,1010,161,146,103802,0,3,1,0,14,69,9,4,1,23,25,51
845255,Littleton,Colorado,2,1,1,0,1900,1056,833,11,19257,125947,1,1,2,0,5,82,6,3,3,12,28,57
845530,Lochbuie,Colorado,2,1,1,0,2568,1381,1149,38,949,105438,3,0,0,0,31,46,9,11,11,28,43,18
845955,"Lone Tree",Colorado,1,1,1,0,1922,1080,835,7,7666,156311,3,1,12,0,4,71,6,2,1,6,21,72
845970,Longmont,Colorado,2,1,1,0,1784,948,825,11,32532,112423,1,1,3,0,12,69,10,5,7,17,29,47
846355,Louisville,Colorado,1,1,1,0,2094,1147,939,8,6760,175441,1,0,5,0,3,79,11,1,1,6,19,75
846465,Loveland,Colorado,2,1,1,0,1804,1011,774,19,27268,102467,1,0,1,0,6,82,8,2,4,21,33,42
848445,"Manitou Springs",Colorado,2,1,1,0,2136,1047,1059,30,1429,102763,1,2,2,0,2,87,2,4,6,17,31,47
849600,Mead,Colorado,2,1,1,0,2343,1226,1099,18,659,135739,0,1,1,0,8,78,6,5,4,12,37,47
849875,Meeker,Colorado,3,1,2,0,2932,1115,1526,291,16,84671,0,1,0,0,5,80,12,2,2,31,34,34
850480,Milliken,Colorado,2,1,1,0,2246,1134,1073,39,1126,113930,0,1,0,0,12,72,12,3,9,16,36,38
851635,"Monte Vista",Colorado,4,2,1,0,2662,1376,977,309,273,73370,0,1,0,0,31,36,18,13,11,35,33,21
851745,Montrose,Colorado,3,2,1,0,2302,1298,937,67,7468,82429,0,2,1,0,8,74,11,3,11,28,29,32
851800,Monument,Colorado,2,1,1,0,3311,1568,1707,36,2222,165803,1,0,3,0,3,82,10,1,2,9,26,62
853395,"New Castle",Colorado,2,1,1,0,2721,1109,1407,205,26,109094,0,0,1,0,7,70,13,9,6,29,27,37
854330,Northglenn,Colorado,2,1,1,0,1767,1038,723,6,13947,93383,3,1,3,0,15,56,14,7,7,33,35,25
855980,"Orchard City",Colorado,3,2,1,1,2886,1391,1024,471,157,87380,0,0,1,0,5,90,3,1,5,30,37,29
856970,Palisade,Colorado,2,1,1,0,1956,1032,851,73,115,89591,0,1,0,0,2,89,9,0,6,29,34,31
857025,"Palmer Lake",Colorado,2,1,1,0,2972,1358,1570,44,133,124030,1,1,3,0,3,80,11,2,3,15,34,48
857630,Parker,Colorado,2,1,1,0,2393,1394,974,25,17444,152688,2,0,5,0,5,77,8,3,2,13,30,55
860160,Platteville,Colorado,2,1,1,0,2738,1352,1316,70,34,113526,0,0,0,0,17,57,13,11,12,22,35,30
862000,Pueblo,Colorado,3,2,1,0,2168,1323,822,23,42158,67203,2,3,1,0,29,44,12,9,8,27,42,22
864255,Rifle,Colorado,2,1,1,0,2022,955,1023,44,1598,89043,0,0,1,0,21,59,13,5,13,35,35,17
865190,"Rocky Ford",Colorado,7,4,2,0,2990,1856,1034,100,69,41817,0,1,1,0,35,26,21,15,19,43,27,10
867280,Salida,Colorado,3,1,1,0,2454,1194,1013,247,751,86154,0,0,1,0,7,74,14,4,6,18,30,45
869150,Severance,Colorado,2,1,1,0,2385,1223,1092,70,727,132557,0,0,1,0,5,81,8,4,2,18,36,45
869645,Sheridan,Colorado,2,1,1,0,1811,998,805,8,3060,91610,2,1,2,0,9,60,14,12,7,30,30,32
870195,Silt,Colorado,3,1,1,0,3301,1641,1346,314,19,112470,1,0,0,0,9,68,15,7,8,24,38,29
870525,Silverthorne,Colorado,2,1,1,0,2388,1252,1084,52,373,151894,0,0,0,1,4,78,13,3,5,17,31,47
871755,"Snowmass Village",Colorado,2,1,1,0,2722,1608,1093,21,531,149603,0,0,0,0,15,75,9,0,2,15,13,70
873825,"Steamboat Springs",Colorado,2,1,1,0,2430,1434,960,36,2104,145532,0,0,4,0,4,81,10,1,0,10,31,58
873935,Sterling,Colorado,4,2,1,0,2380,1457,891,32,837,65625,1,0,0,3,5,73,15,2,5,40,35,20
875640,Superior,Colorado,1,1,0,0,2041,1148,888,5,4044,182044,1,0,15,0,4,70,7,1,1,3,15,82
877290,Thornton,Colorado,2,1,1,0,2019,1185,823,11,45889,112362,2,1,5,0,18,49,17,8,10,26,32,32
877510,Timnath,Colorado,1,1,1,0,2107,1119,952,36,1249,177412,1,0,1,0,2,91,3,3,4,7,20,69
878610,Trinidad,Colorado,3,2,1,0,2378,1715,577,86,588,69191,0,2,3,0,26,52,13,3,8,22,50,20
880040,Vail,Colorado,2,1,1,0,2446,1511,871,64,139,153763,0,0,0,0,0,95,4,0,0,6,21,73
882350,Walsenburg,Colorado,4,2,2,0,2503,1091,1241,171,88,57692,0,6,0,0,40,46,4,4,7,28,40,25
883230,Wellington,Colorado,2,1,1,0,2374,1314,1032,28,470,126035,0,1,1,0,3,83,8,4,4,17,33,46
883835,Westminster,Colorado,2,1,1,0,2031,1121,901,9,45927,124552,1,1,5,0,11,66,11,4,6,19,29,46
884440,"Wheat Ridge",Colorado,2,1,1,0,1703,988,704,11,15834,109638,1,1,1,0,11,72,10,3,5,22,31,42
885485,Windsor,Colorado,2,1,1,0,2157,1216,920,21,8637,133512,0,1,1,0,4,85,6,2,3,13,32,52
886090,"Woodland Park",Colorado,3,1,2,0,3168,1378,1637,153,1586,102750,2,0,0,0,2,84,11,1,4,14,35,48
886750,Yuma,Colorado,4,2,2,0,2783,1455,1263,65,22,79414,0,1,0,0,15,65,17,1,16,30,37,17
901150,Ansonia,Connecticut,3,2,1,1,3319,1699,975,645,7923,95014,14,0,3,0,5,52,8,17,11,37,30,22
904790,Bethel,Connecticut,3,2,1,1,4127,2378,881,868,4385,135534,10,0,5,0,3,60,11,11,8,23,24,45
907345,Branford,Connecticut,3,2,1,0,2622,1673,760,189,3212,98876,3,0,4,0,1,85,4,3,3,32,23,41
908000,Bridgeport,Connecticut,4,2,1,1,2975,1499,1095,381,55550,75838,22,0,7,0,11,32,9,18,18,29,27,26
908420,Bristol,Connecticut,4,2,0,1,3904,2230,534,1140,24079,109790,8,0,3,0,7,64,12,6,6,30,33,31
908910,Brookfield,Connecticut,3,1,0,1,4588,2542,440,1606,174,175969,4,0,4,0,5,81,5,1,2,20,18,59
909120,Brooklyn,Connecticut,3,2,0,1,4118,2313,394,1411,77,124564,3,0,0,0,1,90,7,0,9,22,36,33
914370,Chester,Connecticut,4,2,0,1,4281,2204,361,1716,249,120276,1,0,0,0,2,88,5,2,3,14,43,40
915420,Clinton,Connecticut,3,2,0,1,3925,1971,505,1449,884,126678,2,0,1,0,1,89,5,2,4,28,25,43
915840,Colchester,Connecticut,4,2,0,1,3873,1937,426,1510,1209,109120,2,0,1,0,2,91,2,2,2,26,40,32
918430,Danbury,Connecticut,3,2,1,1,3942,2287,712,943,31874,123961,13,0,5,0,6,45,12,19,14,25,24,38
919200,"Deep River",Connecticut,3,2,0,1,3981,2027,295,1659,570,120923,2,0,1,0,5,91,2,0,5,17,33,45
919480,Derby,Connecticut,4,2,1,1,3242,1656,818,768,5713,90676,14,0,2,0,11,56,8,7,9,37,28,26
920740,Durham,Connecticut,3,1,0,1,4641,2276,441,1924,1073,161956,0,0,2,0,1,89,7,1,2,21,24,53
922420,"East Hampton",Connecticut,3,1,0,1,4929,2380,625,1924,475,166770,0,0,2,0,2,91,4,0,1,19,38,42
922700,"East Hartford",Connecticut,4,2,1,1,3218,1667,1054,497,20086,85450,26,0,3,0,15,32,13,9,12,36,32,20
922980,"East Haven",Connecticut,3,1,1,1,3397,1744,813,840,11028,120229,5,0,2,0,4,74,5,9,7,38,27,28
931270,Glastonbury,Connecticut,2,1,1,0,3371,1758,1118,495,2832,152016,1,0,12,1,4,78,3,1,1,8,20,71
933690,Greenwich,Connecticut,2,1,1,0,4813,2686,1786,341,5777,273131,5,0,6,0,9,66,8,5,6,12,18,65
934180,Groton,Connecticut,3,2,0,1,2840,1543,190,1107,4678,93087,8,0,6,0,7,64,11,4,9,28,33,31
935020,Guilford,Connecticut,3,1,0,1,3997,2164,744,1089,961,153703,2,0,5,0,3,85,3,2,1,15,27,56
937000,Hartford,Connecticut,5,3,2,0,2885,1537,1195,153,48281,61075,36,1,2,0,12,15,14,20,22,31,27,19
943300,Litchfield,Connecticut,3,1,0,1,4691,2305,560,1826,91,154398,4,0,3,0,8,75,7,4,2,17,27,54
944630,Madison,Connecticut,3,1,1,1,4369,2231,941,1197,553,173394,0,0,1,0,0,93,5,1,0,11,11,78
944690,Manchester,Connecticut,3,2,1,1,3219,1628,977,614,14452,94778,20,0,5,0,6,51,8,10,7,31,30,33
945120,Mansfield,Connecticut,3,1,0,1,3601,1857,388,1356,368,129630,1,0,3,0,4,87,4,0,1,13,31,55
946450,Meriden,Connecticut,4,2,1,1,3273,1831,575,867,25018,91182,8,0,2,0,15,51,15,8,15,33,32,20
947290,Middletown,Connecticut,3,2,0,1,3357,1983,427,947,20539,109085,15,0,5,0,4,66,8,1,4,25,30,41
949880,Naugatuck,Connecticut,3,2,1,1,3995,2216,663,1116,12257,120375,13,0,5,0,7,61,10,5,7,28,32,33
950370,"New Britain",Connecticut,4,2,2,0,3155,1645,1198,312,28577,74524,13,1,2,0,18,38,13,15,17,33,31,19
950576,"New Canaan",Connecticut,2,1,0,1,6038,3264,936,1838,2841,337481,2,0,9,0,1,84,4,0,0,4,22,73
951420,"New Hartford",Connecticut,3,2,0,1,4970,2279,500,2191,244,149009,0,0,2,0,2,93,2,1,1,20,28,50
952000,"New Haven",Connecticut,3,2,1,0,2721,1397,1091,233,51712,84584,30,0,5,0,10,32,9,14,14,26,18,42
952210,Newington,Connecticut,3,1,1,0,3568,1835,1161,572,12517,125073,5,0,7,0,5,72,8,3,5,22,29,44
952280,"New London",Connecticut,3,2,1,1,2760,1642,561,557,11125,80065,17,0,2,0,7,49,11,13,12,26,31,30
952560,"New Milford",Connecticut,4,2,0,2,4292,2322,324,1646,1719,107555,3,0,6,0,6,76,5,3,8,31,24,37
952910,Newtown,Connecticut,3,1,0,1,5006,2447,631,1928,697,174100,2,0,2,0,1,86,7,2,3,6,25,66
954940,"North Haven",Connecticut,3,1,1,1,3730,1667,734,1329,9559,144459,3,0,6,0,2,82,4,3,3,24,20,53
955990,Norwalk,Connecticut,2,1,0,1,4829,2610,814,1405,43877,228556,18,0,4,0,10,45,12,11,10,19,25,46
956200,Norwich,Connecticut,4,2,1,1,3248,1755,706,787,17165,89998,11,1,7,0,6,62,9,4,12,36,28,24
957390,"Old Saybrook",Connecticut,3,1,1,1,4045,1960,811,1274,838,130914,1,0,1,0,2,95,0,1,3,13,17,66
957670,Orange,Connecticut,3,1,0,1,4360,1989,438,1933,5192,172536,4,0,9,0,1,82,3,1,2,17,19,62
961870,Portland,Connecticut,3,2,0,1,4431,2082,575,1774,1853,127038,2,0,1,0,2,86,7,1,10,19,25,46
962640,Putnam,Connecticut,5,3,1,1,3352,2050,399,903,2861,73078,2,0,0,0,10,75,4,8,17,37,29,16
963620,Redding,Connecticut,2,1,0,1,6114,3054,611,2449,65,246480,0,0,3,0,3,87,7,1,0,7,15,78
963900,Ridgefield,Connecticut,2,1,0,1,5541,2658,762,2121,2059,239188,3,0,3,0,4,85,5,0,2,6,16,75
967890,Sharon,Connecticut,3,1,0,1,4713,2242,625,1846,65,165002,0,0,3,0,2,84,4,6,5,19,15,61
968100,Shelton,Connecticut,3,1,1,1,4182,1888,818,1476,15774,149274,5,1,9,0,5,71,7,3,4,21,26,49
968240,Sherman,Connecticut,3,1,0,1,5464,2527,601,2336,31,181127,1,0,2,0,4,84,5,5,5,13,11,71
969010,Simsbury,Connecticut,2,1,0,1,4354,2190,808,1356,1697,190796,0,0,2,0,3,88,3,3,1,6,22,71
969150,Somers,Connecticut,3,1,0,1,4477,2079,383,2015,300,143402,0,0,0,0,2,88,3,7,4,18,33,45
973000,Stamford,Connecticut,2,1,0,0,4390,2520,996,874,66481,218799,19,0,7,0,10,42,11,11,10,17,20,54
973700,Stonington,Connecticut,3,1,0,1,3870,1931,434,1505,113,149905,0,0,1,0,0,96,2,0,2,10,30,59
975660,Thomaston,Connecticut,3,2,1,1,4309,2256,658,1395,292,125906,2,0,2,0,9,81,5,1,3,34,32,30
976500,Torrington,Connecticut,4,2,1,1,3875,2109,614,1152,14645,92437,10,0,3,0,8,65,9,5,10,36,27,27
977278,Trumbull,Connecticut,2,1,0,1,4451,2038,891,1522,3183,178824,2,0,8,0,1,76,10,3,4,18,15,62
978880,Wallingford,Connecticut,3,1,1,1,2944,1497,615,832,8005,103746,2,0,4,0,8,72,6,8,4,29,30,37
980000,Waterbury,Connecticut,5,3,1,1,3655,2303,809,543,45968,70075,28,0,3,0,14,30,11,13,18,37,28,17
980210,Waterford,Connecticut,4,2,0,1,3798,1979,447,1372,1191,98259,3,0,4,0,2,81,7,2,3,37,29,31
980420,Watertown,Connecticut,4,2,1,1,4198,2164,708,1326,1246,107657,4,0,7,0,6,72,8,4,4,26,27,44
981750,Westbrook,Connecticut,3,2,1,1,3891,2012,689,1190,432,114954,1,0,0,0,1,77,18,3,9,16,33,41
982660,"West Hartford",Connecticut,2,1,1,0,3779,1903,1339,537,26102,172038,8,0,7,0,6,69,7,3,5,11,15,69
982800,"West Haven",Connecticut,3,2,1,1,3106,1630,844,632,18305,101716,18,0,4,0,7,49,11,11,9,31,29,30
983360,Weston,Connecticut,2,1,0,1,7261,3546,1176,2539,459,375210,5,0,6,0,3,77,9,0,1,5,11,83
984970,Wethersfield,Connecticut,3,1,1,0,3685,1879,1249,557,11362,137077,4,0,3,0,4,78,6,4,6,20,19,55
986380,Wilton,Connecticut,2,1,0,1,6736,3629,863,2244,384,341903,3,0,6,0,2,80,7,2,3,10,12,75
987140,"Windsor Locks",Connecticut,3,2,1,1,3636,1941,658,1037,5417,109793,6,0,7,0,2,74,8,3,5,31,34,30
987980,Woodbury,Connecticut,3,2,0,1,4099,2264,511,1324,395,126158,3,0,4,0,2,85,5,1,2,11,31,55
